# Blender 5.1.2
# www.blender.org
mtllib carthabot_map_adventure.mtl
o MatRim
v 15.309999 10.309999 -0.190000
v 15.309999 10.400000 -0.100000
v 15.400000 10.309999 -0.100000
v 15.309999 10.354940 -0.177976
v 15.354939 10.309999 -0.177976
v 15.353038 10.353039 -0.166297
v 15.354939 10.387976 -0.100000
v 15.309999 10.387976 -0.144941
v 15.353038 10.376296 -0.143039
v 15.387975 10.309999 -0.144941
v 15.387975 10.354940 -0.100000
v 15.376295 10.353039 -0.143039
v 15.309999 10.400000 -0.100000
v 15.309999 10.309999 -0.010000
v 15.400000 10.309999 -0.100000
v 15.309999 10.387976 -0.055059
v 15.354939 10.387976 -0.100000
v 15.353038 10.376296 -0.056961
v 15.354939 10.309999 -0.022024
v 15.309999 10.354940 -0.022024
v 15.353038 10.353039 -0.033703
v 15.387975 10.354940 -0.100000
v 15.387975 10.309999 -0.055059
v 15.376295 10.353039 -0.056961
v 15.309999 -10.309999 -0.190000
v 15.400000 -10.309999 -0.100000
v 15.309999 -10.400000 -0.100000
v 15.354939 -10.309999 -0.177976
v 15.309999 -10.354940 -0.177976
v 15.353038 -10.353039 -0.166297
v 15.387975 -10.354940 -0.100000
v 15.387975 -10.309999 -0.144941
v 15.376295 -10.353039 -0.143039
v 15.309999 -10.387976 -0.144941
v 15.354939 -10.387976 -0.100000
v 15.353038 -10.376296 -0.143039
v 15.309999 -10.309999 -0.010000
v 15.309999 -10.400000 -0.100000
v 15.400000 -10.309999 -0.100000
v 15.309999 -10.354940 -0.022024
v 15.354939 -10.309999 -0.022024
v 15.353038 -10.353039 -0.033703
v 15.354939 -10.387976 -0.100000
v 15.309999 -10.387976 -0.055059
v 15.353038 -10.376296 -0.056961
v 15.387975 -10.309999 -0.055059
v 15.387975 -10.354940 -0.100000
v 15.376295 -10.353039 -0.056961
v -15.309999 10.309999 -0.190000
v -15.400000 10.309999 -0.100000
v -15.309999 10.400000 -0.100000
v -15.354939 10.309999 -0.177976
v -15.309999 10.354940 -0.177976
v -15.353038 10.353039 -0.166297
v -15.387975 10.354940 -0.100000
v -15.387975 10.309999 -0.144941
v -15.376295 10.353039 -0.143039
v -15.309999 10.387976 -0.144941
v -15.354939 10.387976 -0.100000
v -15.353038 10.376296 -0.143039
v -15.309999 10.309999 -0.010000
v -15.309999 10.400000 -0.100000
v -15.400000 10.309999 -0.100000
v -15.309999 10.354940 -0.022024
v -15.354939 10.309999 -0.022024
v -15.353038 10.353039 -0.033703
v -15.354939 10.387976 -0.100000
v -15.309999 10.387976 -0.055059
v -15.353038 10.376296 -0.056961
v -15.387975 10.309999 -0.055059
v -15.387975 10.354940 -0.100000
v -15.376295 10.353039 -0.056961
v -15.309999 -10.309999 -0.190000
v -15.309999 -10.400000 -0.100000
v -15.400000 -10.309999 -0.100000
v -15.309999 -10.354940 -0.177976
v -15.354939 -10.309999 -0.177976
v -15.353038 -10.353039 -0.166297
v -15.354939 -10.387976 -0.100000
v -15.309999 -10.387976 -0.144941
v -15.353038 -10.376296 -0.143039
v -15.387975 -10.309999 -0.144941
v -15.387975 -10.354940 -0.100000
v -15.376295 -10.353039 -0.143039
v -15.309999 -10.309999 -0.010000
v -15.400000 -10.309999 -0.100000
v -15.309999 -10.400000 -0.100000
v -15.354939 -10.309999 -0.022024
v -15.309999 -10.354940 -0.022024
v -15.353038 -10.353039 -0.033703
v -15.387975 -10.354940 -0.100000
v -15.387975 -10.309999 -0.055059
v -15.376295 -10.353039 -0.056961
v -15.309999 -10.387976 -0.055059
v -15.354939 -10.387976 -0.100000
v -15.353038 -10.376296 -0.056961
vn 0.1296 0.1296 -0.9831
vn 0.0630 0.9896 -0.1293
vn 0.7749 0.1024 0.6238
vn 0.1216 0.4916 -0.8623
vn 0.4915 0.1216 -0.8623
vn 0.4473 0.4474 -0.7744
vn 0.3186 0.9274 0.1959
vn 0.1216 0.8623 -0.4916
vn 0.4474 0.7744 -0.4473
vn 0.8623 0.1216 -0.4916
vn 0.6618 0.3723 0.6507
vn 0.7744 0.4474 -0.4473
vn 0.0630 0.9896 0.1293
vn 0.1296 0.1296 0.9831
vn 0.5941 0.0785 0.8006
vn 0.1216 0.8623 0.4916
vn 0.2863 0.8334 0.4727
vn 0.4473 0.7744 0.4473
vn 0.4915 0.1216 0.8623
vn 0.1216 0.4916 0.8623
vn 0.4473 0.4474 0.7744
vn 0.5152 0.2898 0.8066
vn 0.8623 0.1216 0.4916
vn 0.7744 0.4474 0.4474
vn 0.1296 -0.1296 -0.9831
vn 0.7749 -0.1025 0.6238
vn 0.0630 -0.9896 -0.1293
vn 0.4915 -0.1216 -0.8623
vn 0.1216 -0.4915 -0.8623
vn 0.4474 -0.4473 -0.7744
vn 0.6618 -0.3723 0.6507
vn 0.8623 -0.1216 -0.4916
vn 0.7744 -0.4474 -0.4474
vn 0.1216 -0.8623 -0.4916
vn 0.3186 -0.9274 0.1959
vn 0.4474 -0.7744 -0.4474
vn 0.1296 -0.1296 0.9831
vn 0.0630 -0.9896 0.1293
vn 0.5941 -0.0785 0.8006
vn 0.1216 -0.4916 0.8623
vn 0.4915 -0.1216 0.8623
vn 0.4473 -0.4474 0.7744
vn 0.2863 -0.8334 0.4727
vn 0.1216 -0.8623 0.4916
vn 0.4473 -0.7744 0.4473
vn 0.8623 -0.1216 0.4916
vn 0.5152 -0.2898 0.8066
vn 0.7744 -0.4474 0.4473
vn -0.1296 0.1296 -0.9831
vn -0.7749 0.1025 0.6238
vn -0.0630 0.9896 -0.1293
vn -0.4915 0.1216 -0.8623
vn -0.1216 0.4915 -0.8623
vn -0.4474 0.4473 -0.7744
vn -0.6618 0.3723 0.6507
vn -0.8623 0.1216 -0.4916
vn -0.7744 0.4474 -0.4474
vn -0.1216 0.8623 -0.4916
vn -0.3186 0.9274 0.1959
vn -0.4474 0.7744 -0.4474
vn -0.1296 0.1296 0.9831
vn -0.0630 0.9896 0.1293
vn -0.5941 0.0785 0.8006
vn -0.1216 0.4916 0.8623
vn -0.4915 0.1216 0.8623
vn -0.4473 0.4474 0.7744
vn -0.2863 0.8334 0.4727
vn -0.1216 0.8623 0.4916
vn -0.4473 0.7744 0.4473
vn -0.8623 0.1216 0.4916
vn -0.5152 0.2898 0.8066
vn -0.7744 0.4474 0.4473
vn -0.1296 -0.1296 -0.9831
vn -0.0630 -0.9896 -0.1293
vn -0.7749 -0.1024 0.6238
vn -0.1216 -0.4916 -0.8623
vn -0.4915 -0.1216 -0.8623
vn -0.4473 -0.4474 -0.7744
vn -0.3186 -0.9274 0.1959
vn -0.1216 -0.8623 -0.4916
vn -0.4474 -0.7744 -0.4473
vn -0.8623 -0.1216 -0.4916
vn -0.6618 -0.3723 0.6507
vn -0.7744 -0.4474 -0.4473
vn -0.1296 -0.1296 0.9831
vn -0.5941 -0.0785 0.8006
vn -0.0630 -0.9896 0.1293
vn -0.4915 -0.1216 0.8623
vn -0.1216 -0.4916 0.8623
vn -0.4473 -0.4474 0.7744
vn -0.5152 -0.2898 0.8066
vn -0.8623 -0.1216 0.4916
vn -0.7744 -0.4474 0.4474
vn -0.1216 -0.8623 0.4916
vn -0.2863 -0.8334 0.4727
vn -0.4473 -0.7744 0.4473
vt 0.125731 0.748918
vt 0.125731 0.749458
vt 0.125381 0.749436
vt 0.125366 0.748918
vt 0.125731 0.750000
vt 0.125381 0.750000
vt 0.500000 0.999269
vt 0.500000 1.000000
vt 0.375000 0.999619
vt 0.375000 0.999269
vt 0.500000 0.000000
vt 0.500000 0.000542
vt 0.375000 0.000564
vt 0.375000 0.000000
vt 0.500000 0.001082
vt 0.375000 0.001082
vt 0.125000 0.748918
vt 0.125000 0.749436
vt 0.500000 0.999269
vt 0.562418 0.999269
vt 0.559776 1.000000
vt 0.625000 0.999269
vt 0.625000 1.000000
vt 0.874269 0.748918
vt 0.875000 0.748918
vt 0.875000 0.749436
vt 0.874269 0.750000
vt 0.625000 0.001082
vt 0.562418 0.001082
vt 0.559776 0.000564
vt 0.625000 0.000564
vt 0.559776 0.000000
vt 0.125731 0.501082
vt 0.125366 0.501082
vt 0.125381 0.500564
vt 0.125731 0.500542
vt 0.125000 0.501082
vt 0.125000 0.500564
vt 0.500000 0.248918
vt 0.500000 0.249458
vt 0.375000 0.249436
vt 0.375000 0.248918
vt 0.500000 0.250366
vt 0.375000 0.250381
vt 0.500000 0.250730
vt 0.375000 0.250731
vt 0.125731 0.500000
vt 0.125381 0.500000
vt 0.874269 0.501082
vt 0.874269 0.500000
vt 0.875000 0.500564
vt 0.875000 0.501082
vt 0.625000 0.250731
vt 0.562418 0.250731
vt 0.559776 0.250215
vt 0.625000 0.249624
vt 0.559776 0.249436
vt 0.562418 0.248918
vt 0.625000 0.248918
vt 0.374269 0.748918
vt 0.374634 0.748918
vt 0.374619 0.749436
vt 0.374269 0.749458
vt 0.437582 0.748918
vt 0.423870 0.749436
vt 0.500000 0.748918
vt 0.500000 0.749458
vt 0.500000 0.750366
vt 0.374809 0.750191
vt 0.500000 0.750730
vt 0.374635 0.750365
vt 0.625731 0.748918
vt 0.625365 0.750365
vt 0.625191 0.750191
vt 0.625366 0.748918
vt 0.562418 0.750731
vt 0.559776 0.750381
vt 0.559776 0.749625
vt 0.562418 0.748918
vt 0.374269 0.501082
vt 0.374269 0.500542
vt 0.374619 0.500564
vt 0.374634 0.501082
vt 0.374635 0.499635
vt 0.374809 0.499809
vt 0.500000 0.499269
vt 0.500000 0.499634
vt 0.500000 0.500542
vt 0.423870 0.500564
vt 0.500000 0.501082
vt 0.437582 0.501082
vt 0.625731 0.501082
vt 0.625366 0.501082
vt 0.625191 0.499809
vt 0.625365 0.499635
vt 0.562418 0.501082
vt 0.559776 0.500375
vt 0.559776 0.499619
vt 0.562418 0.499269
s 1
usemtl Rim
f 1/1/1 4/2/4 6/3/6 5/4/5
f 4/2/4 8/5/8 9/6/9 6/3/6
f 2/7/2 7/8/7 9/9/9 8/10/8
f 7/11/7 11/12/11 12/13/12 9/14/9
f 3/15/3 10/16/10 12/13/12 11/12/11
f 10/17/10 5/4/5 6/3/6 12/18/12
f 6/3/6 9/6/9 12/18/12
f 13/19/13 16/20/16 18/21/18 17/8/17
f 16/20/16 20/22/20 21/23/21 18/21/18
f 14/24/14 19/25/19 21/26/21 20/27/20
f 19/28/19 23/29/23 24/30/24 21/31/21
f 15/15/15 22/12/22 24/30/24 23/29/23
f 22/12/22 17/11/17 18/32/18 24/30/24
f 18/32/18 21/31/21 24/30/24
f 25/33/25 28/34/28 30/35/30 29/36/29
f 28/34/28 32/37/32 33/38/33 30/35/30
f 26/39/26 31/40/31 33/41/33 32/42/32
f 31/40/31 35/43/35 36/44/36 33/41/33
f 27/45/27 34/46/34 36/44/36 35/43/35
f 34/47/34 29/36/29 30/35/30 36/48/36
f 30/35/30 33/38/33 36/48/36
f 37/49/37 40/50/40 42/51/42 41/52/41
f 40/53/40 44/54/44 45/55/45 42/56/42
f 38/45/38 43/43/43 45/55/45 44/54/44
f 43/43/43 47/40/47 48/57/48 45/55/45
f 39/39/39 46/58/46 48/57/48 47/40/47
f 46/58/46 41/59/41 42/56/42 48/57/48
f 42/56/42 45/55/45 48/57/48
f 49/60/49 52/61/52 54/62/54 53/63/53
f 52/61/52 56/64/56 57/65/57 54/62/54
f 50/66/50 55/67/55 57/65/57 56/64/56
f 55/67/55 59/68/59 60/69/60 57/65/57
f 51/70/51 58/71/58 60/69/60 59/68/59
f 58/71/58 53/63/53 54/62/54 60/69/60
f 54/62/54 57/65/57 60/69/60
f 61/72/61 64/73/64 66/74/66 65/75/65
f 64/73/64 68/76/68 69/77/69 66/74/66
f 62/70/62 67/68/67 69/77/69 68/76/68
f 67/68/67 71/67/71 72/78/72 69/77/69
f 63/66/63 70/79/70 72/78/72 71/67/71
f 70/79/70 65/75/65 66/74/66 72/78/72
f 66/74/66 69/77/69 72/78/72
f 73/80/73 76/81/76 78/82/78 77/83/77
f 76/81/76 80/84/80 81/85/81 78/82/78
f 74/86/74 79/87/79 81/85/81 80/84/80
f 79/87/79 83/88/83 84/89/84 81/85/81
f 75/90/75 82/91/82 84/89/84 83/88/83
f 82/91/82 77/83/77 78/82/78 84/89/84
f 78/82/78 81/85/81 84/89/84
f 85/92/85 88/93/88 90/94/90 89/95/89
f 88/93/88 92/96/92 93/97/93 90/94/90
f 86/90/86 91/88/91 93/97/93 92/96/92
f 91/88/91 95/87/95 96/98/96 93/97/93
f 87/86/87 94/99/94 96/98/96 95/87/95
f 94/99/94 89/95/89 90/94/90 96/98/96
f 90/94/90 93/97/93 96/98/96
f 25/33/25 1/1/1 5/4/5 28/34/28
f 28/34/28 5/4/5 10/17/10 32/37/32
f 32/42/32 10/16/10 3/15/3 26/39/26
f 2/7/2 13/19/13 17/8/17 7/8/7
f 7/11/7 17/11/17 22/12/22 11/12/11
f 11/12/11 22/12/22 15/15/15 3/15/3
f 14/24/14 37/49/37 41/52/41 19/25/19
f 19/28/19 41/59/41 46/58/46 23/29/23
f 23/29/23 46/58/46 39/39/39 15/15/15
f 38/45/38 27/45/27 35/43/35 43/43/43
f 43/43/43 35/43/35 31/40/31 47/40/47
f 47/40/47 31/40/31 26/39/26 39/39/39
f 73/80/73 25/33/25 29/36/29 76/81/76
f 76/81/76 29/36/29 34/47/34 80/84/80
f 80/84/80 34/46/34 27/45/27 74/86/74
f 37/49/37 85/92/85 89/95/89 40/50/40
f 40/53/40 89/95/89 94/99/94 44/54/44
f 44/54/44 94/99/94 87/86/87 38/45/38
f 86/90/86 75/90/75 83/88/83 91/88/91
f 91/88/91 83/88/83 79/87/79 95/87/95
f 95/87/95 79/87/79 74/86/74 87/86/87
f 49/60/49 73/80/73 77/83/77 52/61/52
f 52/61/52 77/83/77 82/91/82 56/64/56
f 56/64/56 82/91/82 75/90/75 50/66/50
f 85/92/85 61/72/61 65/75/65 88/93/88
f 88/93/88 65/75/65 70/79/70 92/96/92
f 92/96/92 70/79/70 63/66/63 86/90/86
f 62/70/62 51/70/51 59/68/59 67/68/67
f 67/68/67 59/68/59 55/67/55 71/67/71
f 71/67/71 55/67/55 50/66/50 63/66/63
f 1/1/1 49/60/49 53/63/53 4/2/4
f 4/2/4 53/63/53 58/71/58 8/5/8
f 8/10/8 58/71/58 51/70/51 2/7/2
f 61/72/61 14/24/14 20/27/20 64/73/64
f 64/73/64 20/22/20 16/20/16 68/76/68
f 68/76/68 16/20/16 13/19/13 62/70/62
f 25/33/25 73/80/73 49/60/49 1/1/1
f 3/15/3 15/15/15 39/39/39 26/39/26
f 51/70/51 62/70/62 13/19/13 2/7/2
f 85/92/85 37/49/37 14/24/14 61/72/61
f 27/45/27 38/45/38 87/86/87 74/86/74
f 75/90/75 86/90/86 63/66/63 50/66/50
o PlayMat
v 15.000000 10.000000 0.000000
v -15.000000 10.000000 0.000000
v 15.000000 -10.000000 0.000000
v -15.000000 -10.000000 0.000000
vn -0.0000 -0.0000 1.0000
vt 0.000000 0.000000
vt 1.000000 0.000000
vt 1.000000 1.000000
vt 0.000000 1.000000
s 1
usemtl MatColor
f 97/100/97 98/101/97 100/102/97 99/103/97
o LineLoop
v -12.019098 -0.000000 0.108778
v -12.069098 -0.000000 0.145106
v -12.130902 -0.000000 0.145106
v -12.180902 -0.000000 0.108779
v -12.200001 0.000000 0.050000
v -12.180902 0.000000 -0.008779
v -12.130902 0.000000 -0.045106
v -12.069098 0.000000 -0.045106
v -12.019098 0.000000 -0.008779
v -12.000000 -0.000000 0.050000
v -11.879895 -0.732646 0.108778
v -11.926828 -0.749888 0.145106
v -11.984840 -0.771202 0.145106
v -12.031774 -0.788445 0.108779
v -12.049700 -0.795031 0.050000
v -12.031774 -0.788445 -0.008779
v -11.984840 -0.771202 -0.045106
v -11.926828 -0.749888 -0.045106
v -11.879895 -0.732646 -0.008779
v -11.861969 -0.726059 0.050000
v -11.471680 -1.449831 0.108779
v -11.511859 -1.479591 0.145106
v -11.561522 -1.516375 0.145106
v -11.601702 -1.546135 0.108779
v -11.617049 -1.557502 0.050000
v -11.601702 -1.546135 -0.008779
v -11.561522 -1.516375 -0.045106
v -11.511859 -1.479591 -0.045106
v -11.471680 -1.449831 -0.008779
v -11.456332 -1.438464 0.050000
v -10.826622 -2.130573 0.108779
v -10.859934 -2.167860 0.145106
v -10.901108 -2.213950 0.145106
v -10.934420 -2.251238 0.108779
v -10.947143 -2.265481 0.050000
v -10.934420 -2.251238 -0.008779
v -10.901108 -2.213950 -0.045106
v -10.859934 -2.167860 -0.045106
v -10.826622 -2.130573 -0.008779
v -10.813899 -2.116330 0.050000
v -9.999128 -2.753765 0.108779
v -10.026805 -2.795407 0.145106
v -10.061013 -2.846879 0.145106
v -10.088690 -2.888521 0.108779
v -10.099260 -2.904427 0.050000
v -10.088690 -2.888521 -0.008779
v -10.061013 -2.846879 -0.045106
v -10.026805 -2.795407 -0.045106
v -9.999128 -2.753765 -0.008779
v -9.988558 -2.737859 0.050000
v -9.055669 -3.303366 0.108778
v -9.078905 -3.347638 0.145106
v -9.107628 -3.402362 0.145106
v -9.130864 -3.446634 0.108779
v -9.139740 -3.463545 0.050000
v -9.130864 -3.446634 -0.008779
v -9.107628 -3.402362 -0.045106
v -9.078905 -3.347638 -0.045106
v -9.055669 -3.303366 -0.008779
v -9.046793 -3.286455 0.050000
v -8.062922 -3.769659 0.108779
v -8.082549 -3.815646 0.145106
v -8.106809 -3.872489 0.145106
v -8.126435 -3.918476 0.108779
v -8.133931 -3.936042 0.050000
v -8.126435 -3.918476 -0.008779
v -8.106809 -3.872489 -0.045106
v -8.082549 -3.815646 -0.045106
v -8.062922 -3.769659 -0.008779
v -8.055427 -3.752094 0.050000
v -7.077458 -4.149167 0.108779
v -7.093939 -4.196373 0.145106
v -7.114312 -4.254722 0.145106
v -7.130793 -4.301928 0.108779
v -7.137089 -4.319958 0.050000
v -7.130793 -4.301928 -0.008779
v -7.114312 -4.254722 -0.045106
v -7.093939 -4.196373 -0.045106
v -7.077458 -4.149167 -0.008779
v -7.071162 -4.131136 0.050000
v -6.137866 -4.444159 0.108779
v -6.151379 -4.492299 0.145106
v -6.168082 -4.551802 0.145106
v -6.181595 -4.599942 0.108779
v -6.186757 -4.618329 0.050000
v -6.181595 -4.599941 -0.008779
v -6.168082 -4.551802 -0.045106
v -6.151379 -4.492299 -0.045106
v -6.137866 -4.444159 -0.008779
v -6.132704 -4.425772 0.050000
v -5.260256 -4.661823 0.108779
v -5.270801 -4.710699 0.145106
v -5.283835 -4.771112 0.145106
v -5.294380 -4.819987 0.108779
v -5.298407 -4.838656 0.050000
v -5.294380 -4.819987 -0.008779
v -5.283835 -4.771112 -0.045106
v -5.270801 -4.710699 -0.045106
v -5.260256 -4.661823 -0.008779
v -5.256229 -4.643154 0.050000
v -4.437723 -4.813079 0.108779
v -4.445311 -4.862500 0.145106
v -4.454689 -4.923587 0.145106
v -4.462277 -4.973008 0.108779
v -4.465175 -4.991885 0.050000
v -4.462277 -4.973008 -0.008779
v -4.454689 -4.923587 -0.045106
v -4.445311 -4.862500 -0.045106
v -4.437723 -4.813079 -0.008779
v -4.434824 -4.794202 0.050000
v -3.643919 -4.911056 0.108779
v -3.648795 -4.960818 0.145106
v -3.654820 -5.022327 0.145106
v -3.659696 -5.072089 0.108779
v -3.661558 -5.091096 0.050000
v -3.659696 -5.072089 -0.008779
v -3.654820 -5.022327 -0.045106
v -3.648795 -4.960818 -0.045106
v -3.643919 -4.911056 -0.008779
v -3.642057 -4.892049 0.050000
v -2.840267 -4.969406 0.108779
v -2.842993 -5.019332 0.145106
v -2.846363 -5.081043 0.145106
v -2.849089 -5.130969 0.108779
v -2.850131 -5.150039 0.050000
v -2.849089 -5.130969 -0.008779
v -2.846363 -5.081043 -0.045106
v -2.842993 -5.019332 -0.045106
v -2.840268 -4.969406 -0.008779
v -2.839226 -4.950336 0.050000
v -1.985442 -5.000700 0.108779
v -1.986739 -5.050683 0.145106
v -1.988342 -5.112466 0.145106
v -1.989639 -5.162449 0.108779
v -1.990135 -5.181541 0.050000
v -1.989639 -5.162449 -0.008779
v -1.988342 -5.112466 -0.045106
v -1.986739 -5.050683 -0.045106
v -1.985442 -5.000700 -0.008779
v -1.984947 -4.981608 0.050000
v -1.045093 -5.015070 0.108778
v -1.045571 -5.065067 0.145106
v -1.046163 -5.126868 0.145106
v -1.046641 -5.176866 0.108779
v -1.046824 -5.195963 0.050000
v -1.046641 -5.176866 -0.008779
v -1.046163 -5.126868 -0.045106
v -1.045571 -5.065067 -0.045106
v -1.045093 -5.015070 -0.008778
v -1.044910 -4.995972 0.050000
v 0.000014 -5.019098 0.108779
v 0.000005 -5.069098 0.145106
v -0.000005 -5.130902 0.145106
v -0.000014 -5.180902 0.108779
v -0.000017 -5.200000 0.050000
v -0.000014 -5.180902 -0.008779
v -0.000005 -5.130902 -0.045106
v 0.000005 -5.069098 -0.045106
v 0.000014 -5.019098 -0.008779
v 0.000017 -5.000000 0.050000
v 1.148615 -5.015069 0.108779
v 1.148996 -5.065067 0.145106
v 1.149466 -5.126869 0.145106
v 1.149846 -5.176867 0.108779
v 1.149991 -5.195965 0.050000
v 1.149846 -5.176867 -0.008779
v 1.149466 -5.126869 -0.045106
v 1.148996 -5.065067 -0.045106
v 1.148615 -5.015069 -0.008779
v 1.148470 -4.995971 0.050000
v 2.377129 -5.000686 0.108779
v 2.378041 -5.050678 0.145106
v 2.379169 -5.112471 0.145106
v 2.380081 -5.162463 0.108779
v 2.380429 -5.181558 0.050000
v 2.380081 -5.162463 -0.008779
v 2.379169 -5.112471 -0.045106
v 2.378041 -5.050678 -0.045106
v 2.377129 -5.000686 -0.008779
v 2.376780 -4.981591 0.050000
v 3.641773 -4.969338 0.108779
v 3.643569 -5.019306 0.145106
v 3.645788 -5.081069 0.145106
v 3.647583 -5.131037 0.108779
v 3.648269 -5.150123 0.050000
v 3.647583 -5.131037 -0.008779
v 3.645788 -5.081069 -0.045106
v 3.643569 -5.019306 -0.045106
v 3.641773 -4.969338 -0.008779
v 3.641088 -4.950252 0.050000
v 4.884336 -4.910846 0.108778
v 4.887628 -4.960738 0.145106
v 4.891696 -5.022407 0.145106
v 4.894988 -5.072299 0.108779
v 4.896245 -5.091355 0.050000
v 4.894988 -5.072299 -0.008779
v 4.891696 -5.022407 -0.045106
v 4.887628 -4.960738 -0.045106
v 4.884336 -4.910846 -0.008779
v 4.883079 -4.891789 0.050000
v 6.040584 -4.812692 0.108779
v 6.046403 -4.862352 0.145106
v 6.053597 -4.923735 0.145106
v 6.059417 -4.973395 0.108779
v 6.061640 -4.992364 0.050000
v 6.059417 -4.973395 -0.008779
v 6.053597 -4.923735 -0.045106
v 6.046403 -4.862352 -0.045106
v 6.040584 -4.812692 -0.008779
v 6.038361 -4.793723 0.050000
v 7.049796 -4.661678 0.108779
v 7.059917 -4.710643 0.145106
v 7.072427 -4.771167 0.145106
v 7.082549 -4.820132 0.108779
v 7.086415 -4.838835 0.050000
v 7.082549 -4.820132 -0.008779
v 7.072427 -4.771167 -0.045106
v 7.059917 -4.710643 -0.045106
v 7.049796 -4.661678 -0.008779
v 7.045929 -4.642975 0.050000
v 7.863832 -4.446215 0.108778
v 7.881248 -4.493084 0.145106
v 7.902776 -4.551017 0.145106
v 7.920192 -4.597886 0.108779
v 7.926844 -4.615788 0.050000
v 7.920192 -4.597886 -0.008779
v 7.902776 -4.551017 -0.045106
v 7.881248 -4.493084 -0.045106
v 7.863832 -4.446215 -0.008778
v 7.857180 -4.428313 0.050000
v 8.455460 -4.159314 0.108779
v 8.484171 -4.200248 0.145106
v 8.519661 -4.250846 0.145106
v 8.548372 -4.291781 0.108779
v 8.559340 -4.307416 0.050000
v 8.548372 -4.291781 -0.008779
v 8.519661 -4.250846 -0.045106
v 8.484171 -4.200248 -0.045106
v 8.455460 -4.159314 -0.008779
v 8.444492 -4.143678 0.050000
v 8.827917 -3.798372 0.108779
v 8.869178 -3.826614 0.145106
v 8.920178 -3.861522 0.145106
v 8.961439 -3.889764 0.108779
v 8.977199 -3.900551 0.050000
v 8.961439 -3.889764 -0.008779
v 8.920178 -3.861522 -0.045106
v 8.869178 -3.826614 -0.045106
v 8.827917 -3.798372 -0.008779
v 8.812158 -3.787585 0.050000
v 9.014738 -3.355548 0.108779
v 9.063272 -3.367570 0.145106
v 9.123261 -3.382430 0.145106
v 9.171795 -3.394452 0.108779
v 9.190332 -3.399044 0.050000
v 9.171795 -3.394452 -0.008779
v 9.123261 -3.382430 -0.045106
v 9.063272 -3.367570 -0.045106
v 9.014738 -3.355548 -0.008778
v 8.996201 -3.350956 0.050000
v 9.059645 -2.820829 0.108779
v 9.109644 -2.821023 0.145106
v 9.171448 -2.821263 0.145106
v 9.221447 -2.821457 0.108779
v 9.240545 -2.821531 0.050000
v 9.221447 -2.821457 -0.008779
v 9.171448 -2.821263 -0.045106
v 9.109644 -2.821023 -0.045106
v 9.059645 -2.820829 -0.008778
v 9.040546 -2.820755 0.050000
v 9.011180 -2.199090 0.108779
v 9.060923 -2.194031 0.145106
v 9.122410 -2.187779 0.145106
v 9.172153 -2.182721 0.108779
v 9.191154 -2.180789 0.050000
v 9.172153 -2.182721 -0.008779
v 9.122410 -2.187779 -0.045106
v 9.060923 -2.194031 -0.045106
v 9.011180 -2.199090 -0.008778
v 8.992179 -2.201021 0.050000
v 8.924027 -1.507146 0.108779
v 8.973706 -1.501483 0.145106
v 9.035111 -1.494483 0.145106
v 9.084790 -1.488820 0.108779
v 9.103765 -1.486657 0.050000
v 9.084790 -1.488820 -0.008779
v 9.035111 -1.494483 -0.045106
v 8.973706 -1.501483 -0.045106
v 8.924027 -1.507146 -0.008778
v 8.905052 -1.509309 0.050000
v 8.848422 -0.766204 0.108779
v 8.898300 -0.762707 0.145106
v 8.959951 -0.758384 0.145106
v 9.009830 -0.754886 0.108779
v 9.028881 -0.753550 0.050000
v 9.009830 -0.754886 -0.008779
v 8.959951 -0.758384 -0.045106
v 8.898300 -0.762707 -0.045106
v 8.848422 -0.766204 -0.008778
v 8.829370 -0.767540 0.050000
v 8.819098 0.000000 0.108779
v 8.869098 0.000000 0.145106
v 8.930902 -0.000000 0.145106
v 8.980902 -0.000000 0.108778
v 9.000000 -0.000000 0.050000
v 8.980902 -0.000000 -0.008779
v 8.930902 -0.000000 -0.045106
v 8.869098 0.000000 -0.045106
v 8.819098 0.000000 -0.008778
v 8.799999 0.000000 0.050000
v 8.848422 0.766204 0.108779
v 8.898300 0.762707 0.145106
v 8.959951 0.758384 0.145106
v 9.009830 0.754886 0.108778
v 9.028881 0.753550 0.050000
v 9.009830 0.754886 -0.008779
v 8.959951 0.758384 -0.045106
v 8.898300 0.762707 -0.045106
v 8.848422 0.766204 -0.008778
v 8.829370 0.767540 0.050000
v 8.924027 1.507146 0.108779
v 8.973706 1.501483 0.145106
v 9.035111 1.494483 0.145106
v 9.084790 1.488820 0.108779
v 9.103765 1.486657 0.050000
v 9.084790 1.488820 -0.008779
v 9.035111 1.494483 -0.045106
v 8.973706 1.501483 -0.045106
v 8.924027 1.507146 -0.008778
v 8.905052 1.509309 0.050000
v 9.011180 2.199090 0.108779
v 9.060923 2.194031 0.145106
v 9.122410 2.187779 0.145106
v 9.172153 2.182721 0.108779
v 9.191154 2.180789 0.050000
v 9.172153 2.182721 -0.008779
v 9.122410 2.187779 -0.045106
v 9.060923 2.194031 -0.045106
v 9.011180 2.199090 -0.008778
v 8.992179 2.201021 0.050000
v 9.059645 2.820829 0.108779
v 9.109644 2.821023 0.145106
v 9.171448 2.821263 0.145106
v 9.221447 2.821457 0.108779
v 9.240545 2.821531 0.050000
v 9.221447 2.821457 -0.008779
v 9.171448 2.821263 -0.045106
v 9.109644 2.821023 -0.045106
v 9.059645 2.820829 -0.008778
v 9.040546 2.820755 0.050000
v 9.014738 3.355548 0.108779
v 9.063272 3.367570 0.145106
v 9.123261 3.382430 0.145106
v 9.171795 3.394452 0.108779
v 9.190332 3.399044 0.050000
v 9.171795 3.394452 -0.008779
v 9.123261 3.382430 -0.045106
v 9.063272 3.367570 -0.045106
v 9.014738 3.355548 -0.008779
v 8.996201 3.350956 0.050000
v 8.827917 3.798372 0.108779
v 8.869178 3.826614 0.145106
v 8.920178 3.861522 0.145106
v 8.961439 3.889764 0.108779
v 8.977199 3.900551 0.050000
v 8.961439 3.889764 -0.008779
v 8.920178 3.861522 -0.045106
v 8.869178 3.826614 -0.045106
v 8.827917 3.798372 -0.008778
v 8.812158 3.787585 0.050000
v 8.455460 4.159314 0.108779
v 8.484171 4.200248 0.145106
v 8.519661 4.250846 0.145106
v 8.548372 4.291781 0.108779
v 8.559340 4.307416 0.050000
v 8.548372 4.291781 -0.008779
v 8.519661 4.250846 -0.045106
v 8.484171 4.200248 -0.045106
v 8.455460 4.159314 -0.008779
v 8.444492 4.143678 0.050000
v 7.863832 4.446215 0.108779
v 7.881248 4.493084 0.145106
v 7.902776 4.551017 0.145106
v 7.920192 4.597886 0.108779
v 7.926844 4.615788 0.050000
v 7.920192 4.597886 -0.008779
v 7.902776 4.551017 -0.045106
v 7.881248 4.493084 -0.045106
v 7.863832 4.446215 -0.008778
v 7.857180 4.428313 0.050000
v 7.049796 4.661678 0.108778
v 7.059917 4.710643 0.145106
v 7.072427 4.771167 0.145106
v 7.082549 4.820132 0.108778
v 7.086415 4.838835 0.050000
v 7.082549 4.820132 -0.008779
v 7.072427 4.771167 -0.045106
v 7.059917 4.710643 -0.045106
v 7.049796 4.661678 -0.008778
v 7.045929 4.642975 0.050000
v 6.040584 4.812692 0.108779
v 6.046403 4.862352 0.145106
v 6.053597 4.923735 0.145106
v 6.059417 4.973395 0.108779
v 6.061640 4.992364 0.050000
v 6.059417 4.973395 -0.008779
v 6.053597 4.923735 -0.045106
v 6.046403 4.862352 -0.045106
v 6.040584 4.812692 -0.008779
v 6.038361 4.793723 0.050000
v 4.884336 4.910846 0.108779
v 4.887628 4.960738 0.145106
v 4.891696 5.022407 0.145106
v 4.894988 5.072299 0.108779
v 4.896245 5.091355 0.050000
v 4.894988 5.072299 -0.008779
v 4.891696 5.022407 -0.045106
v 4.887628 4.960738 -0.045106
v 4.884336 4.910846 -0.008779
v 4.883079 4.891789 0.050000
v 3.641773 4.969338 0.108779
v 3.643569 5.019306 0.145106
v 3.645788 5.081069 0.145106
v 3.647583 5.131037 0.108779
v 3.648269 5.150123 0.050000
v 3.647583 5.131037 -0.008779
v 3.645788 5.081069 -0.045106
v 3.643569 5.019306 -0.045106
v 3.641773 4.969338 -0.008778
v 3.641088 4.950252 0.050000
v 2.377129 5.000686 0.108779
v 2.378041 5.050678 0.145106
v 2.379169 5.112471 0.145106
v 2.380081 5.162463 0.108779
v 2.380429 5.181558 0.050000
v 2.380081 5.162463 -0.008779
v 2.379169 5.112471 -0.045106
v 2.378041 5.050678 -0.045106
v 2.377129 5.000686 -0.008779
v 2.376780 4.981591 0.050000
v 1.148615 5.015069 0.108779
v 1.148996 5.065067 0.145106
v 1.149466 5.126869 0.145106
v 1.149846 5.176867 0.108779
v 1.149991 5.195965 0.050000
v 1.149846 5.176867 -0.008779
v 1.149466 5.126869 -0.045106
v 1.148996 5.065067 -0.045106
v 1.148615 5.015069 -0.008779
v 1.148470 4.995971 0.050000
v 0.000014 5.019098 0.108779
v 0.000005 5.069098 0.145106
v -0.000005 5.130902 0.145106
v -0.000014 5.180902 0.108779
v -0.000017 5.200000 0.050000
v -0.000014 5.180902 -0.008779
v -0.000005 5.130901 -0.045106
v 0.000005 5.069098 -0.045106
v 0.000014 5.019098 -0.008778
v 0.000017 5.000000 0.050000
v -1.045093 5.015070 0.108779
v -1.045572 5.065067 0.145106
v -1.046163 5.126868 0.145106
v -1.046641 5.176866 0.108779
v -1.046824 5.195963 0.050000
v -1.046641 5.176866 -0.008779
v -1.046163 5.126868 -0.045106
v -1.045571 5.065067 -0.045106
v -1.045093 5.015070 -0.008778
v -1.044910 4.995972 0.050000
v -1.985442 5.000700 0.108779
v -1.986739 5.050683 0.145106
v -1.988342 5.112466 0.145106
v -1.989639 5.162449 0.108779
v -1.990135 5.181541 0.050000
v -1.989639 5.162449 -0.008779
v -1.988342 5.112466 -0.045106
v -1.986739 5.050683 -0.045106
v -1.985442 5.000700 -0.008778
v -1.984947 4.981608 0.050000
v -2.840268 4.969406 0.108779
v -2.842993 5.019332 0.145106
v -2.846363 5.081043 0.145106
v -2.849089 5.130969 0.108779
v -2.850131 5.150039 0.050000
v -2.849089 5.130969 -0.008779
v -2.846363 5.081043 -0.045106
v -2.842994 5.019332 -0.045106
v -2.840268 4.969406 -0.008778
v -2.839226 4.950336 0.050000
v -3.643919 4.911056 0.108779
v -3.648795 4.960818 0.145106
v -3.654820 5.022327 0.145106
v -3.659696 5.072089 0.108779
v -3.661558 5.091096 0.050000
v -3.659696 5.072089 -0.008779
v -3.654820 5.022327 -0.045106
v -3.648795 4.960818 -0.045106
v -3.643919 4.911056 -0.008778
v -3.642057 4.892049 0.050000
v -4.437723 4.813079 0.108779
v -4.445311 4.862500 0.145106
v -4.454689 4.923587 0.145106
v -4.462277 4.973008 0.108778
v -4.465175 4.991885 0.050000
v -4.462277 4.973008 -0.008779
v -4.454689 4.923587 -0.045106
v -4.445311 4.862500 -0.045106
v -4.437723 4.813079 -0.008778
v -4.434824 4.794202 0.050000
v -5.260256 4.661823 0.108779
v -5.270801 4.710699 0.145106
v -5.283835 4.771112 0.145106
v -5.294380 4.819987 0.108778
v -5.298407 4.838656 0.050000
v -5.294380 4.819987 -0.008779
v -5.283835 4.771112 -0.045106
v -5.270801 4.710699 -0.045106
v -5.260256 4.661823 -0.008778
v -5.256229 4.643154 0.050000
v -6.137866 4.444159 0.108779
v -6.151379 4.492299 0.145106
v -6.168082 4.551802 0.145106
v -6.181595 4.599942 0.108779
v -6.186757 4.618329 0.050000
v -6.181595 4.599941 -0.008779
v -6.168082 4.551802 -0.045106
v -6.151379 4.492299 -0.045106
v -6.137866 4.444159 -0.008778
v -6.132704 4.425772 0.050000
v -7.077458 4.149167 0.108779
v -7.093939 4.196373 0.145106
v -7.114312 4.254722 0.145106
v -7.130793 4.301928 0.108778
v -7.137089 4.319958 0.050000
v -7.130793 4.301928 -0.008779
v -7.114312 4.254722 -0.045106
v -7.093939 4.196373 -0.045106
v -7.077458 4.149167 -0.008778
v -7.071162 4.131136 0.050000
v -8.062922 3.769659 0.108779
v -8.082549 3.815646 0.145106
v -8.106809 3.872489 0.145106
v -8.126435 3.918477 0.108778
v -8.133931 3.936042 0.050000
v -8.126435 3.918476 -0.008779
v -8.106809 3.872489 -0.045106
v -8.082549 3.815646 -0.045106
v -8.062922 3.769659 -0.008778
v -8.055427 3.752094 0.050000
v -9.055669 3.303366 0.108779
v -9.078905 3.347638 0.145106
v -9.107628 3.402362 0.145106
v -9.130864 3.446634 0.108779
v -9.139740 3.463545 0.050000
v -9.130864 3.446634 -0.008779
v -9.107628 3.402362 -0.045106
v -9.078905 3.347638 -0.045106
v -9.055669 3.303366 -0.008779
v -9.046793 3.286455 0.050000
v -9.999128 2.753765 0.108779
v -10.026805 2.795407 0.145106
v -10.061013 2.846879 0.145106
v -10.088690 2.888521 0.108779
v -10.099260 2.904427 0.050000
v -10.088690 2.888521 -0.008779
v -10.061013 2.846879 -0.045106
v -10.026805 2.795407 -0.045106
v -9.999128 2.753765 -0.008778
v -9.988558 2.737859 0.050000
v -10.826622 2.130573 0.108779
v -10.859934 2.167860 0.145106
v -10.901108 2.213950 0.145106
v -10.934420 2.251238 0.108779
v -10.947143 2.265481 0.050000
v -10.934419 2.251238 -0.008779
v -10.901108 2.213950 -0.045106
v -10.859934 2.167860 -0.045106
v -10.826622 2.130572 -0.008778
v -10.813899 2.116330 0.050000
v -11.471680 1.449831 0.108779
v -11.511859 1.479591 0.145106
v -11.561522 1.516375 0.145106
v -11.601702 1.546135 0.108779
v -11.617049 1.557502 0.050000
v -11.601702 1.546135 -0.008779
v -11.561522 1.516375 -0.045106
v -11.511859 1.479591 -0.045106
v -11.471680 1.449831 -0.008778
v -11.456332 1.438464 0.050000
v -11.879895 0.732646 0.108779
v -11.926828 0.749888 0.145106
v -11.984840 0.771202 0.145106
v -12.031774 0.788445 0.108779
v -12.049700 0.795031 0.050000
v -12.031774 0.788445 -0.008779
v -11.984840 0.771202 -0.045106
v -11.926828 0.749888 -0.045106
v -11.879895 0.732646 -0.008779
v -11.861969 0.726059 0.050000
vn 0.7950 -0.0000 0.6066
vn 0.2745 -0.0000 0.9616
vn -0.3410 -0.0000 0.9400
vn -0.8205 -0.0000 0.5716
vn -1.0000 -0.0000 -0.0000
vn -0.8205 -0.0000 -0.5716
vn -0.3410 -0.0000 -0.9400
vn 0.2745 -0.0000 -0.9616
vn 0.7950 -0.0000 -0.6066
vn 1.0000 -0.0000 -0.0000
vn 0.7481 0.2752 0.6038
vn 0.2619 0.0962 0.9603
vn -0.3169 -0.1162 0.9413
vn -0.7694 -0.2822 0.5731
vn -0.9388 -0.3443 -0.0000
vn -0.7694 -0.2822 -0.5731
vn -0.3169 -0.1162 -0.9413
vn 0.2619 0.0962 -0.9603
vn 0.7481 0.2752 -0.6038
vn 0.9385 0.3454 -0.0000
vn 0.6432 0.4768 0.5991
vn 0.2309 0.1711 0.9578
vn -0.2655 -0.1965 0.9439
vn -0.6568 -0.4860 0.5766
vn -0.8039 -0.5948 -0.0000
vn -0.6568 -0.4860 -0.5766
vn -0.2655 -0.1965 -0.9439
vn 0.2309 0.1711 -0.9578
vn 0.6432 0.4768 -0.5991
vn 0.8033 0.5956 -0.0000
vn 0.5351 0.5992 0.5955
vn 0.1959 0.2194 0.9558
vn -0.2158 -0.2415 0.9461
vn -0.5429 -0.6074 0.5799
vn -0.6664 -0.7456 -0.0000
vn -0.5429 -0.6074 -0.5799
vn -0.2158 -0.2415 -0.9461
vn 0.1959 0.2194 -0.9558
vn 0.5351 0.5992 -0.5955
vn 0.6660 0.7459 -0.0000
vn 0.4455 0.6705 0.5933
vn 0.1652 0.2486 0.9544
vn -0.1769 -0.2661 0.9476
vn -0.4501 -0.6771 0.5823
vn -0.5536 -0.8328 -0.0000
vn -0.4501 -0.6771 -0.5823
vn -0.1769 -0.2661 -0.9476
vn 0.1652 0.2486 -0.9544
vn 0.4455 0.6705 -0.5933
vn 0.5534 0.8329 -0.0000
vn 0.3746 0.7137 0.5919
vn 0.1399 0.2666 0.9536
vn -0.1473 -0.2806 0.9485
vn -0.3774 -0.7190 0.5837
vn -0.4648 -0.8854 -0.0000
vn -0.3774 -0.7190 -0.5837
vn -0.1473 -0.2806 -0.9485
vn 0.1399 0.2666 -0.9536
vn 0.3746 0.7137 -0.5919
vn 0.4647 0.8855 -0.0000
vn 0.3166 0.7418 0.5911
vn 0.1188 0.2784 0.9531
vn -0.1238 -0.2900 0.9490
vn -0.3185 -0.7463 0.5844
vn -0.3925 -0.9197 -0.0000
vn -0.3185 -0.7463 -0.5844
vn -0.1238 -0.2900 -0.9490
vn 0.1188 0.2784 -0.9531
vn 0.3166 0.7418 -0.5911
vn 0.3925 0.9197 -0.0000
vn 0.2660 0.7618 0.5908
vn 0.1000 0.2864 0.9529
vn -0.1037 -0.2971 0.9492
vn -0.2674 -0.7658 0.5848
vn -0.3296 -0.9441 -0.0000
vn -0.2674 -0.7658 -0.5848
vn -0.1037 -0.2971 -0.9492
vn 0.1000 0.2864 -0.9529
vn 0.2660 0.7618 -0.5908
vn 0.3296 0.9441 -0.0000
vn 0.2181 0.7769 0.5907
vn 0.0820 0.2923 0.9528
vn -0.0850 -0.3027 0.9493
vn -0.2192 -0.7809 0.5849
vn -0.2703 -0.9628 -0.0000
vn -0.2192 -0.7809 -0.5849
vn -0.0850 -0.3027 -0.9493
vn 0.0820 0.2923 -0.9528
vn 0.2181 0.7769 -0.5907
vn 0.2703 0.9628 -0.0000
vn 0.1702 0.7888 0.5907
vn 0.0640 0.2967 0.9528
vn -0.0663 -0.3074 0.9493
vn -0.1711 -0.7928 0.5849
vn -0.2109 -0.9775 -0.0000
vn -0.1711 -0.7928 -0.5849
vn -0.0663 -0.3074 -0.9493
vn 0.0640 0.2967 -0.9528
vn 0.1702 0.7888 -0.5907
vn 0.2109 0.9775 -0.0000
vn 0.1225 0.7976 0.5906
vn 0.0461 0.3002 0.9528
vn -0.0477 -0.3106 0.9493
vn -0.1231 -0.8016 0.5850
vn -0.1518 -0.9884 -0.0000
vn -0.1231 -0.8016 -0.5850
vn -0.0477 -0.3106 -0.9493
vn 0.0461 0.3002 -0.9528
vn 0.1225 0.7976 -0.5906
vn 0.1517 0.9884 -0.0000
vn 0.0787 0.8034 0.5902
vn 0.0297 0.3031 0.9525
vn -0.0306 -0.3120 0.9496
vn -0.0791 -0.8068 0.5854
vn -0.0975 -0.9952 -0.0000
vn -0.0791 -0.8068 -0.5854
vn -0.0306 -0.3120 -0.9496
vn 0.0297 0.3031 -0.9525
vn 0.0787 0.8034 -0.5902
vn 0.0975 0.9952 -0.0000
vn 0.0440 0.8066 0.5895
vn 0.0167 0.3054 0.9521
vn -0.0170 -0.3117 0.9500
vn -0.0442 -0.8090 0.5861
vn -0.0545 -0.9985 -0.0000
vn -0.0442 -0.8090 -0.5861
vn -0.0170 -0.3117 -0.9500
vn 0.0167 0.3054 -0.9521
vn 0.0440 0.8066 -0.5895
vn 0.0545 0.9985 -0.0000
vn 0.0210 0.8080 0.5888
vn 0.0080 0.3070 0.9517
vn -0.0081 -0.3108 0.9504
vn -0.0210 -0.8095 0.5868
vn -0.0259 -0.9997 -0.0000
vn -0.0210 -0.8095 -0.5868
vn -0.0081 -0.3108 -0.9504
vn 0.0080 0.3070 -0.9517
vn 0.0210 0.8080 -0.5888
vn 0.0259 0.9997 -0.0000
vn 0.0077 0.8086 0.5883
vn 0.0029 0.3080 0.9514
vn -0.0030 -0.3100 0.9507
vn -0.0077 -0.8094 0.5872
vn -0.0096 -1.0000 -0.0000
vn -0.0077 -0.8094 -0.5872
vn -0.0030 -0.3100 -0.9507
vn 0.0029 0.3080 -0.9514
vn 0.0077 0.8086 -0.5883
vn 0.0096 1.0000 -0.0000
vn 0.0001 0.8088 0.5881
vn 0.0001 0.3084 0.9513
vn -0.0001 -0.3097 0.9508
vn -0.0001 -0.8093 0.5874
vn -0.0002 -1.0000 -0.0000
vn -0.0001 -0.8093 -0.5874
vn -0.0001 -0.3097 -0.9508
vn 0.0001 0.3084 -0.9513
vn 0.0001 0.8088 -0.5881
vn 0.0002 1.0000 -0.0000
vn -0.0062 0.8087 0.5882
vn -0.0023 0.3083 0.9513
vn 0.0024 -0.3097 0.9508
vn 0.0062 -0.8093 0.5874
vn 0.0076 -1.0000 -0.0000
vn 0.0062 -0.8093 -0.5874
vn 0.0024 -0.3097 -0.9508
vn -0.0023 0.3083 -0.9513
vn -0.0062 0.8087 -0.5882
vn -0.0076 1.0000 -0.0000
vn -0.0148 0.8084 0.5884
vn -0.0056 0.3078 0.9514
vn 0.0057 -0.3101 0.9507
vn 0.0148 -0.8093 0.5872
vn 0.0182 -0.9998 -0.0000
vn 0.0148 -0.8093 -0.5872
vn 0.0057 -0.3101 -0.9507
vn -0.0056 0.3078 -0.9514
vn -0.0148 0.8084 -0.5884
vn -0.0182 0.9998 -0.0000
vn -0.0290 0.8077 0.5888
vn -0.0110 0.3068 0.9517
vn 0.0112 -0.3108 0.9504
vn 0.0291 -0.8093 0.5867
vn 0.0359 -0.9994 -0.0000
vn 0.0291 -0.8093 -0.5867
vn 0.0112 -0.3108 -0.9504
vn -0.0110 0.3068 -0.9517
vn -0.0290 0.8077 -0.5888
vn -0.0359 0.9994 -0.0000
vn -0.0532 0.8060 0.5895
vn -0.0201 0.3050 0.9521
vn 0.0206 -0.3117 0.9500
vn 0.0534 -0.8085 0.5860
vn 0.0658 -0.9978 -0.0000
vn 0.0534 -0.8085 -0.5860
vn 0.0206 -0.3117 -0.9500
vn -0.0201 0.3050 -0.9521
vn -0.0532 0.8060 -0.5895
vn -0.0658 0.9978 -0.0000
vn -0.0939 0.8014 0.5907
vn -0.0353 0.3013 0.9529
vn 0.0366 -0.3126 0.9492
vn 0.0945 -0.8057 0.5848
vn 0.1165 -0.9932 -0.0000
vn 0.0945 -0.8057 -0.5848
vn 0.0366 -0.3126 -0.9492
vn -0.0353 0.3013 -0.9529
vn -0.0939 0.8014 -0.5907
vn -0.1163 0.9932 -0.0000
vn -0.1629 0.7887 0.5928
vn -0.0606 0.2931 0.9542
vn 0.0646 -0.3123 0.9478
vn 0.1647 -0.7960 0.5825
vn 0.2026 -0.9793 -0.0000
vn 0.1647 -0.7960 -0.5825
vn 0.0646 -0.3123 -0.9478
vn -0.0606 0.2931 -0.9542
vn -0.1629 0.7887 -0.5928
vn -0.2022 0.9793 -0.0000
vn -0.2792 0.7525 0.5966
vn -0.1016 0.2737 0.9564
vn 0.1138 -0.3058 0.9453
vn 0.2846 -0.7644 0.5785
vn 0.3490 -0.9371 -0.0000
vn 0.2846 -0.7644 -0.5785
vn 0.1138 -0.3058 -0.9453
vn -0.1016 0.2737 -0.9564
vn -0.2792 0.7525 -0.5966
vn -0.3477 0.9376 -0.0000
vn -0.4575 0.6534 0.6031
vn -0.1608 0.2294 0.9600
vn 0.1937 -0.2755 0.9416
vn 0.4712 -0.6702 0.5734
vn 0.5751 -0.8181 -0.0000
vn 0.4712 -0.6702 -0.5734
vn 0.1937 -0.2755 -0.9416
vn -0.1608 0.2294 -0.9600
vn -0.4575 0.6534 -0.6031
vn -0.5733 0.8194 -0.0000
vn -0.6549 0.4482 0.6085
vn -0.2243 0.1535 0.9623
vn 0.2828 -0.1936 0.9394
vn 0.6774 -0.4637 0.5711
vn 0.8252 -0.5649 -0.0000
vn 0.6774 -0.4637 -0.5711
vn 0.2828 -0.1936 -0.9394
vn -0.2243 0.1535 -0.9623
vn -0.6549 0.4482 -0.6085
vn -0.8252 0.5648 -0.0000
vn -0.7745 0.1910 0.6031
vn -0.2722 0.0673 0.9599
vn 0.3264 -0.0813 0.9417
vn 0.7948 -0.1980 0.5737
vn 0.9703 -0.2418 -0.0000
vn 0.7948 -0.1980 -0.5737
vn 0.3264 -0.0813 -0.9417
vn -0.2722 0.0673 -0.9599
vn -0.7745 0.1910 -0.6031
vn -0.9710 0.2390 -0.0000
vn -0.8038 0.0025 0.5950
vn -0.2948 0.0010 0.9556
vn 0.3237 -0.0015 0.9462
vn 0.8147 -0.0039 0.5798
vn 1.0000 -0.0048 -0.0000
vn 0.8147 -0.0039 -0.5798
vn 0.3237 -0.0015 -0.9462
vn -0.2948 0.0010 -0.9556
vn -0.8038 0.0025 -0.5950
vn -1.0000 0.0029 -0.0000
vn -0.8034 -0.0818 0.5898
vn -0.3034 -0.0309 0.9524
vn 0.3118 0.0317 0.9496
vn 0.8067 0.0819 0.5853
vn 0.9949 0.1009 -0.0000
vn 0.8067 0.0819 -0.5853
vn 0.3118 0.0317 -0.9496
vn -0.3034 -0.0309 -0.9524
vn -0.8034 -0.0818 -0.5898
vn -0.9948 -0.1014 -0.0000
vn -0.8046 -0.0917 0.5866
vn -0.3091 -0.0352 0.9504
vn 0.3050 0.0348 0.9517
vn 0.8031 0.0915 0.5888
vn 0.9936 0.1133 -0.0000
vn 0.8031 0.0915 -0.5888
vn 0.3050 0.0348 -0.9517
vn -0.3091 -0.0352 -0.9504
vn -0.8046 -0.0917 -0.5866
vn -0.9936 -0.1132 -0.0000
vn -0.8092 -0.0567 0.5849
vn -0.3139 -0.0220 0.9492
vn 0.3026 0.0212 0.9529
vn 0.8048 0.0565 0.5908
vn 0.9975 0.0700 -0.0000
vn 0.8048 0.0565 -0.5908
vn 0.3026 0.0212 -0.9529
vn -0.3139 -0.0220 -0.9492
vn -0.8092 -0.0567 -0.5849
vn -0.9976 -0.0699 -0.0000
vn -0.8116 -0.0000 0.5843
vn -0.3158 -0.0000 0.9488
vn 0.3022 -0.0000 0.9533
vn 0.8064 -0.0000 0.5914
vn 0.8064 -0.0000 -0.5914
vn 0.3022 -0.0000 -0.9533
vn -0.3158 -0.0000 -0.9488
vn -0.8116 -0.0000 -0.5843
vn -0.8092 0.0567 0.5849
vn -0.3139 0.0220 0.9492
vn 0.3026 -0.0212 0.9529
vn 0.8048 -0.0565 0.5908
vn 0.9975 -0.0700 -0.0000
vn 0.8048 -0.0565 -0.5908
vn 0.3026 -0.0212 -0.9529
vn -0.3139 0.0220 -0.9492
vn -0.8092 0.0567 -0.5849
vn -0.9976 0.0699 -0.0000
vn -0.8046 0.0917 0.5866
vn -0.3091 0.0352 0.9504
vn 0.3050 -0.0348 0.9517
vn 0.8031 -0.0915 0.5888
vn 0.9936 -0.1133 -0.0000
vn 0.8031 -0.0915 -0.5888
vn 0.3050 -0.0348 -0.9517
vn -0.3091 0.0352 -0.9504
vn -0.8046 0.0917 -0.5866
vn -0.9936 0.1132 -0.0000
vn -0.8034 0.0818 0.5898
vn -0.3034 0.0309 0.9524
vn 0.3118 -0.0317 0.9496
vn 0.8067 -0.0819 0.5853
vn 0.9949 -0.1009 -0.0000
vn 0.8067 -0.0819 -0.5853
vn 0.3118 -0.0317 -0.9496
vn -0.3034 0.0309 -0.9524
vn -0.8034 0.0818 -0.5898
vn -0.9948 0.1014 -0.0000
vn -0.8038 -0.0025 0.5950
vn -0.2948 -0.0010 0.9556
vn 0.3237 0.0015 0.9462
vn 0.8147 0.0039 0.5798
vn 1.0000 0.0048 -0.0000
vn 0.8147 0.0039 -0.5798
vn 0.3237 0.0015 -0.9462
vn -0.2948 -0.0010 -0.9556
vn -0.8038 -0.0025 -0.5950
vn -1.0000 -0.0029 -0.0000
vn -0.7745 -0.1910 0.6031
vn -0.2722 -0.0673 0.9599
vn 0.3264 0.0813 0.9417
vn 0.7948 0.1980 0.5737
vn 0.9703 0.2418 -0.0000
vn 0.7948 0.1980 -0.5737
vn 0.3264 0.0813 -0.9417
vn -0.2722 -0.0673 -0.9599
vn -0.7745 -0.1910 -0.6031
vn -0.9710 -0.2390 -0.0000
vn -0.6549 -0.4482 0.6085
vn -0.2243 -0.1535 0.9623
vn 0.2828 0.1936 0.9394
vn 0.6774 0.4637 0.5711
vn 0.8252 0.5649 -0.0000
vn 0.6774 0.4637 -0.5711
vn 0.2828 0.1936 -0.9394
vn -0.2243 -0.1535 -0.9623
vn -0.6549 -0.4482 -0.6085
vn -0.8252 -0.5648 -0.0000
vn -0.4575 -0.6534 0.6031
vn -0.1608 -0.2294 0.9600
vn 0.1937 0.2755 0.9416
vn 0.4712 0.6702 0.5734
vn 0.5751 0.8181 -0.0000
vn 0.4712 0.6702 -0.5734
vn 0.1937 0.2755 -0.9416
vn -0.1608 -0.2294 -0.9600
vn -0.4575 -0.6534 -0.6031
vn -0.5733 -0.8194 -0.0000
vn -0.2792 -0.7525 0.5966
vn -0.1016 -0.2737 0.9564
vn 0.1138 0.3058 0.9453
vn 0.2846 0.7644 0.5785
vn 0.3490 0.9371 -0.0000
vn 0.2846 0.7644 -0.5785
vn 0.1138 0.3058 -0.9453
vn -0.1016 -0.2737 -0.9564
vn -0.2792 -0.7525 -0.5966
vn -0.3477 -0.9376 -0.0000
vn -0.1629 -0.7887 0.5928
vn -0.0606 -0.2931 0.9542
vn 0.0646 0.3123 0.9478
vn 0.1647 0.7960 0.5825
vn 0.2026 0.9793 -0.0000
vn 0.1647 0.7960 -0.5825
vn 0.0646 0.3123 -0.9478
vn -0.0606 -0.2931 -0.9542
vn -0.1629 -0.7887 -0.5928
vn -0.2022 -0.9793 -0.0000
vn -0.0939 -0.8014 0.5907
vn -0.0353 -0.3013 0.9529
vn 0.0366 0.3126 0.9492
vn 0.0945 0.8057 0.5848
vn 0.1165 0.9932 -0.0000
vn 0.0945 0.8057 -0.5848
vn 0.0366 0.3126 -0.9492
vn -0.0353 -0.3013 -0.9529
vn -0.0939 -0.8014 -0.5907
vn -0.1163 -0.9932 -0.0000
vn -0.0532 -0.8060 0.5895
vn -0.0201 -0.3050 0.9521
vn 0.0206 0.3117 0.9500
vn 0.0534 0.8085 0.5860
vn 0.0658 0.9978 -0.0000
vn 0.0534 0.8085 -0.5860
vn 0.0206 0.3117 -0.9500
vn -0.0201 -0.3050 -0.9521
vn -0.0532 -0.8060 -0.5895
vn -0.0658 -0.9978 -0.0000
vn -0.0290 -0.8077 0.5888
vn -0.0110 -0.3068 0.9517
vn 0.0112 0.3108 0.9504
vn 0.0291 0.8093 0.5867
vn 0.0359 0.9994 -0.0000
vn 0.0291 0.8093 -0.5867
vn 0.0112 0.3108 -0.9504
vn -0.0110 -0.3068 -0.9517
vn -0.0290 -0.8077 -0.5888
vn -0.0359 -0.9994 -0.0000
vn -0.0148 -0.8084 0.5884
vn -0.0056 -0.3078 0.9514
vn 0.0057 0.3101 0.9507
vn 0.0148 0.8093 0.5872
vn 0.0182 0.9998 -0.0000
vn 0.0148 0.8093 -0.5872
vn 0.0057 0.3101 -0.9507
vn -0.0056 -0.3078 -0.9514
vn -0.0148 -0.8084 -0.5884
vn -0.0182 -0.9998 -0.0000
vn -0.0062 -0.8087 0.5882
vn -0.0023 -0.3083 0.9513
vn 0.0024 0.3097 0.9508
vn 0.0062 0.8093 0.5874
vn 0.0076 1.0000 -0.0000
vn 0.0062 0.8093 -0.5874
vn 0.0024 0.3097 -0.9508
vn -0.0023 -0.3083 -0.9513
vn -0.0062 -0.8087 -0.5882
vn -0.0076 -1.0000 -0.0000
vn 0.0001 -0.8088 0.5881
vn 0.0001 -0.3084 0.9513
vn -0.0001 0.3097 0.9508
vn -0.0001 0.8093 0.5874
vn -0.0002 1.0000 -0.0000
vn -0.0001 0.8093 -0.5874
vn -0.0001 0.3097 -0.9508
vn 0.0001 -0.3084 -0.9513
vn 0.0001 -0.8088 -0.5881
vn 0.0002 -1.0000 -0.0000
vn 0.0077 -0.8086 0.5883
vn 0.0029 -0.3080 0.9514
vn -0.0030 0.3100 0.9507
vn -0.0077 0.8094 0.5873
vn -0.0096 1.0000 -0.0000
vn -0.0077 0.8094 -0.5873
vn -0.0030 0.3100 -0.9507
vn 0.0029 -0.3080 -0.9514
vn 0.0077 -0.8086 -0.5883
vn 0.0096 -1.0000 -0.0000
vn 0.0210 -0.8080 0.5888
vn 0.0080 -0.3070 0.9517
vn -0.0081 0.3108 0.9504
vn -0.0210 0.8095 0.5868
vn -0.0259 0.9997 -0.0000
vn -0.0210 0.8095 -0.5868
vn -0.0081 0.3108 -0.9504
vn 0.0080 -0.3070 -0.9517
vn 0.0210 -0.8080 -0.5888
vn 0.0259 -0.9997 -0.0000
vn 0.0440 -0.8066 0.5895
vn 0.0167 -0.3054 0.9521
vn -0.0170 0.3117 0.9500
vn -0.0442 0.8090 0.5861
vn -0.0545 0.9985 -0.0000
vn -0.0442 0.8090 -0.5861
vn -0.0170 0.3117 -0.9500
vn 0.0167 -0.3054 -0.9521
vn 0.0440 -0.8066 -0.5895
vn 0.0545 -0.9985 -0.0000
vn 0.0787 -0.8034 0.5902
vn 0.0297 -0.3031 0.9525
vn -0.0306 0.3120 0.9496
vn -0.0791 0.8068 0.5854
vn -0.0975 0.9952 -0.0000
vn -0.0791 0.8068 -0.5854
vn -0.0306 0.3120 -0.9496
vn 0.0297 -0.3031 -0.9525
vn 0.0787 -0.8034 -0.5902
vn 0.0975 -0.9952 -0.0000
vn 0.1225 -0.7976 0.5906
vn 0.0461 -0.3002 0.9528
vn -0.0477 0.3106 0.9493
vn -0.1231 0.8016 0.5850
vn -0.1518 0.9884 -0.0000
vn -0.1231 0.8016 -0.5851
vn -0.0477 0.3106 -0.9493
vn 0.0461 -0.3002 -0.9528
vn 0.1225 -0.7976 -0.5906
vn 0.1517 -0.9884 -0.0000
vn 0.1702 -0.7888 0.5907
vn 0.0640 -0.2967 0.9528
vn -0.0663 0.3074 0.9493
vn -0.1711 0.7928 0.5849
vn -0.2109 0.9775 -0.0000
vn -0.1711 0.7928 -0.5849
vn -0.0663 0.3074 -0.9493
vn 0.0640 -0.2967 -0.9528
vn 0.1702 -0.7888 -0.5907
vn 0.2109 -0.9775 -0.0000
vn 0.2181 -0.7769 0.5907
vn 0.0820 -0.2923 0.9528
vn -0.0850 0.3027 0.9493
vn -0.2192 0.7809 0.5849
vn -0.2703 0.9628 -0.0000
vn -0.2192 0.7809 -0.5849
vn -0.0850 0.3027 -0.9493
vn 0.0820 -0.2923 -0.9528
vn 0.2181 -0.7769 -0.5907
vn 0.2703 -0.9628 -0.0000
vn 0.2660 -0.7618 0.5908
vn 0.1000 -0.2864 0.9529
vn -0.1037 0.2971 0.9492
vn -0.2674 0.7658 0.5848
vn -0.3296 0.9441 -0.0000
vn -0.2674 0.7658 -0.5848
vn -0.1037 0.2970 -0.9492
vn 0.1000 -0.2864 -0.9529
vn 0.2660 -0.7618 -0.5908
vn 0.3296 -0.9441 -0.0000
vn 0.3166 -0.7418 0.5911
vn 0.1188 -0.2784 0.9531
vn -0.1238 0.2900 0.9490
vn -0.3185 0.7463 0.5844
vn -0.3925 0.9197 -0.0000
vn -0.3185 0.7463 -0.5844
vn -0.1238 0.2900 -0.9490
vn 0.1188 -0.2784 -0.9531
vn 0.3166 -0.7418 -0.5911
vn 0.3925 -0.9197 -0.0000
vn 0.3746 -0.7137 0.5919
vn 0.1399 -0.2666 0.9536
vn -0.1473 0.2806 0.9485
vn -0.3774 0.7190 0.5837
vn -0.4648 0.8854 -0.0000
vn -0.3774 0.7190 -0.5837
vn -0.1473 0.2806 -0.9485
vn 0.1399 -0.2666 -0.9536
vn 0.3746 -0.7137 -0.5919
vn 0.4647 -0.8855 -0.0000
vn 0.4455 -0.6705 0.5933
vn 0.1652 -0.2486 0.9544
vn -0.1769 0.2661 0.9476
vn -0.4501 0.6771 0.5823
vn -0.5536 0.8328 -0.0000
vn -0.4501 0.6771 -0.5823
vn -0.1769 0.2661 -0.9476
vn 0.1652 -0.2486 -0.9544
vn 0.4455 -0.6705 -0.5933
vn 0.5534 -0.8329 -0.0000
vn 0.5351 -0.5992 0.5955
vn 0.1959 -0.2194 0.9558
vn -0.2158 0.2415 0.9461
vn -0.5429 0.6074 0.5799
vn -0.6664 0.7456 -0.0000
vn -0.5429 0.6074 -0.5799
vn -0.2158 0.2415 -0.9461
vn 0.1959 -0.2194 -0.9558
vn 0.5351 -0.5992 -0.5955
vn 0.6660 -0.7459 -0.0000
vn 0.6432 -0.4768 0.5991
vn 0.2309 -0.1711 0.9578
vn -0.2655 0.1965 0.9439
vn -0.6568 0.4860 0.5766
vn -0.8039 0.5948 -0.0000
vn -0.6568 0.4860 -0.5766
vn -0.2655 0.1965 -0.9439
vn 0.2309 -0.1711 -0.9578
vn 0.6432 -0.4768 -0.5991
vn 0.8033 -0.5956 -0.0000
vn 0.7481 -0.2752 0.6038
vn 0.2619 -0.0962 0.9603
vn -0.3169 0.1162 0.9413
vn -0.7694 0.2822 0.5731
vn -0.9388 0.3443 -0.0000
vn -0.7694 0.2822 -0.5731
vn -0.3169 0.1162 -0.9413
vn 0.2619 -0.0962 -0.9603
vn 0.7481 -0.2752 -0.6038
vn 0.9385 -0.3454 -0.0000
vt 0.000000 1.000000
vt 0.016667 1.000000
vt 0.016667 0.900000
vt 0.000000 0.900000
vt 0.000000 0.100000
vt 0.016667 0.100000
vt 0.016667 0.000000
vt 0.000000 0.000000
vt 0.000000 0.200000
vt 0.016667 0.200000
vt 0.000000 0.300000
vt 0.016667 0.300000
vt 0.000000 0.400000
vt 0.016667 0.400000
vt 0.000000 0.500000
vt 0.016667 0.500000
vt 0.000000 0.600000
vt 0.016667 0.600000
vt 0.000000 0.700000
vt 0.016667 0.700000
vt 0.000000 0.800000
vt 0.016667 0.800000
vt 0.033333 1.000000
vt 0.033333 0.900000
vt 0.033333 0.100000
vt 0.033333 0.000000
vt 0.033333 0.200000
vt 0.033333 0.300000
vt 0.033333 0.400000
vt 0.033333 0.500000
vt 0.033333 0.600000
vt 0.033333 0.700000
vt 0.033333 0.800000
vt 0.050000 1.000000
vt 0.050000 0.900000
vt 0.050000 0.100000
vt 0.050000 0.000000
vt 0.050000 0.200000
vt 0.050000 0.300000
vt 0.050000 0.400000
vt 0.050000 0.500000
vt 0.050000 0.600000
vt 0.050000 0.700000
vt 0.050000 0.800000
vt 0.066667 1.000000
vt 0.066667 0.900000
vt 0.066667 0.100000
vt 0.066667 0.000000
vt 0.066667 0.200000
vt 0.066667 0.300000
vt 0.066667 0.400000
vt 0.066667 0.500000
vt 0.066667 0.600000
vt 0.066667 0.700000
vt 0.066667 0.800000
vt 0.083333 1.000000
vt 0.083333 0.900000
vt 0.083333 0.100000
vt 0.083333 0.000000
vt 0.083333 0.200000
vt 0.083333 0.300000
vt 0.083333 0.400000
vt 0.083333 0.500000
vt 0.083333 0.600000
vt 0.083333 0.700000
vt 0.083333 0.800000
vt 0.100000 1.000000
vt 0.100000 0.900000
vt 0.100000 0.100000
vt 0.100000 0.000000
vt 0.100000 0.200000
vt 0.100000 0.300000
vt 0.100000 0.400000
vt 0.100000 0.500000
vt 0.100000 0.600000
vt 0.100000 0.700000
vt 0.100000 0.800000
vt 0.116667 1.000000
vt 0.116667 0.900000
vt 0.116667 0.100000
vt 0.116667 0.000000
vt 0.116667 0.200000
vt 0.116667 0.300000
vt 0.116667 0.400000
vt 0.116667 0.500000
vt 0.116667 0.600000
vt 0.116667 0.700000
vt 0.116667 0.800000
vt 0.133333 1.000000
vt 0.133333 0.900000
vt 0.133333 0.100000
vt 0.133333 0.000000
vt 0.133333 0.200000
vt 0.133333 0.300000
vt 0.133333 0.400000
vt 0.133333 0.500000
vt 0.133333 0.600000
vt 0.133333 0.700000
vt 0.133333 0.800000
vt 0.150000 1.000000
vt 0.150000 0.900000
vt 0.150000 0.100000
vt 0.150000 0.000000
vt 0.150000 0.200000
vt 0.150000 0.300000
vt 0.150000 0.400000
vt 0.150000 0.500000
vt 0.150000 0.600000
vt 0.150000 0.700000
vt 0.150000 0.800000
vt 0.166667 1.000000
vt 0.166667 0.900000
vt 0.166667 0.100000
vt 0.166667 0.000000
vt 0.166667 0.200000
vt 0.166667 0.300000
vt 0.166667 0.400000
vt 0.166667 0.500000
vt 0.166667 0.600000
vt 0.166667 0.700000
vt 0.166667 0.800000
vt 0.183333 1.000000
vt 0.183333 0.900000
vt 0.183333 0.100000
vt 0.183333 0.000000
vt 0.183333 0.200000
vt 0.183333 0.300000
vt 0.183333 0.400000
vt 0.183333 0.500000
vt 0.183333 0.600000
vt 0.183333 0.700000
vt 0.183333 0.800000
vt 0.200000 1.000000
vt 0.200000 0.900000
vt 0.200000 0.100000
vt 0.200000 0.000000
vt 0.200000 0.200000
vt 0.200000 0.300000
vt 0.200000 0.400000
vt 0.200000 0.500000
vt 0.200000 0.600000
vt 0.200000 0.700000
vt 0.200000 0.800000
vt 0.216667 1.000000
vt 0.216667 0.900000
vt 0.216667 0.100000
vt 0.216667 0.000000
vt 0.216667 0.200000
vt 0.216667 0.300000
vt 0.216667 0.400000
vt 0.216667 0.500000
vt 0.216667 0.600000
vt 0.216667 0.700000
vt 0.216667 0.800000
vt 0.233333 1.000000
vt 0.233333 0.900000
vt 0.233333 0.100000
vt 0.233333 0.000000
vt 0.233333 0.200000
vt 0.233333 0.300000
vt 0.233333 0.400000
vt 0.233333 0.500000
vt 0.233333 0.600000
vt 0.233333 0.700000
vt 0.233333 0.800000
vt 0.250000 1.000000
vt 0.250000 0.900000
vt 0.250000 0.100000
vt 0.250000 0.000000
vt 0.250000 0.200000
vt 0.250000 0.300000
vt 0.250000 0.400000
vt 0.250000 0.500000
vt 0.250000 0.600000
vt 0.250000 0.700000
vt 0.250000 0.800000
vt 0.266667 1.000000
vt 0.266667 0.900000
vt 0.266667 0.100000
vt 0.266667 0.000000
vt 0.266667 0.200000
vt 0.266667 0.300000
vt 0.266667 0.400000
vt 0.266667 0.500000
vt 0.266667 0.600000
vt 0.266667 0.700000
vt 0.266667 0.800000
vt 0.283333 1.000000
vt 0.283333 0.900000
vt 0.283333 0.100000
vt 0.283333 0.000000
vt 0.283333 0.200000
vt 0.283333 0.300000
vt 0.283333 0.400000
vt 0.283333 0.500000
vt 0.283333 0.600000
vt 0.283333 0.700000
vt 0.283333 0.800000
vt 0.300000 1.000000
vt 0.300000 0.900000
vt 0.300000 0.100000
vt 0.300000 0.000000
vt 0.300000 0.200000
vt 0.300000 0.300000
vt 0.300000 0.400000
vt 0.300000 0.500000
vt 0.300000 0.600000
vt 0.300000 0.700000
vt 0.300000 0.800000
vt 0.316667 1.000000
vt 0.316667 0.900000
vt 0.316667 0.100000
vt 0.316667 0.000000
vt 0.316667 0.200000
vt 0.316667 0.300000
vt 0.316667 0.400000
vt 0.316667 0.500000
vt 0.316667 0.600000
vt 0.316667 0.700000
vt 0.316667 0.800000
vt 0.333333 1.000000
vt 0.333333 0.900000
vt 0.333333 0.100000
vt 0.333333 0.000000
vt 0.333333 0.200000
vt 0.333333 0.300000
vt 0.333333 0.400000
vt 0.333333 0.500000
vt 0.333333 0.600000
vt 0.333333 0.700000
vt 0.333333 0.800000
vt 0.350000 1.000000
vt 0.350000 0.900000
vt 0.350000 0.100000
vt 0.350000 0.000000
vt 0.350000 0.200000
vt 0.350000 0.300000
vt 0.350000 0.400000
vt 0.350000 0.500000
vt 0.350000 0.600000
vt 0.350000 0.700000
vt 0.350000 0.800000
vt 0.366667 1.000000
vt 0.366667 0.900000
vt 0.366667 0.100000
vt 0.366667 0.000000
vt 0.366667 0.200000
vt 0.366667 0.300000
vt 0.366667 0.400000
vt 0.366667 0.500000
vt 0.366667 0.600000
vt 0.366667 0.700000
vt 0.366667 0.800000
vt 0.383333 1.000000
vt 0.383333 0.900000
vt 0.383333 0.100000
vt 0.383333 0.000000
vt 0.383333 0.200000
vt 0.383333 0.300000
vt 0.383333 0.400000
vt 0.383333 0.500000
vt 0.383333 0.600000
vt 0.383333 0.700000
vt 0.383333 0.800000
vt 0.400000 1.000000
vt 0.400000 0.900000
vt 0.400000 0.100000
vt 0.400000 0.000000
vt 0.400000 0.200000
vt 0.400000 0.300000
vt 0.400000 0.400000
vt 0.400000 0.500000
vt 0.400000 0.600000
vt 0.400000 0.700000
vt 0.400000 0.800000
vt 0.416667 1.000000
vt 0.416667 0.900000
vt 0.416667 0.100000
vt 0.416667 0.000000
vt 0.416667 0.200000
vt 0.416667 0.300000
vt 0.416667 0.400000
vt 0.416667 0.500000
vt 0.416667 0.600000
vt 0.416667 0.700000
vt 0.416667 0.800000
vt 0.433333 1.000000
vt 0.433333 0.900000
vt 0.433333 0.100000
vt 0.433333 0.000000
vt 0.433333 0.200000
vt 0.433333 0.300000
vt 0.433333 0.400000
vt 0.433333 0.500000
vt 0.433333 0.600000
vt 0.433333 0.700000
vt 0.433333 0.800000
vt 0.450000 1.000000
vt 0.450000 0.900000
vt 0.450000 0.100000
vt 0.450000 0.000000
vt 0.450000 0.200000
vt 0.450000 0.300000
vt 0.450000 0.400000
vt 0.450000 0.500000
vt 0.450000 0.600000
vt 0.450000 0.700000
vt 0.450000 0.800000
vt 0.466667 1.000000
vt 0.466667 0.900000
vt 0.466667 0.100000
vt 0.466667 0.000000
vt 0.466667 0.200000
vt 0.466667 0.300000
vt 0.466667 0.400000
vt 0.466667 0.500000
vt 0.466667 0.600000
vt 0.466667 0.700000
vt 0.466667 0.800000
vt 0.483333 1.000000
vt 0.483333 0.900000
vt 0.483333 0.100000
vt 0.483333 0.000000
vt 0.483333 0.200000
vt 0.483333 0.300000
vt 0.483333 0.400000
vt 0.483333 0.500000
vt 0.483333 0.600000
vt 0.483333 0.700000
vt 0.483333 0.800000
vt 0.500000 1.000000
vt 0.500000 0.900000
vt 0.500000 0.100000
vt 0.500000 0.000000
vt 0.500000 0.200000
vt 0.500000 0.300000
vt 0.500000 0.400000
vt 0.500000 0.500000
vt 0.500000 0.600000
vt 0.500000 0.700000
vt 0.500000 0.800000
vt 0.516667 1.000000
vt 0.516667 0.900000
vt 0.516667 0.100000
vt 0.516667 0.000000
vt 0.516667 0.200000
vt 0.516667 0.300000
vt 0.516667 0.400000
vt 0.516667 0.500000
vt 0.516667 0.600000
vt 0.516667 0.700000
vt 0.516667 0.800000
vt 0.533333 1.000000
vt 0.533333 0.900000
vt 0.533333 0.100000
vt 0.533333 0.000000
vt 0.533333 0.200000
vt 0.533333 0.300000
vt 0.533333 0.400000
vt 0.533333 0.500000
vt 0.533333 0.600000
vt 0.533333 0.700000
vt 0.533333 0.800000
vt 0.550000 1.000000
vt 0.550000 0.900000
vt 0.550000 0.100000
vt 0.550000 0.000000
vt 0.550000 0.200000
vt 0.550000 0.300000
vt 0.550000 0.400000
vt 0.550000 0.500000
vt 0.550000 0.600000
vt 0.550000 0.700000
vt 0.550000 0.800000
vt 0.566667 1.000000
vt 0.566667 0.900000
vt 0.566667 0.100000
vt 0.566667 0.000000
vt 0.566667 0.200000
vt 0.566667 0.300000
vt 0.566667 0.400000
vt 0.566667 0.500000
vt 0.566667 0.600000
vt 0.566667 0.700000
vt 0.566667 0.800000
vt 0.583333 1.000000
vt 0.583333 0.900000
vt 0.583333 0.100000
vt 0.583333 0.000000
vt 0.583333 0.200000
vt 0.583333 0.300000
vt 0.583333 0.400000
vt 0.583333 0.500000
vt 0.583333 0.600000
vt 0.583333 0.700000
vt 0.583333 0.800000
vt 0.600000 1.000000
vt 0.600000 0.900000
vt 0.600000 0.100000
vt 0.600000 0.000000
vt 0.600000 0.200000
vt 0.600000 0.300000
vt 0.600000 0.400000
vt 0.600000 0.500000
vt 0.600000 0.600000
vt 0.600000 0.700000
vt 0.600000 0.800000
vt 0.616667 1.000000
vt 0.616667 0.900000
vt 0.616667 0.100000
vt 0.616667 0.000000
vt 0.616667 0.200000
vt 0.616667 0.300000
vt 0.616667 0.400000
vt 0.616667 0.500000
vt 0.616667 0.600000
vt 0.616667 0.700000
vt 0.616667 0.800000
vt 0.633333 1.000000
vt 0.633333 0.900000
vt 0.633333 0.100000
vt 0.633333 0.000000
vt 0.633333 0.200000
vt 0.633333 0.300000
vt 0.633333 0.400000
vt 0.633333 0.500000
vt 0.633333 0.600000
vt 0.633333 0.700000
vt 0.633333 0.800000
vt 0.650000 1.000000
vt 0.650000 0.900000
vt 0.650000 0.100000
vt 0.650000 0.000000
vt 0.650000 0.200000
vt 0.650000 0.300000
vt 0.650000 0.400000
vt 0.650000 0.500000
vt 0.650000 0.600000
vt 0.650000 0.700000
vt 0.650000 0.800000
vt 0.666667 1.000000
vt 0.666667 0.900000
vt 0.666667 0.100000
vt 0.666667 0.000000
vt 0.666667 0.200000
vt 0.666667 0.300000
vt 0.666667 0.400000
vt 0.666667 0.500000
vt 0.666667 0.600000
vt 0.666667 0.700000
vt 0.666667 0.800000
vt 0.683333 1.000000
vt 0.683333 0.900000
vt 0.683333 0.100000
vt 0.683333 0.000000
vt 0.683333 0.200000
vt 0.683333 0.300000
vt 0.683333 0.400000
vt 0.683333 0.500000
vt 0.683333 0.600000
vt 0.683333 0.700000
vt 0.683333 0.800000
vt 0.700000 1.000000
vt 0.700000 0.900000
vt 0.700000 0.100000
vt 0.700000 0.000000
vt 0.700000 0.200000
vt 0.700000 0.300000
vt 0.700000 0.400000
vt 0.700000 0.500000
vt 0.700000 0.600000
vt 0.700000 0.700000
vt 0.700000 0.800000
vt 0.716667 1.000000
vt 0.716667 0.900000
vt 0.716667 0.100000
vt 0.716667 0.000000
vt 0.716667 0.200000
vt 0.716667 0.300000
vt 0.716667 0.400000
vt 0.716667 0.500000
vt 0.716667 0.600000
vt 0.716667 0.700000
vt 0.716667 0.800000
vt 0.733333 1.000000
vt 0.733333 0.900000
vt 0.733333 0.100000
vt 0.733333 0.000000
vt 0.733333 0.200000
vt 0.733333 0.300000
vt 0.733333 0.400000
vt 0.733333 0.500000
vt 0.733333 0.600000
vt 0.733333 0.700000
vt 0.733333 0.800000
vt 0.750000 1.000000
vt 0.750000 0.900000
vt 0.750000 0.100000
vt 0.750000 0.000000
vt 0.750000 0.200000
vt 0.750000 0.300000
vt 0.750000 0.400000
vt 0.750000 0.500000
vt 0.750000 0.600000
vt 0.750000 0.700000
vt 0.750000 0.800000
vt 0.766667 1.000000
vt 0.766667 0.900000
vt 0.766667 0.100000
vt 0.766667 0.000000
vt 0.766667 0.200000
vt 0.766667 0.300000
vt 0.766667 0.400000
vt 0.766667 0.500000
vt 0.766667 0.600000
vt 0.766667 0.700000
vt 0.766667 0.800000
vt 0.783333 1.000000
vt 0.783333 0.900000
vt 0.783333 0.100000
vt 0.783333 0.000000
vt 0.783333 0.200000
vt 0.783333 0.300000
vt 0.783333 0.400000
vt 0.783333 0.500000
vt 0.783333 0.600000
vt 0.783333 0.700000
vt 0.783333 0.800000
vt 0.800000 1.000000
vt 0.800000 0.900000
vt 0.800000 0.100000
vt 0.800000 0.000000
vt 0.800000 0.200000
vt 0.800000 0.300000
vt 0.800000 0.400000
vt 0.800000 0.500000
vt 0.800000 0.600000
vt 0.800000 0.700000
vt 0.800000 0.800000
vt 0.816667 1.000000
vt 0.816667 0.900000
vt 0.816667 0.100000
vt 0.816667 0.000000
vt 0.816667 0.200000
vt 0.816667 0.300000
vt 0.816667 0.400000
vt 0.816667 0.500000
vt 0.816667 0.600000
vt 0.816667 0.700000
vt 0.816667 0.800000
vt 0.833333 1.000000
vt 0.833333 0.900000
vt 0.833333 0.100000
vt 0.833333 0.000000
vt 0.833333 0.200000
vt 0.833333 0.300000
vt 0.833333 0.400000
vt 0.833333 0.500000
vt 0.833333 0.600000
vt 0.833333 0.700000
vt 0.833333 0.800000
vt 0.850000 1.000000
vt 0.850000 0.900000
vt 0.850000 0.100000
vt 0.850000 0.000000
vt 0.850000 0.200000
vt 0.850000 0.300000
vt 0.850000 0.400000
vt 0.850000 0.500000
vt 0.850000 0.600000
vt 0.850000 0.700000
vt 0.850000 0.800000
vt 0.866667 1.000000
vt 0.866667 0.900000
vt 0.866667 0.100000
vt 0.866667 0.000000
vt 0.866667 0.200000
vt 0.866667 0.300000
vt 0.866667 0.400000
vt 0.866667 0.500000
vt 0.866667 0.600000
vt 0.866667 0.700000
vt 0.866667 0.800000
vt 0.883333 1.000000
vt 0.883333 0.900000
vt 0.883333 0.100000
vt 0.883333 0.000000
vt 0.883333 0.200000
vt 0.883333 0.300000
vt 0.883333 0.400000
vt 0.883333 0.500000
vt 0.883333 0.600000
vt 0.883333 0.700000
vt 0.883333 0.800000
vt 0.900000 1.000000
vt 0.900000 0.900000
vt 0.900000 0.100000
vt 0.900000 0.000000
vt 0.900000 0.200000
vt 0.900000 0.300000
vt 0.900000 0.400000
vt 0.900000 0.500000
vt 0.900000 0.600000
vt 0.900000 0.700000
vt 0.900000 0.800000
vt 0.916667 1.000000
vt 0.916667 0.900000
vt 0.916667 0.100000
vt 0.916667 0.000000
vt 0.916667 0.200000
vt 0.916667 0.300000
vt 0.916667 0.400000
vt 0.916667 0.500000
vt 0.916667 0.600000
vt 0.916667 0.700000
vt 0.916667 0.800000
vt 0.933333 1.000000
vt 0.933333 0.900000
vt 0.933333 0.100000
vt 0.933333 0.000000
vt 0.933333 0.200000
vt 0.933333 0.300000
vt 0.933333 0.400000
vt 0.933333 0.500000
vt 0.933333 0.600000
vt 0.933333 0.700000
vt 0.933333 0.800000
vt 0.950000 1.000000
vt 0.950000 0.900000
vt 0.950000 0.100000
vt 0.950000 0.000000
vt 0.950000 0.200000
vt 0.950000 0.300000
vt 0.950000 0.400000
vt 0.950000 0.500000
vt 0.950000 0.600000
vt 0.950000 0.700000
vt 0.950000 0.800000
vt 0.966667 1.000000
vt 0.966667 0.900000
vt 0.966667 0.100000
vt 0.966667 0.000000
vt 0.966667 0.200000
vt 0.966667 0.300000
vt 0.966667 0.400000
vt 0.966667 0.500000
vt 0.966667 0.600000
vt 0.966667 0.700000
vt 0.966667 0.800000
vt 0.983333 1.000000
vt 0.983333 0.900000
vt 0.983333 0.100000
vt 0.983333 0.000000
vt 0.983333 0.200000
vt 0.983333 0.300000
vt 0.983333 0.400000
vt 0.983333 0.500000
vt 0.983333 0.600000
vt 0.983333 0.700000
vt 0.983333 0.800000
vt 1.000000 1.000000
vt 1.000000 0.900000
vt 1.000000 0.100000
vt 1.000000 0.000000
vt 1.000000 0.200000
vt 1.000000 0.300000
vt 1.000000 0.400000
vt 1.000000 0.500000
vt 1.000000 0.600000
vt 1.000000 0.700000
vt 1.000000 0.800000
s 1
usemtl Track
f 101/104/98 111/105/108 120/106/117 110/107/107
f 102/108/99 112/109/109 111/110/108 101/111/98
f 103/112/100 113/113/110 112/109/109 102/108/99
f 104/114/101 114/115/111 113/113/110 103/112/100
f 105/116/102 115/117/112 114/115/111 104/114/101
f 106/118/103 116/119/113 115/117/112 105/116/102
f 107/120/104 117/121/114 116/119/113 106/118/103
f 108/122/105 118/123/115 117/121/114 107/120/104
f 109/124/106 119/125/116 118/123/115 108/122/105
f 110/107/107 120/106/117 119/125/116 109/124/106
f 111/105/108 121/126/118 130/127/127 120/106/117
f 112/109/109 122/128/119 121/129/118 111/110/108
f 113/113/110 123/130/120 122/128/119 112/109/109
f 114/115/111 124/131/121 123/130/120 113/113/110
f 115/117/112 125/132/122 124/131/121 114/115/111
f 116/119/113 126/133/123 125/132/122 115/117/112
f 117/121/114 127/134/124 126/133/123 116/119/113
f 118/123/115 128/135/125 127/134/124 117/121/114
f 119/125/116 129/136/126 128/135/125 118/123/115
f 120/106/117 130/127/127 129/136/126 119/125/116
f 121/126/118 131/137/128 140/138/137 130/127/127
f 122/128/119 132/139/129 131/140/128 121/129/118
f 123/130/120 133/141/130 132/139/129 122/128/119
f 124/131/121 134/142/131 133/141/130 123/130/120
f 125/132/122 135/143/132 134/142/131 124/131/121
f 126/133/123 136/144/133 135/143/132 125/132/122
f 127/134/124 137/145/134 136/144/133 126/133/123
f 128/135/125 138/146/135 137/145/134 127/134/124
f 129/136/126 139/147/136 138/146/135 128/135/125
f 130/127/127 140/138/137 139/147/136 129/136/126
f 131/137/128 141/148/138 150/149/147 140/138/137
f 132/139/129 142/150/139 141/151/138 131/140/128
f 133/141/130 143/152/140 142/150/139 132/139/129
f 134/142/131 144/153/141 143/152/140 133/141/130
f 135/143/132 145/154/142 144/153/141 134/142/131
f 136/144/133 146/155/143 145/154/142 135/143/132
f 137/145/134 147/156/144 146/155/143 136/144/133
f 138/146/135 148/157/145 147/156/144 137/145/134
f 139/147/136 149/158/146 148/157/145 138/146/135
f 140/138/137 150/149/147 149/158/146 139/147/136
f 141/148/138 151/159/148 160/160/157 150/149/147
f 142/150/139 152/161/149 151/162/148 141/151/138
f 143/152/140 153/163/150 152/161/149 142/150/139
f 144/153/141 154/164/151 153/163/150 143/152/140
f 145/154/142 155/165/152 154/164/151 144/153/141
f 146/155/143 156/166/153 155/165/152 145/154/142
f 147/156/144 157/167/154 156/166/153 146/155/143
f 148/157/145 158/168/155 157/167/154 147/156/144
f 149/158/146 159/169/156 158/168/155 148/157/145
f 150/149/147 160/160/157 159/169/156 149/158/146
f 151/159/148 161/170/158 170/171/167 160/160/157
f 152/161/149 162/172/159 161/173/158 151/162/148
f 153/163/150 163/174/160 162/172/159 152/161/149
f 154/164/151 164/175/161 163/174/160 153/163/150
f 155/165/152 165/176/162 164/175/161 154/164/151
f 156/166/153 166/177/163 165/176/162 155/165/152
f 157/167/154 167/178/164 166/177/163 156/166/153
f 158/168/155 168/179/165 167/178/164 157/167/154
f 159/169/156 169/180/166 168/179/165 158/168/155
f 160/160/157 170/171/167 169/180/166 159/169/156
f 161/170/158 171/181/168 180/182/177 170/171/167
f 162/172/159 172/183/169 171/184/168 161/173/158
f 163/174/160 173/185/170 172/183/169 162/172/159
f 164/175/161 174/186/171 173/185/170 163/174/160
f 165/176/162 175/187/172 174/186/171 164/175/161
f 166/177/163 176/188/173 175/187/172 165/176/162
f 167/178/164 177/189/174 176/188/173 166/177/163
f 168/179/165 178/190/175 177/189/174 167/178/164
f 169/180/166 179/191/176 178/190/175 168/179/165
f 170/171/167 180/182/177 179/191/176 169/180/166
f 171/181/168 181/192/178 190/193/187 180/182/177
f 172/183/169 182/194/179 181/195/178 171/184/168
f 173/185/170 183/196/180 182/194/179 172/183/169
f 174/186/171 184/197/181 183/196/180 173/185/170
f 175/187/172 185/198/182 184/197/181 174/186/171
f 176/188/173 186/199/183 185/198/182 175/187/172
f 177/189/174 187/200/184 186/199/183 176/188/173
f 178/190/175 188/201/185 187/200/184 177/189/174
f 179/191/176 189/202/186 188/201/185 178/190/175
f 180/182/177 190/193/187 189/202/186 179/191/176
f 181/192/178 191/203/188 200/204/197 190/193/187
f 182/194/179 192/205/189 191/206/188 181/195/178
f 183/196/180 193/207/190 192/205/189 182/194/179
f 184/197/181 194/208/191 193/207/190 183/196/180
f 185/198/182 195/209/192 194/208/191 184/197/181
f 186/199/183 196/210/193 195/209/192 185/198/182
f 187/200/184 197/211/194 196/210/193 186/199/183
f 188/201/185 198/212/195 197/211/194 187/200/184
f 189/202/186 199/213/196 198/212/195 188/201/185
f 190/193/187 200/204/197 199/213/196 189/202/186
f 191/203/188 201/214/198 210/215/207 200/204/197
f 192/205/189 202/216/199 201/217/198 191/206/188
f 193/207/190 203/218/200 202/216/199 192/205/189
f 194/208/191 204/219/201 203/218/200 193/207/190
f 195/209/192 205/220/202 204/219/201 194/208/191
f 196/210/193 206/221/203 205/220/202 195/209/192
f 197/211/194 207/222/204 206/221/203 196/210/193
f 198/212/195 208/223/205 207/222/204 197/211/194
f 199/213/196 209/224/206 208/223/205 198/212/195
f 200/204/197 210/215/207 209/224/206 199/213/196
f 201/214/198 211/225/208 220/226/217 210/215/207
f 202/216/199 212/227/209 211/228/208 201/217/198
f 203/218/200 213/229/210 212/227/209 202/216/199
f 204/219/201 214/230/211 213/229/210 203/218/200
f 205/220/202 215/231/212 214/230/211 204/219/201
f 206/221/203 216/232/213 215/231/212 205/220/202
f 207/222/204 217/233/214 216/232/213 206/221/203
f 208/223/205 218/234/215 217/233/214 207/222/204
f 209/224/206 219/235/216 218/234/215 208/223/205
f 210/215/207 220/226/217 219/235/216 209/224/206
f 211/225/208 221/236/218 230/237/227 220/226/217
f 212/227/209 222/238/219 221/239/218 211/228/208
f 213/229/210 223/240/220 222/238/219 212/227/209
f 214/230/211 224/241/221 223/240/220 213/229/210
f 215/231/212 225/242/222 224/241/221 214/230/211
f 216/232/213 226/243/223 225/242/222 215/231/212
f 217/233/214 227/244/224 226/243/223 216/232/213
f 218/234/215 228/245/225 227/244/224 217/233/214
f 219/235/216 229/246/226 228/245/225 218/234/215
f 220/226/217 230/237/227 229/246/226 219/235/216
f 221/236/218 231/247/228 240/248/237 230/237/227
f 222/238/219 232/249/229 231/250/228 221/239/218
f 223/240/220 233/251/230 232/249/229 222/238/219
f 224/241/221 234/252/231 233/251/230 223/240/220
f 225/242/222 235/253/232 234/252/231 224/241/221
f 226/243/223 236/254/233 235/253/232 225/242/222
f 227/244/224 237/255/234 236/254/233 226/243/223
f 228/245/225 238/256/235 237/255/234 227/244/224
f 229/246/226 239/257/236 238/256/235 228/245/225
f 230/237/227 240/248/237 239/257/236 229/246/226
f 231/247/228 241/258/238 250/259/247 240/248/237
f 232/249/229 242/260/239 241/261/238 231/250/228
f 233/251/230 243/262/240 242/260/239 232/249/229
f 234/252/231 244/263/241 243/262/240 233/251/230
f 235/253/232 245/264/242 244/263/241 234/252/231
f 236/254/233 246/265/243 245/264/242 235/253/232
f 237/255/234 247/266/244 246/265/243 236/254/233
f 238/256/235 248/267/245 247/266/244 237/255/234
f 239/257/236 249/268/246 248/267/245 238/256/235
f 240/248/237 250/259/247 249/268/246 239/257/236
f 241/258/238 251/269/248 260/270/257 250/259/247
f 242/260/239 252/271/249 251/272/248 241/261/238
f 243/262/240 253/273/250 252/271/249 242/260/239
f 244/263/241 254/274/251 253/273/250 243/262/240
f 245/264/242 255/275/252 254/274/251 244/263/241
f 246/265/243 256/276/253 255/275/252 245/264/242
f 247/266/244 257/277/254 256/276/253 246/265/243
f 248/267/245 258/278/255 257/277/254 247/266/244
f 249/268/246 259/279/256 258/278/255 248/267/245
f 250/259/247 260/270/257 259/279/256 249/268/246
f 251/269/248 261/280/258 270/281/267 260/270/257
f 252/271/249 262/282/259 261/283/258 251/272/248
f 253/273/250 263/284/260 262/282/259 252/271/249
f 254/274/251 264/285/261 263/284/260 253/273/250
f 255/275/252 265/286/262 264/285/261 254/274/251
f 256/276/253 266/287/263 265/286/262 255/275/252
f 257/277/254 267/288/264 266/287/263 256/276/253
f 258/278/255 268/289/265 267/288/264 257/277/254
f 259/279/256 269/290/266 268/289/265 258/278/255
f 260/270/257 270/281/267 269/290/266 259/279/256
f 261/280/258 271/291/268 280/292/277 270/281/267
f 262/282/259 272/293/269 271/294/268 261/283/258
f 263/284/260 273/295/270 272/293/269 262/282/259
f 264/285/261 274/296/271 273/295/270 263/284/260
f 265/286/262 275/297/272 274/296/271 264/285/261
f 266/287/263 276/298/273 275/297/272 265/286/262
f 267/288/264 277/299/274 276/298/273 266/287/263
f 268/289/265 278/300/275 277/299/274 267/288/264
f 269/290/266 279/301/276 278/300/275 268/289/265
f 270/281/267 280/292/277 279/301/276 269/290/266
f 271/291/268 281/302/278 290/303/287 280/292/277
f 272/293/269 282/304/279 281/305/278 271/294/268
f 273/295/270 283/306/280 282/304/279 272/293/269
f 274/296/271 284/307/281 283/306/280 273/295/270
f 275/297/272 285/308/282 284/307/281 274/296/271
f 276/298/273 286/309/283 285/308/282 275/297/272
f 277/299/274 287/310/284 286/309/283 276/298/273
f 278/300/275 288/311/285 287/310/284 277/299/274
f 279/301/276 289/312/286 288/311/285 278/300/275
f 280/292/277 290/303/287 289/312/286 279/301/276
f 281/302/278 291/313/288 300/314/297 290/303/287
f 282/304/279 292/315/289 291/316/288 281/305/278
f 283/306/280 293/317/290 292/315/289 282/304/279
f 284/307/281 294/318/291 293/317/290 283/306/280
f 285/308/282 295/319/292 294/318/291 284/307/281
f 286/309/283 296/320/293 295/319/292 285/308/282
f 287/310/284 297/321/294 296/320/293 286/309/283
f 288/311/285 298/322/295 297/321/294 287/310/284
f 289/312/286 299/323/296 298/322/295 288/311/285
f 290/303/287 300/314/297 299/323/296 289/312/286
f 291/313/288 301/324/298 310/325/307 300/314/297
f 292/315/289 302/326/299 301/327/298 291/316/288
f 293/317/290 303/328/300 302/326/299 292/315/289
f 294/318/291 304/329/301 303/328/300 293/317/290
f 295/319/292 305/330/302 304/329/301 294/318/291
f 296/320/293 306/331/303 305/330/302 295/319/292
f 297/321/294 307/332/304 306/331/303 296/320/293
f 298/322/295 308/333/305 307/332/304 297/321/294
f 299/323/296 309/334/306 308/333/305 298/322/295
f 300/314/297 310/325/307 309/334/306 299/323/296
f 301/324/298 311/335/308 320/336/317 310/325/307
f 302/326/299 312/337/309 311/338/308 301/327/298
f 303/328/300 313/339/310 312/337/309 302/326/299
f 304/329/301 314/340/311 313/339/310 303/328/300
f 305/330/302 315/341/312 314/340/311 304/329/301
f 306/331/303 316/342/313 315/341/312 305/330/302
f 307/332/304 317/343/314 316/342/313 306/331/303
f 308/333/305 318/344/315 317/343/314 307/332/304
f 309/334/306 319/345/316 318/344/315 308/333/305
f 310/325/307 320/336/317 319/345/316 309/334/306
f 311/335/308 321/346/318 330/347/327 320/336/317
f 312/337/309 322/348/319 321/349/318 311/338/308
f 313/339/310 323/350/320 322/348/319 312/337/309
f 314/340/311 324/351/321 323/350/320 313/339/310
f 315/341/312 325/352/322 324/351/321 314/340/311
f 316/342/313 326/353/323 325/352/322 315/341/312
f 317/343/314 327/354/324 326/353/323 316/342/313
f 318/344/315 328/355/325 327/354/324 317/343/314
f 319/345/316 329/356/326 328/355/325 318/344/315
f 320/336/317 330/347/327 329/356/326 319/345/316
f 321/346/318 331/357/328 340/358/337 330/347/327
f 322/348/319 332/359/329 331/360/328 321/349/318
f 323/350/320 333/361/330 332/359/329 322/348/319
f 324/351/321 334/362/331 333/361/330 323/350/320
f 325/352/322 335/363/332 334/362/331 324/351/321
f 326/353/323 336/364/333 335/363/332 325/352/322
f 327/354/324 337/365/334 336/364/333 326/353/323
f 328/355/325 338/366/335 337/365/334 327/354/324
f 329/356/326 339/367/336 338/366/335 328/355/325
f 330/347/327 340/358/337 339/367/336 329/356/326
f 331/357/328 341/368/338 350/369/347 340/358/337
f 332/359/329 342/370/339 341/371/338 331/360/328
f 333/361/330 343/372/340 342/370/339 332/359/329
f 334/362/331 344/373/341 343/372/340 333/361/330
f 335/363/332 345/374/342 344/373/341 334/362/331
f 336/364/333 346/375/343 345/374/342 335/363/332
f 337/365/334 347/376/344 346/375/343 336/364/333
f 338/366/335 348/377/345 347/376/344 337/365/334
f 339/367/336 349/378/346 348/377/345 338/366/335
f 340/358/337 350/369/347 349/378/346 339/367/336
f 341/368/338 351/379/348 360/380/357 350/369/347
f 342/370/339 352/381/349 351/382/348 341/371/338
f 343/372/340 353/383/350 352/381/349 342/370/339
f 344/373/341 354/384/351 353/383/350 343/372/340
f 345/374/342 355/385/352 354/384/351 344/373/341
f 346/375/343 356/386/353 355/385/352 345/374/342
f 347/376/344 357/387/354 356/386/353 346/375/343
f 348/377/345 358/388/355 357/387/354 347/376/344
f 349/378/346 359/389/356 358/388/355 348/377/345
f 350/369/347 360/380/357 359/389/356 349/378/346
f 351/379/348 361/390/358 370/391/367 360/380/357
f 352/381/349 362/392/359 361/393/358 351/382/348
f 353/383/350 363/394/360 362/392/359 352/381/349
f 354/384/351 364/395/361 363/394/360 353/383/350
f 355/385/352 365/396/362 364/395/361 354/384/351
f 356/386/353 366/397/363 365/396/362 355/385/352
f 357/387/354 367/398/364 366/397/363 356/386/353
f 358/388/355 368/399/365 367/398/364 357/387/354
f 359/389/356 369/400/366 368/399/365 358/388/355
f 360/380/357 370/391/367 369/400/366 359/389/356
f 361/390/358 371/401/368 380/402/377 370/391/367
f 362/392/359 372/403/369 371/404/368 361/393/358
f 363/394/360 373/405/370 372/403/369 362/392/359
f 364/395/361 374/406/371 373/405/370 363/394/360
f 365/396/362 375/407/372 374/406/371 364/395/361
f 366/397/363 376/408/373 375/407/372 365/396/362
f 367/398/364 377/409/374 376/408/373 366/397/363
f 368/399/365 378/410/375 377/409/374 367/398/364
f 369/400/366 379/411/376 378/410/375 368/399/365
f 370/391/367 380/402/377 379/411/376 369/400/366
f 371/401/368 381/412/378 390/413/387 380/402/377
f 372/403/369 382/414/379 381/415/378 371/404/368
f 373/405/370 383/416/380 382/414/379 372/403/369
f 374/406/371 384/417/381 383/416/380 373/405/370
f 375/407/372 385/418/382 384/417/381 374/406/371
f 376/408/373 386/419/383 385/418/382 375/407/372
f 377/409/374 387/420/384 386/419/383 376/408/373
f 378/410/375 388/421/385 387/420/384 377/409/374
f 379/411/376 389/422/386 388/421/385 378/410/375
f 380/402/377 390/413/387 389/422/386 379/411/376
f 381/412/378 391/423/388 400/424/397 390/413/387
f 382/414/379 392/425/389 391/426/388 381/415/378
f 383/416/380 393/427/390 392/425/389 382/414/379
f 384/417/381 394/428/391 393/427/390 383/416/380
f 385/418/382 395/429/392 394/428/391 384/417/381
f 386/419/383 396/430/393 395/429/392 385/418/382
f 387/420/384 397/431/394 396/430/393 386/419/383
f 388/421/385 398/432/395 397/431/394 387/420/384
f 389/422/386 399/433/396 398/432/395 388/421/385
f 390/413/387 400/424/397 399/433/396 389/422/386
f 391/423/388 401/434/398 410/435/102 400/424/397
f 392/425/389 402/436/399 401/437/398 391/426/388
f 393/427/390 403/438/400 402/436/399 392/425/389
f 394/428/391 404/439/401 403/438/400 393/427/390
f 395/429/392 405/440/107 404/439/401 394/428/391
f 396/430/393 406/441/402 405/440/107 395/429/392
f 397/431/394 407/442/403 406/441/402 396/430/393
f 398/432/395 408/443/404 407/442/403 397/431/394
f 399/433/396 409/444/405 408/443/404 398/432/395
f 400/424/397 410/435/102 409/444/405 399/433/396
f 401/434/398 411/445/406 420/446/415 410/435/102
f 402/436/399 412/447/407 411/448/406 401/437/398
f 403/438/400 413/449/408 412/447/407 402/436/399
f 404/439/401 414/450/409 413/449/408 403/438/400
f 405/440/107 415/451/410 414/450/409 404/439/401
f 406/441/402 416/452/411 415/451/410 405/440/107
f 407/442/403 417/453/412 416/452/411 406/441/402
f 408/443/404 418/454/413 417/453/412 407/442/403
f 409/444/405 419/455/414 418/454/413 408/443/404
f 410/435/102 420/446/415 419/455/414 409/444/405
f 411/445/406 421/456/416 430/457/425 420/446/415
f 412/447/407 422/458/417 421/459/416 411/448/406
f 413/449/408 423/460/418 422/458/417 412/447/407
f 414/450/409 424/461/419 423/460/418 413/449/408
f 415/451/410 425/462/420 424/461/419 414/450/409
f 416/452/411 426/463/421 425/462/420 415/451/410
f 417/453/412 427/464/422 426/463/421 416/452/411
f 418/454/413 428/465/423 427/464/422 417/453/412
f 419/455/414 429/466/424 428/465/423 418/454/413
f 420/446/415 430/457/425 429/466/424 419/455/414
f 421/456/416 431/467/426 440/468/435 430/457/425
f 422/458/417 432/469/427 431/470/426 421/459/416
f 423/460/418 433/471/428 432/469/427 422/458/417
f 424/461/419 434/472/429 433/471/428 423/460/418
f 425/462/420 435/473/430 434/472/429 424/461/419
f 426/463/421 436/474/431 435/473/430 425/462/420
f 427/464/422 437/475/432 436/474/431 426/463/421
f 428/465/423 438/476/433 437/475/432 427/464/422
f 429/466/424 439/477/434 438/476/433 428/465/423
f 430/457/425 440/468/435 439/477/434 429/466/424
f 431/467/426 441/478/436 450/479/445 440/468/435
f 432/469/427 442/480/437 441/481/436 431/470/426
f 433/471/428 443/482/438 442/480/437 432/469/427
f 434/472/429 444/483/439 443/482/438 433/471/428
f 435/473/430 445/484/440 444/483/439 434/472/429
f 436/474/431 446/485/441 445/484/440 435/473/430
f 437/475/432 447/486/442 446/485/441 436/474/431
f 438/476/433 448/487/443 447/486/442 437/475/432
f 439/477/434 449/488/444 448/487/443 438/476/433
f 440/468/435 450/479/445 449/488/444 439/477/434
f 441/478/436 451/489/446 460/490/455 450/479/445
f 442/480/437 452/491/447 451/492/446 441/481/436
f 443/482/438 453/493/448 452/491/447 442/480/437
f 444/483/439 454/494/449 453/493/448 443/482/438
f 445/484/440 455/495/450 454/494/449 444/483/439
f 446/485/441 456/496/451 455/495/450 445/484/440
f 447/486/442 457/497/452 456/496/451 446/485/441
f 448/487/443 458/498/453 457/497/452 447/486/442
f 449/488/444 459/499/454 458/498/453 448/487/443
f 450/479/445 460/490/455 459/499/454 449/488/444
f 451/489/446 461/500/456 470/501/465 460/490/455
f 452/491/447 462/502/457 461/503/456 451/492/446
f 453/493/448 463/504/458 462/502/457 452/491/447
f 454/494/449 464/505/459 463/504/458 453/493/448
f 455/495/450 465/506/460 464/505/459 454/494/449
f 456/496/451 466/507/461 465/506/460 455/495/450
f 457/497/452 467/508/462 466/507/461 456/496/451
f 458/498/453 468/509/463 467/508/462 457/497/452
f 459/499/454 469/510/464 468/509/463 458/498/453
f 460/490/455 470/501/465 469/510/464 459/499/454
f 461/500/456 471/511/466 480/512/475 470/501/465
f 462/502/457 472/513/467 471/514/466 461/503/456
f 463/504/458 473/515/468 472/513/467 462/502/457
f 464/505/459 474/516/469 473/515/468 463/504/458
f 465/506/460 475/517/470 474/516/469 464/505/459
f 466/507/461 476/518/471 475/517/470 465/506/460
f 467/508/462 477/519/472 476/518/471 466/507/461
f 468/509/463 478/520/473 477/519/472 467/508/462
f 469/510/464 479/521/474 478/520/473 468/509/463
f 470/501/465 480/512/475 479/521/474 469/510/464
f 471/511/466 481/522/476 490/523/485 480/512/475
f 472/513/467 482/524/477 481/525/476 471/514/466
f 473/515/468 483/526/478 482/524/477 472/513/467
f 474/516/469 484/527/479 483/526/478 473/515/468
f 475/517/470 485/528/480 484/527/479 474/516/469
f 476/518/471 486/529/481 485/528/480 475/517/470
f 477/519/472 487/530/482 486/529/481 476/518/471
f 478/520/473 488/531/483 487/530/482 477/519/472
f 479/521/474 489/532/484 488/531/483 478/520/473
f 480/512/475 490/523/485 489/532/484 479/521/474
f 481/522/476 491/533/486 500/534/495 490/523/485
f 482/524/477 492/535/487 491/536/486 481/525/476
f 483/526/478 493/537/488 492/535/487 482/524/477
f 484/527/479 494/538/489 493/537/488 483/526/478
f 485/528/480 495/539/490 494/538/489 484/527/479
f 486/529/481 496/540/491 495/539/490 485/528/480
f 487/530/482 497/541/492 496/540/491 486/529/481
f 488/531/483 498/542/493 497/541/492 487/530/482
f 489/532/484 499/543/494 498/542/493 488/531/483
f 490/523/485 500/534/495 499/543/494 489/532/484
f 491/533/486 501/544/496 510/545/505 500/534/495
f 492/535/487 502/546/497 501/547/496 491/536/486
f 493/537/488 503/548/498 502/546/497 492/535/487
f 494/538/489 504/549/499 503/548/498 493/537/488
f 495/539/490 505/550/500 504/549/499 494/538/489
f 496/540/491 506/551/501 505/550/500 495/539/490
f 497/541/492 507/552/502 506/551/501 496/540/491
f 498/542/493 508/553/503 507/552/502 497/541/492
f 499/543/494 509/554/504 508/553/503 498/542/493
f 500/534/495 510/545/505 509/554/504 499/543/494
f 501/544/496 511/555/506 520/556/515 510/545/505
f 502/546/497 512/557/507 511/558/506 501/547/496
f 503/548/498 513/559/508 512/557/507 502/546/497
f 504/549/499 514/560/509 513/559/508 503/548/498
f 505/550/500 515/561/510 514/560/509 504/549/499
f 506/551/501 516/562/511 515/561/510 505/550/500
f 507/552/502 517/563/512 516/562/511 506/551/501
f 508/553/503 518/564/513 517/563/512 507/552/502
f 509/554/504 519/565/514 518/564/513 508/553/503
f 510/545/505 520/556/515 519/565/514 509/554/504
f 511/555/506 521/566/516 530/567/525 520/556/515
f 512/557/507 522/568/517 521/569/516 511/558/506
f 513/559/508 523/570/518 522/568/517 512/557/507
f 514/560/509 524/571/519 523/570/518 513/559/508
f 515/561/510 525/572/520 524/571/519 514/560/509
f 516/562/511 526/573/521 525/572/520 515/561/510
f 517/563/512 527/574/522 526/573/521 516/562/511
f 518/564/513 528/575/523 527/574/522 517/563/512
f 519/565/514 529/576/524 528/575/523 518/564/513
f 520/556/515 530/567/525 529/576/524 519/565/514
f 521/566/516 531/577/526 540/578/535 530/567/525
f 522/568/517 532/579/527 531/580/526 521/569/516
f 523/570/518 533/581/528 532/579/527 522/568/517
f 524/571/519 534/582/529 533/581/528 523/570/518
f 525/572/520 535/583/530 534/582/529 524/571/519
f 526/573/521 536/584/531 535/583/530 525/572/520
f 527/574/522 537/585/532 536/584/531 526/573/521
f 528/575/523 538/586/533 537/585/532 527/574/522
f 529/576/524 539/587/534 538/586/533 528/575/523
f 530/567/525 540/578/535 539/587/534 529/576/524
f 531/577/526 541/588/536 550/589/545 540/578/535
f 532/579/527 542/590/537 541/591/536 531/580/526
f 533/581/528 543/592/538 542/590/537 532/579/527
f 534/582/529 544/593/539 543/592/538 533/581/528
f 535/583/530 545/594/540 544/593/539 534/582/529
f 536/584/531 546/595/541 545/594/540 535/583/530
f 537/585/532 547/596/542 546/595/541 536/584/531
f 538/586/533 548/597/543 547/596/542 537/585/532
f 539/587/534 549/598/544 548/597/543 538/586/533
f 540/578/535 550/589/545 549/598/544 539/587/534
f 541/588/536 551/599/546 560/600/555 550/589/545
f 542/590/537 552/601/547 551/602/546 541/591/536
f 543/592/538 553/603/548 552/601/547 542/590/537
f 544/593/539 554/604/549 553/603/548 543/592/538
f 545/594/540 555/605/550 554/604/549 544/593/539
f 546/595/541 556/606/551 555/605/550 545/594/540
f 547/596/542 557/607/552 556/606/551 546/595/541
f 548/597/543 558/608/553 557/607/552 547/596/542
f 549/598/544 559/609/554 558/608/553 548/597/543
f 550/589/545 560/600/555 559/609/554 549/598/544
f 551/599/546 561/610/556 570/611/565 560/600/555
f 552/601/547 562/612/557 561/613/556 551/602/546
f 553/603/548 563/614/558 562/612/557 552/601/547
f 554/604/549 564/615/559 563/614/558 553/603/548
f 555/605/550 565/616/560 564/615/559 554/604/549
f 556/606/551 566/617/561 565/616/560 555/605/550
f 557/607/552 567/618/562 566/617/561 556/606/551
f 558/608/553 568/619/563 567/618/562 557/607/552
f 559/609/554 569/620/564 568/619/563 558/608/553
f 560/600/555 570/611/565 569/620/564 559/609/554
f 561/610/556 571/621/566 580/622/575 570/611/565
f 562/612/557 572/623/567 571/624/566 561/613/556
f 563/614/558 573/625/568 572/623/567 562/612/557
f 564/615/559 574/626/569 573/625/568 563/614/558
f 565/616/560 575/627/570 574/626/569 564/615/559
f 566/617/561 576/628/571 575/627/570 565/616/560
f 567/618/562 577/629/572 576/628/571 566/617/561
f 568/619/563 578/630/573 577/629/572 567/618/562
f 569/620/564 579/631/574 578/630/573 568/619/563
f 570/611/565 580/622/575 579/631/574 569/620/564
f 571/621/566 581/632/576 590/633/585 580/622/575
f 572/623/567 582/634/577 581/635/576 571/624/566
f 573/625/568 583/636/578 582/634/577 572/623/567
f 574/626/569 584/637/579 583/636/578 573/625/568
f 575/627/570 585/638/580 584/637/579 574/626/569
f 576/628/571 586/639/581 585/638/580 575/627/570
f 577/629/572 587/640/582 586/639/581 576/628/571
f 578/630/573 588/641/583 587/640/582 577/629/572
f 579/631/574 589/642/584 588/641/583 578/630/573
f 580/622/575 590/633/585 589/642/584 579/631/574
f 581/632/576 591/643/586 600/644/595 590/633/585
f 582/634/577 592/645/587 591/646/586 581/635/576
f 583/636/578 593/647/588 592/645/587 582/634/577
f 584/637/579 594/648/589 593/647/588 583/636/578
f 585/638/580 595/649/590 594/648/589 584/637/579
f 586/639/581 596/650/591 595/649/590 585/638/580
f 587/640/582 597/651/592 596/650/591 586/639/581
f 588/641/583 598/652/593 597/651/592 587/640/582
f 589/642/584 599/653/594 598/652/593 588/641/583
f 590/633/585 600/644/595 599/653/594 589/642/584
f 591/643/586 601/654/596 610/655/605 600/644/595
f 592/645/587 602/656/597 601/657/596 591/646/586
f 593/647/588 603/658/598 602/656/597 592/645/587
f 594/648/589 604/659/599 603/658/598 593/647/588
f 595/649/590 605/660/600 604/659/599 594/648/589
f 596/650/591 606/661/601 605/660/600 595/649/590
f 597/651/592 607/662/602 606/661/601 596/650/591
f 598/652/593 608/663/603 607/662/602 597/651/592
f 599/653/594 609/664/604 608/663/603 598/652/593
f 600/644/595 610/655/605 609/664/604 599/653/594
f 601/654/596 611/665/606 620/666/615 610/655/605
f 602/656/597 612/667/607 611/668/606 601/657/596
f 603/658/598 613/669/608 612/667/607 602/656/597
f 604/659/599 614/670/609 613/669/608 603/658/598
f 605/660/600 615/671/610 614/670/609 604/659/599
f 606/661/601 616/672/611 615/671/610 605/660/600
f 607/662/602 617/673/612 616/672/611 606/661/601
f 608/663/603 618/674/613 617/673/612 607/662/602
f 609/664/604 619/675/614 618/674/613 608/663/603
f 610/655/605 620/666/615 619/675/614 609/664/604
f 611/665/606 621/676/616 630/677/625 620/666/615
f 612/667/607 622/678/617 621/679/616 611/668/606
f 613/669/608 623/680/618 622/678/617 612/667/607
f 614/670/609 624/681/619 623/680/618 613/669/608
f 615/671/610 625/682/620 624/681/619 614/670/609
f 616/672/611 626/683/621 625/682/620 615/671/610
f 617/673/612 627/684/622 626/683/621 616/672/611
f 618/674/613 628/685/623 627/684/622 617/673/612
f 619/675/614 629/686/624 628/685/623 618/674/613
f 620/666/615 630/677/625 629/686/624 619/675/614
f 621/676/616 631/687/626 640/688/635 630/677/625
f 622/678/617 632/689/627 631/690/626 621/679/616
f 623/680/618 633/691/628 632/689/627 622/678/617
f 624/681/619 634/692/629 633/691/628 623/680/618
f 625/682/620 635/693/630 634/692/629 624/681/619
f 626/683/621 636/694/631 635/693/630 625/682/620
f 627/684/622 637/695/632 636/694/631 626/683/621
f 628/685/623 638/696/633 637/695/632 627/684/622
f 629/686/624 639/697/634 638/696/633 628/685/623
f 630/677/625 640/688/635 639/697/634 629/686/624
f 631/687/626 641/698/636 650/699/645 640/688/635
f 632/689/627 642/700/637 641/701/636 631/690/626
f 633/691/628 643/702/638 642/700/637 632/689/627
f 634/692/629 644/703/639 643/702/638 633/691/628
f 635/693/630 645/704/640 644/703/639 634/692/629
f 636/694/631 646/705/641 645/704/640 635/693/630
f 637/695/632 647/706/642 646/705/641 636/694/631
f 638/696/633 648/707/643 647/706/642 637/695/632
f 639/697/634 649/708/644 648/707/643 638/696/633
f 640/688/635 650/699/645 649/708/644 639/697/634
f 641/698/636 651/709/646 660/710/655 650/699/645
f 642/700/637 652/711/647 651/712/646 641/701/636
f 643/702/638 653/713/648 652/711/647 642/700/637
f 644/703/639 654/714/649 653/713/648 643/702/638
f 645/704/640 655/715/650 654/714/649 644/703/639
f 646/705/641 656/716/651 655/715/650 645/704/640
f 647/706/642 657/717/652 656/716/651 646/705/641
f 648/707/643 658/718/653 657/717/652 647/706/642
f 649/708/644 659/719/654 658/718/653 648/707/643
f 650/699/645 660/710/655 659/719/654 649/708/644
f 651/709/646 661/720/656 670/721/665 660/710/655
f 652/711/647 662/722/657 661/723/656 651/712/646
f 653/713/648 663/724/658 662/722/657 652/711/647
f 654/714/649 664/725/659 663/724/658 653/713/648
f 655/715/650 665/726/660 664/725/659 654/714/649
f 656/716/651 666/727/661 665/726/660 655/715/650
f 657/717/652 667/728/662 666/727/661 656/716/651
f 658/718/653 668/729/663 667/728/662 657/717/652
f 659/719/654 669/730/664 668/729/663 658/718/653
f 660/710/655 670/721/665 669/730/664 659/719/654
f 661/720/656 671/731/666 680/732/675 670/721/665
f 662/722/657 672/733/667 671/734/666 661/723/656
f 663/724/658 673/735/668 672/733/667 662/722/657
f 664/725/659 674/736/669 673/735/668 663/724/658
f 665/726/660 675/737/670 674/736/669 664/725/659
f 666/727/661 676/738/671 675/737/670 665/726/660
f 667/728/662 677/739/672 676/738/671 666/727/661
f 668/729/663 678/740/673 677/739/672 667/728/662
f 669/730/664 679/741/674 678/740/673 668/729/663
f 670/721/665 680/732/675 679/741/674 669/730/664
f 671/731/666 681/742/676 690/743/685 680/732/675
f 672/733/667 682/744/677 681/745/676 671/734/666
f 673/735/668 683/746/678 682/744/677 672/733/667
f 674/736/669 684/747/679 683/746/678 673/735/668
f 675/737/670 685/748/680 684/747/679 674/736/669
f 676/738/671 686/749/681 685/748/680 675/737/670
f 677/739/672 687/750/682 686/749/681 676/738/671
f 678/740/673 688/751/683 687/750/682 677/739/672
f 679/741/674 689/752/684 688/751/683 678/740/673
f 680/732/675 690/743/685 689/752/684 679/741/674
f 681/742/676 691/753/686 700/754/695 690/743/685
f 682/744/677 692/755/687 691/756/686 681/745/676
f 683/746/678 693/757/688 692/755/687 682/744/677
f 684/747/679 694/758/689 693/757/688 683/746/678
f 685/748/680 695/759/690 694/758/689 684/747/679
f 686/749/681 696/760/691 695/759/690 685/748/680
f 687/750/682 697/761/692 696/760/691 686/749/681
f 688/751/683 698/762/693 697/761/692 687/750/682
f 689/752/684 699/763/694 698/762/693 688/751/683
f 690/743/685 700/754/695 699/763/694 689/752/684
f 691/753/686 101/764/98 110/765/107 700/754/695
f 692/755/687 102/766/99 101/767/98 691/756/686
f 693/757/688 103/768/100 102/766/99 692/755/687
f 694/758/689 104/769/101 103/768/100 693/757/688
f 695/759/690 105/770/102 104/769/101 694/758/689
f 696/760/691 106/771/103 105/770/102 695/759/690
f 697/761/692 107/772/104 106/771/103 696/760/691
f 698/762/693 108/773/105 107/772/104 697/761/692
f 699/763/694 109/774/106 108/773/105 698/762/693
f 700/754/695 110/765/107 109/774/106 699/763/694
o LineLoop
v -12.019098 -0.000000 0.108778
v -12.069098 -0.000000 0.145106
v -12.130902 -0.000000 0.145106
v -12.180902 -0.000000 0.108779
v -12.200001 0.000000 0.050000
v -12.180902 0.000000 -0.008779
v -12.130902 0.000000 -0.045106
v -12.069098 0.000000 -0.045106
v -12.019098 0.000000 -0.008779
v -12.000000 -0.000000 0.050000
v -11.879895 -0.732646 0.108778
v -11.926828 -0.749888 0.145106
v -11.984840 -0.771202 0.145106
v -12.031774 -0.788445 0.108779
v -12.049700 -0.795031 0.050000
v -12.031774 -0.788445 -0.008779
v -11.984840 -0.771202 -0.045106
v -11.926828 -0.749888 -0.045106
v -11.879895 -0.732646 -0.008779
v -11.861969 -0.726059 0.050000
v -11.471680 -1.449831 0.108779
v -11.511859 -1.479591 0.145106
v -11.561522 -1.516375 0.145106
v -11.601702 -1.546135 0.108779
v -11.617049 -1.557502 0.050000
v -11.601702 -1.546135 -0.008779
v -11.561522 -1.516375 -0.045106
v -11.511859 -1.479591 -0.045106
v -11.471680 -1.449831 -0.008779
v -11.456332 -1.438464 0.050000
v -10.826622 -2.130573 0.108779
v -10.859934 -2.167860 0.145106
v -10.901108 -2.213950 0.145106
v -10.934420 -2.251238 0.108779
v -10.947143 -2.265481 0.050000
v -10.934420 -2.251238 -0.008779
v -10.901108 -2.213950 -0.045106
v -10.859934 -2.167860 -0.045106
v -10.826622 -2.130573 -0.008779
v -10.813899 -2.116330 0.050000
v -9.999128 -2.753765 0.108779
v -10.026805 -2.795407 0.145106
v -10.061013 -2.846879 0.145106
v -10.088690 -2.888521 0.108779
v -10.099260 -2.904427 0.050000
v -10.088690 -2.888521 -0.008779
v -10.061013 -2.846879 -0.045106
v -10.026805 -2.795407 -0.045106
v -9.999128 -2.753765 -0.008779
v -9.988558 -2.737859 0.050000
v -9.055669 -3.303366 0.108778
v -9.078905 -3.347638 0.145106
v -9.107628 -3.402362 0.145106
v -9.130864 -3.446634 0.108779
v -9.139740 -3.463545 0.050000
v -9.130864 -3.446634 -0.008779
v -9.107628 -3.402362 -0.045106
v -9.078905 -3.347638 -0.045106
v -9.055669 -3.303366 -0.008779
v -9.046793 -3.286455 0.050000
v -8.062922 -3.769659 0.108779
v -8.082549 -3.815646 0.145106
v -8.106809 -3.872489 0.145106
v -8.126435 -3.918476 0.108779
v -8.133931 -3.936042 0.050000
v -8.126435 -3.918476 -0.008779
v -8.106809 -3.872489 -0.045106
v -8.082549 -3.815646 -0.045106
v -8.062922 -3.769659 -0.008779
v -8.055427 -3.752094 0.050000
v -7.077458 -4.149167 0.108779
v -7.093939 -4.196373 0.145106
v -7.114312 -4.254722 0.145106
v -7.130793 -4.301928 0.108779
v -7.137089 -4.319958 0.050000
v -7.130793 -4.301928 -0.008779
v -7.114312 -4.254722 -0.045106
v -7.093939 -4.196373 -0.045106
v -7.077458 -4.149167 -0.008779
v -7.071162 -4.131136 0.050000
v -6.137866 -4.444159 0.108779
v -6.151379 -4.492299 0.145106
v -6.168082 -4.551802 0.145106
v -6.181595 -4.599942 0.108779
v -6.186757 -4.618329 0.050000
v -6.181595 -4.599941 -0.008779
v -6.168082 -4.551802 -0.045106
v -6.151379 -4.492299 -0.045106
v -6.137866 -4.444159 -0.008779
v -6.132704 -4.425772 0.050000
v -5.260256 -4.661823 0.108779
v -5.270801 -4.710699 0.145106
v -5.283835 -4.771112 0.145106
v -5.294380 -4.819987 0.108779
v -5.298407 -4.838656 0.050000
v -5.294380 -4.819987 -0.008779
v -5.283835 -4.771112 -0.045106
v -5.270801 -4.710699 -0.045106
v -5.260256 -4.661823 -0.008779
v -5.256229 -4.643154 0.050000
v -4.437723 -4.813079 0.108779
v -4.445311 -4.862500 0.145106
v -4.454689 -4.923587 0.145106
v -4.462277 -4.973008 0.108779
v -4.465175 -4.991885 0.050000
v -4.462277 -4.973008 -0.008779
v -4.454689 -4.923587 -0.045106
v -4.445311 -4.862500 -0.045106
v -4.437723 -4.813079 -0.008779
v -4.434824 -4.794202 0.050000
v -3.643919 -4.911056 0.108779
v -3.648795 -4.960818 0.145106
v -3.654820 -5.022327 0.145106
v -3.659696 -5.072089 0.108779
v -3.661558 -5.091096 0.050000
v -3.659696 -5.072089 -0.008779
v -3.654820 -5.022327 -0.045106
v -3.648795 -4.960818 -0.045106
v -3.643919 -4.911056 -0.008779
v -3.642057 -4.892049 0.050000
v -2.840267 -4.969406 0.108779
v -2.842993 -5.019332 0.145106
v -2.846363 -5.081043 0.145106
v -2.849089 -5.130969 0.108779
v -2.850131 -5.150039 0.050000
v -2.849089 -5.130969 -0.008779
v -2.846363 -5.081043 -0.045106
v -2.842993 -5.019332 -0.045106
v -2.840268 -4.969406 -0.008779
v -2.839226 -4.950336 0.050000
v -1.985442 -5.000700 0.108779
v -1.986739 -5.050683 0.145106
v -1.988342 -5.112466 0.145106
v -1.989639 -5.162449 0.108779
v -1.990135 -5.181541 0.050000
v -1.989639 -5.162449 -0.008779
v -1.988342 -5.112466 -0.045106
v -1.986739 -5.050683 -0.045106
v -1.985442 -5.000700 -0.008779
v -1.984947 -4.981608 0.050000
v -1.045093 -5.015070 0.108778
v -1.045571 -5.065067 0.145106
v -1.046163 -5.126868 0.145106
v -1.046641 -5.176866 0.108779
v -1.046824 -5.195963 0.050000
v -1.046641 -5.176866 -0.008779
v -1.046163 -5.126868 -0.045106
v -1.045571 -5.065067 -0.045106
v -1.045093 -5.015070 -0.008778
v -1.044910 -4.995972 0.050000
v 0.000014 -5.019098 0.108779
v 0.000005 -5.069098 0.145106
v -0.000005 -5.130902 0.145106
v -0.000014 -5.180902 0.108779
v -0.000017 -5.200000 0.050000
v -0.000014 -5.180902 -0.008779
v -0.000005 -5.130902 -0.045106
v 0.000005 -5.069098 -0.045106
v 0.000014 -5.019098 -0.008779
v 0.000017 -5.000000 0.050000
v 1.148615 -5.015069 0.108779
v 1.148996 -5.065067 0.145106
v 1.149466 -5.126869 0.145106
v 1.149846 -5.176867 0.108779
v 1.149991 -5.195965 0.050000
v 1.149846 -5.176867 -0.008779
v 1.149466 -5.126869 -0.045106
v 1.148996 -5.065067 -0.045106
v 1.148615 -5.015069 -0.008779
v 1.148470 -4.995971 0.050000
v 2.377129 -5.000686 0.108779
v 2.378041 -5.050678 0.145106
v 2.379169 -5.112471 0.145106
v 2.380081 -5.162463 0.108779
v 2.380429 -5.181558 0.050000
v 2.380081 -5.162463 -0.008779
v 2.379169 -5.112471 -0.045106
v 2.378041 -5.050678 -0.045106
v 2.377129 -5.000686 -0.008779
v 2.376780 -4.981591 0.050000
v 3.641773 -4.969338 0.108779
v 3.643569 -5.019306 0.145106
v 3.645788 -5.081069 0.145106
v 3.647583 -5.131037 0.108779
v 3.648269 -5.150123 0.050000
v 3.647583 -5.131037 -0.008779
v 3.645788 -5.081069 -0.045106
v 3.643569 -5.019306 -0.045106
v 3.641773 -4.969338 -0.008779
v 3.641088 -4.950252 0.050000
v 4.884336 -4.910846 0.108778
v 4.887628 -4.960738 0.145106
v 4.891696 -5.022407 0.145106
v 4.894988 -5.072299 0.108779
v 4.896245 -5.091355 0.050000
v 4.894988 -5.072299 -0.008779
v 4.891696 -5.022407 -0.045106
v 4.887628 -4.960738 -0.045106
v 4.884336 -4.910846 -0.008779
v 4.883079 -4.891789 0.050000
v 6.040584 -4.812692 0.108779
v 6.046403 -4.862352 0.145106
v 6.053597 -4.923735 0.145106
v 6.059417 -4.973395 0.108779
v 6.061640 -4.992364 0.050000
v 6.059417 -4.973395 -0.008779
v 6.053597 -4.923735 -0.045106
v 6.046403 -4.862352 -0.045106
v 6.040584 -4.812692 -0.008779
v 6.038361 -4.793723 0.050000
v 7.049796 -4.661678 0.108779
v 7.059917 -4.710643 0.145106
v 7.072427 -4.771167 0.145106
v 7.082549 -4.820132 0.108779
v 7.086415 -4.838835 0.050000
v 7.082549 -4.820132 -0.008779
v 7.072427 -4.771167 -0.045106
v 7.059917 -4.710643 -0.045106
v 7.049796 -4.661678 -0.008779
v 7.045929 -4.642975 0.050000
v 7.863832 -4.446215 0.108778
v 7.881248 -4.493084 0.145106
v 7.902776 -4.551017 0.145106
v 7.920192 -4.597886 0.108779
v 7.926844 -4.615788 0.050000
v 7.920192 -4.597886 -0.008779
v 7.902776 -4.551017 -0.045106
v 7.881248 -4.493084 -0.045106
v 7.863832 -4.446215 -0.008778
v 7.857180 -4.428313 0.050000
v 8.455460 -4.159314 0.108779
v 8.484171 -4.200248 0.145106
v 8.519661 -4.250846 0.145106
v 8.548372 -4.291781 0.108779
v 8.559340 -4.307416 0.050000
v 8.548372 -4.291781 -0.008779
v 8.519661 -4.250846 -0.045106
v 8.484171 -4.200248 -0.045106
v 8.455460 -4.159314 -0.008779
v 8.444492 -4.143678 0.050000
v 8.827917 -3.798372 0.108779
v 8.869178 -3.826614 0.145106
v 8.920178 -3.861522 0.145106
v 8.961439 -3.889764 0.108779
v 8.977199 -3.900551 0.050000
v 8.961439 -3.889764 -0.008779
v 8.920178 -3.861522 -0.045106
v 8.869178 -3.826614 -0.045106
v 8.827917 -3.798372 -0.008779
v 8.812158 -3.787585 0.050000
v 9.014738 -3.355548 0.108779
v 9.063272 -3.367570 0.145106
v 9.123261 -3.382430 0.145106
v 9.171795 -3.394452 0.108779
v 9.190332 -3.399044 0.050000
v 9.171795 -3.394452 -0.008779
v 9.123261 -3.382430 -0.045106
v 9.063272 -3.367570 -0.045106
v 9.014738 -3.355548 -0.008778
v 8.996201 -3.350956 0.050000
v 9.059645 -2.820829 0.108779
v 9.109644 -2.821023 0.145106
v 9.171448 -2.821263 0.145106
v 9.221447 -2.821457 0.108779
v 9.240545 -2.821531 0.050000
v 9.221447 -2.821457 -0.008779
v 9.171448 -2.821263 -0.045106
v 9.109644 -2.821023 -0.045106
v 9.059645 -2.820829 -0.008778
v 9.040546 -2.820755 0.050000
v 9.011180 -2.199090 0.108779
v 9.060923 -2.194031 0.145106
v 9.122410 -2.187779 0.145106
v 9.172153 -2.182721 0.108779
v 9.191154 -2.180789 0.050000
v 9.172153 -2.182721 -0.008779
v 9.122410 -2.187779 -0.045106
v 9.060923 -2.194031 -0.045106
v 9.011180 -2.199090 -0.008778
v 8.992179 -2.201021 0.050000
v 8.924027 -1.507146 0.108779
v 8.973706 -1.501483 0.145106
v 9.035111 -1.494483 0.145106
v 9.084790 -1.488820 0.108779
v 9.103765 -1.486657 0.050000
v 9.084790 -1.488820 -0.008779
v 9.035111 -1.494483 -0.045106
v 8.973706 -1.501483 -0.045106
v 8.924027 -1.507146 -0.008778
v 8.905052 -1.509309 0.050000
v 8.848422 -0.766204 0.108779
v 8.898300 -0.762707 0.145106
v 8.959951 -0.758384 0.145106
v 9.009830 -0.754886 0.108779
v 9.028881 -0.753550 0.050000
v 9.009830 -0.754886 -0.008779
v 8.959951 -0.758384 -0.045106
v 8.898300 -0.762707 -0.045106
v 8.848422 -0.766204 -0.008778
v 8.829370 -0.767540 0.050000
v 8.819098 0.000000 0.108779
v 8.869098 0.000000 0.145106
v 8.930902 -0.000000 0.145106
v 8.980902 -0.000000 0.108778
v 9.000000 -0.000000 0.050000
v 8.980902 -0.000000 -0.008779
v 8.930902 -0.000000 -0.045106
v 8.869098 0.000000 -0.045106
v 8.819098 0.000000 -0.008778
v 8.799999 0.000000 0.050000
v 8.848422 0.766204 0.108779
v 8.898300 0.762707 0.145106
v 8.959951 0.758384 0.145106
v 9.009830 0.754886 0.108778
v 9.028881 0.753550 0.050000
v 9.009830 0.754886 -0.008779
v 8.959951 0.758384 -0.045106
v 8.898300 0.762707 -0.045106
v 8.848422 0.766204 -0.008778
v 8.829370 0.767540 0.050000
v 8.924027 1.507146 0.108779
v 8.973706 1.501483 0.145106
v 9.035111 1.494483 0.145106
v 9.084790 1.488820 0.108779
v 9.103765 1.486657 0.050000
v 9.084790 1.488820 -0.008779
v 9.035111 1.494483 -0.045106
v 8.973706 1.501483 -0.045106
v 8.924027 1.507146 -0.008778
v 8.905052 1.509309 0.050000
v 9.011180 2.199090 0.108779
v 9.060923 2.194031 0.145106
v 9.122410 2.187779 0.145106
v 9.172153 2.182721 0.108779
v 9.191154 2.180789 0.050000
v 9.172153 2.182721 -0.008779
v 9.122410 2.187779 -0.045106
v 9.060923 2.194031 -0.045106
v 9.011180 2.199090 -0.008778
v 8.992179 2.201021 0.050000
v 9.059645 2.820829 0.108779
v 9.109644 2.821023 0.145106
v 9.171448 2.821263 0.145106
v 9.221447 2.821457 0.108779
v 9.240545 2.821531 0.050000
v 9.221447 2.821457 -0.008779
v 9.171448 2.821263 -0.045106
v 9.109644 2.821023 -0.045106
v 9.059645 2.820829 -0.008778
v 9.040546 2.820755 0.050000
v 9.014738 3.355548 0.108779
v 9.063272 3.367570 0.145106
v 9.123261 3.382430 0.145106
v 9.171795 3.394452 0.108779
v 9.190332 3.399044 0.050000
v 9.171795 3.394452 -0.008779
v 9.123261 3.382430 -0.045106
v 9.063272 3.367570 -0.045106
v 9.014738 3.355548 -0.008779
v 8.996201 3.350956 0.050000
v 8.827917 3.798372 0.108779
v 8.869178 3.826614 0.145106
v 8.920178 3.861522 0.145106
v 8.961439 3.889764 0.108779
v 8.977199 3.900551 0.050000
v 8.961439 3.889764 -0.008779
v 8.920178 3.861522 -0.045106
v 8.869178 3.826614 -0.045106
v 8.827917 3.798372 -0.008778
v 8.812158 3.787585 0.050000
v 8.455460 4.159314 0.108779
v 8.484171 4.200248 0.145106
v 8.519661 4.250846 0.145106
v 8.548372 4.291781 0.108779
v 8.559340 4.307416 0.050000
v 8.548372 4.291781 -0.008779
v 8.519661 4.250846 -0.045106
v 8.484171 4.200248 -0.045106
v 8.455460 4.159314 -0.008779
v 8.444492 4.143678 0.050000
v 7.863832 4.446215 0.108779
v 7.881248 4.493084 0.145106
v 7.902776 4.551017 0.145106
v 7.920192 4.597886 0.108779
v 7.926844 4.615788 0.050000
v 7.920192 4.597886 -0.008779
v 7.902776 4.551017 -0.045106
v 7.881248 4.493084 -0.045106
v 7.863832 4.446215 -0.008778
v 7.857180 4.428313 0.050000
v 7.049796 4.661678 0.108778
v 7.059917 4.710643 0.145106
v 7.072427 4.771167 0.145106
v 7.082549 4.820132 0.108778
v 7.086415 4.838835 0.050000
v 7.082549 4.820132 -0.008779
v 7.072427 4.771167 -0.045106
v 7.059917 4.710643 -0.045106
v 7.049796 4.661678 -0.008778
v 7.045929 4.642975 0.050000
v 6.040584 4.812692 0.108779
v 6.046403 4.862352 0.145106
v 6.053597 4.923735 0.145106
v 6.059417 4.973395 0.108779
v 6.061640 4.992364 0.050000
v 6.059417 4.973395 -0.008779
v 6.053597 4.923735 -0.045106
v 6.046403 4.862352 -0.045106
v 6.040584 4.812692 -0.008779
v 6.038361 4.793723 0.050000
v 4.884336 4.910846 0.108779
v 4.887628 4.960738 0.145106
v 4.891696 5.022407 0.145106
v 4.894988 5.072299 0.108779
v 4.896245 5.091355 0.050000
v 4.894988 5.072299 -0.008779
v 4.891696 5.022407 -0.045106
v 4.887628 4.960738 -0.045106
v 4.884336 4.910846 -0.008779
v 4.883079 4.891789 0.050000
v 3.641773 4.969338 0.108779
v 3.643569 5.019306 0.145106
v 3.645788 5.081069 0.145106
v 3.647583 5.131037 0.108779
v 3.648269 5.150123 0.050000
v 3.647583 5.131037 -0.008779
v 3.645788 5.081069 -0.045106
v 3.643569 5.019306 -0.045106
v 3.641773 4.969338 -0.008778
v 3.641088 4.950252 0.050000
v 2.377129 5.000686 0.108779
v 2.378041 5.050678 0.145106
v 2.379169 5.112471 0.145106
v 2.380081 5.162463 0.108779
v 2.380429 5.181558 0.050000
v 2.380081 5.162463 -0.008779
v 2.379169 5.112471 -0.045106
v 2.378041 5.050678 -0.045106
v 2.377129 5.000686 -0.008779
v 2.376780 4.981591 0.050000
v 1.148615 5.015069 0.108779
v 1.148996 5.065067 0.145106
v 1.149466 5.126869 0.145106
v 1.149846 5.176867 0.108779
v 1.149991 5.195965 0.050000
v 1.149846 5.176867 -0.008779
v 1.149466 5.126869 -0.045106
v 1.148996 5.065067 -0.045106
v 1.148615 5.015069 -0.008779
v 1.148470 4.995971 0.050000
v 0.000014 5.019098 0.108779
v 0.000005 5.069098 0.145106
v -0.000005 5.130902 0.145106
v -0.000014 5.180902 0.108779
v -0.000017 5.200000 0.050000
v -0.000014 5.180902 -0.008779
v -0.000005 5.130901 -0.045106
v 0.000005 5.069098 -0.045106
v 0.000014 5.019098 -0.008778
v 0.000017 5.000000 0.050000
v -1.045093 5.015070 0.108779
v -1.045572 5.065067 0.145106
v -1.046163 5.126868 0.145106
v -1.046641 5.176866 0.108779
v -1.046824 5.195963 0.050000
v -1.046641 5.176866 -0.008779
v -1.046163 5.126868 -0.045106
v -1.045571 5.065067 -0.045106
v -1.045093 5.015070 -0.008778
v -1.044910 4.995972 0.050000
v -1.985442 5.000700 0.108779
v -1.986739 5.050683 0.145106
v -1.988342 5.112466 0.145106
v -1.989639 5.162449 0.108779
v -1.990135 5.181541 0.050000
v -1.989639 5.162449 -0.008779
v -1.988342 5.112466 -0.045106
v -1.986739 5.050683 -0.045106
v -1.985442 5.000700 -0.008778
v -1.984947 4.981608 0.050000
v -2.840268 4.969406 0.108779
v -2.842993 5.019332 0.145106
v -2.846363 5.081043 0.145106
v -2.849089 5.130969 0.108779
v -2.850131 5.150039 0.050000
v -2.849089 5.130969 -0.008779
v -2.846363 5.081043 -0.045106
v -2.842994 5.019332 -0.045106
v -2.840268 4.969406 -0.008778
v -2.839226 4.950336 0.050000
v -3.643919 4.911056 0.108779
v -3.648795 4.960818 0.145106
v -3.654820 5.022327 0.145106
v -3.659696 5.072089 0.108779
v -3.661558 5.091096 0.050000
v -3.659696 5.072089 -0.008779
v -3.654820 5.022327 -0.045106
v -3.648795 4.960818 -0.045106
v -3.643919 4.911056 -0.008778
v -3.642057 4.892049 0.050000
v -4.437723 4.813079 0.108779
v -4.445311 4.862500 0.145106
v -4.454689 4.923587 0.145106
v -4.462277 4.973008 0.108778
v -4.465175 4.991885 0.050000
v -4.462277 4.973008 -0.008779
v -4.454689 4.923587 -0.045106
v -4.445311 4.862500 -0.045106
v -4.437723 4.813079 -0.008778
v -4.434824 4.794202 0.050000
v -5.260256 4.661823 0.108779
v -5.270801 4.710699 0.145106
v -5.283835 4.771112 0.145106
v -5.294380 4.819987 0.108778
v -5.298407 4.838656 0.050000
v -5.294380 4.819987 -0.008779
v -5.283835 4.771112 -0.045106
v -5.270801 4.710699 -0.045106
v -5.260256 4.661823 -0.008778
v -5.256229 4.643154 0.050000
v -6.137866 4.444159 0.108779
v -6.151379 4.492299 0.145106
v -6.168082 4.551802 0.145106
v -6.181595 4.599942 0.108779
v -6.186757 4.618329 0.050000
v -6.181595 4.599941 -0.008779
v -6.168082 4.551802 -0.045106
v -6.151379 4.492299 -0.045106
v -6.137866 4.444159 -0.008778
v -6.132704 4.425772 0.050000
v -7.077458 4.149167 0.108779
v -7.093939 4.196373 0.145106
v -7.114312 4.254722 0.145106
v -7.130793 4.301928 0.108778
v -7.137089 4.319958 0.050000
v -7.130793 4.301928 -0.008779
v -7.114312 4.254722 -0.045106
v -7.093939 4.196373 -0.045106
v -7.077458 4.149167 -0.008778
v -7.071162 4.131136 0.050000
v -8.062922 3.769659 0.108779
v -8.082549 3.815646 0.145106
v -8.106809 3.872489 0.145106
v -8.126435 3.918477 0.108778
v -8.133931 3.936042 0.050000
v -8.126435 3.918476 -0.008779
v -8.106809 3.872489 -0.045106
v -8.082549 3.815646 -0.045106
v -8.062922 3.769659 -0.008778
v -8.055427 3.752094 0.050000
v -9.055669 3.303366 0.108779
v -9.078905 3.347638 0.145106
v -9.107628 3.402362 0.145106
v -9.130864 3.446634 0.108779
v -9.139740 3.463545 0.050000
v -9.130864 3.446634 -0.008779
v -9.107628 3.402362 -0.045106
v -9.078905 3.347638 -0.045106
v -9.055669 3.303366 -0.008779
v -9.046793 3.286455 0.050000
v -9.999128 2.753765 0.108779
v -10.026805 2.795407 0.145106
v -10.061013 2.846879 0.145106
v -10.088690 2.888521 0.108779
v -10.099260 2.904427 0.050000
v -10.088690 2.888521 -0.008779
v -10.061013 2.846879 -0.045106
v -10.026805 2.795407 -0.045106
v -9.999128 2.753765 -0.008778
v -9.988558 2.737859 0.050000
v -10.826622 2.130573 0.108779
v -10.859934 2.167860 0.145106
v -10.901108 2.213950 0.145106
v -10.934420 2.251238 0.108779
v -10.947143 2.265481 0.050000
v -10.934419 2.251238 -0.008779
v -10.901108 2.213950 -0.045106
v -10.859934 2.167860 -0.045106
v -10.826622 2.130572 -0.008778
v -10.813899 2.116330 0.050000
v -11.471680 1.449831 0.108779
v -11.511859 1.479591 0.145106
v -11.561522 1.516375 0.145106
v -11.601702 1.546135 0.108779
v -11.617049 1.557502 0.050000
v -11.601702 1.546135 -0.008779
v -11.561522 1.516375 -0.045106
v -11.511859 1.479591 -0.045106
v -11.471680 1.449831 -0.008778
v -11.456332 1.438464 0.050000
v -11.879895 0.732646 0.108779
v -11.926828 0.749888 0.145106
v -11.984840 0.771202 0.145106
v -12.031774 0.788445 0.108779
v -12.049700 0.795031 0.050000
v -12.031774 0.788445 -0.008779
v -11.984840 0.771202 -0.045106
v -11.926828 0.749888 -0.045106
v -11.879895 0.732646 -0.008779
v -11.861969 0.726059 0.050000
vn 0.7950 -0.0000 0.6066
vn 0.2745 -0.0000 0.9616
vn -0.3410 -0.0000 0.9400
vn -0.8205 -0.0000 0.5716
vn -1.0000 -0.0000 -0.0000
vn -0.8205 -0.0000 -0.5716
vn -0.3410 -0.0000 -0.9400
vn 0.2745 -0.0000 -0.9616
vn 0.7950 -0.0000 -0.6066
vn 1.0000 -0.0000 -0.0000
vn 0.7481 0.2752 0.6038
vn 0.2619 0.0962 0.9603
vn -0.3169 -0.1162 0.9413
vn -0.7694 -0.2822 0.5731
vn -0.9388 -0.3443 -0.0000
vn -0.7694 -0.2822 -0.5731
vn -0.3169 -0.1162 -0.9413
vn 0.2619 0.0962 -0.9603
vn 0.7481 0.2752 -0.6038
vn 0.9385 0.3454 -0.0000
vn 0.6432 0.4768 0.5991
vn 0.2309 0.1711 0.9578
vn -0.2655 -0.1965 0.9439
vn -0.6568 -0.4860 0.5766
vn -0.8039 -0.5948 -0.0000
vn -0.6568 -0.4860 -0.5766
vn -0.2655 -0.1965 -0.9439
vn 0.2309 0.1711 -0.9578
vn 0.6432 0.4768 -0.5991
vn 0.8033 0.5956 -0.0000
vn 0.5351 0.5992 0.5955
vn 0.1959 0.2194 0.9558
vn -0.2158 -0.2415 0.9461
vn -0.5429 -0.6074 0.5799
vn -0.6664 -0.7456 -0.0000
vn -0.5429 -0.6074 -0.5799
vn -0.2158 -0.2415 -0.9461
vn 0.1959 0.2194 -0.9558
vn 0.5351 0.5992 -0.5955
vn 0.6660 0.7459 -0.0000
vn 0.4455 0.6705 0.5933
vn 0.1652 0.2486 0.9544
vn -0.1769 -0.2661 0.9476
vn -0.4501 -0.6771 0.5823
vn -0.5536 -0.8328 -0.0000
vn -0.4501 -0.6771 -0.5823
vn -0.1769 -0.2661 -0.9476
vn 0.1652 0.2486 -0.9544
vn 0.4455 0.6705 -0.5933
vn 0.5534 0.8329 -0.0000
vn 0.3746 0.7137 0.5919
vn 0.1399 0.2666 0.9536
vn -0.1473 -0.2806 0.9485
vn -0.3774 -0.7190 0.5837
vn -0.4648 -0.8854 -0.0000
vn -0.3774 -0.7190 -0.5837
vn -0.1473 -0.2806 -0.9485
vn 0.1399 0.2666 -0.9536
vn 0.3746 0.7137 -0.5919
vn 0.4647 0.8855 -0.0000
vn 0.3166 0.7418 0.5911
vn 0.1188 0.2784 0.9531
vn -0.1238 -0.2900 0.9490
vn -0.3185 -0.7463 0.5844
vn -0.3925 -0.9197 -0.0000
vn -0.3185 -0.7463 -0.5844
vn -0.1238 -0.2900 -0.9490
vn 0.1188 0.2784 -0.9531
vn 0.3166 0.7418 -0.5911
vn 0.3925 0.9197 -0.0000
vn 0.2660 0.7618 0.5908
vn 0.1000 0.2864 0.9529
vn -0.1037 -0.2971 0.9492
vn -0.2674 -0.7658 0.5848
vn -0.3296 -0.9441 -0.0000
vn -0.2674 -0.7658 -0.5848
vn -0.1037 -0.2971 -0.9492
vn 0.1000 0.2864 -0.9529
vn 0.2660 0.7618 -0.5908
vn 0.3296 0.9441 -0.0000
vn 0.2181 0.7769 0.5907
vn 0.0820 0.2923 0.9528
vn -0.0850 -0.3027 0.9493
vn -0.2192 -0.7809 0.5849
vn -0.2703 -0.9628 -0.0000
vn -0.2192 -0.7809 -0.5849
vn -0.0850 -0.3027 -0.9493
vn 0.0820 0.2923 -0.9528
vn 0.2181 0.7769 -0.5907
vn 0.2703 0.9628 -0.0000
vn 0.1702 0.7888 0.5907
vn 0.0640 0.2967 0.9528
vn -0.0663 -0.3074 0.9493
vn -0.1711 -0.7928 0.5849
vn -0.2109 -0.9775 -0.0000
vn -0.1711 -0.7928 -0.5849
vn -0.0663 -0.3074 -0.9493
vn 0.0640 0.2967 -0.9528
vn 0.1702 0.7888 -0.5907
vn 0.2109 0.9775 -0.0000
vn 0.1225 0.7976 0.5906
vn 0.0461 0.3002 0.9528
vn -0.0477 -0.3106 0.9493
vn -0.1231 -0.8016 0.5850
vn -0.1518 -0.9884 -0.0000
vn -0.1231 -0.8016 -0.5850
vn -0.0477 -0.3106 -0.9493
vn 0.0461 0.3002 -0.9528
vn 0.1225 0.7976 -0.5906
vn 0.1517 0.9884 -0.0000
vn 0.0787 0.8034 0.5902
vn 0.0297 0.3031 0.9525
vn -0.0306 -0.3120 0.9496
vn -0.0791 -0.8068 0.5854
vn -0.0975 -0.9952 -0.0000
vn -0.0791 -0.8068 -0.5854
vn -0.0306 -0.3120 -0.9496
vn 0.0297 0.3031 -0.9525
vn 0.0787 0.8034 -0.5902
vn 0.0975 0.9952 -0.0000
vn 0.0440 0.8066 0.5895
vn 0.0167 0.3054 0.9521
vn -0.0170 -0.3117 0.9500
vn -0.0442 -0.8090 0.5861
vn -0.0545 -0.9985 -0.0000
vn -0.0442 -0.8090 -0.5861
vn -0.0170 -0.3117 -0.9500
vn 0.0167 0.3054 -0.9521
vn 0.0440 0.8066 -0.5895
vn 0.0545 0.9985 -0.0000
vn 0.0210 0.8080 0.5888
vn 0.0080 0.3070 0.9517
vn -0.0081 -0.3108 0.9504
vn -0.0210 -0.8095 0.5868
vn -0.0259 -0.9997 -0.0000
vn -0.0210 -0.8095 -0.5868
vn -0.0081 -0.3108 -0.9504
vn 0.0080 0.3070 -0.9517
vn 0.0210 0.8080 -0.5888
vn 0.0259 0.9997 -0.0000
vn 0.0077 0.8086 0.5883
vn 0.0029 0.3080 0.9514
vn -0.0030 -0.3100 0.9507
vn -0.0077 -0.8094 0.5872
vn -0.0096 -1.0000 -0.0000
vn -0.0077 -0.8094 -0.5872
vn -0.0030 -0.3100 -0.9507
vn 0.0029 0.3080 -0.9514
vn 0.0077 0.8086 -0.5883
vn 0.0096 1.0000 -0.0000
vn 0.0001 0.8088 0.5881
vn 0.0001 0.3084 0.9513
vn -0.0001 -0.3097 0.9508
vn -0.0001 -0.8093 0.5874
vn -0.0002 -1.0000 -0.0000
vn -0.0001 -0.8093 -0.5874
vn -0.0001 -0.3097 -0.9508
vn 0.0001 0.3084 -0.9513
vn 0.0001 0.8088 -0.5881
vn 0.0002 1.0000 -0.0000
vn -0.0062 0.8087 0.5882
vn -0.0023 0.3083 0.9513
vn 0.0024 -0.3097 0.9508
vn 0.0062 -0.8093 0.5874
vn 0.0076 -1.0000 -0.0000
vn 0.0062 -0.8093 -0.5874
vn 0.0024 -0.3097 -0.9508
vn -0.0023 0.3083 -0.9513
vn -0.0062 0.8087 -0.5882
vn -0.0076 1.0000 -0.0000
vn -0.0148 0.8084 0.5884
vn -0.0056 0.3078 0.9514
vn 0.0057 -0.3101 0.9507
vn 0.0148 -0.8093 0.5872
vn 0.0182 -0.9998 -0.0000
vn 0.0148 -0.8093 -0.5872
vn 0.0057 -0.3101 -0.9507
vn -0.0056 0.3078 -0.9514
vn -0.0148 0.8084 -0.5884
vn -0.0182 0.9998 -0.0000
vn -0.0290 0.8077 0.5888
vn -0.0110 0.3068 0.9517
vn 0.0112 -0.3108 0.9504
vn 0.0291 -0.8093 0.5867
vn 0.0359 -0.9994 -0.0000
vn 0.0291 -0.8093 -0.5867
vn 0.0112 -0.3108 -0.9504
vn -0.0110 0.3068 -0.9517
vn -0.0290 0.8077 -0.5888
vn -0.0359 0.9994 -0.0000
vn -0.0532 0.8060 0.5895
vn -0.0201 0.3050 0.9521
vn 0.0206 -0.3117 0.9500
vn 0.0534 -0.8085 0.5860
vn 0.0658 -0.9978 -0.0000
vn 0.0534 -0.8085 -0.5860
vn 0.0206 -0.3117 -0.9500
vn -0.0201 0.3050 -0.9521
vn -0.0532 0.8060 -0.5895
vn -0.0658 0.9978 -0.0000
vn -0.0939 0.8014 0.5907
vn -0.0353 0.3013 0.9529
vn 0.0366 -0.3126 0.9492
vn 0.0945 -0.8057 0.5848
vn 0.1165 -0.9932 -0.0000
vn 0.0945 -0.8057 -0.5848
vn 0.0366 -0.3126 -0.9492
vn -0.0353 0.3013 -0.9529
vn -0.0939 0.8014 -0.5907
vn -0.1163 0.9932 -0.0000
vn -0.1629 0.7887 0.5928
vn -0.0606 0.2931 0.9542
vn 0.0646 -0.3123 0.9478
vn 0.1647 -0.7960 0.5825
vn 0.2026 -0.9793 -0.0000
vn 0.1647 -0.7960 -0.5825
vn 0.0646 -0.3123 -0.9478
vn -0.0606 0.2931 -0.9542
vn -0.1629 0.7887 -0.5928
vn -0.2022 0.9793 -0.0000
vn -0.2792 0.7525 0.5966
vn -0.1016 0.2737 0.9564
vn 0.1138 -0.3058 0.9453
vn 0.2846 -0.7644 0.5785
vn 0.3490 -0.9371 -0.0000
vn 0.2846 -0.7644 -0.5785
vn 0.1138 -0.3058 -0.9453
vn -0.1016 0.2737 -0.9564
vn -0.2792 0.7525 -0.5966
vn -0.3477 0.9376 -0.0000
vn -0.4575 0.6534 0.6031
vn -0.1608 0.2294 0.9600
vn 0.1937 -0.2755 0.9416
vn 0.4712 -0.6702 0.5734
vn 0.5751 -0.8181 -0.0000
vn 0.4712 -0.6702 -0.5734
vn 0.1937 -0.2755 -0.9416
vn -0.1608 0.2294 -0.9600
vn -0.4575 0.6534 -0.6031
vn -0.5733 0.8194 -0.0000
vn -0.6549 0.4482 0.6085
vn -0.2243 0.1535 0.9623
vn 0.2828 -0.1936 0.9394
vn 0.6774 -0.4637 0.5711
vn 0.8252 -0.5649 -0.0000
vn 0.6774 -0.4637 -0.5711
vn 0.2828 -0.1936 -0.9394
vn -0.2243 0.1535 -0.9623
vn -0.6549 0.4482 -0.6085
vn -0.8252 0.5648 -0.0000
vn -0.7745 0.1910 0.6031
vn -0.2722 0.0673 0.9599
vn 0.3264 -0.0813 0.9417
vn 0.7948 -0.1980 0.5737
vn 0.9703 -0.2418 -0.0000
vn 0.7948 -0.1980 -0.5737
vn 0.3264 -0.0813 -0.9417
vn -0.2722 0.0673 -0.9599
vn -0.7745 0.1910 -0.6031
vn -0.9710 0.2390 -0.0000
vn -0.8038 0.0025 0.5950
vn -0.2948 0.0010 0.9556
vn 0.3237 -0.0015 0.9462
vn 0.8147 -0.0039 0.5798
vn 1.0000 -0.0048 -0.0000
vn 0.8147 -0.0039 -0.5798
vn 0.3237 -0.0015 -0.9462
vn -0.2948 0.0010 -0.9556
vn -0.8038 0.0025 -0.5950
vn -1.0000 0.0029 -0.0000
vn -0.8034 -0.0818 0.5898
vn -0.3034 -0.0309 0.9524
vn 0.3118 0.0317 0.9496
vn 0.8067 0.0819 0.5853
vn 0.9949 0.1009 -0.0000
vn 0.8067 0.0819 -0.5853
vn 0.3118 0.0317 -0.9496
vn -0.3034 -0.0309 -0.9524
vn -0.8034 -0.0818 -0.5898
vn -0.9948 -0.1014 -0.0000
vn -0.8046 -0.0917 0.5866
vn -0.3091 -0.0352 0.9504
vn 0.3050 0.0348 0.9517
vn 0.8031 0.0915 0.5888
vn 0.9936 0.1133 -0.0000
vn 0.8031 0.0915 -0.5888
vn 0.3050 0.0348 -0.9517
vn -0.3091 -0.0352 -0.9504
vn -0.8046 -0.0917 -0.5866
vn -0.9936 -0.1132 -0.0000
vn -0.8092 -0.0567 0.5849
vn -0.3139 -0.0220 0.9492
vn 0.3026 0.0212 0.9529
vn 0.8048 0.0565 0.5908
vn 0.9975 0.0700 -0.0000
vn 0.8048 0.0565 -0.5908
vn 0.3026 0.0212 -0.9529
vn -0.3139 -0.0220 -0.9492
vn -0.8092 -0.0567 -0.5849
vn -0.9976 -0.0699 -0.0000
vn -0.8116 -0.0000 0.5843
vn -0.3158 -0.0000 0.9488
vn 0.3022 -0.0000 0.9533
vn 0.8064 -0.0000 0.5914
vn 0.8064 -0.0000 -0.5914
vn 0.3022 -0.0000 -0.9533
vn -0.3158 -0.0000 -0.9488
vn -0.8116 -0.0000 -0.5843
vn -0.8092 0.0567 0.5849
vn -0.3139 0.0220 0.9492
vn 0.3026 -0.0212 0.9529
vn 0.8048 -0.0565 0.5908
vn 0.9975 -0.0700 -0.0000
vn 0.8048 -0.0565 -0.5908
vn 0.3026 -0.0212 -0.9529
vn -0.3139 0.0220 -0.9492
vn -0.8092 0.0567 -0.5849
vn -0.9976 0.0699 -0.0000
vn -0.8046 0.0917 0.5866
vn -0.3091 0.0352 0.9504
vn 0.3050 -0.0348 0.9517
vn 0.8031 -0.0915 0.5888
vn 0.9936 -0.1133 -0.0000
vn 0.8031 -0.0915 -0.5888
vn 0.3050 -0.0348 -0.9517
vn -0.3091 0.0352 -0.9504
vn -0.8046 0.0917 -0.5866
vn -0.9936 0.1132 -0.0000
vn -0.8034 0.0818 0.5898
vn -0.3034 0.0309 0.9524
vn 0.3118 -0.0317 0.9496
vn 0.8067 -0.0819 0.5853
vn 0.9949 -0.1009 -0.0000
vn 0.8067 -0.0819 -0.5853
vn 0.3118 -0.0317 -0.9496
vn -0.3034 0.0309 -0.9524
vn -0.8034 0.0818 -0.5898
vn -0.9948 0.1014 -0.0000
vn -0.8038 -0.0025 0.5950
vn -0.2948 -0.0010 0.9556
vn 0.3237 0.0015 0.9462
vn 0.8147 0.0039 0.5798
vn 1.0000 0.0048 -0.0000
vn 0.8147 0.0039 -0.5798
vn 0.3237 0.0015 -0.9462
vn -0.2948 -0.0010 -0.9556
vn -0.8038 -0.0025 -0.5950
vn -1.0000 -0.0029 -0.0000
vn -0.7745 -0.1910 0.6031
vn -0.2722 -0.0673 0.9599
vn 0.3264 0.0813 0.9417
vn 0.7948 0.1980 0.5737
vn 0.9703 0.2418 -0.0000
vn 0.7948 0.1980 -0.5737
vn 0.3264 0.0813 -0.9417
vn -0.2722 -0.0673 -0.9599
vn -0.7745 -0.1910 -0.6031
vn -0.9710 -0.2390 -0.0000
vn -0.6549 -0.4482 0.6085
vn -0.2243 -0.1535 0.9623
vn 0.2828 0.1936 0.9394
vn 0.6774 0.4637 0.5711
vn 0.8252 0.5649 -0.0000
vn 0.6774 0.4637 -0.5711
vn 0.2828 0.1936 -0.9394
vn -0.2243 -0.1535 -0.9623
vn -0.6549 -0.4482 -0.6085
vn -0.8252 -0.5648 -0.0000
vn -0.4575 -0.6534 0.6031
vn -0.1608 -0.2294 0.9600
vn 0.1937 0.2755 0.9416
vn 0.4712 0.6702 0.5734
vn 0.5751 0.8181 -0.0000
vn 0.4712 0.6702 -0.5734
vn 0.1937 0.2755 -0.9416
vn -0.1608 -0.2294 -0.9600
vn -0.4575 -0.6534 -0.6031
vn -0.5733 -0.8194 -0.0000
vn -0.2792 -0.7525 0.5966
vn -0.1016 -0.2737 0.9564
vn 0.1138 0.3058 0.9453
vn 0.2846 0.7644 0.5785
vn 0.3490 0.9371 -0.0000
vn 0.2846 0.7644 -0.5785
vn 0.1138 0.3058 -0.9453
vn -0.1016 -0.2737 -0.9564
vn -0.2792 -0.7525 -0.5966
vn -0.3477 -0.9376 -0.0000
vn -0.1629 -0.7887 0.5928
vn -0.0606 -0.2931 0.9542
vn 0.0646 0.3123 0.9478
vn 0.1647 0.7960 0.5825
vn 0.2026 0.9793 -0.0000
vn 0.1647 0.7960 -0.5825
vn 0.0646 0.3123 -0.9478
vn -0.0606 -0.2931 -0.9542
vn -0.1629 -0.7887 -0.5928
vn -0.2022 -0.9793 -0.0000
vn -0.0939 -0.8014 0.5907
vn -0.0353 -0.3013 0.9529
vn 0.0366 0.3126 0.9492
vn 0.0945 0.8057 0.5848
vn 0.1165 0.9932 -0.0000
vn 0.0945 0.8057 -0.5848
vn 0.0366 0.3126 -0.9492
vn -0.0353 -0.3013 -0.9529
vn -0.0939 -0.8014 -0.5907
vn -0.1163 -0.9932 -0.0000
vn -0.0532 -0.8060 0.5895
vn -0.0201 -0.3050 0.9521
vn 0.0206 0.3117 0.9500
vn 0.0534 0.8085 0.5860
vn 0.0658 0.9978 -0.0000
vn 0.0534 0.8085 -0.5860
vn 0.0206 0.3117 -0.9500
vn -0.0201 -0.3050 -0.9521
vn -0.0532 -0.8060 -0.5895
vn -0.0658 -0.9978 -0.0000
vn -0.0290 -0.8077 0.5888
vn -0.0110 -0.3068 0.9517
vn 0.0112 0.3108 0.9504
vn 0.0291 0.8093 0.5867
vn 0.0359 0.9994 -0.0000
vn 0.0291 0.8093 -0.5867
vn 0.0112 0.3108 -0.9504
vn -0.0110 -0.3068 -0.9517
vn -0.0290 -0.8077 -0.5888
vn -0.0359 -0.9994 -0.0000
vn -0.0148 -0.8084 0.5884
vn -0.0056 -0.3078 0.9514
vn 0.0057 0.3101 0.9507
vn 0.0148 0.8093 0.5872
vn 0.0182 0.9998 -0.0000
vn 0.0148 0.8093 -0.5872
vn 0.0057 0.3101 -0.9507
vn -0.0056 -0.3078 -0.9514
vn -0.0148 -0.8084 -0.5884
vn -0.0182 -0.9998 -0.0000
vn -0.0062 -0.8087 0.5882
vn -0.0023 -0.3083 0.9513
vn 0.0024 0.3097 0.9508
vn 0.0062 0.8093 0.5874
vn 0.0076 1.0000 -0.0000
vn 0.0062 0.8093 -0.5874
vn 0.0024 0.3097 -0.9508
vn -0.0023 -0.3083 -0.9513
vn -0.0062 -0.8087 -0.5882
vn -0.0076 -1.0000 -0.0000
vn 0.0001 -0.8088 0.5881
vn 0.0001 -0.3084 0.9513
vn -0.0001 0.3097 0.9508
vn -0.0001 0.8093 0.5874
vn -0.0002 1.0000 -0.0000
vn -0.0001 0.8093 -0.5874
vn -0.0001 0.3097 -0.9508
vn 0.0001 -0.3084 -0.9513
vn 0.0001 -0.8088 -0.5881
vn 0.0002 -1.0000 -0.0000
vn 0.0077 -0.8086 0.5883
vn 0.0029 -0.3080 0.9514
vn -0.0030 0.3100 0.9507
vn -0.0077 0.8094 0.5873
vn -0.0096 1.0000 -0.0000
vn -0.0077 0.8094 -0.5873
vn -0.0030 0.3100 -0.9507
vn 0.0029 -0.3080 -0.9514
vn 0.0077 -0.8086 -0.5883
vn 0.0096 -1.0000 -0.0000
vn 0.0210 -0.8080 0.5888
vn 0.0080 -0.3070 0.9517
vn -0.0081 0.3108 0.9504
vn -0.0210 0.8095 0.5868
vn -0.0259 0.9997 -0.0000
vn -0.0210 0.8095 -0.5868
vn -0.0081 0.3108 -0.9504
vn 0.0080 -0.3070 -0.9517
vn 0.0210 -0.8080 -0.5888
vn 0.0259 -0.9997 -0.0000
vn 0.0440 -0.8066 0.5895
vn 0.0167 -0.3054 0.9521
vn -0.0170 0.3117 0.9500
vn -0.0442 0.8090 0.5861
vn -0.0545 0.9985 -0.0000
vn -0.0442 0.8090 -0.5861
vn -0.0170 0.3117 -0.9500
vn 0.0167 -0.3054 -0.9521
vn 0.0440 -0.8066 -0.5895
vn 0.0545 -0.9985 -0.0000
vn 0.0787 -0.8034 0.5902
vn 0.0297 -0.3031 0.9525
vn -0.0306 0.3120 0.9496
vn -0.0791 0.8068 0.5854
vn -0.0975 0.9952 -0.0000
vn -0.0791 0.8068 -0.5854
vn -0.0306 0.3120 -0.9496
vn 0.0297 -0.3031 -0.9525
vn 0.0787 -0.8034 -0.5902
vn 0.0975 -0.9952 -0.0000
vn 0.1225 -0.7976 0.5906
vn 0.0461 -0.3002 0.9528
vn -0.0477 0.3106 0.9493
vn -0.1231 0.8016 0.5850
vn -0.1518 0.9884 -0.0000
vn -0.1231 0.8016 -0.5851
vn -0.0477 0.3106 -0.9493
vn 0.0461 -0.3002 -0.9528
vn 0.1225 -0.7976 -0.5906
vn 0.1517 -0.9884 -0.0000
vn 0.1702 -0.7888 0.5907
vn 0.0640 -0.2967 0.9528
vn -0.0663 0.3074 0.9493
vn -0.1711 0.7928 0.5849
vn -0.2109 0.9775 -0.0000
vn -0.1711 0.7928 -0.5849
vn -0.0663 0.3074 -0.9493
vn 0.0640 -0.2967 -0.9528
vn 0.1702 -0.7888 -0.5907
vn 0.2109 -0.9775 -0.0000
vn 0.2181 -0.7769 0.5907
vn 0.0820 -0.2923 0.9528
vn -0.0850 0.3027 0.9493
vn -0.2192 0.7809 0.5849
vn -0.2703 0.9628 -0.0000
vn -0.2192 0.7809 -0.5849
vn -0.0850 0.3027 -0.9493
vn 0.0820 -0.2923 -0.9528
vn 0.2181 -0.7769 -0.5907
vn 0.2703 -0.9628 -0.0000
vn 0.2660 -0.7618 0.5908
vn 0.1000 -0.2864 0.9529
vn -0.1037 0.2971 0.9492
vn -0.2674 0.7658 0.5848
vn -0.3296 0.9441 -0.0000
vn -0.2674 0.7658 -0.5848
vn -0.1037 0.2970 -0.9492
vn 0.1000 -0.2864 -0.9529
vn 0.2660 -0.7618 -0.5908
vn 0.3296 -0.9441 -0.0000
vn 0.3166 -0.7418 0.5911
vn 0.1188 -0.2784 0.9531
vn -0.1238 0.2900 0.9490
vn -0.3185 0.7463 0.5844
vn -0.3925 0.9197 -0.0000
vn -0.3185 0.7463 -0.5844
vn -0.1238 0.2900 -0.9490
vn 0.1188 -0.2784 -0.9531
vn 0.3166 -0.7418 -0.5911
vn 0.3925 -0.9197 -0.0000
vn 0.3746 -0.7137 0.5919
vn 0.1399 -0.2666 0.9536
vn -0.1473 0.2806 0.9485
vn -0.3774 0.7190 0.5837
vn -0.4648 0.8854 -0.0000
vn -0.3774 0.7190 -0.5837
vn -0.1473 0.2806 -0.9485
vn 0.1399 -0.2666 -0.9536
vn 0.3746 -0.7137 -0.5919
vn 0.4647 -0.8855 -0.0000
vn 0.4455 -0.6705 0.5933
vn 0.1652 -0.2486 0.9544
vn -0.1769 0.2661 0.9476
vn -0.4501 0.6771 0.5823
vn -0.5536 0.8328 -0.0000
vn -0.4501 0.6771 -0.5823
vn -0.1769 0.2661 -0.9476
vn 0.1652 -0.2486 -0.9544
vn 0.4455 -0.6705 -0.5933
vn 0.5534 -0.8329 -0.0000
vn 0.5351 -0.5992 0.5955
vn 0.1959 -0.2194 0.9558
vn -0.2158 0.2415 0.9461
vn -0.5429 0.6074 0.5799
vn -0.6664 0.7456 -0.0000
vn -0.5429 0.6074 -0.5799
vn -0.2158 0.2415 -0.9461
vn 0.1959 -0.2194 -0.9558
vn 0.5351 -0.5992 -0.5955
vn 0.6660 -0.7459 -0.0000
vn 0.6432 -0.4768 0.5991
vn 0.2309 -0.1711 0.9578
vn -0.2655 0.1965 0.9439
vn -0.6568 0.4860 0.5766
vn -0.8039 0.5948 -0.0000
vn -0.6568 0.4860 -0.5766
vn -0.2655 0.1965 -0.9439
vn 0.2309 -0.1711 -0.9578
vn 0.6432 -0.4768 -0.5991
vn 0.8033 -0.5956 -0.0000
vn 0.7481 -0.2752 0.6038
vn 0.2619 -0.0962 0.9603
vn -0.3169 0.1162 0.9413
vn -0.7694 0.2822 0.5731
vn -0.9388 0.3443 -0.0000
vn -0.7694 0.2822 -0.5731
vn -0.3169 0.1162 -0.9413
vn 0.2619 -0.0962 -0.9603
vn 0.7481 -0.2752 -0.6038
vn 0.9385 -0.3454 -0.0000
vt 0.000000 1.000000
vt 0.016667 1.000000
vt 0.016667 0.900000
vt 0.000000 0.900000
vt 0.000000 0.100000
vt 0.016667 0.100000
vt 0.016667 0.000000
vt 0.000000 0.000000
vt 0.000000 0.200000
vt 0.016667 0.200000
vt 0.000000 0.300000
vt 0.016667 0.300000
vt 0.000000 0.400000
vt 0.016667 0.400000
vt 0.000000 0.500000
vt 0.016667 0.500000
vt 0.000000 0.600000
vt 0.016667 0.600000
vt 0.000000 0.700000
vt 0.016667 0.700000
vt 0.000000 0.800000
vt 0.016667 0.800000
vt 0.033333 1.000000
vt 0.033333 0.900000
vt 0.033333 0.100000
vt 0.033333 0.000000
vt 0.033333 0.200000
vt 0.033333 0.300000
vt 0.033333 0.400000
vt 0.033333 0.500000
vt 0.033333 0.600000
vt 0.033333 0.700000
vt 0.033333 0.800000
vt 0.050000 1.000000
vt 0.050000 0.900000
vt 0.050000 0.100000
vt 0.050000 0.000000
vt 0.050000 0.200000
vt 0.050000 0.300000
vt 0.050000 0.400000
vt 0.050000 0.500000
vt 0.050000 0.600000
vt 0.050000 0.700000
vt 0.050000 0.800000
vt 0.066667 1.000000
vt 0.066667 0.900000
vt 0.066667 0.100000
vt 0.066667 0.000000
vt 0.066667 0.200000
vt 0.066667 0.300000
vt 0.066667 0.400000
vt 0.066667 0.500000
vt 0.066667 0.600000
vt 0.066667 0.700000
vt 0.066667 0.800000
vt 0.083333 1.000000
vt 0.083333 0.900000
vt 0.083333 0.100000
vt 0.083333 0.000000
vt 0.083333 0.200000
vt 0.083333 0.300000
vt 0.083333 0.400000
vt 0.083333 0.500000
vt 0.083333 0.600000
vt 0.083333 0.700000
vt 0.083333 0.800000
vt 0.100000 1.000000
vt 0.100000 0.900000
vt 0.100000 0.100000
vt 0.100000 0.000000
vt 0.100000 0.200000
vt 0.100000 0.300000
vt 0.100000 0.400000
vt 0.100000 0.500000
vt 0.100000 0.600000
vt 0.100000 0.700000
vt 0.100000 0.800000
vt 0.116667 1.000000
vt 0.116667 0.900000
vt 0.116667 0.100000
vt 0.116667 0.000000
vt 0.116667 0.200000
vt 0.116667 0.300000
vt 0.116667 0.400000
vt 0.116667 0.500000
vt 0.116667 0.600000
vt 0.116667 0.700000
vt 0.116667 0.800000
vt 0.133333 1.000000
vt 0.133333 0.900000
vt 0.133333 0.100000
vt 0.133333 0.000000
vt 0.133333 0.200000
vt 0.133333 0.300000
vt 0.133333 0.400000
vt 0.133333 0.500000
vt 0.133333 0.600000
vt 0.133333 0.700000
vt 0.133333 0.800000
vt 0.150000 1.000000
vt 0.150000 0.900000
vt 0.150000 0.100000
vt 0.150000 0.000000
vt 0.150000 0.200000
vt 0.150000 0.300000
vt 0.150000 0.400000
vt 0.150000 0.500000
vt 0.150000 0.600000
vt 0.150000 0.700000
vt 0.150000 0.800000
vt 0.166667 1.000000
vt 0.166667 0.900000
vt 0.166667 0.100000
vt 0.166667 0.000000
vt 0.166667 0.200000
vt 0.166667 0.300000
vt 0.166667 0.400000
vt 0.166667 0.500000
vt 0.166667 0.600000
vt 0.166667 0.700000
vt 0.166667 0.800000
vt 0.183333 1.000000
vt 0.183333 0.900000
vt 0.183333 0.100000
vt 0.183333 0.000000
vt 0.183333 0.200000
vt 0.183333 0.300000
vt 0.183333 0.400000
vt 0.183333 0.500000
vt 0.183333 0.600000
vt 0.183333 0.700000
vt 0.183333 0.800000
vt 0.200000 1.000000
vt 0.200000 0.900000
vt 0.200000 0.100000
vt 0.200000 0.000000
vt 0.200000 0.200000
vt 0.200000 0.300000
vt 0.200000 0.400000
vt 0.200000 0.500000
vt 0.200000 0.600000
vt 0.200000 0.700000
vt 0.200000 0.800000
vt 0.216667 1.000000
vt 0.216667 0.900000
vt 0.216667 0.100000
vt 0.216667 0.000000
vt 0.216667 0.200000
vt 0.216667 0.300000
vt 0.216667 0.400000
vt 0.216667 0.500000
vt 0.216667 0.600000
vt 0.216667 0.700000
vt 0.216667 0.800000
vt 0.233333 1.000000
vt 0.233333 0.900000
vt 0.233333 0.100000
vt 0.233333 0.000000
vt 0.233333 0.200000
vt 0.233333 0.300000
vt 0.233333 0.400000
vt 0.233333 0.500000
vt 0.233333 0.600000
vt 0.233333 0.700000
vt 0.233333 0.800000
vt 0.250000 1.000000
vt 0.250000 0.900000
vt 0.250000 0.100000
vt 0.250000 0.000000
vt 0.250000 0.200000
vt 0.250000 0.300000
vt 0.250000 0.400000
vt 0.250000 0.500000
vt 0.250000 0.600000
vt 0.250000 0.700000
vt 0.250000 0.800000
vt 0.266667 1.000000
vt 0.266667 0.900000
vt 0.266667 0.100000
vt 0.266667 0.000000
vt 0.266667 0.200000
vt 0.266667 0.300000
vt 0.266667 0.400000
vt 0.266667 0.500000
vt 0.266667 0.600000
vt 0.266667 0.700000
vt 0.266667 0.800000
vt 0.283333 1.000000
vt 0.283333 0.900000
vt 0.283333 0.100000
vt 0.283333 0.000000
vt 0.283333 0.200000
vt 0.283333 0.300000
vt 0.283333 0.400000
vt 0.283333 0.500000
vt 0.283333 0.600000
vt 0.283333 0.700000
vt 0.283333 0.800000
vt 0.300000 1.000000
vt 0.300000 0.900000
vt 0.300000 0.100000
vt 0.300000 0.000000
vt 0.300000 0.200000
vt 0.300000 0.300000
vt 0.300000 0.400000
vt 0.300000 0.500000
vt 0.300000 0.600000
vt 0.300000 0.700000
vt 0.300000 0.800000
vt 0.316667 1.000000
vt 0.316667 0.900000
vt 0.316667 0.100000
vt 0.316667 0.000000
vt 0.316667 0.200000
vt 0.316667 0.300000
vt 0.316667 0.400000
vt 0.316667 0.500000
vt 0.316667 0.600000
vt 0.316667 0.700000
vt 0.316667 0.800000
vt 0.333333 1.000000
vt 0.333333 0.900000
vt 0.333333 0.100000
vt 0.333333 0.000000
vt 0.333333 0.200000
vt 0.333333 0.300000
vt 0.333333 0.400000
vt 0.333333 0.500000
vt 0.333333 0.600000
vt 0.333333 0.700000
vt 0.333333 0.800000
vt 0.350000 1.000000
vt 0.350000 0.900000
vt 0.350000 0.100000
vt 0.350000 0.000000
vt 0.350000 0.200000
vt 0.350000 0.300000
vt 0.350000 0.400000
vt 0.350000 0.500000
vt 0.350000 0.600000
vt 0.350000 0.700000
vt 0.350000 0.800000
vt 0.366667 1.000000
vt 0.366667 0.900000
vt 0.366667 0.100000
vt 0.366667 0.000000
vt 0.366667 0.200000
vt 0.366667 0.300000
vt 0.366667 0.400000
vt 0.366667 0.500000
vt 0.366667 0.600000
vt 0.366667 0.700000
vt 0.366667 0.800000
vt 0.383333 1.000000
vt 0.383333 0.900000
vt 0.383333 0.100000
vt 0.383333 0.000000
vt 0.383333 0.200000
vt 0.383333 0.300000
vt 0.383333 0.400000
vt 0.383333 0.500000
vt 0.383333 0.600000
vt 0.383333 0.700000
vt 0.383333 0.800000
vt 0.400000 1.000000
vt 0.400000 0.900000
vt 0.400000 0.100000
vt 0.400000 0.000000
vt 0.400000 0.200000
vt 0.400000 0.300000
vt 0.400000 0.400000
vt 0.400000 0.500000
vt 0.400000 0.600000
vt 0.400000 0.700000
vt 0.400000 0.800000
vt 0.416667 1.000000
vt 0.416667 0.900000
vt 0.416667 0.100000
vt 0.416667 0.000000
vt 0.416667 0.200000
vt 0.416667 0.300000
vt 0.416667 0.400000
vt 0.416667 0.500000
vt 0.416667 0.600000
vt 0.416667 0.700000
vt 0.416667 0.800000
vt 0.433333 1.000000
vt 0.433333 0.900000
vt 0.433333 0.100000
vt 0.433333 0.000000
vt 0.433333 0.200000
vt 0.433333 0.300000
vt 0.433333 0.400000
vt 0.433333 0.500000
vt 0.433333 0.600000
vt 0.433333 0.700000
vt 0.433333 0.800000
vt 0.450000 1.000000
vt 0.450000 0.900000
vt 0.450000 0.100000
vt 0.450000 0.000000
vt 0.450000 0.200000
vt 0.450000 0.300000
vt 0.450000 0.400000
vt 0.450000 0.500000
vt 0.450000 0.600000
vt 0.450000 0.700000
vt 0.450000 0.800000
vt 0.466667 1.000000
vt 0.466667 0.900000
vt 0.466667 0.100000
vt 0.466667 0.000000
vt 0.466667 0.200000
vt 0.466667 0.300000
vt 0.466667 0.400000
vt 0.466667 0.500000
vt 0.466667 0.600000
vt 0.466667 0.700000
vt 0.466667 0.800000
vt 0.483333 1.000000
vt 0.483333 0.900000
vt 0.483333 0.100000
vt 0.483333 0.000000
vt 0.483333 0.200000
vt 0.483333 0.300000
vt 0.483333 0.400000
vt 0.483333 0.500000
vt 0.483333 0.600000
vt 0.483333 0.700000
vt 0.483333 0.800000
vt 0.500000 1.000000
vt 0.500000 0.900000
vt 0.500000 0.100000
vt 0.500000 0.000000
vt 0.500000 0.200000
vt 0.500000 0.300000
vt 0.500000 0.400000
vt 0.500000 0.500000
vt 0.500000 0.600000
vt 0.500000 0.700000
vt 0.500000 0.800000
vt 0.516667 1.000000
vt 0.516667 0.900000
vt 0.516667 0.100000
vt 0.516667 0.000000
vt 0.516667 0.200000
vt 0.516667 0.300000
vt 0.516667 0.400000
vt 0.516667 0.500000
vt 0.516667 0.600000
vt 0.516667 0.700000
vt 0.516667 0.800000
vt 0.533333 1.000000
vt 0.533333 0.900000
vt 0.533333 0.100000
vt 0.533333 0.000000
vt 0.533333 0.200000
vt 0.533333 0.300000
vt 0.533333 0.400000
vt 0.533333 0.500000
vt 0.533333 0.600000
vt 0.533333 0.700000
vt 0.533333 0.800000
vt 0.550000 1.000000
vt 0.550000 0.900000
vt 0.550000 0.100000
vt 0.550000 0.000000
vt 0.550000 0.200000
vt 0.550000 0.300000
vt 0.550000 0.400000
vt 0.550000 0.500000
vt 0.550000 0.600000
vt 0.550000 0.700000
vt 0.550000 0.800000
vt 0.566667 1.000000
vt 0.566667 0.900000
vt 0.566667 0.100000
vt 0.566667 0.000000
vt 0.566667 0.200000
vt 0.566667 0.300000
vt 0.566667 0.400000
vt 0.566667 0.500000
vt 0.566667 0.600000
vt 0.566667 0.700000
vt 0.566667 0.800000
vt 0.583333 1.000000
vt 0.583333 0.900000
vt 0.583333 0.100000
vt 0.583333 0.000000
vt 0.583333 0.200000
vt 0.583333 0.300000
vt 0.583333 0.400000
vt 0.583333 0.500000
vt 0.583333 0.600000
vt 0.583333 0.700000
vt 0.583333 0.800000
vt 0.600000 1.000000
vt 0.600000 0.900000
vt 0.600000 0.100000
vt 0.600000 0.000000
vt 0.600000 0.200000
vt 0.600000 0.300000
vt 0.600000 0.400000
vt 0.600000 0.500000
vt 0.600000 0.600000
vt 0.600000 0.700000
vt 0.600000 0.800000
vt 0.616667 1.000000
vt 0.616667 0.900000
vt 0.616667 0.100000
vt 0.616667 0.000000
vt 0.616667 0.200000
vt 0.616667 0.300000
vt 0.616667 0.400000
vt 0.616667 0.500000
vt 0.616667 0.600000
vt 0.616667 0.700000
vt 0.616667 0.800000
vt 0.633333 1.000000
vt 0.633333 0.900000
vt 0.633333 0.100000
vt 0.633333 0.000000
vt 0.633333 0.200000
vt 0.633333 0.300000
vt 0.633333 0.400000
vt 0.633333 0.500000
vt 0.633333 0.600000
vt 0.633333 0.700000
vt 0.633333 0.800000
vt 0.650000 1.000000
vt 0.650000 0.900000
vt 0.650000 0.100000
vt 0.650000 0.000000
vt 0.650000 0.200000
vt 0.650000 0.300000
vt 0.650000 0.400000
vt 0.650000 0.500000
vt 0.650000 0.600000
vt 0.650000 0.700000
vt 0.650000 0.800000
vt 0.666667 1.000000
vt 0.666667 0.900000
vt 0.666667 0.100000
vt 0.666667 0.000000
vt 0.666667 0.200000
vt 0.666667 0.300000
vt 0.666667 0.400000
vt 0.666667 0.500000
vt 0.666667 0.600000
vt 0.666667 0.700000
vt 0.666667 0.800000
vt 0.683333 1.000000
vt 0.683333 0.900000
vt 0.683333 0.100000
vt 0.683333 0.000000
vt 0.683333 0.200000
vt 0.683333 0.300000
vt 0.683333 0.400000
vt 0.683333 0.500000
vt 0.683333 0.600000
vt 0.683333 0.700000
vt 0.683333 0.800000
vt 0.700000 1.000000
vt 0.700000 0.900000
vt 0.700000 0.100000
vt 0.700000 0.000000
vt 0.700000 0.200000
vt 0.700000 0.300000
vt 0.700000 0.400000
vt 0.700000 0.500000
vt 0.700000 0.600000
vt 0.700000 0.700000
vt 0.700000 0.800000
vt 0.716667 1.000000
vt 0.716667 0.900000
vt 0.716667 0.100000
vt 0.716667 0.000000
vt 0.716667 0.200000
vt 0.716667 0.300000
vt 0.716667 0.400000
vt 0.716667 0.500000
vt 0.716667 0.600000
vt 0.716667 0.700000
vt 0.716667 0.800000
vt 0.733333 1.000000
vt 0.733333 0.900000
vt 0.733333 0.100000
vt 0.733333 0.000000
vt 0.733333 0.200000
vt 0.733333 0.300000
vt 0.733333 0.400000
vt 0.733333 0.500000
vt 0.733333 0.600000
vt 0.733333 0.700000
vt 0.733333 0.800000
vt 0.750000 1.000000
vt 0.750000 0.900000
vt 0.750000 0.100000
vt 0.750000 0.000000
vt 0.750000 0.200000
vt 0.750000 0.300000
vt 0.750000 0.400000
vt 0.750000 0.500000
vt 0.750000 0.600000
vt 0.750000 0.700000
vt 0.750000 0.800000
vt 0.766667 1.000000
vt 0.766667 0.900000
vt 0.766667 0.100000
vt 0.766667 0.000000
vt 0.766667 0.200000
vt 0.766667 0.300000
vt 0.766667 0.400000
vt 0.766667 0.500000
vt 0.766667 0.600000
vt 0.766667 0.700000
vt 0.766667 0.800000
vt 0.783333 1.000000
vt 0.783333 0.900000
vt 0.783333 0.100000
vt 0.783333 0.000000
vt 0.783333 0.200000
vt 0.783333 0.300000
vt 0.783333 0.400000
vt 0.783333 0.500000
vt 0.783333 0.600000
vt 0.783333 0.700000
vt 0.783333 0.800000
vt 0.800000 1.000000
vt 0.800000 0.900000
vt 0.800000 0.100000
vt 0.800000 0.000000
vt 0.800000 0.200000
vt 0.800000 0.300000
vt 0.800000 0.400000
vt 0.800000 0.500000
vt 0.800000 0.600000
vt 0.800000 0.700000
vt 0.800000 0.800000
vt 0.816667 1.000000
vt 0.816667 0.900000
vt 0.816667 0.100000
vt 0.816667 0.000000
vt 0.816667 0.200000
vt 0.816667 0.300000
vt 0.816667 0.400000
vt 0.816667 0.500000
vt 0.816667 0.600000
vt 0.816667 0.700000
vt 0.816667 0.800000
vt 0.833333 1.000000
vt 0.833333 0.900000
vt 0.833333 0.100000
vt 0.833333 0.000000
vt 0.833333 0.200000
vt 0.833333 0.300000
vt 0.833333 0.400000
vt 0.833333 0.500000
vt 0.833333 0.600000
vt 0.833333 0.700000
vt 0.833333 0.800000
vt 0.850000 1.000000
vt 0.850000 0.900000
vt 0.850000 0.100000
vt 0.850000 0.000000
vt 0.850000 0.200000
vt 0.850000 0.300000
vt 0.850000 0.400000
vt 0.850000 0.500000
vt 0.850000 0.600000
vt 0.850000 0.700000
vt 0.850000 0.800000
vt 0.866667 1.000000
vt 0.866667 0.900000
vt 0.866667 0.100000
vt 0.866667 0.000000
vt 0.866667 0.200000
vt 0.866667 0.300000
vt 0.866667 0.400000
vt 0.866667 0.500000
vt 0.866667 0.600000
vt 0.866667 0.700000
vt 0.866667 0.800000
vt 0.883333 1.000000
vt 0.883333 0.900000
vt 0.883333 0.100000
vt 0.883333 0.000000
vt 0.883333 0.200000
vt 0.883333 0.300000
vt 0.883333 0.400000
vt 0.883333 0.500000
vt 0.883333 0.600000
vt 0.883333 0.700000
vt 0.883333 0.800000
vt 0.900000 1.000000
vt 0.900000 0.900000
vt 0.900000 0.100000
vt 0.900000 0.000000
vt 0.900000 0.200000
vt 0.900000 0.300000
vt 0.900000 0.400000
vt 0.900000 0.500000
vt 0.900000 0.600000
vt 0.900000 0.700000
vt 0.900000 0.800000
vt 0.916667 1.000000
vt 0.916667 0.900000
vt 0.916667 0.100000
vt 0.916667 0.000000
vt 0.916667 0.200000
vt 0.916667 0.300000
vt 0.916667 0.400000
vt 0.916667 0.500000
vt 0.916667 0.600000
vt 0.916667 0.700000
vt 0.916667 0.800000
vt 0.933333 1.000000
vt 0.933333 0.900000
vt 0.933333 0.100000
vt 0.933333 0.000000
vt 0.933333 0.200000
vt 0.933333 0.300000
vt 0.933333 0.400000
vt 0.933333 0.500000
vt 0.933333 0.600000
vt 0.933333 0.700000
vt 0.933333 0.800000
vt 0.950000 1.000000
vt 0.950000 0.900000
vt 0.950000 0.100000
vt 0.950000 0.000000
vt 0.950000 0.200000
vt 0.950000 0.300000
vt 0.950000 0.400000
vt 0.950000 0.500000
vt 0.950000 0.600000
vt 0.950000 0.700000
vt 0.950000 0.800000
vt 0.966667 1.000000
vt 0.966667 0.900000
vt 0.966667 0.100000
vt 0.966667 0.000000
vt 0.966667 0.200000
vt 0.966667 0.300000
vt 0.966667 0.400000
vt 0.966667 0.500000
vt 0.966667 0.600000
vt 0.966667 0.700000
vt 0.966667 0.800000
vt 0.983333 1.000000
vt 0.983333 0.900000
vt 0.983333 0.100000
vt 0.983333 0.000000
vt 0.983333 0.200000
vt 0.983333 0.300000
vt 0.983333 0.400000
vt 0.983333 0.500000
vt 0.983333 0.600000
vt 0.983333 0.700000
vt 0.983333 0.800000
vt 1.000000 1.000000
vt 1.000000 0.900000
vt 1.000000 0.100000
vt 1.000000 0.000000
vt 1.000000 0.200000
vt 1.000000 0.300000
vt 1.000000 0.400000
vt 1.000000 0.500000
vt 1.000000 0.600000
vt 1.000000 0.700000
vt 1.000000 0.800000
s 1
usemtl Track
f 701/775/696 711/776/706 720/777/715 710/778/705
f 702/779/697 712/780/707 711/781/706 701/782/696
f 703/783/698 713/784/708 712/780/707 702/779/697
f 704/785/699 714/786/709 713/784/708 703/783/698
f 705/787/700 715/788/710 714/786/709 704/785/699
f 706/789/701 716/790/711 715/788/710 705/787/700
f 707/791/702 717/792/712 716/790/711 706/789/701
f 708/793/703 718/794/713 717/792/712 707/791/702
f 709/795/704 719/796/714 718/794/713 708/793/703
f 710/778/705 720/777/715 719/796/714 709/795/704
f 711/776/706 721/797/716 730/798/725 720/777/715
f 712/780/707 722/799/717 721/800/716 711/781/706
f 713/784/708 723/801/718 722/799/717 712/780/707
f 714/786/709 724/802/719 723/801/718 713/784/708
f 715/788/710 725/803/720 724/802/719 714/786/709
f 716/790/711 726/804/721 725/803/720 715/788/710
f 717/792/712 727/805/722 726/804/721 716/790/711
f 718/794/713 728/806/723 727/805/722 717/792/712
f 719/796/714 729/807/724 728/806/723 718/794/713
f 720/777/715 730/798/725 729/807/724 719/796/714
f 721/797/716 731/808/726 740/809/735 730/798/725
f 722/799/717 732/810/727 731/811/726 721/800/716
f 723/801/718 733/812/728 732/810/727 722/799/717
f 724/802/719 734/813/729 733/812/728 723/801/718
f 725/803/720 735/814/730 734/813/729 724/802/719
f 726/804/721 736/815/731 735/814/730 725/803/720
f 727/805/722 737/816/732 736/815/731 726/804/721
f 728/806/723 738/817/733 737/816/732 727/805/722
f 729/807/724 739/818/734 738/817/733 728/806/723
f 730/798/725 740/809/735 739/818/734 729/807/724
f 731/808/726 741/819/736 750/820/745 740/809/735
f 732/810/727 742/821/737 741/822/736 731/811/726
f 733/812/728 743/823/738 742/821/737 732/810/727
f 734/813/729 744/824/739 743/823/738 733/812/728
f 735/814/730 745/825/740 744/824/739 734/813/729
f 736/815/731 746/826/741 745/825/740 735/814/730
f 737/816/732 747/827/742 746/826/741 736/815/731
f 738/817/733 748/828/743 747/827/742 737/816/732
f 739/818/734 749/829/744 748/828/743 738/817/733
f 740/809/735 750/820/745 749/829/744 739/818/734
f 741/819/736 751/830/746 760/831/755 750/820/745
f 742/821/737 752/832/747 751/833/746 741/822/736
f 743/823/738 753/834/748 752/832/747 742/821/737
f 744/824/739 754/835/749 753/834/748 743/823/738
f 745/825/740 755/836/750 754/835/749 744/824/739
f 746/826/741 756/837/751 755/836/750 745/825/740
f 747/827/742 757/838/752 756/837/751 746/826/741
f 748/828/743 758/839/753 757/838/752 747/827/742
f 749/829/744 759/840/754 758/839/753 748/828/743
f 750/820/745 760/831/755 759/840/754 749/829/744
f 751/830/746 761/841/756 770/842/765 760/831/755
f 752/832/747 762/843/757 761/844/756 751/833/746
f 753/834/748 763/845/758 762/843/757 752/832/747
f 754/835/749 764/846/759 763/845/758 753/834/748
f 755/836/750 765/847/760 764/846/759 754/835/749
f 756/837/751 766/848/761 765/847/760 755/836/750
f 757/838/752 767/849/762 766/848/761 756/837/751
f 758/839/753 768/850/763 767/849/762 757/838/752
f 759/840/754 769/851/764 768/850/763 758/839/753
f 760/831/755 770/842/765 769/851/764 759/840/754
f 761/841/756 771/852/766 780/853/775 770/842/765
f 762/843/757 772/854/767 771/855/766 761/844/756
f 763/845/758 773/856/768 772/854/767 762/843/757
f 764/846/759 774/857/769 773/856/768 763/845/758
f 765/847/760 775/858/770 774/857/769 764/846/759
f 766/848/761 776/859/771 775/858/770 765/847/760
f 767/849/762 777/860/772 776/859/771 766/848/761
f 768/850/763 778/861/773 777/860/772 767/849/762
f 769/851/764 779/862/774 778/861/773 768/850/763
f 770/842/765 780/853/775 779/862/774 769/851/764
f 771/852/766 781/863/776 790/864/785 780/853/775
f 772/854/767 782/865/777 781/866/776 771/855/766
f 773/856/768 783/867/778 782/865/777 772/854/767
f 774/857/769 784/868/779 783/867/778 773/856/768
f 775/858/770 785/869/780 784/868/779 774/857/769
f 776/859/771 786/870/781 785/869/780 775/858/770
f 777/860/772 787/871/782 786/870/781 776/859/771
f 778/861/773 788/872/783 787/871/782 777/860/772
f 779/862/774 789/873/784 788/872/783 778/861/773
f 780/853/775 790/864/785 789/873/784 779/862/774
f 781/863/776 791/874/786 800/875/795 790/864/785
f 782/865/777 792/876/787 791/877/786 781/866/776
f 783/867/778 793/878/788 792/876/787 782/865/777
f 784/868/779 794/879/789 793/878/788 783/867/778
f 785/869/780 795/880/790 794/879/789 784/868/779
f 786/870/781 796/881/791 795/880/790 785/869/780
f 787/871/782 797/882/792 796/881/791 786/870/781
f 788/872/783 798/883/793 797/882/792 787/871/782
f 789/873/784 799/884/794 798/883/793 788/872/783
f 790/864/785 800/875/795 799/884/794 789/873/784
f 791/874/786 801/885/796 810/886/805 800/875/795
f 792/876/787 802/887/797 801/888/796 791/877/786
f 793/878/788 803/889/798 802/887/797 792/876/787
f 794/879/789 804/890/799 803/889/798 793/878/788
f 795/880/790 805/891/800 804/890/799 794/879/789
f 796/881/791 806/892/801 805/891/800 795/880/790
f 797/882/792 807/893/802 806/892/801 796/881/791
f 798/883/793 808/894/803 807/893/802 797/882/792
f 799/884/794 809/895/804 808/894/803 798/883/793
f 800/875/795 810/886/805 809/895/804 799/884/794
f 801/885/796 811/896/806 820/897/815 810/886/805
f 802/887/797 812/898/807 811/899/806 801/888/796
f 803/889/798 813/900/808 812/898/807 802/887/797
f 804/890/799 814/901/809 813/900/808 803/889/798
f 805/891/800 815/902/810 814/901/809 804/890/799
f 806/892/801 816/903/811 815/902/810 805/891/800
f 807/893/802 817/904/812 816/903/811 806/892/801
f 808/894/803 818/905/813 817/904/812 807/893/802
f 809/895/804 819/906/814 818/905/813 808/894/803
f 810/886/805 820/897/815 819/906/814 809/895/804
f 811/896/806 821/907/816 830/908/825 820/897/815
f 812/898/807 822/909/817 821/910/816 811/899/806
f 813/900/808 823/911/818 822/909/817 812/898/807
f 814/901/809 824/912/819 823/911/818 813/900/808
f 815/902/810 825/913/820 824/912/819 814/901/809
f 816/903/811 826/914/821 825/913/820 815/902/810
f 817/904/812 827/915/822 826/914/821 816/903/811
f 818/905/813 828/916/823 827/915/822 817/904/812
f 819/906/814 829/917/824 828/916/823 818/905/813
f 820/897/815 830/908/825 829/917/824 819/906/814
f 821/907/816 831/918/826 840/919/835 830/908/825
f 822/909/817 832/920/827 831/921/826 821/910/816
f 823/911/818 833/922/828 832/920/827 822/909/817
f 824/912/819 834/923/829 833/922/828 823/911/818
f 825/913/820 835/924/830 834/923/829 824/912/819
f 826/914/821 836/925/831 835/924/830 825/913/820
f 827/915/822 837/926/832 836/925/831 826/914/821
f 828/916/823 838/927/833 837/926/832 827/915/822
f 829/917/824 839/928/834 838/927/833 828/916/823
f 830/908/825 840/919/835 839/928/834 829/917/824
f 831/918/826 841/929/836 850/930/845 840/919/835
f 832/920/827 842/931/837 841/932/836 831/921/826
f 833/922/828 843/933/838 842/931/837 832/920/827
f 834/923/829 844/934/839 843/933/838 833/922/828
f 835/924/830 845/935/840 844/934/839 834/923/829
f 836/925/831 846/936/841 845/935/840 835/924/830
f 837/926/832 847/937/842 846/936/841 836/925/831
f 838/927/833 848/938/843 847/937/842 837/926/832
f 839/928/834 849/939/844 848/938/843 838/927/833
f 840/919/835 850/930/845 849/939/844 839/928/834
f 841/929/836 851/940/846 860/941/855 850/930/845
f 842/931/837 852/942/847 851/943/846 841/932/836
f 843/933/838 853/944/848 852/942/847 842/931/837
f 844/934/839 854/945/849 853/944/848 843/933/838
f 845/935/840 855/946/850 854/945/849 844/934/839
f 846/936/841 856/947/851 855/946/850 845/935/840
f 847/937/842 857/948/852 856/947/851 846/936/841
f 848/938/843 858/949/853 857/948/852 847/937/842
f 849/939/844 859/950/854 858/949/853 848/938/843
f 850/930/845 860/941/855 859/950/854 849/939/844
f 851/940/846 861/951/856 870/952/865 860/941/855
f 852/942/847 862/953/857 861/954/856 851/943/846
f 853/944/848 863/955/858 862/953/857 852/942/847
f 854/945/849 864/956/859 863/955/858 853/944/848
f 855/946/850 865/957/860 864/956/859 854/945/849
f 856/947/851 866/958/861 865/957/860 855/946/850
f 857/948/852 867/959/862 866/958/861 856/947/851
f 858/949/853 868/960/863 867/959/862 857/948/852
f 859/950/854 869/961/864 868/960/863 858/949/853
f 860/941/855 870/952/865 869/961/864 859/950/854
f 861/951/856 871/962/866 880/963/875 870/952/865
f 862/953/857 872/964/867 871/965/866 861/954/856
f 863/955/858 873/966/868 872/964/867 862/953/857
f 864/956/859 874/967/869 873/966/868 863/955/858
f 865/957/860 875/968/870 874/967/869 864/956/859
f 866/958/861 876/969/871 875/968/870 865/957/860
f 867/959/862 877/970/872 876/969/871 866/958/861
f 868/960/863 878/971/873 877/970/872 867/959/862
f 869/961/864 879/972/874 878/971/873 868/960/863
f 870/952/865 880/963/875 879/972/874 869/961/864
f 871/962/866 881/973/876 890/974/885 880/963/875
f 872/964/867 882/975/877 881/976/876 871/965/866
f 873/966/868 883/977/878 882/975/877 872/964/867
f 874/967/869 884/978/879 883/977/878 873/966/868
f 875/968/870 885/979/880 884/978/879 874/967/869
f 876/969/871 886/980/881 885/979/880 875/968/870
f 877/970/872 887/981/882 886/980/881 876/969/871
f 878/971/873 888/982/883 887/981/882 877/970/872
f 879/972/874 889/983/884 888/982/883 878/971/873
f 880/963/875 890/974/885 889/983/884 879/972/874
f 881/973/876 891/984/886 900/985/895 890/974/885
f 882/975/877 892/986/887 891/987/886 881/976/876
f 883/977/878 893/988/888 892/986/887 882/975/877
f 884/978/879 894/989/889 893/988/888 883/977/878
f 885/979/880 895/990/890 894/989/889 884/978/879
f 886/980/881 896/991/891 895/990/890 885/979/880
f 887/981/882 897/992/892 896/991/891 886/980/881
f 888/982/883 898/993/893 897/992/892 887/981/882
f 889/983/884 899/994/894 898/993/893 888/982/883
f 890/974/885 900/985/895 899/994/894 889/983/884
f 891/984/886 901/995/896 910/996/905 900/985/895
f 892/986/887 902/997/897 901/998/896 891/987/886
f 893/988/888 903/999/898 902/997/897 892/986/887
f 894/989/889 904/1000/899 903/999/898 893/988/888
f 895/990/890 905/1001/900 904/1000/899 894/989/889
f 896/991/891 906/1002/901 905/1001/900 895/990/890
f 897/992/892 907/1003/902 906/1002/901 896/991/891
f 898/993/893 908/1004/903 907/1003/902 897/992/892
f 899/994/894 909/1005/904 908/1004/903 898/993/893
f 900/985/895 910/996/905 909/1005/904 899/994/894
f 901/995/896 911/1006/906 920/1007/915 910/996/905
f 902/997/897 912/1008/907 911/1009/906 901/998/896
f 903/999/898 913/1010/908 912/1008/907 902/997/897
f 904/1000/899 914/1011/909 913/1010/908 903/999/898
f 905/1001/900 915/1012/910 914/1011/909 904/1000/899
f 906/1002/901 916/1013/911 915/1012/910 905/1001/900
f 907/1003/902 917/1014/912 916/1013/911 906/1002/901
f 908/1004/903 918/1015/913 917/1014/912 907/1003/902
f 909/1005/904 919/1016/914 918/1015/913 908/1004/903
f 910/996/905 920/1007/915 919/1016/914 909/1005/904
f 911/1006/906 921/1017/916 930/1018/925 920/1007/915
f 912/1008/907 922/1019/917 921/1020/916 911/1009/906
f 913/1010/908 923/1021/918 922/1019/917 912/1008/907
f 914/1011/909 924/1022/919 923/1021/918 913/1010/908
f 915/1012/910 925/1023/920 924/1022/919 914/1011/909
f 916/1013/911 926/1024/921 925/1023/920 915/1012/910
f 917/1014/912 927/1025/922 926/1024/921 916/1013/911
f 918/1015/913 928/1026/923 927/1025/922 917/1014/912
f 919/1016/914 929/1027/924 928/1026/923 918/1015/913
f 920/1007/915 930/1018/925 929/1027/924 919/1016/914
f 921/1017/916 931/1028/926 940/1029/935 930/1018/925
f 922/1019/917 932/1030/927 931/1031/926 921/1020/916
f 923/1021/918 933/1032/928 932/1030/927 922/1019/917
f 924/1022/919 934/1033/929 933/1032/928 923/1021/918
f 925/1023/920 935/1034/930 934/1033/929 924/1022/919
f 926/1024/921 936/1035/931 935/1034/930 925/1023/920
f 927/1025/922 937/1036/932 936/1035/931 926/1024/921
f 928/1026/923 938/1037/933 937/1036/932 927/1025/922
f 929/1027/924 939/1038/934 938/1037/933 928/1026/923
f 930/1018/925 940/1029/935 939/1038/934 929/1027/924
f 931/1028/926 941/1039/936 950/1040/945 940/1029/935
f 932/1030/927 942/1041/937 941/1042/936 931/1031/926
f 933/1032/928 943/1043/938 942/1041/937 932/1030/927
f 934/1033/929 944/1044/939 943/1043/938 933/1032/928
f 935/1034/930 945/1045/940 944/1044/939 934/1033/929
f 936/1035/931 946/1046/941 945/1045/940 935/1034/930
f 937/1036/932 947/1047/942 946/1046/941 936/1035/931
f 938/1037/933 948/1048/943 947/1047/942 937/1036/932
f 939/1038/934 949/1049/944 948/1048/943 938/1037/933
f 940/1029/935 950/1040/945 949/1049/944 939/1038/934
f 941/1039/936 951/1050/946 960/1051/955 950/1040/945
f 942/1041/937 952/1052/947 951/1053/946 941/1042/936
f 943/1043/938 953/1054/948 952/1052/947 942/1041/937
f 944/1044/939 954/1055/949 953/1054/948 943/1043/938
f 945/1045/940 955/1056/950 954/1055/949 944/1044/939
f 946/1046/941 956/1057/951 955/1056/950 945/1045/940
f 947/1047/942 957/1058/952 956/1057/951 946/1046/941
f 948/1048/943 958/1059/953 957/1058/952 947/1047/942
f 949/1049/944 959/1060/954 958/1059/953 948/1048/943
f 950/1040/945 960/1051/955 959/1060/954 949/1049/944
f 951/1050/946 961/1061/956 970/1062/965 960/1051/955
f 952/1052/947 962/1063/957 961/1064/956 951/1053/946
f 953/1054/948 963/1065/958 962/1063/957 952/1052/947
f 954/1055/949 964/1066/959 963/1065/958 953/1054/948
f 955/1056/950 965/1067/960 964/1066/959 954/1055/949
f 956/1057/951 966/1068/961 965/1067/960 955/1056/950
f 957/1058/952 967/1069/962 966/1068/961 956/1057/951
f 958/1059/953 968/1070/963 967/1069/962 957/1058/952
f 959/1060/954 969/1071/964 968/1070/963 958/1059/953
f 960/1051/955 970/1062/965 969/1071/964 959/1060/954
f 961/1061/956 971/1072/966 980/1073/975 970/1062/965
f 962/1063/957 972/1074/967 971/1075/966 961/1064/956
f 963/1065/958 973/1076/968 972/1074/967 962/1063/957
f 964/1066/959 974/1077/969 973/1076/968 963/1065/958
f 965/1067/960 975/1078/970 974/1077/969 964/1066/959
f 966/1068/961 976/1079/971 975/1078/970 965/1067/960
f 967/1069/962 977/1080/972 976/1079/971 966/1068/961
f 968/1070/963 978/1081/973 977/1080/972 967/1069/962
f 969/1071/964 979/1082/974 978/1081/973 968/1070/963
f 970/1062/965 980/1073/975 979/1082/974 969/1071/964
f 971/1072/966 981/1083/976 990/1084/985 980/1073/975
f 972/1074/967 982/1085/977 981/1086/976 971/1075/966
f 973/1076/968 983/1087/978 982/1085/977 972/1074/967
f 974/1077/969 984/1088/979 983/1087/978 973/1076/968
f 975/1078/970 985/1089/980 984/1088/979 974/1077/969
f 976/1079/971 986/1090/981 985/1089/980 975/1078/970
f 977/1080/972 987/1091/982 986/1090/981 976/1079/971
f 978/1081/973 988/1092/983 987/1091/982 977/1080/972
f 979/1082/974 989/1093/984 988/1092/983 978/1081/973
f 980/1073/975 990/1084/985 989/1093/984 979/1082/974
f 981/1083/976 991/1094/986 1000/1095/995 990/1084/985
f 982/1085/977 992/1096/987 991/1097/986 981/1086/976
f 983/1087/978 993/1098/988 992/1096/987 982/1085/977
f 984/1088/979 994/1099/989 993/1098/988 983/1087/978
f 985/1089/980 995/1100/990 994/1099/989 984/1088/979
f 986/1090/981 996/1101/991 995/1100/990 985/1089/980
f 987/1091/982 997/1102/992 996/1101/991 986/1090/981
f 988/1092/983 998/1103/993 997/1102/992 987/1091/982
f 989/1093/984 999/1104/994 998/1103/993 988/1092/983
f 990/1084/985 1000/1095/995 999/1104/994 989/1093/984
f 991/1094/986 1001/1105/996 1010/1106/700 1000/1095/995
f 992/1096/987 1002/1107/997 1001/1108/996 991/1097/986
f 993/1098/988 1003/1109/998 1002/1107/997 992/1096/987
f 994/1099/989 1004/1110/999 1003/1109/998 993/1098/988
f 995/1100/990 1005/1111/705 1004/1110/999 994/1099/989
f 996/1101/991 1006/1112/1000 1005/1111/705 995/1100/990
f 997/1102/992 1007/1113/1001 1006/1112/1000 996/1101/991
f 998/1103/993 1008/1114/1002 1007/1113/1001 997/1102/992
f 999/1104/994 1009/1115/1003 1008/1114/1002 998/1103/993
f 1000/1095/995 1010/1106/700 1009/1115/1003 999/1104/994
f 1001/1105/996 1011/1116/1004 1020/1117/1013 1010/1106/700
f 1002/1107/997 1012/1118/1005 1011/1119/1004 1001/1108/996
f 1003/1109/998 1013/1120/1006 1012/1118/1005 1002/1107/997
f 1004/1110/999 1014/1121/1007 1013/1120/1006 1003/1109/998
f 1005/1111/705 1015/1122/1008 1014/1121/1007 1004/1110/999
f 1006/1112/1000 1016/1123/1009 1015/1122/1008 1005/1111/705
f 1007/1113/1001 1017/1124/1010 1016/1123/1009 1006/1112/1000
f 1008/1114/1002 1018/1125/1011 1017/1124/1010 1007/1113/1001
f 1009/1115/1003 1019/1126/1012 1018/1125/1011 1008/1114/1002
f 1010/1106/700 1020/1117/1013 1019/1126/1012 1009/1115/1003
f 1011/1116/1004 1021/1127/1014 1030/1128/1023 1020/1117/1013
f 1012/1118/1005 1022/1129/1015 1021/1130/1014 1011/1119/1004
f 1013/1120/1006 1023/1131/1016 1022/1129/1015 1012/1118/1005
f 1014/1121/1007 1024/1132/1017 1023/1131/1016 1013/1120/1006
f 1015/1122/1008 1025/1133/1018 1024/1132/1017 1014/1121/1007
f 1016/1123/1009 1026/1134/1019 1025/1133/1018 1015/1122/1008
f 1017/1124/1010 1027/1135/1020 1026/1134/1019 1016/1123/1009
f 1018/1125/1011 1028/1136/1021 1027/1135/1020 1017/1124/1010
f 1019/1126/1012 1029/1137/1022 1028/1136/1021 1018/1125/1011
f 1020/1117/1013 1030/1128/1023 1029/1137/1022 1019/1126/1012
f 1021/1127/1014 1031/1138/1024 1040/1139/1033 1030/1128/1023
f 1022/1129/1015 1032/1140/1025 1031/1141/1024 1021/1130/1014
f 1023/1131/1016 1033/1142/1026 1032/1140/1025 1022/1129/1015
f 1024/1132/1017 1034/1143/1027 1033/1142/1026 1023/1131/1016
f 1025/1133/1018 1035/1144/1028 1034/1143/1027 1024/1132/1017
f 1026/1134/1019 1036/1145/1029 1035/1144/1028 1025/1133/1018
f 1027/1135/1020 1037/1146/1030 1036/1145/1029 1026/1134/1019
f 1028/1136/1021 1038/1147/1031 1037/1146/1030 1027/1135/1020
f 1029/1137/1022 1039/1148/1032 1038/1147/1031 1028/1136/1021
f 1030/1128/1023 1040/1139/1033 1039/1148/1032 1029/1137/1022
f 1031/1138/1024 1041/1149/1034 1050/1150/1043 1040/1139/1033
f 1032/1140/1025 1042/1151/1035 1041/1152/1034 1031/1141/1024
f 1033/1142/1026 1043/1153/1036 1042/1151/1035 1032/1140/1025
f 1034/1143/1027 1044/1154/1037 1043/1153/1036 1033/1142/1026
f 1035/1144/1028 1045/1155/1038 1044/1154/1037 1034/1143/1027
f 1036/1145/1029 1046/1156/1039 1045/1155/1038 1035/1144/1028
f 1037/1146/1030 1047/1157/1040 1046/1156/1039 1036/1145/1029
f 1038/1147/1031 1048/1158/1041 1047/1157/1040 1037/1146/1030
f 1039/1148/1032 1049/1159/1042 1048/1158/1041 1038/1147/1031
f 1040/1139/1033 1050/1150/1043 1049/1159/1042 1039/1148/1032
f 1041/1149/1034 1051/1160/1044 1060/1161/1053 1050/1150/1043
f 1042/1151/1035 1052/1162/1045 1051/1163/1044 1041/1152/1034
f 1043/1153/1036 1053/1164/1046 1052/1162/1045 1042/1151/1035
f 1044/1154/1037 1054/1165/1047 1053/1164/1046 1043/1153/1036
f 1045/1155/1038 1055/1166/1048 1054/1165/1047 1044/1154/1037
f 1046/1156/1039 1056/1167/1049 1055/1166/1048 1045/1155/1038
f 1047/1157/1040 1057/1168/1050 1056/1167/1049 1046/1156/1039
f 1048/1158/1041 1058/1169/1051 1057/1168/1050 1047/1157/1040
f 1049/1159/1042 1059/1170/1052 1058/1169/1051 1048/1158/1041
f 1050/1150/1043 1060/1161/1053 1059/1170/1052 1049/1159/1042
f 1051/1160/1044 1061/1171/1054 1070/1172/1063 1060/1161/1053
f 1052/1162/1045 1062/1173/1055 1061/1174/1054 1051/1163/1044
f 1053/1164/1046 1063/1175/1056 1062/1173/1055 1052/1162/1045
f 1054/1165/1047 1064/1176/1057 1063/1175/1056 1053/1164/1046
f 1055/1166/1048 1065/1177/1058 1064/1176/1057 1054/1165/1047
f 1056/1167/1049 1066/1178/1059 1065/1177/1058 1055/1166/1048
f 1057/1168/1050 1067/1179/1060 1066/1178/1059 1056/1167/1049
f 1058/1169/1051 1068/1180/1061 1067/1179/1060 1057/1168/1050
f 1059/1170/1052 1069/1181/1062 1068/1180/1061 1058/1169/1051
f 1060/1161/1053 1070/1172/1063 1069/1181/1062 1059/1170/1052
f 1061/1171/1054 1071/1182/1064 1080/1183/1073 1070/1172/1063
f 1062/1173/1055 1072/1184/1065 1071/1185/1064 1061/1174/1054
f 1063/1175/1056 1073/1186/1066 1072/1184/1065 1062/1173/1055
f 1064/1176/1057 1074/1187/1067 1073/1186/1066 1063/1175/1056
f 1065/1177/1058 1075/1188/1068 1074/1187/1067 1064/1176/1057
f 1066/1178/1059 1076/1189/1069 1075/1188/1068 1065/1177/1058
f 1067/1179/1060 1077/1190/1070 1076/1189/1069 1066/1178/1059
f 1068/1180/1061 1078/1191/1071 1077/1190/1070 1067/1179/1060
f 1069/1181/1062 1079/1192/1072 1078/1191/1071 1068/1180/1061
f 1070/1172/1063 1080/1183/1073 1079/1192/1072 1069/1181/1062
f 1071/1182/1064 1081/1193/1074 1090/1194/1083 1080/1183/1073
f 1072/1184/1065 1082/1195/1075 1081/1196/1074 1071/1185/1064
f 1073/1186/1066 1083/1197/1076 1082/1195/1075 1072/1184/1065
f 1074/1187/1067 1084/1198/1077 1083/1197/1076 1073/1186/1066
f 1075/1188/1068 1085/1199/1078 1084/1198/1077 1074/1187/1067
f 1076/1189/1069 1086/1200/1079 1085/1199/1078 1075/1188/1068
f 1077/1190/1070 1087/1201/1080 1086/1200/1079 1076/1189/1069
f 1078/1191/1071 1088/1202/1081 1087/1201/1080 1077/1190/1070
f 1079/1192/1072 1089/1203/1082 1088/1202/1081 1078/1191/1071
f 1080/1183/1073 1090/1194/1083 1089/1203/1082 1079/1192/1072
f 1081/1193/1074 1091/1204/1084 1100/1205/1093 1090/1194/1083
f 1082/1195/1075 1092/1206/1085 1091/1207/1084 1081/1196/1074
f 1083/1197/1076 1093/1208/1086 1092/1206/1085 1082/1195/1075
f 1084/1198/1077 1094/1209/1087 1093/1208/1086 1083/1197/1076
f 1085/1199/1078 1095/1210/1088 1094/1209/1087 1084/1198/1077
f 1086/1200/1079 1096/1211/1089 1095/1210/1088 1085/1199/1078
f 1087/1201/1080 1097/1212/1090 1096/1211/1089 1086/1200/1079
f 1088/1202/1081 1098/1213/1091 1097/1212/1090 1087/1201/1080
f 1089/1203/1082 1099/1214/1092 1098/1213/1091 1088/1202/1081
f 1090/1194/1083 1100/1205/1093 1099/1214/1092 1089/1203/1082
f 1091/1204/1084 1101/1215/1094 1110/1216/1103 1100/1205/1093
f 1092/1206/1085 1102/1217/1095 1101/1218/1094 1091/1207/1084
f 1093/1208/1086 1103/1219/1096 1102/1217/1095 1092/1206/1085
f 1094/1209/1087 1104/1220/1097 1103/1219/1096 1093/1208/1086
f 1095/1210/1088 1105/1221/1098 1104/1220/1097 1094/1209/1087
f 1096/1211/1089 1106/1222/1099 1105/1221/1098 1095/1210/1088
f 1097/1212/1090 1107/1223/1100 1106/1222/1099 1096/1211/1089
f 1098/1213/1091 1108/1224/1101 1107/1223/1100 1097/1212/1090
f 1099/1214/1092 1109/1225/1102 1108/1224/1101 1098/1213/1091
f 1100/1205/1093 1110/1216/1103 1109/1225/1102 1099/1214/1092
f 1101/1215/1094 1111/1226/1104 1120/1227/1113 1110/1216/1103
f 1102/1217/1095 1112/1228/1105 1111/1229/1104 1101/1218/1094
f 1103/1219/1096 1113/1230/1106 1112/1228/1105 1102/1217/1095
f 1104/1220/1097 1114/1231/1107 1113/1230/1106 1103/1219/1096
f 1105/1221/1098 1115/1232/1108 1114/1231/1107 1104/1220/1097
f 1106/1222/1099 1116/1233/1109 1115/1232/1108 1105/1221/1098
f 1107/1223/1100 1117/1234/1110 1116/1233/1109 1106/1222/1099
f 1108/1224/1101 1118/1235/1111 1117/1234/1110 1107/1223/1100
f 1109/1225/1102 1119/1236/1112 1118/1235/1111 1108/1224/1101
f 1110/1216/1103 1120/1227/1113 1119/1236/1112 1109/1225/1102
f 1111/1226/1104 1121/1237/1114 1130/1238/1123 1120/1227/1113
f 1112/1228/1105 1122/1239/1115 1121/1240/1114 1111/1229/1104
f 1113/1230/1106 1123/1241/1116 1122/1239/1115 1112/1228/1105
f 1114/1231/1107 1124/1242/1117 1123/1241/1116 1113/1230/1106
f 1115/1232/1108 1125/1243/1118 1124/1242/1117 1114/1231/1107
f 1116/1233/1109 1126/1244/1119 1125/1243/1118 1115/1232/1108
f 1117/1234/1110 1127/1245/1120 1126/1244/1119 1116/1233/1109
f 1118/1235/1111 1128/1246/1121 1127/1245/1120 1117/1234/1110
f 1119/1236/1112 1129/1247/1122 1128/1246/1121 1118/1235/1111
f 1120/1227/1113 1130/1238/1123 1129/1247/1122 1119/1236/1112
f 1121/1237/1114 1131/1248/1124 1140/1249/1133 1130/1238/1123
f 1122/1239/1115 1132/1250/1125 1131/1251/1124 1121/1240/1114
f 1123/1241/1116 1133/1252/1126 1132/1250/1125 1122/1239/1115
f 1124/1242/1117 1134/1253/1127 1133/1252/1126 1123/1241/1116
f 1125/1243/1118 1135/1254/1128 1134/1253/1127 1124/1242/1117
f 1126/1244/1119 1136/1255/1129 1135/1254/1128 1125/1243/1118
f 1127/1245/1120 1137/1256/1130 1136/1255/1129 1126/1244/1119
f 1128/1246/1121 1138/1257/1131 1137/1256/1130 1127/1245/1120
f 1129/1247/1122 1139/1258/1132 1138/1257/1131 1128/1246/1121
f 1130/1238/1123 1140/1249/1133 1139/1258/1132 1129/1247/1122
f 1131/1248/1124 1141/1259/1134 1150/1260/1143 1140/1249/1133
f 1132/1250/1125 1142/1261/1135 1141/1262/1134 1131/1251/1124
f 1133/1252/1126 1143/1263/1136 1142/1261/1135 1132/1250/1125
f 1134/1253/1127 1144/1264/1137 1143/1263/1136 1133/1252/1126
f 1135/1254/1128 1145/1265/1138 1144/1264/1137 1134/1253/1127
f 1136/1255/1129 1146/1266/1139 1145/1265/1138 1135/1254/1128
f 1137/1256/1130 1147/1267/1140 1146/1266/1139 1136/1255/1129
f 1138/1257/1131 1148/1268/1141 1147/1267/1140 1137/1256/1130
f 1139/1258/1132 1149/1269/1142 1148/1268/1141 1138/1257/1131
f 1140/1249/1133 1150/1260/1143 1149/1269/1142 1139/1258/1132
f 1141/1259/1134 1151/1270/1144 1160/1271/1153 1150/1260/1143
f 1142/1261/1135 1152/1272/1145 1151/1273/1144 1141/1262/1134
f 1143/1263/1136 1153/1274/1146 1152/1272/1145 1142/1261/1135
f 1144/1264/1137 1154/1275/1147 1153/1274/1146 1143/1263/1136
f 1145/1265/1138 1155/1276/1148 1154/1275/1147 1144/1264/1137
f 1146/1266/1139 1156/1277/1149 1155/1276/1148 1145/1265/1138
f 1147/1267/1140 1157/1278/1150 1156/1277/1149 1146/1266/1139
f 1148/1268/1141 1158/1279/1151 1157/1278/1150 1147/1267/1140
f 1149/1269/1142 1159/1280/1152 1158/1279/1151 1148/1268/1141
f 1150/1260/1143 1160/1271/1153 1159/1280/1152 1149/1269/1142
f 1151/1270/1144 1161/1281/1154 1170/1282/1163 1160/1271/1153
f 1152/1272/1145 1162/1283/1155 1161/1284/1154 1151/1273/1144
f 1153/1274/1146 1163/1285/1156 1162/1283/1155 1152/1272/1145
f 1154/1275/1147 1164/1286/1157 1163/1285/1156 1153/1274/1146
f 1155/1276/1148 1165/1287/1158 1164/1286/1157 1154/1275/1147
f 1156/1277/1149 1166/1288/1159 1165/1287/1158 1155/1276/1148
f 1157/1278/1150 1167/1289/1160 1166/1288/1159 1156/1277/1149
f 1158/1279/1151 1168/1290/1161 1167/1289/1160 1157/1278/1150
f 1159/1280/1152 1169/1291/1162 1168/1290/1161 1158/1279/1151
f 1160/1271/1153 1170/1282/1163 1169/1291/1162 1159/1280/1152
f 1161/1281/1154 1171/1292/1164 1180/1293/1173 1170/1282/1163
f 1162/1283/1155 1172/1294/1165 1171/1295/1164 1161/1284/1154
f 1163/1285/1156 1173/1296/1166 1172/1294/1165 1162/1283/1155
f 1164/1286/1157 1174/1297/1167 1173/1296/1166 1163/1285/1156
f 1165/1287/1158 1175/1298/1168 1174/1297/1167 1164/1286/1157
f 1166/1288/1159 1176/1299/1169 1175/1298/1168 1165/1287/1158
f 1167/1289/1160 1177/1300/1170 1176/1299/1169 1166/1288/1159
f 1168/1290/1161 1178/1301/1171 1177/1300/1170 1167/1289/1160
f 1169/1291/1162 1179/1302/1172 1178/1301/1171 1168/1290/1161
f 1170/1282/1163 1180/1293/1173 1179/1302/1172 1169/1291/1162
f 1171/1292/1164 1181/1303/1174 1190/1304/1183 1180/1293/1173
f 1172/1294/1165 1182/1305/1175 1181/1306/1174 1171/1295/1164
f 1173/1296/1166 1183/1307/1176 1182/1305/1175 1172/1294/1165
f 1174/1297/1167 1184/1308/1177 1183/1307/1176 1173/1296/1166
f 1175/1298/1168 1185/1309/1178 1184/1308/1177 1174/1297/1167
f 1176/1299/1169 1186/1310/1179 1185/1309/1178 1175/1298/1168
f 1177/1300/1170 1187/1311/1180 1186/1310/1179 1176/1299/1169
f 1178/1301/1171 1188/1312/1181 1187/1311/1180 1177/1300/1170
f 1179/1302/1172 1189/1313/1182 1188/1312/1181 1178/1301/1171
f 1180/1293/1173 1190/1304/1183 1189/1313/1182 1179/1302/1172
f 1181/1303/1174 1191/1314/1184 1200/1315/1193 1190/1304/1183
f 1182/1305/1175 1192/1316/1185 1191/1317/1184 1181/1306/1174
f 1183/1307/1176 1193/1318/1186 1192/1316/1185 1182/1305/1175
f 1184/1308/1177 1194/1319/1187 1193/1318/1186 1183/1307/1176
f 1185/1309/1178 1195/1320/1188 1194/1319/1187 1184/1308/1177
f 1186/1310/1179 1196/1321/1189 1195/1320/1188 1185/1309/1178
f 1187/1311/1180 1197/1322/1190 1196/1321/1189 1186/1310/1179
f 1188/1312/1181 1198/1323/1191 1197/1322/1190 1187/1311/1180
f 1189/1313/1182 1199/1324/1192 1198/1323/1191 1188/1312/1181
f 1190/1304/1183 1200/1315/1193 1199/1324/1192 1189/1313/1182
f 1191/1314/1184 1201/1325/1194 1210/1326/1203 1200/1315/1193
f 1192/1316/1185 1202/1327/1195 1201/1328/1194 1191/1317/1184
f 1193/1318/1186 1203/1329/1196 1202/1327/1195 1192/1316/1185
f 1194/1319/1187 1204/1330/1197 1203/1329/1196 1193/1318/1186
f 1195/1320/1188 1205/1331/1198 1204/1330/1197 1194/1319/1187
f 1196/1321/1189 1206/1332/1199 1205/1331/1198 1195/1320/1188
f 1197/1322/1190 1207/1333/1200 1206/1332/1199 1196/1321/1189
f 1198/1323/1191 1208/1334/1201 1207/1333/1200 1197/1322/1190
f 1199/1324/1192 1209/1335/1202 1208/1334/1201 1198/1323/1191
f 1200/1315/1193 1210/1326/1203 1209/1335/1202 1199/1324/1192
f 1201/1325/1194 1211/1336/1204 1220/1337/1213 1210/1326/1203
f 1202/1327/1195 1212/1338/1205 1211/1339/1204 1201/1328/1194
f 1203/1329/1196 1213/1340/1206 1212/1338/1205 1202/1327/1195
f 1204/1330/1197 1214/1341/1207 1213/1340/1206 1203/1329/1196
f 1205/1331/1198 1215/1342/1208 1214/1341/1207 1204/1330/1197
f 1206/1332/1199 1216/1343/1209 1215/1342/1208 1205/1331/1198
f 1207/1333/1200 1217/1344/1210 1216/1343/1209 1206/1332/1199
f 1208/1334/1201 1218/1345/1211 1217/1344/1210 1207/1333/1200
f 1209/1335/1202 1219/1346/1212 1218/1345/1211 1208/1334/1201
f 1210/1326/1203 1220/1337/1213 1219/1346/1212 1209/1335/1202
f 1211/1336/1204 1221/1347/1214 1230/1348/1223 1220/1337/1213
f 1212/1338/1205 1222/1349/1215 1221/1350/1214 1211/1339/1204
f 1213/1340/1206 1223/1351/1216 1222/1349/1215 1212/1338/1205
f 1214/1341/1207 1224/1352/1217 1223/1351/1216 1213/1340/1206
f 1215/1342/1208 1225/1353/1218 1224/1352/1217 1214/1341/1207
f 1216/1343/1209 1226/1354/1219 1225/1353/1218 1215/1342/1208
f 1217/1344/1210 1227/1355/1220 1226/1354/1219 1216/1343/1209
f 1218/1345/1211 1228/1356/1221 1227/1355/1220 1217/1344/1210
f 1219/1346/1212 1229/1357/1222 1228/1356/1221 1218/1345/1211
f 1220/1337/1213 1230/1348/1223 1229/1357/1222 1219/1346/1212
f 1221/1347/1214 1231/1358/1224 1240/1359/1233 1230/1348/1223
f 1222/1349/1215 1232/1360/1225 1231/1361/1224 1221/1350/1214
f 1223/1351/1216 1233/1362/1226 1232/1360/1225 1222/1349/1215
f 1224/1352/1217 1234/1363/1227 1233/1362/1226 1223/1351/1216
f 1225/1353/1218 1235/1364/1228 1234/1363/1227 1224/1352/1217
f 1226/1354/1219 1236/1365/1229 1235/1364/1228 1225/1353/1218
f 1227/1355/1220 1237/1366/1230 1236/1365/1229 1226/1354/1219
f 1228/1356/1221 1238/1367/1231 1237/1366/1230 1227/1355/1220
f 1229/1357/1222 1239/1368/1232 1238/1367/1231 1228/1356/1221
f 1230/1348/1223 1240/1359/1233 1239/1368/1232 1229/1357/1222
f 1231/1358/1224 1241/1369/1234 1250/1370/1243 1240/1359/1233
f 1232/1360/1225 1242/1371/1235 1241/1372/1234 1231/1361/1224
f 1233/1362/1226 1243/1373/1236 1242/1371/1235 1232/1360/1225
f 1234/1363/1227 1244/1374/1237 1243/1373/1236 1233/1362/1226
f 1235/1364/1228 1245/1375/1238 1244/1374/1237 1234/1363/1227
f 1236/1365/1229 1246/1376/1239 1245/1375/1238 1235/1364/1228
f 1237/1366/1230 1247/1377/1240 1246/1376/1239 1236/1365/1229
f 1238/1367/1231 1248/1378/1241 1247/1377/1240 1237/1366/1230
f 1239/1368/1232 1249/1379/1242 1248/1378/1241 1238/1367/1231
f 1240/1359/1233 1250/1370/1243 1249/1379/1242 1239/1368/1232
f 1241/1369/1234 1251/1380/1244 1260/1381/1253 1250/1370/1243
f 1242/1371/1235 1252/1382/1245 1251/1383/1244 1241/1372/1234
f 1243/1373/1236 1253/1384/1246 1252/1382/1245 1242/1371/1235
f 1244/1374/1237 1254/1385/1247 1253/1384/1246 1243/1373/1236
f 1245/1375/1238 1255/1386/1248 1254/1385/1247 1244/1374/1237
f 1246/1376/1239 1256/1387/1249 1255/1386/1248 1245/1375/1238
f 1247/1377/1240 1257/1388/1250 1256/1387/1249 1246/1376/1239
f 1248/1378/1241 1258/1389/1251 1257/1388/1250 1247/1377/1240
f 1249/1379/1242 1259/1390/1252 1258/1389/1251 1248/1378/1241
f 1250/1370/1243 1260/1381/1253 1259/1390/1252 1249/1379/1242
f 1251/1380/1244 1261/1391/1254 1270/1392/1263 1260/1381/1253
f 1252/1382/1245 1262/1393/1255 1261/1394/1254 1251/1383/1244
f 1253/1384/1246 1263/1395/1256 1262/1393/1255 1252/1382/1245
f 1254/1385/1247 1264/1396/1257 1263/1395/1256 1253/1384/1246
f 1255/1386/1248 1265/1397/1258 1264/1396/1257 1254/1385/1247
f 1256/1387/1249 1266/1398/1259 1265/1397/1258 1255/1386/1248
f 1257/1388/1250 1267/1399/1260 1266/1398/1259 1256/1387/1249
f 1258/1389/1251 1268/1400/1261 1267/1399/1260 1257/1388/1250
f 1259/1390/1252 1269/1401/1262 1268/1400/1261 1258/1389/1251
f 1260/1381/1253 1270/1392/1263 1269/1401/1262 1259/1390/1252
f 1261/1391/1254 1271/1402/1264 1280/1403/1273 1270/1392/1263
f 1262/1393/1255 1272/1404/1265 1271/1405/1264 1261/1394/1254
f 1263/1395/1256 1273/1406/1266 1272/1404/1265 1262/1393/1255
f 1264/1396/1257 1274/1407/1267 1273/1406/1266 1263/1395/1256
f 1265/1397/1258 1275/1408/1268 1274/1407/1267 1264/1396/1257
f 1266/1398/1259 1276/1409/1269 1275/1408/1268 1265/1397/1258
f 1267/1399/1260 1277/1410/1270 1276/1409/1269 1266/1398/1259
f 1268/1400/1261 1278/1411/1271 1277/1410/1270 1267/1399/1260
f 1269/1401/1262 1279/1412/1272 1278/1411/1271 1268/1400/1261
f 1270/1392/1263 1280/1403/1273 1279/1412/1272 1269/1401/1262
f 1271/1402/1264 1281/1413/1274 1290/1414/1283 1280/1403/1273
f 1272/1404/1265 1282/1415/1275 1281/1416/1274 1271/1405/1264
f 1273/1406/1266 1283/1417/1276 1282/1415/1275 1272/1404/1265
f 1274/1407/1267 1284/1418/1277 1283/1417/1276 1273/1406/1266
f 1275/1408/1268 1285/1419/1278 1284/1418/1277 1274/1407/1267
f 1276/1409/1269 1286/1420/1279 1285/1419/1278 1275/1408/1268
f 1277/1410/1270 1287/1421/1280 1286/1420/1279 1276/1409/1269
f 1278/1411/1271 1288/1422/1281 1287/1421/1280 1277/1410/1270
f 1279/1412/1272 1289/1423/1282 1288/1422/1281 1278/1411/1271
f 1280/1403/1273 1290/1414/1283 1289/1423/1282 1279/1412/1272
f 1281/1413/1274 1291/1424/1284 1300/1425/1293 1290/1414/1283
f 1282/1415/1275 1292/1426/1285 1291/1427/1284 1281/1416/1274
f 1283/1417/1276 1293/1428/1286 1292/1426/1285 1282/1415/1275
f 1284/1418/1277 1294/1429/1287 1293/1428/1286 1283/1417/1276
f 1285/1419/1278 1295/1430/1288 1294/1429/1287 1284/1418/1277
f 1286/1420/1279 1296/1431/1289 1295/1430/1288 1285/1419/1278
f 1287/1421/1280 1297/1432/1290 1296/1431/1289 1286/1420/1279
f 1288/1422/1281 1298/1433/1291 1297/1432/1290 1287/1421/1280
f 1289/1423/1282 1299/1434/1292 1298/1433/1291 1288/1422/1281
f 1290/1414/1283 1300/1425/1293 1299/1434/1292 1289/1423/1282
f 1291/1424/1284 701/1435/696 710/1436/705 1300/1425/1293
f 1292/1426/1285 702/1437/697 701/1438/696 1291/1427/1284
f 1293/1428/1286 703/1439/698 702/1437/697 1292/1426/1285
f 1294/1429/1287 704/1440/699 703/1439/698 1293/1428/1286
f 1295/1430/1288 705/1441/700 704/1440/699 1294/1429/1287
f 1296/1431/1289 706/1442/701 705/1441/700 1295/1430/1288
f 1297/1432/1290 707/1443/702 706/1442/701 1296/1431/1289
f 1298/1433/1291 708/1444/703 707/1443/702 1297/1432/1290
f 1299/1434/1292 709/1445/704 708/1444/703 1298/1433/1291
f 1300/1425/1293 710/1436/705 709/1445/704 1299/1434/1292
o StartPad
v 8.900000 -1.059876 0.000000
v 8.900000 -1.100000 0.040000
v 8.900000 -1.088248 0.011716
v 8.900000 -1.059876 0.120000
v 8.900000 -1.100000 0.080000
v 8.900000 -1.088248 0.108284
v 8.734199 -1.046828 0.000000
v 8.727921 -1.086457 0.040000
v 8.729760 -1.074850 0.011716
v 8.734199 -1.046828 0.120000
v 8.727921 -1.086457 0.080000
v 8.729760 -1.074850 0.108284
v 8.572480 -1.008003 0.000000
v 8.560081 -1.046162 0.040000
v 8.563712 -1.034986 0.011716
v 8.572480 -1.008003 0.120000
v 8.560081 -1.046162 0.080000
v 8.563712 -1.034986 0.108284
v 8.418826 -0.944357 0.000000
v 8.400610 -0.980107 0.040000
v 8.405945 -0.969636 0.011716
v 8.418826 -0.944357 0.120000
v 8.400610 -0.980107 0.080000
v 8.405945 -0.969636 0.108284
v 8.277020 -0.857458 0.000000
v 8.253436 -0.889919 0.040000
v 8.260344 -0.880411 0.011716
v 8.277020 -0.857458 0.120000
v 8.253436 -0.889919 0.080000
v 8.260344 -0.880411 0.108284
v 8.150554 -0.749446 0.000000
v 8.122182 -0.777817 0.040000
v 8.130492 -0.769508 0.011716
v 8.150554 -0.749446 0.120000
v 8.122182 -0.777817 0.080000
v 8.130492 -0.769508 0.108284
v 8.042542 -0.622980 0.000000
v 8.010081 -0.646564 0.040000
v 8.019588 -0.639656 0.011716
v 8.042542 -0.622980 0.120000
v 8.010081 -0.646564 0.080000
v 8.019588 -0.639656 0.108284
v 7.955643 -0.481174 0.000000
v 7.919892 -0.499390 0.040000
v 7.930364 -0.494054 0.011716
v 7.955643 -0.481174 0.120000
v 7.919892 -0.499390 0.080000
v 7.930364 -0.494054 0.108284
v 7.891997 -0.327519 0.000000
v 7.853837 -0.339919 0.040000
v 7.865014 -0.336287 0.011716
v 7.891997 -0.327519 0.120000
v 7.853837 -0.339919 0.080000
v 7.865014 -0.336287 0.108284
v 7.853172 -0.165801 0.000000
v 7.813542 -0.172078 0.040000
v 7.825150 -0.170240 0.011716
v 7.853172 -0.165801 0.120000
v 7.813542 -0.172078 0.080000
v 7.825150 -0.170240 0.108284
v 7.840123 -0.000000 0.000000
v 7.800000 -0.000000 0.040000
v 7.811751 -0.000000 0.011716
v 7.840123 -0.000000 0.120000
v 7.800000 -0.000000 0.080000
v 7.811751 -0.000000 0.108284
v 7.853172 0.165801 0.000000
v 7.813542 0.172078 0.040000
v 7.825150 0.170240 0.011716
v 7.853172 0.165801 0.120000
v 7.813542 0.172078 0.080000
v 7.825150 0.170240 0.108284
v 7.891997 0.327519 0.000000
v 7.853837 0.339919 0.040000
v 7.865014 0.336287 0.011716
v 7.891997 0.327519 0.120000
v 7.853837 0.339919 0.080000
v 7.865014 0.336287 0.108284
v 7.955643 0.481174 0.000000
v 7.919892 0.499390 0.040000
v 7.930364 0.494054 0.011716
v 7.955643 0.481174 0.120000
v 7.919892 0.499390 0.080000
v 7.930364 0.494054 0.108284
v 8.042542 0.622980 0.000000
v 8.010081 0.646564 0.040000
v 8.019588 0.639656 0.011716
v 8.042542 0.622980 0.120000
v 8.010081 0.646564 0.080000
v 8.019588 0.639656 0.108284
v 8.150554 0.749446 0.000000
v 8.122182 0.777817 0.040000
v 8.130492 0.769508 0.011716
v 8.150554 0.749446 0.120000
v 8.122182 0.777817 0.080000
v 8.130492 0.769508 0.108284
v 8.277020 0.857458 0.000000
v 8.253436 0.889919 0.040000
v 8.260344 0.880411 0.011716
v 8.277020 0.857458 0.120000
v 8.253436 0.889919 0.080000
v 8.260344 0.880411 0.108284
v 8.418826 0.944357 0.000000
v 8.400610 0.980107 0.040000
v 8.405945 0.969636 0.011716
v 8.418826 0.944357 0.120000
v 8.400610 0.980107 0.080000
v 8.405945 0.969636 0.108284
v 8.572480 1.008003 0.000000
v 8.560081 1.046162 0.040000
v 8.563712 1.034986 0.011716
v 8.572480 1.008003 0.120000
v 8.560081 1.046162 0.080000
v 8.563712 1.034986 0.108284
v 8.734199 1.046828 0.000000
v 8.727921 1.086457 0.040000
v 8.729760 1.074850 0.011716
v 8.734199 1.046828 0.120000
v 8.727921 1.086457 0.080000
v 8.729760 1.074850 0.108284
v 8.900000 1.059876 0.000000
v 8.900000 1.100000 0.040000
v 8.900000 1.088248 0.011716
v 8.900000 1.059876 0.120000
v 8.900000 1.100000 0.080000
v 8.900000 1.088248 0.108284
v 9.065801 1.046828 0.000000
v 9.072078 1.086457 0.040000
v 9.070239 1.074850 0.011716
v 9.065801 1.046828 0.120000
v 9.072078 1.086457 0.080000
v 9.070239 1.074850 0.108284
v 9.227519 1.008003 0.000000
v 9.239919 1.046162 0.040000
v 9.236287 1.034986 0.011716
v 9.227519 1.008003 0.120000
v 9.239919 1.046162 0.080000
v 9.236287 1.034986 0.108284
v 9.381173 0.944357 0.000000
v 9.399389 0.980107 0.040000
v 9.394054 0.969636 0.011716
v 9.381173 0.944357 0.120000
v 9.399389 0.980107 0.080000
v 9.394054 0.969636 0.108284
v 9.522980 0.857458 0.000000
v 9.546563 0.889919 0.040000
v 9.539656 0.880411 0.011716
v 9.522980 0.857458 0.120000
v 9.546563 0.889919 0.080000
v 9.539656 0.880411 0.108284
v 9.649446 0.749446 0.000000
v 9.677817 0.777817 0.040000
v 9.669507 0.769508 0.011716
v 9.649446 0.749446 0.120000
v 9.677817 0.777817 0.080000
v 9.669507 0.769508 0.108284
v 9.757458 0.622980 0.000000
v 9.789918 0.646564 0.040000
v 9.780411 0.639656 0.011716
v 9.757458 0.622980 0.120000
v 9.789918 0.646564 0.080000
v 9.780411 0.639656 0.108284
v 9.844357 0.481174 0.000000
v 9.880107 0.499390 0.040000
v 9.869636 0.494054 0.011716
v 9.844357 0.481174 0.120000
v 9.880107 0.499390 0.080000
v 9.869636 0.494054 0.108284
v 9.908002 0.327519 0.000000
v 9.946162 0.339919 0.040000
v 9.934985 0.336287 0.011716
v 9.908002 0.327519 0.120000
v 9.946162 0.339919 0.080000
v 9.934985 0.336287 0.108284
v 9.946827 0.165801 0.000000
v 9.986457 0.172078 0.040000
v 9.974850 0.170240 0.011716
v 9.946827 0.165801 0.120000
v 9.986457 0.172078 0.080000
v 9.974850 0.170240 0.108284
v 9.959876 -0.000000 0.000000
v 10.000000 -0.000000 0.040000
v 9.988248 -0.000000 0.011716
v 9.959876 -0.000000 0.120000
v 10.000000 -0.000000 0.080000
v 9.988248 -0.000000 0.108284
v 9.946827 -0.165801 0.000000
v 9.986457 -0.172078 0.040000
v 9.974850 -0.170240 0.011716
v 9.946827 -0.165801 0.120000
v 9.986457 -0.172078 0.080000
v 9.974850 -0.170240 0.108284
v 9.908002 -0.327519 0.000000
v 9.946162 -0.339919 0.040000
v 9.934985 -0.336287 0.011716
v 9.908002 -0.327519 0.120000
v 9.946162 -0.339919 0.080000
v 9.934985 -0.336287 0.108284
v 9.844357 -0.481174 0.000000
v 9.880107 -0.499390 0.040000
v 9.869636 -0.494054 0.011716
v 9.844357 -0.481174 0.120000
v 9.880107 -0.499390 0.080000
v 9.869636 -0.494054 0.108284
v 9.757458 -0.622980 0.000000
v 9.789918 -0.646564 0.040000
v 9.780411 -0.639656 0.011716
v 9.757458 -0.622980 0.120000
v 9.789918 -0.646564 0.080000
v 9.780411 -0.639656 0.108284
v 9.649446 -0.749446 0.000000
v 9.677817 -0.777817 0.040000
v 9.669507 -0.769508 0.011716
v 9.649446 -0.749446 0.120000
v 9.677817 -0.777817 0.080000
v 9.669507 -0.769508 0.108284
v 9.522980 -0.857458 0.000000
v 9.546563 -0.889919 0.040000
v 9.539656 -0.880411 0.011716
v 9.522980 -0.857458 0.120000
v 9.546563 -0.889919 0.080000
v 9.539656 -0.880411 0.108284
v 9.381173 -0.944357 0.000000
v 9.399389 -0.980107 0.040000
v 9.394054 -0.969636 0.011716
v 9.381173 -0.944357 0.120000
v 9.399389 -0.980107 0.080000
v 9.394054 -0.969636 0.108284
v 9.227519 -1.008003 0.000000
v 9.239919 -1.046162 0.040000
v 9.236287 -1.034986 0.011716
v 9.227519 -1.008003 0.120000
v 9.239919 -1.046162 0.080000
v 9.236287 -1.034986 0.108284
v 9.065801 -1.046828 0.000000
v 9.072078 -1.086457 0.040000
v 9.070239 -1.074850 0.011716
v 9.065801 -1.046828 0.120000
v 9.072078 -1.086457 0.080000
v 9.070239 -1.074850 0.108284
vn -0.0000 -0.2039 -0.9790
vn -0.0000 -0.9810 -0.1938
vn -0.0000 -0.7157 -0.6984
vn -0.0000 -0.2039 0.9790
vn -0.0000 -0.9810 0.1938
vn -0.0000 -0.7157 0.6984
vn -0.0319 -0.2014 -0.9790
vn -0.1535 -0.9690 -0.1938
vn -0.1120 -0.7069 -0.6984
vn -0.0319 -0.2014 0.9790
vn -0.1535 -0.9690 0.1938
vn -0.1120 -0.7069 0.6984
vn -0.0630 -0.1939 -0.9790
vn -0.3032 -0.9330 -0.1938
vn -0.2212 -0.6806 -0.6984
vn -0.0630 -0.1939 0.9790
vn -0.3032 -0.9330 0.1938
vn -0.2212 -0.6806 0.6984
vn -0.0926 -0.1817 -0.9790
vn -0.4454 -0.8741 -0.1938
vn -0.3249 -0.6377 -0.6984
vn -0.0926 -0.1817 0.9790
vn -0.4454 -0.8741 0.1938
vn -0.3249 -0.6377 0.6984
vn -0.1198 -0.1649 -0.9790
vn -0.5766 -0.7937 -0.1938
vn -0.4207 -0.5790 -0.6984
vn -0.1198 -0.1649 0.9790
vn -0.5766 -0.7937 0.1938
vn -0.4207 -0.5790 0.6984
vn -0.1442 -0.1442 -0.9790
vn -0.6937 -0.6937 -0.1938
vn -0.5060 -0.5060 -0.6984
vn -0.1442 -0.1442 0.9790
vn -0.6937 -0.6937 0.1938
vn -0.5060 -0.5060 0.6984
vn -0.1649 -0.1198 -0.9790
vn -0.7937 -0.5766 -0.1938
vn -0.5790 -0.4207 -0.6984
vn -0.1649 -0.1198 0.9790
vn -0.7937 -0.5766 0.1938
vn -0.5790 -0.4207 0.6984
vn -0.1817 -0.0926 -0.9790
vn -0.8741 -0.4454 -0.1938
vn -0.6377 -0.3249 -0.6984
vn -0.1817 -0.0926 0.9790
vn -0.8741 -0.4454 0.1938
vn -0.6377 -0.3249 0.6984
vn -0.1939 -0.0630 -0.9790
vn -0.9330 -0.3032 -0.1938
vn -0.6806 -0.2212 -0.6984
vn -0.1939 -0.0630 0.9790
vn -0.9330 -0.3032 0.1938
vn -0.6806 -0.2212 0.6984
vn -0.2014 -0.0319 -0.9790
vn -0.9690 -0.1535 -0.1938
vn -0.7068 -0.1120 -0.6984
vn -0.2014 -0.0319 0.9790
vn -0.9690 -0.1535 0.1938
vn -0.7068 -0.1120 0.6984
vn -0.2039 -0.0000 -0.9790
vn -0.9810 -0.0000 -0.1938
vn -0.7157 -0.0000 -0.6984
vn -0.2039 -0.0000 0.9790
vn -0.9810 -0.0000 0.1938
vn -0.7157 -0.0000 0.6984
vn -0.2014 0.0319 -0.9790
vn -0.9690 0.1535 -0.1938
vn -0.7068 0.1120 -0.6984
vn -0.2014 0.0319 0.9790
vn -0.9690 0.1535 0.1938
vn -0.7068 0.1120 0.6984
vn -0.1939 0.0630 -0.9790
vn -0.9330 0.3032 -0.1938
vn -0.6806 0.2212 -0.6984
vn -0.1939 0.0630 0.9790
vn -0.9330 0.3032 0.1938
vn -0.6806 0.2212 0.6984
vn -0.1817 0.0926 -0.9790
vn -0.8741 0.4454 -0.1938
vn -0.6377 0.3249 -0.6984
vn -0.1817 0.0926 0.9790
vn -0.8741 0.4454 0.1938
vn -0.6377 0.3249 0.6984
vn -0.1649 0.1198 -0.9790
vn -0.7937 0.5766 -0.1938
vn -0.5790 0.4207 -0.6984
vn -0.1649 0.1198 0.9790
vn -0.7937 0.5766 0.1938
vn -0.5790 0.4207 0.6984
vn -0.1442 0.1442 -0.9790
vn -0.6937 0.6937 -0.1938
vn -0.5060 0.5060 -0.6984
vn -0.1442 0.1442 0.9790
vn -0.6937 0.6937 0.1938
vn -0.5060 0.5060 0.6984
vn -0.1198 0.1649 -0.9790
vn -0.5766 0.7937 -0.1938
vn -0.4207 0.5790 -0.6984
vn -0.1198 0.1649 0.9790
vn -0.5766 0.7937 0.1938
vn -0.4207 0.5790 0.6984
vn -0.0926 0.1817 -0.9790
vn -0.4454 0.8741 -0.1938
vn -0.3249 0.6377 -0.6984
vn -0.0926 0.1817 0.9790
vn -0.4454 0.8741 0.1938
vn -0.3249 0.6377 0.6984
vn -0.0630 0.1939 -0.9790
vn -0.3032 0.9330 -0.1938
vn -0.2212 0.6806 -0.6984
vn -0.0630 0.1939 0.9790
vn -0.3032 0.9330 0.1938
vn -0.2212 0.6806 0.6984
vn -0.0319 0.2014 -0.9790
vn -0.1535 0.9690 -0.1938
vn -0.1120 0.7069 -0.6984
vn -0.0319 0.2014 0.9790
vn -0.1535 0.9690 0.1938
vn -0.1120 0.7069 0.6984
vn -0.0000 0.2039 -0.9790
vn -0.0000 0.9810 -0.1938
vn -0.0000 0.7157 -0.6984
vn -0.0000 0.2039 0.9790
vn -0.0000 0.9810 0.1938
vn -0.0000 0.7157 0.6984
vn 0.0319 0.2014 -0.9790
vn 0.1535 0.9690 -0.1938
vn 0.1120 0.7069 -0.6984
vn 0.0319 0.2014 0.9790
vn 0.1535 0.9690 0.1938
vn 0.1120 0.7069 0.6984
vn 0.0630 0.1939 -0.9790
vn 0.3032 0.9330 -0.1938
vn 0.2212 0.6806 -0.6984
vn 0.0630 0.1939 0.9790
vn 0.3032 0.9330 0.1938
vn 0.2212 0.6806 0.6984
vn 0.0926 0.1817 -0.9790
vn 0.4454 0.8741 -0.1938
vn 0.3249 0.6377 -0.6984
vn 0.0926 0.1817 0.9790
vn 0.4454 0.8741 0.1938
vn 0.3249 0.6377 0.6984
vn 0.1198 0.1649 -0.9790
vn 0.5766 0.7937 -0.1938
vn 0.4207 0.5790 -0.6984
vn 0.1198 0.1649 0.9790
vn 0.5766 0.7937 0.1938
vn 0.4207 0.5790 0.6984
vn 0.1442 0.1442 -0.9790
vn 0.6937 0.6937 -0.1938
vn 0.5060 0.5060 -0.6984
vn 0.1442 0.1442 0.9790
vn 0.6937 0.6937 0.1938
vn 0.5060 0.5060 0.6984
vn 0.1649 0.1198 -0.9790
vn 0.7937 0.5766 -0.1938
vn 0.5790 0.4207 -0.6984
vn 0.1649 0.1198 0.9790
vn 0.7937 0.5766 0.1938
vn 0.5790 0.4207 0.6984
vn 0.1817 0.0926 -0.9790
vn 0.8741 0.4454 -0.1938
vn 0.6377 0.3249 -0.6984
vn 0.1817 0.0926 0.9790
vn 0.8741 0.4454 0.1938
vn 0.6377 0.3249 0.6984
vn 0.1939 0.0630 -0.9790
vn 0.9330 0.3032 -0.1938
vn 0.6806 0.2212 -0.6984
vn 0.1939 0.0630 0.9790
vn 0.9330 0.3032 0.1938
vn 0.6806 0.2212 0.6984
vn 0.2014 0.0319 -0.9790
vn 0.9690 0.1535 -0.1938
vn 0.7068 0.1120 -0.6984
vn 0.2014 0.0319 0.9790
vn 0.9690 0.1535 0.1938
vn 0.7068 0.1120 0.6984
vn 0.2039 -0.0000 -0.9790
vn 0.9810 -0.0000 -0.1938
vn 0.7157 -0.0000 -0.6984
vn 0.2039 -0.0000 0.9790
vn 0.9810 -0.0000 0.1938
vn 0.7157 -0.0000 0.6984
vn 0.2014 -0.0319 -0.9790
vn 0.9690 -0.1535 -0.1938
vn 0.7068 -0.1120 -0.6984
vn 0.2014 -0.0319 0.9790
vn 0.9690 -0.1535 0.1938
vn 0.7068 -0.1120 0.6984
vn 0.1939 -0.0630 -0.9790
vn 0.9330 -0.3032 -0.1938
vn 0.6806 -0.2212 -0.6984
vn 0.1939 -0.0630 0.9790
vn 0.9330 -0.3032 0.1938
vn 0.6806 -0.2212 0.6984
vn 0.1817 -0.0926 -0.9790
vn 0.8741 -0.4454 -0.1938
vn 0.6377 -0.3249 -0.6984
vn 0.1817 -0.0926 0.9790
vn 0.8741 -0.4454 0.1938
vn 0.6377 -0.3249 0.6984
vn 0.1649 -0.1198 -0.9790
vn 0.7937 -0.5766 -0.1938
vn 0.5790 -0.4207 -0.6984
vn 0.1649 -0.1198 0.9790
vn 0.7937 -0.5766 0.1938
vn 0.5790 -0.4207 0.6984
vn 0.1442 -0.1442 -0.9790
vn 0.6937 -0.6937 -0.1938
vn 0.5060 -0.5060 -0.6984
vn 0.1442 -0.1442 0.9790
vn 0.6937 -0.6937 0.1938
vn 0.5060 -0.5060 0.6984
vn 0.1198 -0.1649 -0.9790
vn 0.5766 -0.7937 -0.1938
vn 0.4207 -0.5790 -0.6984
vn 0.1198 -0.1649 0.9790
vn 0.5766 -0.7937 0.1938
vn 0.4207 -0.5790 0.6984
vn 0.0926 -0.1817 -0.9790
vn 0.4454 -0.8741 -0.1938
vn 0.3249 -0.6377 -0.6984
vn 0.0926 -0.1817 0.9790
vn 0.4454 -0.8741 0.1938
vn 0.3249 -0.6377 0.6984
vn 0.0630 -0.1939 -0.9790
vn 0.3032 -0.9330 -0.1938
vn 0.2212 -0.6806 -0.6984
vn 0.0630 -0.1939 0.9790
vn 0.3032 -0.9330 0.1938
vn 0.2212 -0.6806 0.6984
vn 0.0319 -0.2014 -0.9790
vn 0.1535 -0.9690 -0.1938
vn 0.1120 -0.7069 -0.6984
vn 0.0319 -0.2014 0.9790
vn 0.1535 -0.9690 0.1938
vn 0.1120 -0.7069 0.6984
vt 1.000000 0.666667
vt 0.975000 0.666667
vt 0.975000 0.500000
vt 0.999866 0.500000
vt 0.750000 0.489984
vt 0.787542 0.487030
vt 0.786175 0.478399
vt 0.750000 0.481246
vt 0.975000 0.833333
vt 1.000000 0.833333
vt 0.999866 1.000000
vt 0.975000 1.000000
vt 0.287542 0.487030
vt 0.250000 0.489984
vt 0.250000 0.481246
vt 0.286175 0.478399
vt 0.950000 0.666667
vt 0.950000 0.500000
vt 0.824159 0.478239
vt 0.821459 0.469928
vt 0.950000 0.833333
vt 0.950000 1.000000
vt 0.324159 0.478239
vt 0.321459 0.469928
vt 0.925000 0.666667
vt 0.925000 0.500000
vt 0.858950 0.463827
vt 0.854983 0.456042
vt 0.925000 0.833333
vt 0.925000 1.000000
vt 0.358951 0.463827
vt 0.354983 0.456041
vt 0.900000 0.666667
vt 0.900000 0.500000
vt 0.891059 0.444151
vt 0.885923 0.437082
vt 0.900000 0.833333
vt 0.900000 1.000000
vt 0.391059 0.444151
vt 0.385923 0.437082
vt 0.875000 0.666667
vt 0.875000 0.500000
vt 0.919694 0.419694
vt 0.913515 0.413515
vt 0.875000 0.833333
vt 0.875000 1.000000
vt 0.419694 0.419694
vt 0.413515 0.413515
vt 0.850000 0.666667
vt 0.850000 0.500000
vt 0.944151 0.391059
vt 0.937082 0.385923
vt 0.850000 0.833333
vt 0.850000 1.000000
vt 0.444151 0.391059
vt 0.437082 0.385923
vt 0.825000 0.666667
vt 0.825000 0.500000
vt 0.963827 0.358951
vt 0.956041 0.354983
vt 0.825000 0.833333
vt 0.825000 1.000000
vt 0.463827 0.358951
vt 0.456041 0.354983
vt 0.800000 0.666667
vt 0.800000 0.500000
vt 0.978239 0.324159
vt 0.969928 0.321459
vt 0.800000 0.833333
vt 0.800000 1.000000
vt 0.478239 0.324159
vt 0.469928 0.321459
vt 0.775000 0.666667
vt 0.775000 0.500000
vt 0.987030 0.287542
vt 0.978399 0.286175
vt 0.775000 0.833333
vt 0.775000 1.000000
vt 0.487030 0.287542
vt 0.478399 0.286175
vt 0.750000 0.666667
vt 0.750000 0.500000
vt 0.989984 0.250000
vt 0.981246 0.250000
vt 0.750000 0.833333
vt 0.750000 1.000000
vt 0.489984 0.250000
vt 0.481246 0.250000
vt 0.725000 0.666667
vt 0.725000 0.500000
vt 0.987030 0.212458
vt 0.978399 0.213825
vt 0.725000 0.833333
vt 0.725000 1.000000
vt 0.487030 0.212458
vt 0.478399 0.213825
vt 0.700000 0.666667
vt 0.700000 0.500000
vt 0.978239 0.175841
vt 0.969928 0.178541
vt 0.700000 0.833333
vt 0.700000 1.000000
vt 0.478239 0.175841
vt 0.469928 0.178541
vt 0.675000 0.666667
vt 0.675000 0.500000
vt 0.963827 0.141049
vt 0.956041 0.145017
vt 0.675000 0.833333
vt 0.675000 1.000000
vt 0.463827 0.141049
vt 0.456042 0.145017
vt 0.650000 0.666667
vt 0.650000 0.500000
vt 0.944151 0.108941
vt 0.937082 0.114077
vt 0.650000 0.833333
vt 0.650000 1.000000
vt 0.444151 0.108941
vt 0.437082 0.114077
vt 0.625000 0.666667
vt 0.625000 0.500000
vt 0.919694 0.080306
vt 0.913516 0.086485
vt 0.625000 0.833333
vt 0.625000 1.000000
vt 0.419694 0.080306
vt 0.413515 0.086485
vt 0.600000 0.666667
vt 0.600000 0.500000
vt 0.891059 0.055849
vt 0.885923 0.062918
vt 0.600000 0.833333
vt 0.600000 1.000000
vt 0.391059 0.055849
vt 0.385923 0.062918
vt 0.575000 0.666667
vt 0.575000 0.500000
vt 0.858951 0.036173
vt 0.854983 0.043959
vt 0.575000 0.833333
vt 0.575000 1.000000
vt 0.358951 0.036173
vt 0.354983 0.043959
vt 0.550000 0.666667
vt 0.550000 0.500000
vt 0.824159 0.021761
vt 0.821459 0.030072
vt 0.550000 0.833333
vt 0.550000 1.000000
vt 0.324159 0.021761
vt 0.321459 0.030072
vt 0.525000 0.666667
vt 0.525000 0.500000
vt 0.787542 0.012970
vt 0.786175 0.021601
vt 0.525000 0.833333
vt 0.525000 1.000000
vt 0.287542 0.012970
vt 0.286175 0.021601
vt 0.500000 0.666667
vt 0.500000 0.500000
vt 0.750000 0.010016
vt 0.750000 0.018754
vt 0.500000 0.833333
vt 0.500000 1.000000
vt 0.250000 0.010016
vt 0.250000 0.018754
vt 0.475000 0.666667
vt 0.475000 0.500000
vt 0.712458 0.012970
vt 0.713825 0.021601
vt 0.475000 0.833333
vt 0.475000 1.000000
vt 0.212458 0.012970
vt 0.213825 0.021601
vt 0.450000 0.666667
vt 0.450000 0.500000
vt 0.675841 0.021761
vt 0.678541 0.030072
vt 0.450000 0.833333
vt 0.450000 1.000000
vt 0.175841 0.021761
vt 0.178541 0.030072
vt 0.425000 0.666667
vt 0.425000 0.500000
vt 0.641049 0.036173
vt 0.645017 0.043959
vt 0.425000 0.833333
vt 0.425000 1.000000
vt 0.141049 0.036173
vt 0.145017 0.043959
vt 0.400000 0.666667
vt 0.400000 0.500000
vt 0.608941 0.055849
vt 0.614077 0.062918
vt 0.400000 0.833333
vt 0.400000 1.000000
vt 0.108941 0.055849
vt 0.114077 0.062918
vt 0.375000 0.666667
vt 0.375000 0.500000
vt 0.580306 0.080306
vt 0.586485 0.086485
vt 0.375000 0.833333
vt 0.375000 1.000000
vt 0.080306 0.080306
vt 0.086485 0.086485
vt 0.350000 0.666667
vt 0.350000 0.500000
vt 0.555849 0.108941
vt 0.562918 0.114077
vt 0.350000 0.833333
vt 0.350000 1.000000
vt 0.055849 0.108941
vt 0.062918 0.114077
vt 0.325000 0.666667
vt 0.325000 0.500000
vt 0.536173 0.141049
vt 0.543959 0.145017
vt 0.325000 0.833333
vt 0.325000 1.000000
vt 0.036173 0.141049
vt 0.043959 0.145017
vt 0.300000 0.666667
vt 0.300000 0.500000
vt 0.521761 0.175841
vt 0.530072 0.178541
vt 0.300000 0.833333
vt 0.300000 1.000000
vt 0.021761 0.175841
vt 0.030072 0.178541
vt 0.275000 0.666667
vt 0.275000 0.500000
vt 0.512970 0.212458
vt 0.521601 0.213825
vt 0.275000 0.833333
vt 0.275000 1.000000
vt 0.012970 0.212458
vt 0.021601 0.213825
vt 0.250000 0.666667
vt 0.250000 0.500000
vt 0.510016 0.250000
vt 0.518754 0.250000
vt 0.250000 0.833333
vt 0.250000 1.000000
vt 0.010016 0.250000
vt 0.018754 0.250000
vt 0.225000 0.666667
vt 0.225000 0.500000
vt 0.512970 0.287542
vt 0.521601 0.286175
vt 0.225000 0.833333
vt 0.225000 1.000000
vt 0.012970 0.287542
vt 0.021601 0.286175
vt 0.200000 0.666667
vt 0.200000 0.500000
vt 0.521761 0.324159
vt 0.530072 0.321459
vt 0.200000 0.833333
vt 0.200000 1.000000
vt 0.021761 0.324159
vt 0.030072 0.321459
vt 0.175000 0.666667
vt 0.175000 0.500000
vt 0.536173 0.358951
vt 0.543959 0.354983
vt 0.175000 0.833333
vt 0.175000 1.000000
vt 0.036173 0.358951
vt 0.043959 0.354983
vt 0.150000 0.666667
vt 0.150000 0.500000
vt 0.555849 0.391059
vt 0.562918 0.385923
vt 0.150000 0.833333
vt 0.150000 1.000000
vt 0.055849 0.391059
vt 0.062918 0.385923
vt 0.125000 0.666667
vt 0.125000 0.500000
vt 0.580306 0.419694
vt 0.586485 0.413515
vt 0.125000 0.833333
vt 0.125000 1.000000
vt 0.080306 0.419694
vt 0.086485 0.413515
vt 0.100000 0.666667
vt 0.100000 0.500000
vt 0.608941 0.444151
vt 0.614077 0.437082
vt 0.100000 0.833333
vt 0.100000 1.000000
vt 0.108941 0.444151
vt 0.114077 0.437082
vt 0.075000 0.666667
vt 0.075000 0.500000
vt 0.641049 0.463827
vt 0.645017 0.456041
vt 0.075000 0.833333
vt 0.075000 1.000000
vt 0.141049 0.463827
vt 0.145017 0.456041
vt 0.050000 0.666667
vt 0.050000 0.500000
vt 0.675841 0.478239
vt 0.678541 0.469928
vt 0.050000 0.833333
vt 0.050000 1.000000
vt 0.175841 0.478239
vt 0.178541 0.469928
vt 0.025000 0.666667
vt 0.025000 0.500000
vt 0.712458 0.487030
vt 0.713825 0.478399
vt 0.025000 0.833333
vt 0.025000 1.000000
vt 0.212458 0.487030
vt 0.213825 0.478399
vt 0.000000 0.666667
vt 0.000134 0.500000
vt 0.000000 0.833333
vt 0.000134 1.000000
s 1
usemtl StartPad
f 1302/1446/1295 1308/1447/1301 1309/1448/1302 1303/1449/1296
f 1303/1450/1296 1309/1451/1302 1307/1452/1300 1301/1453/1294
f 1311/1454/1304 1305/1455/1298 1306/1456/1299 1312/1457/1305
f 1312/1458/1305 1306/1459/1299 1304/1460/1297 1310/1461/1303
f 1308/1447/1301 1314/1462/1307 1315/1463/1308 1309/1448/1302
f 1309/1451/1302 1315/1464/1308 1313/1465/1306 1307/1452/1300
f 1317/1466/1310 1311/1454/1304 1312/1457/1305 1318/1467/1311
f 1318/1468/1311 1312/1458/1305 1310/1461/1303 1316/1469/1309
f 1314/1462/1307 1320/1470/1313 1321/1471/1314 1315/1463/1308
f 1315/1464/1308 1321/1472/1314 1319/1473/1312 1313/1465/1306
f 1323/1474/1316 1317/1466/1310 1318/1467/1311 1324/1475/1317
f 1324/1476/1317 1318/1468/1311 1316/1469/1309 1322/1477/1315
f 1320/1470/1313 1326/1478/1319 1327/1479/1320 1321/1471/1314
f 1321/1472/1314 1327/1480/1320 1325/1481/1318 1319/1473/1312
f 1329/1482/1322 1323/1474/1316 1324/1475/1317 1330/1483/1323
f 1330/1484/1323 1324/1476/1317 1322/1477/1315 1328/1485/1321
f 1326/1478/1319 1332/1486/1325 1333/1487/1326 1327/1479/1320
f 1327/1480/1320 1333/1488/1326 1331/1489/1324 1325/1481/1318
f 1335/1490/1328 1329/1482/1322 1330/1483/1323 1336/1491/1329
f 1336/1492/1329 1330/1484/1323 1328/1485/1321 1334/1493/1327
f 1332/1486/1325 1338/1494/1331 1339/1495/1332 1333/1487/1326
f 1333/1488/1326 1339/1496/1332 1337/1497/1330 1331/1489/1324
f 1341/1498/1334 1335/1490/1328 1336/1491/1329 1342/1499/1335
f 1342/1500/1335 1336/1492/1329 1334/1493/1327 1340/1501/1333
f 1338/1494/1331 1344/1502/1337 1345/1503/1338 1339/1495/1332
f 1339/1496/1332 1345/1504/1338 1343/1505/1336 1337/1497/1330
f 1347/1506/1340 1341/1498/1334 1342/1499/1335 1348/1507/1341
f 1348/1508/1341 1342/1500/1335 1340/1501/1333 1346/1509/1339
f 1344/1502/1337 1350/1510/1343 1351/1511/1344 1345/1503/1338
f 1345/1504/1338 1351/1512/1344 1349/1513/1342 1343/1505/1336
f 1353/1514/1346 1347/1506/1340 1348/1507/1341 1354/1515/1347
f 1354/1516/1347 1348/1508/1341 1346/1509/1339 1352/1517/1345
f 1350/1510/1343 1356/1518/1349 1357/1519/1350 1351/1511/1344
f 1351/1512/1344 1357/1520/1350 1355/1521/1348 1349/1513/1342
f 1359/1522/1352 1353/1514/1346 1354/1515/1347 1360/1523/1353
f 1360/1524/1353 1354/1516/1347 1352/1517/1345 1358/1525/1351
f 1356/1518/1349 1362/1526/1355 1363/1527/1356 1357/1519/1350
f 1357/1520/1350 1363/1528/1356 1361/1529/1354 1355/1521/1348
f 1365/1530/1358 1359/1522/1352 1360/1523/1353 1366/1531/1359
f 1366/1532/1359 1360/1524/1353 1358/1525/1351 1364/1533/1357
f 1362/1526/1355 1368/1534/1361 1369/1535/1362 1363/1527/1356
f 1363/1528/1356 1369/1536/1362 1367/1537/1360 1361/1529/1354
f 1371/1538/1364 1365/1530/1358 1366/1531/1359 1372/1539/1365
f 1372/1540/1365 1366/1532/1359 1364/1533/1357 1370/1541/1363
f 1368/1534/1361 1374/1542/1367 1375/1543/1368 1369/1535/1362
f 1369/1536/1362 1375/1544/1368 1373/1545/1366 1367/1537/1360
f 1377/1546/1370 1371/1538/1364 1372/1539/1365 1378/1547/1371
f 1378/1548/1371 1372/1540/1365 1370/1541/1363 1376/1549/1369
f 1374/1542/1367 1380/1550/1373 1381/1551/1374 1375/1543/1368
f 1375/1544/1368 1381/1552/1374 1379/1553/1372 1373/1545/1366
f 1383/1554/1376 1377/1546/1370 1378/1547/1371 1384/1555/1377
f 1384/1556/1377 1378/1548/1371 1376/1549/1369 1382/1557/1375
f 1380/1550/1373 1386/1558/1379 1387/1559/1380 1381/1551/1374
f 1381/1552/1374 1387/1560/1380 1385/1561/1378 1379/1553/1372
f 1389/1562/1382 1383/1554/1376 1384/1555/1377 1390/1563/1383
f 1390/1564/1383 1384/1556/1377 1382/1557/1375 1388/1565/1381
f 1386/1558/1379 1392/1566/1385 1393/1567/1386 1387/1559/1380
f 1387/1560/1380 1393/1568/1386 1391/1569/1384 1385/1561/1378
f 1395/1570/1388 1389/1562/1382 1390/1563/1383 1396/1571/1389
f 1396/1572/1389 1390/1564/1383 1388/1565/1381 1394/1573/1387
f 1392/1566/1385 1398/1574/1391 1399/1575/1392 1393/1567/1386
f 1393/1568/1386 1399/1576/1392 1397/1577/1390 1391/1569/1384
f 1401/1578/1394 1395/1570/1388 1396/1571/1389 1402/1579/1395
f 1402/1580/1395 1396/1572/1389 1394/1573/1387 1400/1581/1393
f 1398/1574/1391 1404/1582/1397 1405/1583/1398 1399/1575/1392
f 1399/1576/1392 1405/1584/1398 1403/1585/1396 1397/1577/1390
f 1407/1586/1400 1401/1578/1394 1402/1579/1395 1408/1587/1401
f 1408/1588/1401 1402/1580/1395 1400/1581/1393 1406/1589/1399
f 1404/1582/1397 1410/1590/1403 1411/1591/1404 1405/1583/1398
f 1405/1584/1398 1411/1592/1404 1409/1593/1402 1403/1585/1396
f 1413/1594/1406 1407/1586/1400 1408/1587/1401 1414/1595/1407
f 1414/1596/1407 1408/1588/1401 1406/1589/1399 1412/1597/1405
f 1410/1590/1403 1416/1598/1409 1417/1599/1410 1411/1591/1404
f 1411/1592/1404 1417/1600/1410 1415/1601/1408 1409/1593/1402
f 1419/1602/1412 1413/1594/1406 1414/1595/1407 1420/1603/1413
f 1420/1604/1413 1414/1596/1407 1412/1597/1405 1418/1605/1411
f 1416/1598/1409 1422/1606/1415 1423/1607/1416 1417/1599/1410
f 1417/1600/1410 1423/1608/1416 1421/1609/1414 1415/1601/1408
f 1425/1610/1418 1419/1602/1412 1420/1603/1413 1426/1611/1419
f 1426/1612/1419 1420/1604/1413 1418/1605/1411 1424/1613/1417
f 1422/1606/1415 1428/1614/1421 1429/1615/1422 1423/1607/1416
f 1423/1608/1416 1429/1616/1422 1427/1617/1420 1421/1609/1414
f 1431/1618/1424 1425/1610/1418 1426/1611/1419 1432/1619/1425
f 1432/1620/1425 1426/1612/1419 1424/1613/1417 1430/1621/1423
f 1428/1614/1421 1434/1622/1427 1435/1623/1428 1429/1615/1422
f 1429/1616/1422 1435/1624/1428 1433/1625/1426 1427/1617/1420
f 1437/1626/1430 1431/1618/1424 1432/1619/1425 1438/1627/1431
f 1438/1628/1431 1432/1620/1425 1430/1621/1423 1436/1629/1429
f 1434/1622/1427 1440/1630/1433 1441/1631/1434 1435/1623/1428
f 1435/1624/1428 1441/1632/1434 1439/1633/1432 1433/1625/1426
f 1443/1634/1436 1437/1626/1430 1438/1627/1431 1444/1635/1437
f 1444/1636/1437 1438/1628/1431 1436/1629/1429 1442/1637/1435
f 1440/1630/1433 1446/1638/1439 1447/1639/1440 1441/1631/1434
f 1441/1632/1434 1447/1640/1440 1445/1641/1438 1439/1633/1432
f 1449/1642/1442 1443/1634/1436 1444/1635/1437 1450/1643/1443
f 1450/1644/1443 1444/1636/1437 1442/1637/1435 1448/1645/1441
f 1446/1638/1439 1452/1646/1445 1453/1647/1446 1447/1639/1440
f 1447/1640/1440 1453/1648/1446 1451/1649/1444 1445/1641/1438
f 1455/1650/1448 1449/1642/1442 1450/1643/1443 1456/1651/1449
f 1456/1652/1449 1450/1644/1443 1448/1645/1441 1454/1653/1447
f 1452/1646/1445 1458/1654/1451 1459/1655/1452 1453/1647/1446
f 1453/1648/1446 1459/1656/1452 1457/1657/1450 1451/1649/1444
f 1461/1658/1454 1455/1650/1448 1456/1651/1449 1462/1659/1455
f 1462/1660/1455 1456/1652/1449 1454/1653/1447 1460/1661/1453
f 1458/1654/1451 1464/1662/1457 1465/1663/1458 1459/1655/1452
f 1459/1656/1452 1465/1664/1458 1463/1665/1456 1457/1657/1450
f 1467/1666/1460 1461/1658/1454 1462/1659/1455 1468/1667/1461
f 1468/1668/1461 1462/1660/1455 1460/1661/1453 1466/1669/1459
f 1464/1662/1457 1470/1670/1463 1471/1671/1464 1465/1663/1458
f 1465/1664/1458 1471/1672/1464 1469/1673/1462 1463/1665/1456
f 1473/1674/1466 1467/1666/1460 1468/1667/1461 1474/1675/1467
f 1474/1676/1467 1468/1668/1461 1466/1669/1459 1472/1677/1465
f 1470/1670/1463 1476/1678/1469 1477/1679/1470 1471/1671/1464
f 1471/1672/1464 1477/1680/1470 1475/1681/1468 1469/1673/1462
f 1479/1682/1472 1473/1674/1466 1474/1675/1467 1480/1683/1473
f 1480/1684/1473 1474/1676/1467 1472/1677/1465 1478/1685/1471
f 1476/1678/1469 1482/1686/1475 1483/1687/1476 1477/1679/1470
f 1477/1680/1470 1483/1688/1476 1481/1689/1474 1475/1681/1468
f 1485/1690/1478 1479/1682/1472 1480/1683/1473 1486/1691/1479
f 1486/1692/1479 1480/1684/1473 1478/1685/1471 1484/1693/1477
f 1482/1686/1475 1488/1694/1481 1489/1695/1482 1483/1687/1476
f 1483/1688/1476 1489/1696/1482 1487/1697/1480 1481/1689/1474
f 1491/1698/1484 1485/1690/1478 1486/1691/1479 1492/1699/1485
f 1492/1700/1485 1486/1692/1479 1484/1693/1477 1490/1701/1483
f 1488/1694/1481 1494/1702/1487 1495/1703/1488 1489/1695/1482
f 1489/1696/1482 1495/1704/1488 1493/1705/1486 1487/1697/1480
f 1497/1706/1490 1491/1698/1484 1492/1699/1485 1498/1707/1491
f 1498/1708/1491 1492/1700/1485 1490/1701/1483 1496/1709/1489
f 1494/1702/1487 1500/1710/1493 1501/1711/1494 1495/1703/1488
f 1495/1704/1488 1501/1712/1494 1499/1713/1492 1493/1705/1486
f 1503/1714/1496 1497/1706/1490 1498/1707/1491 1504/1715/1497
f 1504/1716/1497 1498/1708/1491 1496/1709/1489 1502/1717/1495
f 1500/1710/1493 1506/1718/1499 1507/1719/1500 1501/1711/1494
f 1501/1712/1494 1507/1720/1500 1505/1721/1498 1499/1713/1492
f 1509/1722/1502 1503/1714/1496 1504/1715/1497 1510/1723/1503
f 1510/1724/1503 1504/1716/1497 1502/1717/1495 1508/1725/1501
f 1506/1718/1499 1512/1726/1505 1513/1727/1506 1507/1719/1500
f 1507/1720/1500 1513/1728/1506 1511/1729/1504 1505/1721/1498
f 1515/1730/1508 1509/1722/1502 1510/1723/1503 1516/1731/1509
f 1516/1732/1509 1510/1724/1503 1508/1725/1501 1514/1733/1507
f 1512/1726/1505 1518/1734/1511 1519/1735/1512 1513/1727/1506
f 1513/1728/1506 1519/1736/1512 1517/1737/1510 1511/1729/1504
f 1521/1738/1514 1515/1730/1508 1516/1731/1509 1522/1739/1515
f 1522/1740/1515 1516/1732/1509 1514/1733/1507 1520/1741/1513
f 1518/1734/1511 1524/1742/1517 1525/1743/1518 1519/1735/1512
f 1519/1736/1512 1525/1744/1518 1523/1745/1516 1517/1737/1510
f 1527/1746/1520 1521/1738/1514 1522/1739/1515 1528/1747/1521
f 1528/1748/1521 1522/1740/1515 1520/1741/1513 1526/1749/1519
f 1524/1742/1517 1530/1750/1523 1531/1751/1524 1525/1743/1518
f 1525/1744/1518 1531/1752/1524 1529/1753/1522 1523/1745/1516
f 1533/1754/1526 1527/1746/1520 1528/1747/1521 1534/1755/1527
f 1534/1756/1527 1528/1748/1521 1526/1749/1519 1532/1757/1525
f 1530/1750/1523 1536/1758/1529 1537/1759/1530 1531/1751/1524
f 1531/1752/1524 1537/1760/1530 1535/1761/1528 1529/1753/1522
f 1539/1762/1532 1533/1754/1526 1534/1755/1527 1540/1763/1533
f 1540/1764/1533 1534/1756/1527 1532/1757/1525 1538/1765/1531
f 1536/1758/1529 1302/1766/1295 1303/1767/1296 1537/1759/1530
f 1537/1760/1530 1303/1450/1296 1301/1453/1294 1535/1761/1528
f 1305/1768/1298 1539/1762/1532 1540/1763/1533 1306/1769/1299
f 1306/1459/1299 1540/1764/1533 1538/1765/1531 1304/1460/1297
f 1301/1453/1294 1307/1452/1300 1313/1465/1306 1319/1473/1312 1325/1481/1318 1331/1489/1324 1337/1497/1330 1343/1505/1336 1349/1513/1342 1355/1521/1348 1361/1529/1354 1367/1537/1360 1373/1545/1366 1379/1553/1372 1385/1561/1378 1391/1569/1384 1397/1577/1390 1403/1585/1396 1409/1593/1402 1415/1601/1408 1421/1609/1414 1427/1617/1420 1433/1625/1426 1439/1633/1432 1445/1641/1438 1451/1649/1444 1457/1657/1450 1463/1665/1456 1469/1673/1462 1475/1681/1468 1481/1689/1474 1487/1697/1480 1493/1705/1486 1499/1713/1492 1505/1721/1498 1511/1729/1504 1517/1737/1510 1523/1745/1516 1529/1753/1522 1535/1761/1528
f 1302/1446/1295 1305/1455/1298 1311/1454/1304 1308/1447/1301
f 1536/1758/1529 1539/1762/1532 1305/1768/1298 1302/1766/1295
f 1310/1461/1303 1304/1460/1297 1538/1765/1531 1532/1757/1525 1526/1749/1519 1520/1741/1513 1514/1733/1507 1508/1725/1501 1502/1717/1495 1496/1709/1489 1490/1701/1483 1484/1693/1477 1478/1685/1471 1472/1677/1465 1466/1669/1459 1460/1661/1453 1454/1653/1447 1448/1645/1441 1442/1637/1435 1436/1629/1429 1430/1621/1423 1424/1613/1417 1418/1605/1411 1412/1597/1405 1406/1589/1399 1400/1581/1393 1394/1573/1387 1388/1565/1381 1382/1557/1375 1376/1549/1369 1370/1541/1363 1364/1533/1357 1358/1525/1351 1352/1517/1345 1346/1509/1339 1340/1501/1333 1334/1493/1327 1328/1485/1321 1322/1477/1315 1316/1469/1309
f 1308/1447/1301 1311/1454/1304 1317/1466/1310 1314/1462/1307
f 1314/1462/1307 1317/1466/1310 1323/1474/1316 1320/1470/1313
f 1320/1470/1313 1323/1474/1316 1329/1482/1322 1326/1478/1319
f 1326/1478/1319 1329/1482/1322 1335/1490/1328 1332/1486/1325
f 1332/1486/1325 1335/1490/1328 1341/1498/1334 1338/1494/1331
f 1338/1494/1331 1341/1498/1334 1347/1506/1340 1344/1502/1337
f 1344/1502/1337 1347/1506/1340 1353/1514/1346 1350/1510/1343
f 1350/1510/1343 1353/1514/1346 1359/1522/1352 1356/1518/1349
f 1356/1518/1349 1359/1522/1352 1365/1530/1358 1362/1526/1355
f 1362/1526/1355 1365/1530/1358 1371/1538/1364 1368/1534/1361
f 1368/1534/1361 1371/1538/1364 1377/1546/1370 1374/1542/1367
f 1374/1542/1367 1377/1546/1370 1383/1554/1376 1380/1550/1373
f 1380/1550/1373 1383/1554/1376 1389/1562/1382 1386/1558/1379
f 1386/1558/1379 1389/1562/1382 1395/1570/1388 1392/1566/1385
f 1392/1566/1385 1395/1570/1388 1401/1578/1394 1398/1574/1391
f 1398/1574/1391 1401/1578/1394 1407/1586/1400 1404/1582/1397
f 1404/1582/1397 1407/1586/1400 1413/1594/1406 1410/1590/1403
f 1410/1590/1403 1413/1594/1406 1419/1602/1412 1416/1598/1409
f 1416/1598/1409 1419/1602/1412 1425/1610/1418 1422/1606/1415
f 1422/1606/1415 1425/1610/1418 1431/1618/1424 1428/1614/1421
f 1428/1614/1421 1431/1618/1424 1437/1626/1430 1434/1622/1427
f 1434/1622/1427 1437/1626/1430 1443/1634/1436 1440/1630/1433
f 1440/1630/1433 1443/1634/1436 1449/1642/1442 1446/1638/1439
f 1446/1638/1439 1449/1642/1442 1455/1650/1448 1452/1646/1445
f 1452/1646/1445 1455/1650/1448 1461/1658/1454 1458/1654/1451
f 1458/1654/1451 1461/1658/1454 1467/1666/1460 1464/1662/1457
f 1464/1662/1457 1467/1666/1460 1473/1674/1466 1470/1670/1463
f 1470/1670/1463 1473/1674/1466 1479/1682/1472 1476/1678/1469
f 1476/1678/1469 1479/1682/1472 1485/1690/1478 1482/1686/1475
f 1482/1686/1475 1485/1690/1478 1491/1698/1484 1488/1694/1481
f 1488/1694/1481 1491/1698/1484 1497/1706/1490 1494/1702/1487
f 1494/1702/1487 1497/1706/1490 1503/1714/1496 1500/1710/1493
f 1500/1710/1493 1503/1714/1496 1509/1722/1502 1506/1718/1499
f 1506/1718/1499 1509/1722/1502 1515/1730/1508 1512/1726/1505
f 1512/1726/1505 1515/1730/1508 1521/1738/1514 1518/1734/1511
f 1518/1734/1511 1521/1738/1514 1527/1746/1520 1524/1742/1517
f 1524/1742/1517 1527/1746/1520 1533/1754/1526 1530/1750/1523
f 1530/1750/1523 1533/1754/1526 1539/1762/1532 1536/1758/1529
o Cone
v 9.500000 -11.080000 0.000000
v 7.807178 -10.529969 0.000000
v 6.760957 -9.089969 0.000000
v 6.760957 -7.310031 0.000000
v 7.807178 -5.870030 0.000000
v 9.500000 -5.320000 0.000000
v 11.192822 -5.870030 0.000000
v 12.239043 -7.310031 0.000000
v 12.239043 -9.089969 0.000000
v 11.192822 -10.529969 0.000000
v 9.500000 -8.200000 4.080000
vn -0.0000 -0.9161 -0.4010
vn -0.5385 -0.7411 -0.4010
vn -0.8713 -0.2831 -0.4010
vn -0.8713 0.2831 -0.4010
vn -0.5385 0.7411 -0.4010
vn -0.0000 0.9161 -0.4010
vn 0.5385 0.7411 -0.4010
vn 0.8713 0.2831 -0.4010
vn 0.8713 -0.2831 -0.4010
vn 0.5385 -0.7411 -0.4010
vn -0.0000 -0.0000 1.0000
vt 0.250000 0.490000
vt 0.250000 0.250000
vt 0.391068 0.444164
vt 0.478254 0.324164
vt 0.478254 0.175836
vt 0.391068 0.055836
vt 0.250000 0.010000
vt 0.108932 0.055836
vt 0.021746 0.175836
vt 0.021746 0.324164
vt 0.750000 0.490000
vt 0.891068 0.444164
vt 0.978254 0.324164
vt 0.978254 0.175836
vt 0.891068 0.055836
vt 0.750000 0.010000
vt 0.608932 0.055836
vt 0.521746 0.175836
vt 0.521746 0.324164
vt 0.608932 0.444164
vt 0.108932 0.444164
s 1
usemtl Mtn
f 1541/1770/1534 1551/1771/1544 1542/1772/1535
f 1542/1772/1535 1551/1771/1544 1543/1773/1536
f 1543/1773/1536 1551/1771/1544 1544/1774/1537
f 1544/1774/1537 1551/1771/1544 1545/1775/1538
f 1545/1775/1538 1551/1771/1544 1546/1776/1539
f 1546/1776/1539 1551/1771/1544 1547/1777/1540
f 1547/1777/1540 1551/1771/1544 1548/1778/1541
f 1548/1778/1541 1551/1771/1544 1549/1779/1542
f 1541/1780/1534 1542/1781/1535 1543/1782/1536 1544/1783/1537 1545/1784/1538 1546/1785/1539 1547/1786/1540 1548/1787/1541 1549/1788/1542 1550/1789/1543
f 1549/1779/1542 1551/1771/1544 1550/1790/1543
f 1550/1790/1543 1551/1771/1544 1541/1770/1534
o Cone.001
v 5.000000 -11.200001 0.000000
v 3.589315 -10.741641 0.000000
v 2.717464 -9.541641 0.000000
v 2.717464 -8.058359 0.000000
v 3.589315 -6.858359 0.000000
v 5.000000 -6.400000 0.000000
v 6.410685 -6.858359 0.000000
v 7.282536 -8.058359 0.000000
v 7.282536 -9.541641 0.000000
v 6.410685 -10.741641 0.000000
v 5.000000 -8.800000 3.400000
vn -0.0000 -0.9161 -0.4010
vn -0.5385 -0.7411 -0.4010
vn -0.8713 -0.2831 -0.4010
vn -0.8713 0.2831 -0.4010
vn -0.5385 0.7411 -0.4010
vn -0.0000 0.9161 -0.4010
vn 0.5385 0.7411 -0.4010
vn 0.8713 0.2831 -0.4010
vn 0.8713 -0.2831 -0.4010
vn 0.5385 -0.7411 -0.4010
vn -0.0000 -0.0000 1.0000
vt 0.250000 0.490000
vt 0.250000 0.250000
vt 0.391068 0.444164
vt 0.478254 0.324164
vt 0.478254 0.175836
vt 0.391068 0.055836
vt 0.250000 0.010000
vt 0.108932 0.055836
vt 0.021746 0.175836
vt 0.021746 0.324164
vt 0.750000 0.490000
vt 0.891068 0.444164
vt 0.978254 0.324164
vt 0.978254 0.175836
vt 0.891068 0.055836
vt 0.750000 0.010000
vt 0.608932 0.055836
vt 0.521746 0.175836
vt 0.521746 0.324164
vt 0.608932 0.444164
vt 0.108932 0.444164
s 1
usemtl Mtn.001
f 1552/1791/1545 1562/1792/1555 1553/1793/1546
f 1553/1793/1546 1562/1792/1555 1554/1794/1547
f 1554/1794/1547 1562/1792/1555 1555/1795/1548
f 1555/1795/1548 1562/1792/1555 1556/1796/1549
f 1556/1796/1549 1562/1792/1555 1557/1797/1550
f 1557/1797/1550 1562/1792/1555 1558/1798/1551
f 1558/1798/1551 1562/1792/1555 1559/1799/1552
f 1559/1799/1552 1562/1792/1555 1560/1800/1553
f 1552/1801/1545 1553/1802/1546 1554/1803/1547 1555/1804/1548 1556/1805/1549 1557/1806/1550 1558/1807/1551 1559/1808/1552 1560/1809/1553 1561/1810/1554
f 1560/1800/1553 1562/1792/1555 1561/1811/1554
f 1561/1811/1554 1562/1792/1555 1552/1791/1545
o Cone.002
v -0.500000 -11.360001 0.000000
v -2.122287 -10.832888 0.000000
v -3.124916 -9.452888 0.000000
v -3.124916 -7.747113 0.000000
v -2.122287 -6.367113 0.000000
v -0.500000 -5.840000 0.000000
v 1.122287 -6.367113 0.000000
v 2.124916 -7.747113 0.000000
v 2.124916 -9.452888 0.000000
v 1.122287 -10.832888 0.000000
v -0.500000 -8.600000 3.910000
vn -0.0000 -0.9161 -0.4010
vn -0.5385 -0.7411 -0.4010
vn -0.8713 -0.2831 -0.4010
vn -0.8713 0.2831 -0.4010
vn -0.5385 0.7411 -0.4010
vn -0.0000 0.9161 -0.4010
vn 0.5385 0.7411 -0.4010
vn 0.8713 0.2831 -0.4010
vn 0.8713 -0.2831 -0.4010
vn 0.5385 -0.7411 -0.4010
vn -0.0000 -0.0000 1.0000
vt 0.250000 0.490000
vt 0.250000 0.250000
vt 0.391068 0.444164
vt 0.478254 0.324164
vt 0.478254 0.175836
vt 0.391068 0.055836
vt 0.250000 0.010000
vt 0.108932 0.055836
vt 0.021746 0.175836
vt 0.021746 0.324164
vt 0.750000 0.490000
vt 0.891068 0.444164
vt 0.978254 0.324164
vt 0.978254 0.175836
vt 0.891068 0.055836
vt 0.750000 0.010000
vt 0.608932 0.055836
vt 0.521746 0.175836
vt 0.521746 0.324164
vt 0.608932 0.444164
vt 0.108932 0.444164
s 1
usemtl Mtn.002
f 1563/1812/1556 1573/1813/1566 1564/1814/1557
f 1564/1814/1557 1573/1813/1566 1565/1815/1558
f 1565/1815/1558 1573/1813/1566 1566/1816/1559
f 1566/1816/1559 1573/1813/1566 1567/1817/1560
f 1567/1817/1560 1573/1813/1566 1568/1818/1561
f 1568/1818/1561 1573/1813/1566 1569/1819/1562
f 1569/1819/1562 1573/1813/1566 1570/1820/1563
f 1570/1820/1563 1573/1813/1566 1571/1821/1564
f 1563/1822/1556 1564/1823/1557 1565/1824/1558 1566/1825/1559 1567/1826/1560 1568/1827/1561 1569/1828/1562 1570/1829/1563 1571/1830/1564 1572/1831/1565
f 1571/1821/1564 1573/1813/1566 1572/1832/1565
f 1572/1832/1565 1573/1813/1566 1563/1812/1556
o Cone.003
v -5.500000 -10.880000 0.000000
v -6.840150 -10.444559 0.000000
v -7.668409 -9.304559 0.000000
v -7.668409 -7.895442 0.000000
v -6.840150 -6.755442 0.000000
v -5.500000 -6.320001 0.000000
v -4.159850 -6.755442 0.000000
v -3.331591 -7.895442 0.000000
v -3.331591 -9.304559 0.000000
v -4.159850 -10.444559 0.000000
v -5.500000 -8.600000 3.230000
vn -0.0000 -0.9161 -0.4010
vn -0.5385 -0.7411 -0.4010
vn -0.8713 -0.2831 -0.4010
vn -0.8713 0.2831 -0.4010
vn -0.5385 0.7411 -0.4010
vn -0.0000 0.9161 -0.4010
vn 0.5385 0.7411 -0.4010
vn 0.8713 0.2831 -0.4010
vn 0.8713 -0.2831 -0.4010
vn 0.5385 -0.7411 -0.4010
vn -0.0000 -0.0000 1.0000
vt 0.250000 0.490000
vt 0.250000 0.250000
vt 0.391068 0.444164
vt 0.478254 0.324164
vt 0.478254 0.175836
vt 0.391068 0.055836
vt 0.250000 0.010000
vt 0.108932 0.055836
vt 0.021746 0.175836
vt 0.021746 0.324164
vt 0.750000 0.490000
vt 0.891068 0.444164
vt 0.978254 0.324164
vt 0.978254 0.175836
vt 0.891068 0.055836
vt 0.750000 0.010000
vt 0.608932 0.055836
vt 0.521746 0.175836
vt 0.521746 0.324164
vt 0.608932 0.444164
vt 0.108932 0.444164
s 1
usemtl Mtn.003
f 1574/1833/1567 1584/1834/1577 1575/1835/1568
f 1575/1835/1568 1584/1834/1577 1576/1836/1569
f 1576/1836/1569 1584/1834/1577 1577/1837/1570
f 1577/1837/1570 1584/1834/1577 1578/1838/1571
f 1578/1838/1571 1584/1834/1577 1579/1839/1572
f 1579/1839/1572 1584/1834/1577 1580/1840/1573
f 1580/1840/1573 1584/1834/1577 1581/1841/1574
f 1581/1841/1574 1584/1834/1577 1582/1842/1575
f 1574/1843/1567 1575/1844/1568 1576/1845/1569 1577/1846/1570 1578/1847/1571 1579/1848/1572 1580/1849/1573 1581/1850/1574 1582/1851/1575 1583/1852/1576
f 1582/1842/1575 1584/1834/1577 1583/1853/1576
f 1583/1853/1576 1584/1834/1577 1574/1833/1567
o Cube
v 3.095981 -0.164951 0.000000
v 3.095981 -0.164951 1.400000
v 3.374119 -1.537045 0.000000
v 3.374119 -1.537045 1.400000
v 1.625881 -0.462955 0.000000
v 1.625881 -0.462955 1.400000
v 1.904019 -1.835049 0.000000
v 1.904019 -1.835049 1.400000
vn 0.9801 0.1987 -0.0000
vn 0.1987 -0.9801 -0.0000
vn -0.9801 -0.1987 -0.0000
vn -0.1987 0.9801 -0.0000
vn -0.0000 -0.0000 -1.0000
vn -0.0000 -0.0000 1.0000
vt 0.375000 0.000000
vt 0.625000 0.000000
vt 0.625000 0.250000
vt 0.375000 0.250000
vt 0.625000 0.500000
vt 0.375000 0.500000
vt 0.625000 0.750000
vt 0.375000 0.750000
vt 0.625000 1.000000
vt 0.375000 1.000000
vt 0.125000 0.500000
vt 0.125000 0.750000
vt 0.875000 0.500000
vt 0.875000 0.750000
s 0
usemtl House
f 1585/1854/1578 1586/1855/1578 1588/1856/1578 1587/1857/1578
f 1587/1857/1579 1588/1856/1579 1592/1858/1579 1591/1859/1579
f 1591/1859/1580 1592/1858/1580 1590/1860/1580 1589/1861/1580
f 1589/1861/1581 1590/1860/1581 1586/1862/1581 1585/1863/1581
f 1587/1864/1582 1591/1859/1582 1589/1861/1582 1585/1865/1582
f 1592/1858/1583 1588/1866/1583 1586/1867/1583 1590/1860/1583
o Cone.004
v 3.650219 -1.762493 1.400000
v 1.737507 -2.150219 1.400000
v 1.349781 -0.237507 1.400000
v 3.262493 0.150219 1.400000
v 2.500000 -1.000000 2.400000
vn 0.8115 -0.5379 -0.2284
vn -0.5379 -0.8115 -0.2284
vn -0.8115 0.5379 -0.2284
vn 0.5379 0.8115 -0.2284
vn -0.0000 -0.0000 1.0000
vt 0.250000 0.490000
vt 0.250000 0.250000
vt 0.490000 0.250000
vt 0.250000 0.010000
vt 0.750000 0.490000
vt 0.990000 0.250000
vt 0.750000 0.010000
vt 0.510000 0.250000
vt 0.010000 0.250000
s 1
usemtl Roof
f 1593/1868/1584 1597/1869/1588 1594/1870/1585
f 1594/1870/1585 1597/1869/1588 1595/1871/1586
f 1593/1872/1584 1594/1873/1585 1595/1874/1586 1596/1875/1587
f 1595/1871/1586 1597/1869/1588 1596/1876/1587
f 1596/1876/1587 1597/1869/1588 1593/1868/1584
o Cube.001
v -1.576633 1.647095 0.000000
v -1.576633 1.647095 1.400000
v -1.990362 0.309624 0.000000
v -1.990362 0.309624 1.400000
v -3.009638 2.090376 0.000000
v -3.009638 2.090376 1.400000
v -3.423367 0.752905 0.000000
v -3.423367 0.752905 1.400000
vn 0.9553 -0.2955 -0.0000
vn -0.2955 -0.9553 -0.0000
vn -0.9553 0.2955 -0.0000
vn 0.2955 0.9553 -0.0000
vn -0.0000 -0.0000 -1.0000
vn -0.0000 -0.0000 1.0000
vt 0.375000 0.000000
vt 0.625000 0.000000
vt 0.625000 0.250000
vt 0.375000 0.250000
vt 0.625000 0.500000
vt 0.375000 0.500000
vt 0.625000 0.750000
vt 0.375000 0.750000
vt 0.625000 1.000000
vt 0.375000 1.000000
vt 0.125000 0.500000
vt 0.125000 0.750000
vt 0.875000 0.500000
vt 0.875000 0.750000
s 0
usemtl House.001
f 1598/1877/1589 1599/1878/1589 1601/1879/1589 1600/1880/1589
f 1600/1880/1590 1601/1879/1590 1605/1881/1590 1604/1882/1590
f 1604/1882/1591 1605/1881/1591 1603/1883/1591 1602/1884/1591
f 1602/1884/1592 1603/1883/1592 1599/1885/1592 1598/1886/1592
f 1600/1887/1593 1604/1882/1593 1602/1884/1593 1598/1888/1593
f 1605/1881/1594 1601/1889/1594 1599/1890/1594 1603/1883/1594
o Cone.005
v -1.856146 -0.020595 1.400000
v -3.720595 0.556146 1.400000
v -3.143854 2.420595 1.400000
v -1.279405 1.843854 1.400000
v -2.500000 1.200000 2.400000
vn 0.4542 -0.8611 -0.2284
vn -0.8611 -0.4542 -0.2284
vn -0.4542 0.8611 -0.2284
vn 0.8611 0.4542 -0.2284
vn -0.0000 -0.0000 1.0000
vt 0.250000 0.490000
vt 0.250000 0.250000
vt 0.490000 0.250000
vt 0.250000 0.010000
vt 0.750000 0.490000
vt 0.990000 0.250000
vt 0.750000 0.010000
vt 0.510000 0.250000
vt 0.010000 0.250000
s 1
usemtl Roof.001
f 1606/1891/1595 1610/1892/1599 1607/1893/1596
f 1607/1893/1596 1610/1892/1599 1608/1894/1597
f 1606/1895/1595 1607/1896/1596 1608/1897/1597 1609/1898/1598
f 1608/1894/1597 1610/1892/1599 1609/1899/1598
f 1609/1899/1598 1610/1892/1599 1606/1891/1595
o Cube.002
v -2.862898 -1.943097 0.000000
v -2.862898 -1.943097 1.200000
v -2.743098 -3.137102 0.000000
v -2.743098 -3.137102 1.200000
v -4.056903 -2.062897 0.000000
v -4.056903 -2.062897 1.200000
v -3.937103 -3.256902 0.000000
v -3.937103 -3.256902 1.200000
vn 0.9950 0.0998 -0.0000
vn 0.0998 -0.9950 -0.0000
vn -0.9950 -0.0998 -0.0000
vn -0.0998 0.9950 -0.0000
vn -0.0000 -0.0000 -1.0000
vn -0.0000 -0.0000 1.0000
vt 0.375000 0.000000
vt 0.625000 0.000000
vt 0.625000 0.250000
vt 0.375000 0.250000
vt 0.625000 0.500000
vt 0.375000 0.500000
vt 0.625000 0.750000
vt 0.375000 0.750000
vt 0.625000 1.000000
vt 0.375000 1.000000
vt 0.125000 0.500000
vt 0.125000 0.750000
vt 0.875000 0.500000
vt 0.875000 0.750000
s 0
usemtl House.002
f 1611/1900/1600 1612/1901/1600 1614/1902/1600 1613/1903/1600
f 1613/1903/1601 1614/1902/1601 1618/1904/1601 1617/1905/1601
f 1617/1905/1602 1618/1904/1602 1616/1906/1602 1615/1907/1602
f 1615/1907/1603 1616/1906/1603 1612/1908/1603 1611/1909/1603
f 1613/1910/1604 1617/1905/1604 1615/1907/1604 1611/1911/1604
f 1618/1904/1605 1614/1912/1605 1612/1913/1605 1616/1906/1605
o Cone.006
v -2.545320 -3.298811 1.200000
v -4.098812 -3.454680 1.200000
v -4.254681 -1.901189 1.200000
v -2.701189 -1.745319 1.200000
v -3.400000 -2.600000 2.200000
vn 0.7458 -0.6098 -0.2684
vn -0.6098 -0.7458 -0.2684
vn -0.7458 0.6098 -0.2684
vn 0.6098 0.7458 -0.2684
vn -0.0000 -0.0000 1.0000
vt 0.250000 0.490000
vt 0.250000 0.250000
vt 0.490000 0.250000
vt 0.250000 0.010000
vt 0.750000 0.490000
vt 0.990000 0.250000
vt 0.750000 0.010000
vt 0.510000 0.250000
vt 0.010000 0.250000
s 1
usemtl Roof.002
f 1619/1914/1606 1623/1915/1610 1620/1916/1607
f 1620/1916/1607 1623/1915/1610 1621/1917/1608
f 1619/1918/1606 1620/1919/1607 1621/1920/1608 1622/1921/1609
f 1621/1917/1608 1623/1915/1610 1622/1922/1609
f 1622/1922/1609 1623/1915/1610 1619/1914/1606
o Cube.003
v 4.652031 3.469220 0.000000
v 4.652031 3.469220 1.700000
v 4.921020 1.689432 0.000000
v 4.921020 1.689432 1.700000
v 2.278980 3.110568 0.000000
v 2.278980 3.110568 1.700000
v 2.547969 1.330780 0.000000
v 2.547969 1.330780 1.700000
vn 0.9888 0.1494 -0.0000
vn 0.1494 -0.9888 -0.0000
vn -0.9888 -0.1494 -0.0000
vn -0.1494 0.9888 -0.0000
vn -0.0000 -0.0000 -1.0000
vn -0.0000 -0.0000 1.0000
vt 0.375000 0.000000
vt 0.625000 0.000000
vt 0.625000 0.250000
vt 0.375000 0.250000
vt 0.625000 0.500000
vt 0.375000 0.500000
vt 0.625000 0.750000
vt 0.375000 0.750000
vt 0.625000 1.000000
vt 0.375000 1.000000
vt 0.125000 0.500000
vt 0.125000 0.750000
vt 0.875000 0.500000
vt 0.875000 0.750000
s 0
usemtl House.003
f 1624/1923/1611 1625/1924/1611 1627/1925/1611 1626/1926/1611
f 1626/1926/1612 1627/1925/1612 1631/1927/1612 1630/1928/1612
f 1630/1928/1613 1631/1927/1613 1629/1929/1613 1628/1930/1613
f 1628/1930/1614 1629/1929/1614 1625/1931/1614 1624/1932/1614
f 1626/1933/1615 1630/1928/1615 1628/1930/1615 1624/1934/1615
f 1631/1927/1616 1627/1935/1616 1625/1936/1616 1629/1929/1616
o Cone.007
v 5.377077 1.089557 1.700000
v 2.289557 0.622923 1.700000
v 1.822923 3.710443 1.700000
v 4.910443 4.177077 1.700000
v 3.600000 2.400000 2.700000
vn 0.7952 -0.5864 -0.1546
vn -0.5864 -0.7952 -0.1546
vn -0.7952 0.5864 -0.1546
vn 0.5864 0.7952 -0.1546
vn -0.0000 -0.0000 1.0000
vt 0.250000 0.490000
vt 0.250000 0.250000
vt 0.490000 0.250000
vt 0.250000 0.010000
vt 0.750000 0.490000
vt 0.990000 0.250000
vt 0.750000 0.010000
vt 0.510000 0.250000
vt 0.010000 0.250000
s 1
usemtl Roof.003
f 1632/1937/1617 1636/1938/1621 1633/1939/1618
f 1633/1939/1618 1636/1938/1621 1634/1940/1619
f 1632/1941/1617 1633/1942/1618 1634/1943/1619 1635/1944/1620
f 1634/1940/1619 1636/1938/1621 1635/1945/1620
f 1635/1945/1620 1636/1938/1621 1632/1937/1617
o Cylinder
v 0.000000 2.040050 -0.010000
v 0.000000 2.000000 0.030000
v 0.000000 2.011730 0.001716
v 0.000000 2.040050 0.070000
v 0.000000 2.000000 0.030000
v 0.000000 2.011730 0.058284
v -0.340124 2.057084 -0.010000
v -0.344156 2.017236 0.030000
v -0.342975 2.028908 0.001716
v -0.340124 2.057084 0.070000
v -0.344156 2.017236 0.030000
v -0.342975 2.028908 0.058284
v -0.671697 2.107741 -0.010000
v -0.679837 2.068521 0.030000
v -0.677453 2.080009 0.001716
v -0.671697 2.107741 0.070000
v -0.679837 2.068521 0.030000
v -0.677453 2.080009 0.058284
v -0.986374 2.190687 -0.010000
v -0.998779 2.152591 0.030000
v -0.995146 2.163749 0.001716
v -0.986374 2.190687 0.070000
v -0.998779 2.152591 0.030000
v -0.995146 2.163749 0.058284
v -1.276244 2.303727 -0.010000
v -1.293128 2.267376 0.030000
v -1.288182 2.278023 0.001716
v -1.276244 2.303727 0.070000
v -1.293128 2.267376 0.030000
v -1.288182 2.278023 0.058284
v -1.534026 2.443832 -0.010000
v -1.555635 2.410051 0.030000
v -1.549306 2.419945 0.001716
v -1.534026 2.443832 0.070000
v -1.555635 2.410051 0.030000
v -1.549306 2.419945 0.058284
v -1.753304 2.607213 -0.010000
v -1.779837 2.577101 0.030000
v -1.772066 2.585921 0.001716
v -1.753304 2.607213 0.070000
v -1.779837 2.577101 0.030000
v -1.772066 2.585921 0.058284
v -1.928764 2.789420 -0.010000
v -1.960214 2.764413 0.030000
v -1.951003 2.771738 0.001716
v -1.928764 2.789420 0.070000
v -1.960214 2.764413 0.030000
v -1.951003 2.771738 0.058284
v -2.056432 2.985558 -0.010000
v -2.092324 2.967376 0.030000
v -2.081812 2.972702 0.001716
v -2.056432 2.985558 0.070000
v -2.092324 2.967376 0.030000
v -2.081812 2.972702 0.058284
v -2.133803 3.190642 -0.010000
v -2.172915 3.180992 0.030000
v -2.161459 3.183818 0.001716
v -2.133803 3.190642 0.070000
v -2.172915 3.180992 0.030000
v -2.161459 3.183818 0.058284
v -2.159695 3.400000 -0.010000
v -2.200000 3.400000 0.030000
v -2.188195 3.400000 0.001716
v -2.159695 3.400000 0.070000
v -2.200000 3.400000 0.030000
v -2.188195 3.400000 0.058284
v -2.133803 3.609358 -0.010000
v -2.172915 3.619008 0.030000
v -2.161459 3.616182 0.001716
v -2.133803 3.609358 0.070000
v -2.172915 3.619008 0.030000
v -2.161459 3.616182 0.058284
v -2.056432 3.814442 -0.010000
v -2.092324 3.832624 0.030000
v -2.081812 3.827299 0.001716
v -2.056432 3.814442 0.070000
v -2.092324 3.832624 0.030000
v -2.081812 3.827299 0.058284
v -1.928764 4.010580 -0.010000
v -1.960214 4.035587 0.030000
v -1.951003 4.028263 0.001716
v -1.928764 4.010580 0.070000
v -1.960214 4.035587 0.030000
v -1.951003 4.028263 0.058284
v -1.753304 4.192787 -0.010000
v -1.779837 4.222899 0.030000
v -1.772066 4.214079 0.001716
v -1.753304 4.192787 0.070000
v -1.779837 4.222899 0.030000
v -1.772066 4.214079 0.058284
v -1.534027 4.356168 -0.010000
v -1.555635 4.389950 0.030000
v -1.549306 4.380055 0.001716
v -1.534027 4.356168 0.070000
v -1.555635 4.389950 0.030000
v -1.549306 4.380055 0.058284
v -1.276243 4.496274 -0.010000
v -1.293128 4.532624 0.030000
v -1.288182 4.521977 0.001716
v -1.276243 4.496274 0.070000
v -1.293128 4.532624 0.030000
v -1.288182 4.521977 0.058284
v -0.986372 4.609314 -0.010000
v -0.998779 4.647409 0.030000
v -0.995145 4.636251 0.001716
v -0.986372 4.609314 0.070000
v -0.998779 4.647409 0.030000
v -0.995145 4.636251 0.058284
v -0.671699 4.692258 -0.010000
v -0.679837 4.731479 0.030000
v -0.677454 4.719992 0.001716
v -0.671699 4.692258 0.070000
v -0.679837 4.731479 0.030000
v -0.677454 4.719992 0.058284
v -0.340124 4.742916 -0.010000
v -0.344156 4.782764 0.030000
v -0.342975 4.771092 0.001716
v -0.340124 4.742916 0.070000
v -0.344156 4.782764 0.030000
v -0.342975 4.771092 0.058284
v 0.000000 4.759950 -0.010000
v 0.000000 4.800000 0.030000
v 0.000000 4.788270 0.001716
v 0.000000 4.759950 0.070000
v 0.000000 4.800000 0.030000
v 0.000000 4.788270 0.058284
v 0.340124 4.742916 -0.010000
v 0.344156 4.782764 0.030000
v 0.342975 4.771092 0.001716
v 0.340124 4.742916 0.070000
v 0.344156 4.782764 0.030000
v 0.342975 4.771092 0.058284
v 0.671699 4.692258 -0.010000
v 0.679837 4.731479 0.030000
v 0.677454 4.719992 0.001716
v 0.671699 4.692258 0.070000
v 0.679837 4.731479 0.030000
v 0.677454 4.719992 0.058284
v 0.986372 4.609314 -0.010000
v 0.998779 4.647409 0.030000
v 0.995145 4.636251 0.001716
v 0.986372 4.609314 0.070000
v 0.998779 4.647409 0.030000
v 0.995145 4.636251 0.058284
v 1.276243 4.496274 -0.010000
v 1.293128 4.532624 0.030000
v 1.288182 4.521977 0.001716
v 1.276243 4.496274 0.070000
v 1.293128 4.532624 0.030000
v 1.288182 4.521977 0.058284
v 1.534027 4.356168 -0.010000
v 1.555635 4.389950 0.030000
v 1.549306 4.380055 0.001716
v 1.534027 4.356168 0.070000
v 1.555635 4.389950 0.030000
v 1.549306 4.380055 0.058284
v 1.753304 4.192787 -0.010000
v 1.779837 4.222899 0.030000
v 1.772066 4.214079 0.001716
v 1.753304 4.192787 0.070000
v 1.779837 4.222899 0.030000
v 1.772066 4.214079 0.058284
v 1.928764 4.010580 -0.010000
v 1.960214 4.035587 0.030000
v 1.951003 4.028263 0.001716
v 1.928764 4.010580 0.070000
v 1.960214 4.035587 0.030000
v 1.951003 4.028263 0.058284
v 2.056432 3.814442 -0.010000
v 2.092324 3.832624 0.030000
v 2.081812 3.827299 0.001716
v 2.056432 3.814442 0.070000
v 2.092324 3.832624 0.030000
v 2.081812 3.827299 0.058284
v 2.133803 3.609358 -0.010000
v 2.172915 3.619008 0.030000
v 2.161459 3.616182 0.001716
v 2.133803 3.609358 0.070000
v 2.172915 3.619008 0.030000
v 2.161459 3.616182 0.058284
v 2.159695 3.400000 -0.010000
v 2.200000 3.400000 0.030000
v 2.188195 3.400000 0.001716
v 2.159695 3.400000 0.070000
v 2.200000 3.400000 0.030000
v 2.188195 3.400000 0.058284
v 2.133803 3.190642 -0.010000
v 2.172915 3.180992 0.030000
v 2.161459 3.183818 0.001716
v 2.133803 3.190642 0.070000
v 2.172915 3.180992 0.030000
v 2.161459 3.183818 0.058284
v 2.056432 2.985558 -0.010000
v 2.092324 2.967376 0.030000
v 2.081812 2.972702 0.001716
v 2.056432 2.985558 0.070000
v 2.092324 2.967376 0.030000
v 2.081812 2.972702 0.058284
v 1.928764 2.789420 -0.010000
v 1.960214 2.764413 0.030000
v 1.951003 2.771738 0.001716
v 1.928764 2.789420 0.070000
v 1.960214 2.764413 0.030000
v 1.951003 2.771738 0.058284
v 1.753304 2.607213 -0.010000
v 1.779837 2.577101 0.030000
v 1.772066 2.585921 0.001716
v 1.753304 2.607213 0.070000
v 1.779837 2.577101 0.030000
v 1.772066 2.585921 0.058284
v 1.534026 2.443832 -0.010000
v 1.555635 2.410051 0.030000
v 1.549306 2.419945 0.001716
v 1.534026 2.443832 0.070000
v 1.555635 2.410051 0.030000
v 1.549306 2.419945 0.058284
v 1.276244 2.303727 -0.010000
v 1.293128 2.267376 0.030000
v 1.288182 2.278023 0.001716
v 1.276244 2.303727 0.070000
v 1.293128 2.267376 0.030000
v 1.288182 2.278023 0.058284
v 0.986374 2.190687 -0.010000
v 0.998779 2.152591 0.030000
v 0.995146 2.163749 0.001716
v 0.986374 2.190687 0.070000
v 0.998779 2.152591 0.030000
v 0.995146 2.163749 0.058284
v 0.671697 2.107741 -0.010000
v 0.679837 2.068521 0.030000
v 0.677453 2.080009 0.001716
v 0.671697 2.107741 0.070000
v 0.679837 2.068521 0.030000
v 0.677453 2.080009 0.058284
v 0.340124 2.057084 -0.010000
v 0.344156 2.017236 0.030000
v 0.342975 2.028908 0.001716
v 0.340124 2.057084 0.070000
v 0.344156 2.017236 0.030000
v 0.342975 2.028908 0.058284
vn -0.0000 -0.2008 -0.9796
vn -0.0000 -0.9810 -0.1940
vn -0.0000 -0.7128 -0.7014
vn -0.0000 -0.2008 0.9796
vn -0.0000 -0.9810 0.1940
vn -0.0000 -0.7128 0.7014
vn -0.0202 -0.1999 -0.9796
vn -0.0943 -0.9764 -0.1944
vn -0.0718 -0.7092 -0.7013
vn -0.0202 -0.1999 0.9796
vn -0.0943 -0.9764 0.1944
vn -0.0718 -0.7092 0.7013
vn -0.0409 -0.1970 -0.9796
vn -0.1425 -0.9705 -0.1947
vn -0.1449 -0.6982 -0.7011
vn -0.0409 -0.1970 0.9796
vn -0.1425 -0.9705 0.1947
vn -0.1449 -0.6982 0.7011
vn -0.0624 -0.1917 -0.9795
vn -0.2480 -0.9487 -0.1962
vn -0.2209 -0.6785 -0.7006
vn -0.0624 -0.1917 0.9795
vn -0.2480 -0.9487 0.1962
vn -0.2209 -0.6785 0.7006
vn -0.0852 -0.1834 -0.9793
vn -0.3022 -0.9327 -0.1970
vn -0.3008 -0.6477 -0.7000
vn -0.0852 -0.1834 0.9793
vn -0.3022 -0.9327 0.1970
vn -0.3008 -0.6477 0.7000
vn -0.1095 -0.1711 -0.9792
vn -0.4644 -0.8620 -0.2030
vn -0.3853 -0.6023 -0.6992
vn -0.1095 -0.1711 0.9792
vn -0.4644 -0.8620 0.2030
vn -0.3853 -0.6023 0.6992
vn -0.1350 -0.1532 -0.9789
vn -0.7117 -0.6750 -0.1942
vn -0.4734 -0.5372 -0.6981
vn -0.1350 -0.1532 0.9789
vn -0.7117 -0.6750 0.1942
vn -0.4734 -0.5372 0.6981
vn -0.1609 -0.1279 -0.9786
vn -0.8038 -0.5625 -0.1938
vn -0.5614 -0.4464 -0.6969
vn -0.1609 -0.1279 0.9786
vn -0.8038 -0.5625 0.1938
vn -0.5614 -0.4464 0.6969
vn -0.1845 -0.0935 -0.9784
vn -0.7194 -0.6601 -0.2162
vn -0.6408 -0.3246 -0.6957
vn -0.1845 -0.0935 0.9784
vn -0.7194 -0.6601 0.2162
vn -0.6408 -0.3246 0.6957
vn -0.2018 -0.0498 -0.9782
vn -0.8476 -0.4775 -0.2313
vn -0.6984 -0.1723 -0.6947
vn -0.2018 -0.0498 0.9782
vn -0.8476 -0.4775 0.2313
vn -0.6984 -0.1723 0.6947
vn -0.2083 -0.0000 -0.9781
vn -0.9811 -0.0000 -0.1933
vn -0.7196 -0.0000 -0.6943
vn -0.2083 -0.0000 0.9781
vn -0.9811 -0.0000 0.1933
vn -0.7196 -0.0000 0.6943
vn -0.2018 0.0498 -0.9782
vn -0.8476 0.4775 -0.2313
vn -0.6984 0.1723 -0.6947
vn -0.2018 0.0498 0.9782
vn -0.8476 0.4775 0.2313
vn -0.6984 0.1723 0.6947
vn -0.1845 0.0935 -0.9784
vn -0.7194 0.6601 -0.2162
vn -0.6408 0.3246 -0.6957
vn -0.1845 0.0935 0.9784
vn -0.7194 0.6601 0.2162
vn -0.6408 0.3246 0.6957
vn -0.1609 0.1279 -0.9786
vn -0.8038 0.5625 -0.1938
vn -0.5614 0.4464 -0.6969
vn -0.1609 0.1279 0.9786
vn -0.8038 0.5625 0.1938
vn -0.5614 0.4464 0.6969
vn -0.1350 0.1532 -0.9789
vn -0.7117 0.6750 -0.1942
vn -0.4734 0.5372 -0.6981
vn -0.1350 0.1532 0.9789
vn -0.7117 0.6750 0.1942
vn -0.4734 0.5372 0.6981
vn -0.1095 0.1711 -0.9792
vn -0.6247 0.7562 -0.1949
vn -0.3853 0.6023 -0.6992
vn -0.1094 0.1711 0.9792
vn -0.6247 0.7562 0.1949
vn -0.3853 0.6023 0.6992
vn -0.0852 0.1834 -0.9793
vn -0.4796 0.8554 -0.1958
vn -0.3008 0.6477 -0.7000
vn -0.0852 0.1834 0.9793
vn -0.4796 0.8554 0.1958
vn -0.3008 0.6477 0.7000
vn -0.0624 0.1917 -0.9795
vn -0.3390 0.9206 -0.1940
vn -0.2209 0.6785 -0.7006
vn -0.0624 0.1917 0.9795
vn -0.3390 0.9206 0.1940
vn -0.2209 0.6785 0.7006
vn -0.0409 0.1970 -0.9796
vn -0.2364 0.9520 -0.1945
vn -0.1449 0.6982 -0.7011
vn -0.0409 0.1970 0.9796
vn -0.2364 0.9520 0.1945
vn -0.1449 0.6982 0.7011
vn -0.0202 0.1999 -0.9796
vn -0.0943 0.9764 -0.1944
vn -0.0718 0.7092 -0.7013
vn -0.0202 0.1999 0.9796
vn -0.0943 0.9764 0.1944
vn -0.0718 0.7092 0.7013
vn -0.0000 0.2008 -0.9796
vn -0.0000 0.9810 -0.1940
vn -0.0000 0.7128 -0.7014
vn -0.0000 0.2008 0.9796
vn -0.0000 0.9810 0.1940
vn -0.0000 0.7128 0.7014
vn 0.0202 0.1999 -0.9796
vn 0.0943 0.9764 -0.1944
vn 0.0718 0.7092 -0.7013
vn 0.0202 0.1999 0.9796
vn 0.0943 0.9764 0.1944
vn 0.0718 0.7092 0.7013
vn 0.0409 0.1970 -0.9796
vn 0.2364 0.9520 -0.1945
vn 0.1449 0.6982 -0.7011
vn 0.0409 0.1970 0.9796
vn 0.2364 0.9520 0.1945
vn 0.1449 0.6982 0.7011
vn 0.0624 0.1917 -0.9795
vn 0.3390 0.9206 -0.1940
vn 0.2209 0.6785 -0.7006
vn 0.0624 0.1917 0.9795
vn 0.3390 0.9206 0.1940
vn 0.2209 0.6785 0.7006
vn 0.0852 0.1834 -0.9793
vn 0.4796 0.8554 -0.1958
vn 0.3008 0.6477 -0.7000
vn 0.0852 0.1834 0.9793
vn 0.4796 0.8554 0.1958
vn 0.3008 0.6477 0.7000
vn 0.1094 0.1711 -0.9792
vn 0.6247 0.7562 -0.1949
vn 0.3853 0.6023 -0.6992
vn 0.1094 0.1711 0.9792
vn 0.6247 0.7562 0.1949
vn 0.3853 0.6023 0.6992
vn 0.1350 0.1532 -0.9789
vn 0.7117 0.6750 -0.1942
vn 0.4734 0.5372 -0.6981
vn 0.1350 0.1532 0.9789
vn 0.7117 0.6750 0.1942
vn 0.4734 0.5372 0.6981
vn 0.1609 0.1279 -0.9786
vn 0.8038 0.5625 -0.1938
vn 0.5614 0.4464 -0.6969
vn 0.1609 0.1279 0.9786
vn 0.8038 0.5625 0.1938
vn 0.5614 0.4464 0.6969
vn 0.1845 0.0935 -0.9784
vn 0.7194 0.6601 -0.2162
vn 0.6408 0.3246 -0.6957
vn 0.1845 0.0935 0.9784
vn 0.7194 0.6601 0.2162
vn 0.6408 0.3246 0.6957
vn 0.2018 0.0498 -0.9782
vn 0.8476 0.4775 -0.2313
vn 0.6984 0.1723 -0.6947
vn 0.2018 0.0498 0.9782
vn 0.8476 0.4775 0.2313
vn 0.6984 0.1723 0.6947
vn 0.2083 -0.0000 -0.9781
vn 0.9811 -0.0000 -0.1933
vn 0.7196 -0.0000 -0.6943
vn 0.2083 -0.0000 0.9781
vn 0.9811 -0.0000 0.1933
vn 0.7196 -0.0000 0.6943
vn 0.2018 -0.0498 -0.9782
vn 0.8476 -0.4775 -0.2313
vn 0.6984 -0.1723 -0.6947
vn 0.2018 -0.0498 0.9782
vn 0.8476 -0.4775 0.2313
vn 0.6984 -0.1723 0.6947
vn 0.1845 -0.0935 -0.9784
vn 0.7194 -0.6601 -0.2162
vn 0.6408 -0.3246 -0.6957
vn 0.1845 -0.0935 0.9784
vn 0.7194 -0.6601 0.2162
vn 0.6408 -0.3246 0.6957
vn 0.1609 -0.1279 -0.9786
vn 0.8038 -0.5625 -0.1938
vn 0.5614 -0.4464 -0.6969
vn 0.1609 -0.1279 0.9786
vn 0.8038 -0.5625 0.1938
vn 0.5614 -0.4464 0.6969
vn 0.1350 -0.1532 -0.9789
vn 0.7117 -0.6750 -0.1942
vn 0.4734 -0.5372 -0.6981
vn 0.1350 -0.1532 0.9789
vn 0.7117 -0.6750 0.1942
vn 0.4734 -0.5372 0.6981
vn 0.1095 -0.1711 -0.9792
vn 0.4644 -0.8620 -0.2030
vn 0.3853 -0.6023 -0.6992
vn 0.1095 -0.1711 0.9792
vn 0.4644 -0.8620 0.2030
vn 0.3853 -0.6023 0.6992
vn 0.0852 -0.1834 -0.9793
vn 0.3022 -0.9327 -0.1970
vn 0.3008 -0.6477 -0.7000
vn 0.0852 -0.1834 0.9793
vn 0.3022 -0.9327 0.1970
vn 0.3008 -0.6477 0.7000
vn 0.0624 -0.1917 -0.9795
vn 0.2480 -0.9487 -0.1962
vn 0.2209 -0.6785 -0.7006
vn 0.0624 -0.1917 0.9795
vn 0.2480 -0.9487 0.1962
vn 0.2209 -0.6785 0.7006
vn 0.0409 -0.1970 -0.9796
vn 0.1425 -0.9705 -0.1947
vn 0.1449 -0.6982 -0.7011
vn 0.0409 -0.1970 0.9796
vn 0.1425 -0.9705 0.1947
vn 0.1449 -0.6982 0.7011
vn 0.0202 -0.1999 -0.9796
vn 0.0943 -0.9764 -0.1944
vn 0.0718 -0.7092 -0.7013
vn 0.0202 -0.1999 0.9796
vn 0.0943 -0.9764 0.1944
vn 0.0718 -0.7092 0.7013
vt 1.000000 0.750000
vt 0.975000 0.750000
vt 0.975000 0.500000
vt 0.999957 0.500000
vt 0.750000 0.489995
vt 0.787544 0.487040
vt 0.787104 0.480214
vt 0.750000 0.483134
vt 0.999957 1.000000
vt 0.975000 1.000000
vt 0.287544 0.487040
vt 0.250000 0.489995
vt 0.250000 0.483134
vt 0.287104 0.480214
vt 0.950000 0.750000
vt 0.949999 0.500000
vt 0.824163 0.478248
vt 0.823276 0.471530
vt 0.949999 1.000000
vt 0.324163 0.478248
vt 0.323276 0.471530
vt 0.925000 0.750000
vt 0.924999 0.500000
vt 0.858956 0.463835
vt 0.857605 0.457311
vt 0.924999 1.000000
vt 0.358956 0.463835
vt 0.357604 0.457311
vt 0.900000 0.750000
vt 0.899998 0.500000
vt 0.891066 0.444157
vt 0.889227 0.437933
vt 0.899998 1.000000
vt 0.391066 0.444157
vt 0.389227 0.437933
vt 0.875000 0.750000
vt 0.874998 0.500000
vt 0.919702 0.419697
vt 0.917348 0.413915
vt 0.874998 1.000000
vt 0.419702 0.419697
vt 0.417348 0.413915
vt 0.850000 0.750000
vt 0.849997 0.500000
vt 0.944158 0.391058
vt 0.941270 0.385906
vt 0.849997 1.000000
vt 0.444158 0.391058
vt 0.441269 0.385906
vt 0.825000 0.750000
vt 0.824996 0.500000
vt 0.963833 0.358947
vt 0.960411 0.354671
vt 0.824996 1.000000
vt 0.463833 0.358947
vt 0.460411 0.354671
vt 0.800000 0.750000
vt 0.799996 0.500000
vt 0.978240 0.324153
vt 0.974338 0.321047
vt 0.799996 1.000000
vt 0.478240 0.324153
vt 0.474338 0.321047
vt 0.775000 0.750000
vt 0.774998 0.500000
vt 0.987028 0.287537
vt 0.982779 0.285890
vt 0.774998 1.000000
vt 0.487028 0.287537
vt 0.482778 0.285890
vt 0.750000 0.750000
vt 0.750000 0.500000
vt 0.989981 0.250000
vt 0.985603 0.250000
vt 0.750000 1.000000
vt 0.489981 0.250000
vt 0.485603 0.250000
vt 0.725000 0.750000
vt 0.725003 0.500000
vt 0.987028 0.212463
vt 0.982778 0.214110
vt 0.725003 1.000000
vt 0.487028 0.212463
vt 0.482779 0.214110
vt 0.700000 0.750000
vt 0.700004 0.500000
vt 0.978240 0.175847
vt 0.974338 0.178953
vt 0.700004 1.000000
vt 0.478240 0.175847
vt 0.474338 0.178953
vt 0.675000 0.750000
vt 0.675004 0.500000
vt 0.963833 0.141053
vt 0.960411 0.145329
vt 0.675004 1.000000
vt 0.463833 0.141053
vt 0.460411 0.145329
vt 0.650000 0.750000
vt 0.650004 0.500000
vt 0.944158 0.108942
vt 0.941270 0.114094
vt 0.650004 1.000000
vt 0.444158 0.108942
vt 0.441269 0.114094
vt 0.625000 0.750000
vt 0.625003 0.500000
vt 0.919702 0.080303
vt 0.917348 0.086086
vt 0.625003 1.000000
vt 0.419702 0.080303
vt 0.417348 0.086086
vt 0.600000 0.750000
vt 0.600002 0.500000
vt 0.891066 0.055843
vt 0.889226 0.062067
vt 0.600002 1.000000
vt 0.391066 0.055843
vt 0.389227 0.062067
vt 0.575000 0.750000
vt 0.575001 0.500000
vt 0.858956 0.036165
vt 0.857604 0.042689
vt 0.575001 1.000000
vt 0.358956 0.036165
vt 0.357604 0.042689
vt 0.550000 0.750000
vt 0.550001 0.500000
vt 0.824163 0.021752
vt 0.823276 0.028470
vt 0.550001 1.000000
vt 0.324163 0.021752
vt 0.323276 0.028470
vt 0.525000 0.750000
vt 0.525001 0.500000
vt 0.787544 0.012960
vt 0.787104 0.019786
vt 0.525001 1.000000
vt 0.287544 0.012960
vt 0.287104 0.019786
vt 0.500000 0.750000
vt 0.500000 0.500000
vt 0.750000 0.010005
vt 0.750000 0.016866
vt 0.500000 1.000000
vt 0.250000 0.010005
vt 0.250000 0.016866
vt 0.475000 0.750000
vt 0.475000 0.500000
vt 0.712456 0.012960
vt 0.712896 0.019786
vt 0.475000 1.000000
vt 0.212456 0.012960
vt 0.212896 0.019786
vt 0.450000 0.750000
vt 0.450000 0.500000
vt 0.675837 0.021752
vt 0.676724 0.028470
vt 0.450000 1.000000
vt 0.175837 0.021752
vt 0.176724 0.028470
vt 0.425000 0.750000
vt 0.424999 0.500000
vt 0.641044 0.036165
vt 0.642396 0.042689
vt 0.424999 1.000000
vt 0.141044 0.036165
vt 0.142396 0.042689
vt 0.400000 0.750000
vt 0.399999 0.500000
vt 0.608934 0.055843
vt 0.610774 0.062067
vt 0.399999 1.000000
vt 0.108934 0.055843
vt 0.110774 0.062067
vt 0.375000 0.750000
vt 0.374998 0.500000
vt 0.580298 0.080303
vt 0.582652 0.086086
vt 0.374998 1.000000
vt 0.080298 0.080303
vt 0.082652 0.086086
vt 0.350000 0.750000
vt 0.349997 0.500000
vt 0.555842 0.108942
vt 0.558730 0.114094
vt 0.349997 1.000000
vt 0.055842 0.108942
vt 0.058730 0.114094
vt 0.325000 0.750000
vt 0.324996 0.500000
vt 0.536167 0.141053
vt 0.539590 0.145329
vt 0.324996 1.000000
vt 0.036167 0.141053
vt 0.039589 0.145329
vt 0.300000 0.750000
vt 0.299996 0.500000
vt 0.521760 0.175847
vt 0.525662 0.178953
vt 0.299996 1.000000
vt 0.021760 0.175847
vt 0.025662 0.178953
vt 0.275000 0.750000
vt 0.274998 0.500000
vt 0.512972 0.212463
vt 0.517222 0.214110
vt 0.274998 1.000000
vt 0.012972 0.212463
vt 0.017221 0.214110
vt 0.250000 0.750000
vt 0.250000 0.500000
vt 0.510019 0.250000
vt 0.514397 0.250000
vt 0.250000 1.000000
vt 0.010019 0.250000
vt 0.014397 0.250000
vt 0.225000 0.750000
vt 0.225003 0.500000
vt 0.512972 0.287537
vt 0.517221 0.285890
vt 0.225003 1.000000
vt 0.012972 0.287537
vt 0.017221 0.285890
vt 0.200000 0.750000
vt 0.200004 0.500000
vt 0.521760 0.324153
vt 0.525662 0.321047
vt 0.200004 1.000000
vt 0.021760 0.324153
vt 0.025662 0.321047
vt 0.175000 0.750000
vt 0.175004 0.500000
vt 0.536167 0.358947
vt 0.539589 0.354671
vt 0.175004 1.000000
vt 0.036167 0.358947
vt 0.039589 0.354671
vt 0.150000 0.750000
vt 0.150004 0.500000
vt 0.555842 0.391058
vt 0.558730 0.385906
vt 0.150004 1.000000
vt 0.055842 0.391058
vt 0.058730 0.385906
vt 0.125000 0.750000
vt 0.125003 0.500000
vt 0.580298 0.419697
vt 0.582652 0.413915
vt 0.125003 1.000000
vt 0.080298 0.419697
vt 0.082652 0.413915
vt 0.100000 0.750000
vt 0.100002 0.500000
vt 0.608934 0.444157
vt 0.610773 0.437933
vt 0.100002 1.000000
vt 0.108934 0.444157
vt 0.110773 0.437933
vt 0.075000 0.750000
vt 0.075001 0.500000
vt 0.641044 0.463835
vt 0.642396 0.457311
vt 0.075001 1.000000
vt 0.141044 0.463835
vt 0.142396 0.457311
vt 0.050000 0.750000
vt 0.050001 0.500000
vt 0.675837 0.478248
vt 0.676724 0.471530
vt 0.050001 1.000000
vt 0.175837 0.478248
vt 0.176724 0.471530
vt 0.025000 0.750000
vt 0.025001 0.500000
vt 0.712456 0.487040
vt 0.712896 0.480214
vt 0.025001 1.000000
vt 0.212456 0.487040
vt 0.212896 0.480214
vt 0.000000 0.750000
vt 0.000043 0.500000
vt 0.000043 1.000000
s 1
usemtl Pond
f 1638/1946/1623 1644/1947/1629 1645/1948/1630 1639/1949/1624
f 1639/1950/1624 1645/1951/1630 1643/1952/1628 1637/1953/1622
f 1647/1947/1632 1641/1946/1626 1642/1954/1627 1648/1955/1633
f 1648/1956/1633 1642/1957/1627 1640/1958/1625 1646/1959/1631
f 1644/1947/1629 1650/1960/1635 1651/1961/1636 1645/1948/1630
f 1645/1951/1630 1651/1962/1636 1649/1963/1634 1643/1952/1628
f 1653/1960/1638 1647/1947/1632 1648/1955/1633 1654/1964/1639
f 1654/1965/1639 1648/1956/1633 1646/1959/1631 1652/1966/1637
f 1650/1960/1635 1656/1967/1641 1657/1968/1642 1651/1961/1636
f 1651/1962/1636 1657/1969/1642 1655/1970/1640 1649/1963/1634
f 1659/1967/1644 1653/1960/1638 1654/1964/1639 1660/1971/1645
f 1660/1972/1645 1654/1965/1639 1652/1966/1637 1658/1973/1643
f 1656/1967/1641 1662/1974/1647 1663/1975/1648 1657/1968/1642
f 1657/1969/1642 1663/1976/1648 1661/1977/1646 1655/1970/1640
f 1665/1974/1650 1659/1967/1644 1660/1971/1645 1666/1978/1651
f 1666/1979/1651 1660/1972/1645 1658/1973/1643 1664/1980/1649
f 1662/1974/1647 1668/1981/1653 1669/1982/1654 1663/1975/1648
f 1663/1976/1648 1669/1983/1654 1667/1984/1652 1661/1977/1646
f 1671/1981/1656 1665/1974/1650 1666/1978/1651 1672/1985/1657
f 1672/1986/1657 1666/1979/1651 1664/1980/1649 1670/1987/1655
f 1668/1981/1653 1674/1988/1659 1675/1989/1660 1669/1982/1654
f 1669/1983/1654 1675/1990/1660 1673/1991/1658 1667/1984/1652
f 1677/1988/1662 1671/1981/1656 1672/1985/1657 1678/1992/1663
f 1678/1993/1663 1672/1986/1657 1670/1987/1655 1676/1994/1661
f 1674/1988/1659 1680/1995/1665 1681/1996/1666 1675/1989/1660
f 1675/1990/1660 1681/1997/1666 1679/1998/1664 1673/1991/1658
f 1683/1995/1668 1677/1988/1662 1678/1992/1663 1684/1999/1669
f 1684/2000/1669 1678/1993/1663 1676/1994/1661 1682/2001/1667
f 1680/1995/1665 1686/2002/1671 1687/2003/1672 1681/1996/1666
f 1681/1997/1666 1687/2004/1672 1685/2005/1670 1679/1998/1664
f 1689/2002/1674 1683/1995/1668 1684/1999/1669 1690/2006/1675
f 1690/2007/1675 1684/2000/1669 1682/2001/1667 1688/2008/1673
f 1686/2002/1671 1692/2009/1677 1693/2010/1678 1687/2003/1672
f 1687/2004/1672 1693/2011/1678 1691/2012/1676 1685/2005/1670
f 1695/2009/1680 1689/2002/1674 1690/2006/1675 1696/2013/1681
f 1696/2014/1681 1690/2007/1675 1688/2008/1673 1694/2015/1679
f 1692/2009/1677 1698/2016/1683 1699/2017/1684 1693/2010/1678
f 1693/2011/1678 1699/2018/1684 1697/2019/1682 1691/2012/1676
f 1701/2016/1686 1695/2009/1680 1696/2013/1681 1702/2020/1687
f 1702/2021/1687 1696/2014/1681 1694/2015/1679 1700/2022/1685
f 1698/2016/1683 1704/2023/1689 1705/2024/1690 1699/2017/1684
f 1699/2018/1684 1705/2025/1690 1703/2026/1688 1697/2019/1682
f 1707/2023/1692 1701/2016/1686 1702/2020/1687 1708/2027/1693
f 1708/2028/1693 1702/2021/1687 1700/2022/1685 1706/2029/1691
f 1704/2023/1689 1710/2030/1695 1711/2031/1696 1705/2024/1690
f 1705/2025/1690 1711/2032/1696 1709/2033/1694 1703/2026/1688
f 1713/2030/1698 1707/2023/1692 1708/2027/1693 1714/2034/1699
f 1714/2035/1699 1708/2028/1693 1706/2029/1691 1712/2036/1697
f 1710/2030/1695 1716/2037/1701 1717/2038/1702 1711/2031/1696
f 1711/2032/1696 1717/2039/1702 1715/2040/1700 1709/2033/1694
f 1719/2037/1704 1713/2030/1698 1714/2034/1699 1720/2041/1705
f 1720/2042/1705 1714/2035/1699 1712/2036/1697 1718/2043/1703
f 1716/2037/1701 1722/2044/1707 1723/2045/1708 1717/2038/1702
f 1717/2039/1702 1723/2046/1708 1721/2047/1706 1715/2040/1700
f 1725/2044/1710 1719/2037/1704 1720/2041/1705 1726/2048/1711
f 1726/2049/1711 1720/2042/1705 1718/2043/1703 1724/2050/1709
f 1722/2044/1707 1728/2051/1713 1729/2052/1714 1723/2045/1708
f 1723/2046/1708 1729/2053/1714 1727/2054/1712 1721/2047/1706
f 1731/2051/1716 1725/2044/1710 1726/2048/1711 1732/2055/1717
f 1732/2056/1717 1726/2049/1711 1724/2050/1709 1730/2057/1715
f 1728/2051/1713 1734/2058/1719 1735/2059/1720 1729/2052/1714
f 1729/2053/1714 1735/2060/1720 1733/2061/1718 1727/2054/1712
f 1737/2058/1722 1731/2051/1716 1732/2055/1717 1738/2062/1723
f 1738/2063/1723 1732/2056/1717 1730/2057/1715 1736/2064/1721
f 1734/2058/1719 1740/2065/1725 1741/2066/1726 1735/2059/1720
f 1735/2060/1720 1741/2067/1726 1739/2068/1724 1733/2061/1718
f 1743/2065/1728 1737/2058/1722 1738/2062/1723 1744/2069/1729
f 1744/2070/1729 1738/2063/1723 1736/2064/1721 1742/2071/1727
f 1740/2065/1725 1746/2072/1731 1747/2073/1732 1741/2066/1726
f 1741/2067/1726 1747/2074/1732 1745/2075/1730 1739/2068/1724
f 1749/2072/1734 1743/2065/1728 1744/2069/1729 1750/2076/1735
f 1750/2077/1735 1744/2070/1729 1742/2071/1727 1748/2078/1733
f 1746/2072/1731 1752/2079/1737 1753/2080/1738 1747/2073/1732
f 1747/2074/1732 1753/2081/1738 1751/2082/1736 1745/2075/1730
f 1755/2079/1740 1749/2072/1734 1750/2076/1735 1756/2083/1741
f 1756/2084/1741 1750/2077/1735 1748/2078/1733 1754/2085/1739
f 1752/2079/1737 1758/2086/1743 1759/2087/1744 1753/2080/1738
f 1753/2081/1738 1759/2088/1744 1757/2089/1742 1751/2082/1736
f 1761/2086/1746 1755/2079/1740 1756/2083/1741 1762/2090/1747
f 1762/2091/1747 1756/2084/1741 1754/2085/1739 1760/2092/1745
f 1758/2086/1743 1764/2093/1749 1765/2094/1750 1759/2087/1744
f 1759/2088/1744 1765/2095/1750 1763/2096/1748 1757/2089/1742
f 1767/2093/1752 1761/2086/1746 1762/2090/1747 1768/2097/1753
f 1768/2098/1753 1762/2091/1747 1760/2092/1745 1766/2099/1751
f 1764/2093/1749 1770/2100/1755 1771/2101/1756 1765/2094/1750
f 1765/2095/1750 1771/2102/1756 1769/2103/1754 1763/2096/1748
f 1773/2100/1758 1767/2093/1752 1768/2097/1753 1774/2104/1759
f 1774/2105/1759 1768/2098/1753 1766/2099/1751 1772/2106/1757
f 1770/2100/1755 1776/2107/1761 1777/2108/1762 1771/2101/1756
f 1771/2102/1756 1777/2109/1762 1775/2110/1760 1769/2103/1754
f 1779/2107/1764 1773/2100/1758 1774/2104/1759 1780/2111/1765
f 1780/2112/1765 1774/2105/1759 1772/2106/1757 1778/2113/1763
f 1776/2107/1761 1782/2114/1767 1783/2115/1768 1777/2108/1762
f 1777/2109/1762 1783/2116/1768 1781/2117/1766 1775/2110/1760
f 1785/2114/1770 1779/2107/1764 1780/2111/1765 1786/2118/1771
f 1786/2119/1771 1780/2112/1765 1778/2113/1763 1784/2120/1769
f 1782/2114/1767 1788/2121/1773 1789/2122/1774 1783/2115/1768
f 1783/2116/1768 1789/2123/1774 1787/2124/1772 1781/2117/1766
f 1791/2121/1776 1785/2114/1770 1786/2118/1771 1792/2125/1777
f 1792/2126/1777 1786/2119/1771 1784/2120/1769 1790/2127/1775
f 1788/2121/1773 1794/2128/1779 1795/2129/1780 1789/2122/1774
f 1789/2123/1774 1795/2130/1780 1793/2131/1778 1787/2124/1772
f 1797/2128/1782 1791/2121/1776 1792/2125/1777 1798/2132/1783
f 1798/2133/1783 1792/2126/1777 1790/2127/1775 1796/2134/1781
f 1794/2128/1779 1800/2135/1785 1801/2136/1786 1795/2129/1780
f 1795/2130/1780 1801/2137/1786 1799/2138/1784 1793/2131/1778
f 1803/2135/1788 1797/2128/1782 1798/2132/1783 1804/2139/1789
f 1804/2140/1789 1798/2133/1783 1796/2134/1781 1802/2141/1787
f 1800/2135/1785 1806/2142/1791 1807/2143/1792 1801/2136/1786
f 1801/2137/1786 1807/2144/1792 1805/2145/1790 1799/2138/1784
f 1809/2142/1794 1803/2135/1788 1804/2139/1789 1810/2146/1795
f 1810/2147/1795 1804/2140/1789 1802/2141/1787 1808/2148/1793
f 1806/2142/1791 1812/2149/1797 1813/2150/1798 1807/2143/1792
f 1807/2144/1792 1813/2151/1798 1811/2152/1796 1805/2145/1790
f 1815/2149/1800 1809/2142/1794 1810/2146/1795 1816/2153/1801
f 1816/2154/1801 1810/2147/1795 1808/2148/1793 1814/2155/1799
f 1812/2149/1797 1818/2156/1803 1819/2157/1804 1813/2150/1798
f 1813/2151/1798 1819/2158/1804 1817/2159/1802 1811/2152/1796
f 1821/2156/1806 1815/2149/1800 1816/2153/1801 1822/2160/1807
f 1822/2161/1807 1816/2154/1801 1814/2155/1799 1820/2162/1805
f 1818/2156/1803 1824/2163/1809 1825/2164/1810 1819/2157/1804
f 1819/2158/1804 1825/2165/1810 1823/2166/1808 1817/2159/1802
f 1827/2163/1812 1821/2156/1806 1822/2160/1807 1828/2167/1813
f 1828/2168/1813 1822/2161/1807 1820/2162/1805 1826/2169/1811
f 1824/2163/1809 1830/2170/1815 1831/2171/1816 1825/2164/1810
f 1825/2165/1810 1831/2172/1816 1829/2173/1814 1823/2166/1808
f 1833/2170/1818 1827/2163/1812 1828/2167/1813 1834/2174/1819
f 1834/2175/1819 1828/2168/1813 1826/2169/1811 1832/2176/1817
f 1830/2170/1815 1836/2177/1821 1837/2178/1822 1831/2171/1816
f 1831/2172/1816 1837/2179/1822 1835/2180/1820 1829/2173/1814
f 1839/2177/1824 1833/2170/1818 1834/2174/1819 1840/2181/1825
f 1840/2182/1825 1834/2175/1819 1832/2176/1817 1838/2183/1823
f 1836/2177/1821 1842/2184/1827 1843/2185/1828 1837/2178/1822
f 1837/2179/1822 1843/2186/1828 1841/2187/1826 1835/2180/1820
f 1845/2184/1830 1839/2177/1824 1840/2181/1825 1846/2188/1831
f 1846/2189/1831 1840/2182/1825 1838/2183/1823 1844/2190/1829
f 1842/2184/1827 1848/2191/1833 1849/2192/1834 1843/2185/1828
f 1843/2186/1828 1849/2193/1834 1847/2194/1832 1841/2187/1826
f 1851/2191/1836 1845/2184/1830 1846/2188/1831 1852/2195/1837
f 1852/2196/1837 1846/2189/1831 1844/2190/1829 1850/2197/1835
f 1848/2191/1833 1854/2198/1839 1855/2199/1840 1849/2192/1834
f 1849/2193/1834 1855/2200/1840 1853/2201/1838 1847/2194/1832
f 1857/2198/1842 1851/2191/1836 1852/2195/1837 1858/2202/1843
f 1858/2203/1843 1852/2196/1837 1850/2197/1835 1856/2204/1841
f 1854/2198/1839 1860/2205/1845 1861/2206/1846 1855/2199/1840
f 1855/2200/1840 1861/2207/1846 1859/2208/1844 1853/2201/1838
f 1863/2205/1848 1857/2198/1842 1858/2202/1843 1864/2209/1849
f 1864/2210/1849 1858/2203/1843 1856/2204/1841 1862/2211/1847
f 1860/2205/1845 1866/2212/1851 1867/2213/1852 1861/2206/1846
f 1861/2207/1846 1867/2214/1852 1865/2215/1850 1859/2208/1844
f 1869/2212/1854 1863/2205/1848 1864/2209/1849 1870/2216/1855
f 1870/2217/1855 1864/2210/1849 1862/2211/1847 1868/2218/1853
f 1866/2212/1851 1872/2219/1857 1873/2220/1858 1867/2213/1852
f 1867/2214/1852 1873/2221/1858 1871/2222/1856 1865/2215/1850
f 1875/2219/1860 1869/2212/1854 1870/2216/1855 1876/2223/1861
f 1876/2224/1861 1870/2217/1855 1868/2218/1853 1874/2225/1859
f 1872/2219/1857 1638/2226/1623 1639/2227/1624 1873/2220/1858
f 1873/2221/1858 1639/1950/1624 1637/1953/1622 1871/2222/1856
f 1641/2226/1626 1875/2219/1860 1876/2223/1861 1642/2228/1627
f 1642/1957/1627 1876/2224/1861 1874/2225/1859 1640/1958/1625
f 1637/1953/1622 1643/1952/1628 1649/1963/1634 1655/1970/1640 1661/1977/1646 1667/1984/1652 1673/1991/1658 1679/1998/1664 1685/2005/1670 1691/2012/1676 1697/2019/1682 1703/2026/1688 1709/2033/1694 1715/2040/1700 1721/2047/1706 1727/2054/1712 1733/2061/1718 1739/2068/1724 1745/2075/1730 1751/2082/1736 1757/2089/1742 1763/2096/1748 1769/2103/1754 1775/2110/1760 1781/2117/1766 1787/2124/1772 1793/2131/1778 1799/2138/1784 1805/2145/1790 1811/2152/1796 1817/2159/1802 1823/2166/1808 1829/2173/1814 1835/2180/1820 1841/2187/1826 1847/2194/1832 1853/2201/1838 1859/2208/1844 1865/2215/1850 1871/2222/1856
f 1638/1946/1623 1641/1946/1626 1647/1947/1632 1644/1947/1629
f 1872/2219/1857 1875/2219/1860 1641/2226/1626 1638/2226/1623
f 1646/1959/1631 1640/1958/1625 1874/2225/1859 1868/2218/1853 1862/2211/1847 1856/2204/1841 1850/2197/1835 1844/2190/1829 1838/2183/1823 1832/2176/1817 1826/2169/1811 1820/2162/1805 1814/2155/1799 1808/2148/1793 1802/2141/1787 1796/2134/1781 1790/2127/1775 1784/2120/1769 1778/2113/1763 1772/2106/1757 1766/2099/1751 1760/2092/1745 1754/2085/1739 1748/2078/1733 1742/2071/1727 1736/2064/1721 1730/2057/1715 1724/2050/1709 1718/2043/1703 1712/2036/1697 1706/2029/1691 1700/2022/1685 1694/2015/1679 1688/2008/1673 1682/2001/1667 1676/1994/1661 1670/1987/1655 1664/1980/1649 1658/1973/1643 1652/1966/1637
f 1644/1947/1629 1647/1947/1632 1653/1960/1638 1650/1960/1635
f 1650/1960/1635 1653/1960/1638 1659/1967/1644 1656/1967/1641
f 1656/1967/1641 1659/1967/1644 1665/1974/1650 1662/1974/1647
f 1662/1974/1647 1665/1974/1650 1671/1981/1656 1668/1981/1653
f 1668/1981/1653 1671/1981/1656 1677/1988/1662 1674/1988/1659
f 1674/1988/1659 1677/1988/1662 1683/1995/1668 1680/1995/1665
f 1680/1995/1665 1683/1995/1668 1689/2002/1674 1686/2002/1671
f 1686/2002/1671 1689/2002/1674 1695/2009/1680 1692/2009/1677
f 1692/2009/1677 1695/2009/1680 1701/2016/1686 1698/2016/1683
f 1698/2016/1683 1701/2016/1686 1707/2023/1692 1704/2023/1689
f 1704/2023/1689 1707/2023/1692 1713/2030/1698 1710/2030/1695
f 1710/2030/1695 1713/2030/1698 1719/2037/1704 1716/2037/1701
f 1716/2037/1701 1719/2037/1704 1725/2044/1710 1722/2044/1707
f 1722/2044/1707 1725/2044/1710 1731/2051/1716 1728/2051/1713
f 1728/2051/1713 1731/2051/1716 1737/2058/1722 1734/2058/1719
f 1734/2058/1719 1737/2058/1722 1743/2065/1728 1740/2065/1725
f 1740/2065/1725 1743/2065/1728 1749/2072/1734 1746/2072/1731
f 1746/2072/1731 1749/2072/1734 1755/2079/1740 1752/2079/1737
f 1752/2079/1737 1755/2079/1740 1761/2086/1746 1758/2086/1743
f 1758/2086/1743 1761/2086/1746 1767/2093/1752 1764/2093/1749
f 1764/2093/1749 1767/2093/1752 1773/2100/1758 1770/2100/1755
f 1770/2100/1755 1773/2100/1758 1779/2107/1764 1776/2107/1761
f 1776/2107/1761 1779/2107/1764 1785/2114/1770 1782/2114/1767
f 1782/2114/1767 1785/2114/1770 1791/2121/1776 1788/2121/1773
f 1788/2121/1773 1791/2121/1776 1797/2128/1782 1794/2128/1779
f 1794/2128/1779 1797/2128/1782 1803/2135/1788 1800/2135/1785
f 1800/2135/1785 1803/2135/1788 1809/2142/1794 1806/2142/1791
f 1806/2142/1791 1809/2142/1794 1815/2149/1800 1812/2149/1797
f 1812/2149/1797 1815/2149/1800 1821/2156/1806 1818/2156/1803
f 1818/2156/1803 1821/2156/1806 1827/2163/1812 1824/2163/1809
f 1824/2163/1809 1827/2163/1812 1833/2170/1818 1830/2170/1815
f 1830/2170/1815 1833/2170/1818 1839/2177/1824 1836/2177/1821
f 1836/2177/1821 1839/2177/1824 1845/2184/1830 1842/2184/1827
f 1842/2184/1827 1845/2184/1830 1851/2191/1836 1848/2191/1833
f 1848/2191/1833 1851/2191/1836 1857/2198/1842 1854/2198/1839
f 1854/2198/1839 1857/2198/1842 1863/2205/1848 1860/2205/1845
f 1860/2205/1845 1863/2205/1848 1869/2212/1854 1866/2212/1851
f 1866/2212/1851 1869/2212/1854 1875/2219/1860 1872/2219/1857
o Cylinder.001
v -0.200000 -3.360000 0.000000
v -0.200000 -3.360000 0.900000
v -0.313137 -3.313137 0.000000
v -0.313137 -3.313137 0.900000
v -0.360000 -3.200000 0.000000
v -0.360000 -3.200000 0.900000
v -0.313137 -3.086863 0.000000
v -0.313137 -3.086863 0.900000
v -0.200000 -3.040000 0.000000
v -0.200000 -3.040000 0.900000
v -0.086863 -3.086863 0.000000
v -0.086863 -3.086863 0.900000
v -0.040000 -3.200000 0.000000
v -0.040000 -3.200000 0.900000
v -0.086863 -3.313137 0.000000
v -0.086863 -3.313137 0.900000
vn -0.0000 -0.7764 -0.6303
vn -0.0000 -0.7764 0.6303
vn -0.5490 -0.5490 -0.6303
vn -0.5490 -0.5490 0.6303
vn -0.7764 -0.0000 -0.6303
vn -0.7764 -0.0000 0.6303
vn -0.5490 0.5490 -0.6303
vn -0.5490 0.5490 0.6303
vn -0.0000 0.7764 -0.6303
vn -0.0000 0.7764 0.6303
vn 0.5490 0.5490 -0.6303
vn 0.5490 0.5490 0.6303
vn 0.7764 -0.0000 -0.6303
vn 0.7764 -0.0000 0.6303
vn 0.5490 -0.5490 -0.6303
vn 0.5490 -0.5490 0.6303
vt 1.000000 0.500000
vt 1.000000 1.000000
vt 0.875000 1.000000
vt 0.875000 0.500000
vt 0.750000 1.000000
vt 0.750000 0.500000
vt 0.625000 1.000000
vt 0.625000 0.500000
vt 0.500000 1.000000
vt 0.500000 0.500000
vt 0.375000 1.000000
vt 0.375000 0.500000
vt 0.250000 1.000000
vt 0.250000 0.500000
vt 0.419706 0.419706
vt 0.250000 0.490000
vt 0.080294 0.419706
vt 0.010000 0.250000
vt 0.080294 0.080294
vt 0.250000 0.010000
vt 0.419706 0.080294
vt 0.490000 0.250000
vt 0.125000 1.000000
vt 0.125000 0.500000
vt 0.000000 1.000000
vt 0.000000 0.500000
vt 0.750000 0.490000
vt 0.919706 0.419706
vt 0.990000 0.250000
vt 0.919706 0.080294
vt 0.750000 0.010000
vt 0.580294 0.080294
vt 0.510000 0.250000
vt 0.580294 0.419706
s 1
usemtl Trunk
f 1877/2229/1862 1878/2230/1863 1880/2231/1865 1879/2232/1864
f 1879/2232/1864 1880/2231/1865 1882/2233/1867 1881/2234/1866
f 1881/2234/1866 1882/2233/1867 1884/2235/1869 1883/2236/1868
f 1883/2236/1868 1884/2235/1869 1886/2237/1871 1885/2238/1870
f 1885/2238/1870 1886/2237/1871 1888/2239/1873 1887/2240/1872
f 1887/2240/1872 1888/2239/1873 1890/2241/1875 1889/2242/1874
f 1880/2243/1865 1878/2244/1863 1892/2245/1877 1890/2246/1875 1888/2247/1873 1886/2248/1871 1884/2249/1869 1882/2250/1867
f 1889/2242/1874 1890/2241/1875 1892/2251/1877 1891/2252/1876
f 1891/2252/1876 1892/2251/1877 1878/2253/1863 1877/2254/1862
f 1877/2255/1862 1879/2256/1864 1881/2257/1866 1883/2258/1868 1885/2259/1870 1887/2260/1872 1889/2261/1874 1891/2262/1876
o Cone.008
v -0.200000 -4.200000 0.650000
v -0.842788 -3.966044 0.650000
v -1.184808 -3.373648 0.650000
v -1.066025 -2.700000 0.650000
v -0.542020 -2.260307 0.650000
v 0.142020 -2.260307 0.650000
v 0.666025 -2.700000 0.650000
v 0.784808 -3.373648 0.650000
v 0.442788 -3.966044 0.650000
v -0.200000 -3.200000 1.650000
vn -0.0000 -0.9453 -0.3261
vn -0.6077 -0.7242 -0.3261
vn -0.9310 -0.1642 -0.3261
vn -0.8187 0.4727 -0.3261
vn -0.3233 0.8883 -0.3261
vn 0.3233 0.8883 -0.3261
vn 0.8187 0.4727 -0.3261
vn 0.9310 -0.1642 -0.3261
vn 0.6077 -0.7242 -0.3261
vn -0.0000 -0.0000 1.0000
vt 0.250000 0.490000
vt 0.250000 0.250000
vt 0.404269 0.433851
vt 0.486354 0.291676
vt 0.457846 0.130000
vt 0.332085 0.024474
vt 0.167915 0.024474
vt 0.042154 0.130000
vt 0.013646 0.291676
vt 0.750000 0.490000
vt 0.904269 0.433851
vt 0.986354 0.291676
vt 0.957846 0.130000
vt 0.832085 0.024474
vt 0.667915 0.024474
vt 0.542154 0.130000
vt 0.513646 0.291676
vt 0.595731 0.433851
vt 0.095731 0.433851
s 1
usemtl Leaf
f 1893/2263/1878 1902/2264/1887 1894/2265/1879
f 1894/2265/1879 1902/2264/1887 1895/2266/1880
f 1895/2266/1880 1902/2264/1887 1896/2267/1881
f 1896/2267/1881 1902/2264/1887 1897/2268/1882
f 1897/2268/1882 1902/2264/1887 1898/2269/1883
f 1898/2269/1883 1902/2264/1887 1899/2270/1884
f 1899/2270/1884 1902/2264/1887 1900/2271/1885
f 1893/2272/1878 1894/2273/1879 1895/2274/1880 1896/2275/1881 1897/2276/1882 1898/2277/1883 1899/2278/1884 1900/2279/1885 1901/2280/1886
f 1900/2271/1885 1902/2264/1887 1901/2281/1886
f 1901/2281/1886 1902/2264/1887 1893/2263/1878
o Cone.009
v -0.200000 -3.980000 1.250000
v -0.701374 -3.797515 1.250000
v -0.968150 -3.335446 1.250000
v -0.875500 -2.810000 1.250000
v -0.466776 -2.467040 1.250000
v 0.066776 -2.467040 1.250000
v 0.475500 -2.810000 1.250000
v 0.568150 -3.335446 1.250000
v 0.301374 -3.797515 1.250000
v -0.200000 -3.200000 2.250000
vn -0.0000 -0.9265 -0.3764
vn -0.5955 -0.7097 -0.3764
vn -0.9124 -0.1609 -0.3764
vn -0.8023 0.4632 -0.3764
vn -0.3169 0.8706 -0.3764
vn 0.3169 0.8706 -0.3764
vn 0.8023 0.4632 -0.3764
vn 0.9124 -0.1609 -0.3764
vn 0.5955 -0.7097 -0.3764
vn -0.0000 -0.0000 1.0000
vt 0.250000 0.490000
vt 0.250000 0.250000
vt 0.404269 0.433851
vt 0.486354 0.291676
vt 0.457846 0.130000
vt 0.332085 0.024474
vt 0.167915 0.024474
vt 0.042154 0.130000
vt 0.013646 0.291676
vt 0.750000 0.490000
vt 0.904269 0.433851
vt 0.986354 0.291676
vt 0.957846 0.130000
vt 0.832085 0.024474
vt 0.667915 0.024474
vt 0.542154 0.130000
vt 0.513646 0.291676
vt 0.595731 0.433851
vt 0.095731 0.433851
s 1
usemtl Leaf.001
f 1903/2282/1888 1912/2283/1897 1904/2284/1889
f 1904/2284/1889 1912/2283/1897 1905/2285/1890
f 1905/2285/1890 1912/2283/1897 1906/2286/1891
f 1906/2286/1891 1912/2283/1897 1907/2287/1892
f 1907/2287/1892 1912/2283/1897 1908/2288/1893
f 1908/2288/1893 1912/2283/1897 1909/2289/1894
f 1909/2289/1894 1912/2283/1897 1910/2290/1895
f 1903/2291/1888 1904/2292/1889 1905/2293/1890 1906/2294/1891 1907/2295/1892 1908/2296/1893 1909/2297/1894 1910/2298/1895 1911/2299/1896
f 1910/2290/1895 1912/2283/1897 1911/2300/1896
f 1911/2300/1896 1912/2283/1897 1903/2282/1888
o Cone.010
v -0.200000 -3.700000 1.800000
v -0.521394 -3.583022 1.800000
v -0.692404 -3.286824 1.800000
v -0.633013 -2.950000 1.800000
v -0.371010 -2.730154 1.800000
v -0.028990 -2.730154 1.800000
v 0.233013 -2.950000 1.800000
v 0.292404 -3.286824 1.800000
v 0.121394 -3.583022 1.800000
v -0.200000 -3.200000 2.800000
vn -0.0000 -0.8896 -0.4568
vn -0.5718 -0.6814 -0.4568
vn -0.8760 -0.1545 -0.4568
vn -0.7704 0.4448 -0.4568
vn -0.3042 0.8359 -0.4568
vn 0.3042 0.8359 -0.4568
vn 0.7704 0.4448 -0.4568
vn 0.8760 -0.1545 -0.4568
vn 0.5718 -0.6814 -0.4568
vn -0.0000 -0.0000 1.0000
vt 0.250000 0.490000
vt 0.250000 0.250000
vt 0.404269 0.433851
vt 0.486354 0.291676
vt 0.457846 0.130000
vt 0.332085 0.024474
vt 0.167915 0.024474
vt 0.042154 0.130000
vt 0.013646 0.291676
vt 0.750000 0.490000
vt 0.904269 0.433851
vt 0.986354 0.291676
vt 0.957846 0.130000
vt 0.832085 0.024474
vt 0.667915 0.024474
vt 0.542154 0.130000
vt 0.513646 0.291676
vt 0.595731 0.433851
vt 0.095731 0.433851
s 1
usemtl Leaf.002
f 1913/2301/1898 1922/2302/1907 1914/2303/1899
f 1914/2303/1899 1922/2302/1907 1915/2304/1900
f 1915/2304/1900 1922/2302/1907 1916/2305/1901
f 1916/2305/1901 1922/2302/1907 1917/2306/1902
f 1917/2306/1902 1922/2302/1907 1918/2307/1903
f 1918/2307/1903 1922/2302/1907 1919/2308/1904
f 1919/2308/1904 1922/2302/1907 1920/2309/1905
f 1913/2310/1898 1914/2311/1899 1915/2312/1900 1916/2313/1901 1917/2314/1902 1918/2315/1903 1919/2316/1904 1920/2317/1905 1921/2318/1906
f 1920/2309/1905 1922/2302/1907 1921/2319/1906
f 1921/2319/1906 1922/2302/1907 1913/2301/1898
o Cylinder.002
v 1.000000 0.272000 0.000000
v 1.000000 0.272000 0.720000
v 0.909490 0.309490 0.000000
v 0.909490 0.309490 0.720000
v 0.872000 0.400000 0.000000
v 0.872000 0.400000 0.720000
v 0.909490 0.490510 0.000000
v 0.909490 0.490510 0.720000
v 1.000000 0.528000 0.000000
v 1.000000 0.528000 0.720000
v 1.090510 0.490510 0.000000
v 1.090510 0.490510 0.720000
v 1.128000 0.400000 0.000000
v 1.128000 0.400000 0.720000
v 1.090510 0.309490 0.000000
v 1.090510 0.309490 0.720000
vn -0.0000 -0.7764 -0.6303
vn -0.0000 -0.7764 0.6303
vn -0.5490 -0.5490 -0.6303
vn -0.5490 -0.5490 0.6303
vn -0.7764 -0.0000 -0.6303
vn -0.7764 -0.0000 0.6303
vn -0.5490 0.5490 -0.6303
vn -0.5490 0.5490 0.6303
vn -0.0000 0.7764 -0.6303
vn -0.0000 0.7764 0.6303
vn 0.5490 0.5490 -0.6303
vn 0.5490 0.5490 0.6303
vn 0.7764 -0.0000 -0.6303
vn 0.7764 -0.0000 0.6303
vn 0.5490 -0.5490 -0.6303
vn 0.5490 -0.5490 0.6303
vt 1.000000 0.500000
vt 1.000000 1.000000
vt 0.875000 1.000000
vt 0.875000 0.500000
vt 0.750000 1.000000
vt 0.750000 0.500000
vt 0.625000 1.000000
vt 0.625000 0.500000
vt 0.500000 1.000000
vt 0.500000 0.500000
vt 0.375000 1.000000
vt 0.375000 0.500000
vt 0.250000 1.000000
vt 0.250000 0.500000
vt 0.419706 0.419706
vt 0.250000 0.490000
vt 0.080294 0.419706
vt 0.010000 0.250000
vt 0.080294 0.080294
vt 0.250000 0.010000
vt 0.419706 0.080294
vt 0.490000 0.250000
vt 0.125000 1.000000
vt 0.125000 0.500000
vt 0.000000 1.000000
vt 0.000000 0.500000
vt 0.750000 0.490000
vt 0.919706 0.419706
vt 0.990000 0.250000
vt 0.919706 0.080294
vt 0.750000 0.010000
vt 0.580294 0.080294
vt 0.510000 0.250000
vt 0.580294 0.419706
s 1
usemtl Trunk.001
f 1923/2320/1908 1924/2321/1909 1926/2322/1911 1925/2323/1910
f 1925/2323/1910 1926/2322/1911 1928/2324/1913 1927/2325/1912
f 1927/2325/1912 1928/2324/1913 1930/2326/1915 1929/2327/1914
f 1929/2327/1914 1930/2326/1915 1932/2328/1917 1931/2329/1916
f 1931/2329/1916 1932/2328/1917 1934/2330/1919 1933/2331/1918
f 1933/2331/1918 1934/2330/1919 1936/2332/1921 1935/2333/1920
f 1926/2334/1911 1924/2335/1909 1938/2336/1923 1936/2337/1921 1934/2338/1919 1932/2339/1917 1930/2340/1915 1928/2341/1913
f 1935/2333/1920 1936/2332/1921 1938/2342/1923 1937/2343/1922
f 1937/2343/1922 1938/2342/1923 1924/2344/1909 1923/2345/1908
f 1923/2346/1908 1925/2347/1910 1927/2348/1912 1929/2349/1914 1931/2350/1916 1933/2351/1918 1935/2352/1920 1937/2353/1922
o Cone.011
v 1.000000 -0.400000 0.520000
v 0.485770 -0.212836 0.520000
v 0.212154 0.261081 0.520000
v 0.307180 0.800000 0.520000
v 0.726384 1.151754 0.520000
v 1.273616 1.151754 0.520000
v 1.692820 0.800000 0.520000
v 1.787846 0.261081 0.520000
v 1.514230 -0.212836 0.520000
v 1.000000 0.400000 1.320000
vn -0.0000 -0.9453 -0.3261
vn -0.6077 -0.7242 -0.3261
vn -0.9310 -0.1642 -0.3261
vn -0.8187 0.4727 -0.3261
vn -0.3233 0.8883 -0.3261
vn 0.3233 0.8883 -0.3261
vn 0.8187 0.4727 -0.3261
vn 0.9310 -0.1642 -0.3261
vn 0.6077 -0.7242 -0.3261
vn -0.0000 -0.0000 1.0000
vt 0.250000 0.490000
vt 0.250000 0.250000
vt 0.404269 0.433851
vt 0.486354 0.291676
vt 0.457846 0.130000
vt 0.332085 0.024474
vt 0.167915 0.024474
vt 0.042154 0.130000
vt 0.013646 0.291676
vt 0.750000 0.490000
vt 0.904269 0.433851
vt 0.986354 0.291676
vt 0.957846 0.130000
vt 0.832085 0.024474
vt 0.667915 0.024474
vt 0.542154 0.130000
vt 0.513646 0.291676
vt 0.595731 0.433851
vt 0.095731 0.433851
s 1
usemtl Leaf.003
f 1939/2354/1924 1948/2355/1933 1940/2356/1925
f 1940/2356/1925 1948/2355/1933 1941/2357/1926
f 1941/2357/1926 1948/2355/1933 1942/2358/1927
f 1942/2358/1927 1948/2355/1933 1943/2359/1928
f 1943/2359/1928 1948/2355/1933 1944/2360/1929
f 1944/2360/1929 1948/2355/1933 1945/2361/1930
f 1945/2361/1930 1948/2355/1933 1946/2362/1931
f 1939/2363/1924 1940/2364/1925 1941/2365/1926 1942/2366/1927 1943/2367/1928 1944/2368/1929 1945/2369/1930 1946/2370/1931 1947/2371/1932
f 1946/2362/1931 1948/2355/1933 1947/2372/1932
f 1947/2372/1932 1948/2355/1933 1939/2354/1924
o Cone.012
v 1.000000 -0.224000 1.000000
v 0.598900 -0.078012 1.000000
v 0.385480 0.291644 1.000000
v 0.459600 0.712000 1.000000
v 0.786579 0.986368 1.000000
v 1.213421 0.986368 1.000000
v 1.540400 0.712000 1.000000
v 1.614520 0.291644 1.000000
v 1.401099 -0.078012 1.000000
v 1.000000 0.400000 1.800000
vn -0.0000 -0.9265 -0.3764
vn -0.5955 -0.7097 -0.3764
vn -0.9124 -0.1609 -0.3764
vn -0.8023 0.4632 -0.3764
vn -0.3169 0.8706 -0.3764
vn 0.3169 0.8706 -0.3764
vn 0.8023 0.4632 -0.3764
vn 0.9124 -0.1609 -0.3764
vn 0.5955 -0.7097 -0.3764
vn -0.0000 -0.0000 1.0000
vt 0.250000 0.490000
vt 0.250000 0.250000
vt 0.404269 0.433851
vt 0.486354 0.291676
vt 0.457846 0.130000
vt 0.332085 0.024474
vt 0.167915 0.024474
vt 0.042154 0.130000
vt 0.013646 0.291676
vt 0.750000 0.490000
vt 0.904269 0.433851
vt 0.986354 0.291676
vt 0.957846 0.130000
vt 0.832085 0.024474
vt 0.667915 0.024474
vt 0.542154 0.130000
vt 0.513646 0.291676
vt 0.595731 0.433851
vt 0.095731 0.433851
s 1
usemtl Leaf.004
f 1949/2373/1934 1958/2374/1943 1950/2375/1935
f 1950/2375/1935 1958/2374/1943 1951/2376/1936
f 1951/2376/1936 1958/2374/1943 1952/2377/1937
f 1952/2377/1937 1958/2374/1943 1953/2378/1938
f 1953/2378/1938 1958/2374/1943 1954/2379/1939
f 1954/2379/1939 1958/2374/1943 1955/2380/1940
f 1955/2380/1940 1958/2374/1943 1956/2381/1941
f 1949/2382/1934 1950/2383/1935 1951/2384/1936 1952/2385/1937 1953/2386/1938 1954/2387/1939 1955/2388/1940 1956/2389/1941 1957/2390/1942
f 1956/2381/1941 1958/2374/1943 1957/2391/1942
f 1957/2391/1942 1958/2374/1943 1949/2373/1934
o Cone.013
v 1.000000 0.000000 1.440000
v 0.742885 0.093582 1.440000
v 0.606077 0.330541 1.440000
v 0.653590 0.600000 1.440000
v 0.863192 0.775877 1.440000
v 1.136808 0.775877 1.440000
v 1.346410 0.600000 1.440000
v 1.393923 0.330541 1.440000
v 1.257115 0.093582 1.440000
v 1.000000 0.400000 2.240000
vn -0.0000 -0.8896 -0.4568
vn -0.5718 -0.6814 -0.4568
vn -0.8760 -0.1545 -0.4568
vn -0.7704 0.4448 -0.4568
vn -0.3042 0.8359 -0.4568
vn 0.3042 0.8359 -0.4568
vn 0.7704 0.4448 -0.4568
vn 0.8760 -0.1545 -0.4568
vn 0.5718 -0.6814 -0.4568
vn -0.0000 -0.0000 1.0000
vt 0.250000 0.490000
vt 0.250000 0.250000
vt 0.404269 0.433851
vt 0.486354 0.291676
vt 0.457846 0.130000
vt 0.332085 0.024474
vt 0.167915 0.024474
vt 0.042154 0.130000
vt 0.013646 0.291676
vt 0.750000 0.490000
vt 0.904269 0.433851
vt 0.986354 0.291676
vt 0.957846 0.130000
vt 0.832085 0.024474
vt 0.667915 0.024474
vt 0.542154 0.130000
vt 0.513646 0.291676
vt 0.595731 0.433851
vt 0.095731 0.433851
s 1
usemtl Leaf.005
f 1959/2392/1944 1968/2393/1953 1960/2394/1945
f 1960/2394/1945 1968/2393/1953 1961/2395/1946
f 1961/2395/1946 1968/2393/1953 1962/2396/1947
f 1962/2396/1947 1968/2393/1953 1963/2397/1948
f 1963/2397/1948 1968/2393/1953 1964/2398/1949
f 1964/2398/1949 1968/2393/1953 1965/2399/1950
f 1965/2399/1950 1968/2393/1953 1966/2400/1951
f 1959/2401/1944 1960/2402/1945 1961/2403/1946 1962/2404/1947 1963/2405/1948 1964/2406/1949 1965/2407/1950 1966/2408/1951 1967/2409/1952
f 1966/2400/1951 1968/2393/1953 1967/2410/1952
f 1967/2410/1952 1968/2393/1953 1959/2392/1944
o Cube.004
v -5.415397 0.394592 0.200000
v -5.485492 0.560383 0.380000
v -5.249606 0.464687 0.380000
v -5.450398 0.477378 0.224047
v -5.332610 0.429593 0.224047
v -5.369634 0.507395 0.247406
v -5.393341 0.573235 0.380000
v -5.476128 0.538234 0.290118
v -5.387748 0.550239 0.293922
v -5.271755 0.455322 0.290118
v -5.306756 0.538109 0.380000
v -5.326790 0.525509 0.293922
v -5.485492 0.560383 0.720000
v -5.415397 0.394592 0.900000
v -5.249606 0.464687 0.720000
v -5.476128 0.538234 0.809882
v -5.393341 0.573235 0.720000
v -5.387748 0.550239 0.806078
v -5.332610 0.429593 0.875953
v -5.450398 0.477378 0.875953
v -5.369634 0.507395 0.852594
v -5.306756 0.538109 0.720000
v -5.271755 0.455322 0.809882
v -5.326790 0.525509 0.806078
v -5.166169 -0.194887 0.200000
v -5.000378 -0.124792 0.380000
v -5.096074 -0.360678 0.380000
v -5.083383 -0.159886 0.224047
v -5.131167 -0.277674 0.224047
v -5.053366 -0.240650 0.247406
v -4.987525 -0.216943 0.380000
v -5.022527 -0.134157 0.290118
v -5.010522 -0.222536 0.293922
v -5.105438 -0.338529 0.290118
v -5.022652 -0.303528 0.380000
v -5.035252 -0.283494 0.293922
v -5.166169 -0.194887 0.900000
v -5.096074 -0.360678 0.720000
v -5.000378 -0.124792 0.720000
v -5.131167 -0.277674 0.875953
v -5.083383 -0.159886 0.875953
v -5.053366 -0.240650 0.852594
v -5.022652 -0.303528 0.720000
v -5.105438 -0.338529 0.809882
v -5.035252 -0.283494 0.806078
v -5.022527 -0.134157 0.809882
v -4.987525 -0.216943 0.720000
v -5.010522 -0.222536 0.806078
v -6.833831 -0.205113 0.200000
v -6.999622 -0.275208 0.380000
v -6.903926 -0.039322 0.380000
v -6.916617 -0.240114 0.224047
v -6.868833 -0.122326 0.224047
v -6.946634 -0.159350 0.247406
v -7.012475 -0.183057 0.380000
v -6.977473 -0.265843 0.290118
v -6.989478 -0.177464 0.293922
v -6.894562 -0.061471 0.290118
v -6.977348 -0.096472 0.380000
v -6.964748 -0.116506 0.293922
v -6.833831 -0.205113 0.900000
v -6.903926 -0.039322 0.720000
v -6.999622 -0.275208 0.720000
v -6.868833 -0.122326 0.875953
v -6.916617 -0.240114 0.875953
v -6.946634 -0.159350 0.852594
v -6.977348 -0.096472 0.720000
v -6.894562 -0.061471 0.809882
v -6.964748 -0.116506 0.806078
v -6.977473 -0.265843 0.809882
v -7.012475 -0.183057 0.720000
v -6.989478 -0.177464 0.806078
v -6.584603 -0.794592 0.200000
v -6.514508 -0.960383 0.380000
v -6.750394 -0.864687 0.380000
v -6.549602 -0.877378 0.224047
v -6.667390 -0.829593 0.224047
v -6.630366 -0.907395 0.247406
v -6.606659 -0.973235 0.380000
v -6.523872 -0.938234 0.290118
v -6.612252 -0.950239 0.293922
v -6.728245 -0.855322 0.290118
v -6.693244 -0.938109 0.380000
v -6.673210 -0.925509 0.293922
v -6.584603 -0.794592 0.900000
v -6.750394 -0.864687 0.720000
v -6.514508 -0.960383 0.720000
v -6.667390 -0.829593 0.875953
v -6.549602 -0.877378 0.875953
v -6.630366 -0.907395 0.852594
v -6.693244 -0.938109 0.720000
v -6.728245 -0.855322 0.809882
v -6.673210 -0.925509 0.806078
v -6.523872 -0.938234 0.809882
v -6.606659 -0.973235 0.720000
v -6.612252 -0.950239 0.806078
vn 0.0689 0.1698 -0.9831
vn -0.2635 0.9559 -0.1296
vn 0.8550 0.5022 -0.1296
vn -0.0794 0.5001 -0.8623
vn 0.4054 0.3034 -0.8623
vn 0.2378 0.5862 -0.7744
vn 0.1169 0.9857 -0.1216
vn -0.2238 0.8416 -0.4915
vn 0.1105 0.8875 -0.4473
vn 0.7469 0.4478 -0.4915
vn 0.6028 0.7885 -0.1216
vn 0.5391 0.7136 -0.4473
vn -0.2635 0.9559 0.1296
vn 0.0689 0.1698 0.9831
vn 0.8550 0.5022 0.1296
vn -0.2238 0.8416 0.4915
vn 0.1169 0.9857 0.1216
vn 0.1105 0.8875 0.4473
vn 0.4054 0.3034 0.8623
vn -0.0794 0.5001 0.8623
vn 0.2378 0.5862 0.7744
vn 0.6028 0.7885 0.1216
vn 0.7469 0.4478 0.4915
vn 0.5391 0.7136 0.4473
vn 0.1698 -0.0689 -0.9831
vn 0.9559 0.2635 -0.1296
vn 0.5022 -0.8550 -0.1296
vn 0.5001 0.0794 -0.8623
vn 0.3034 -0.4054 -0.8623
vn 0.5862 -0.2378 -0.7744
vn 0.9857 -0.1169 -0.1216
vn 0.8416 0.2238 -0.4915
vn 0.8875 -0.1105 -0.4473
vn 0.4478 -0.7469 -0.4915
vn 0.7885 -0.6028 -0.1216
vn 0.7136 -0.5391 -0.4473
vn 0.1698 -0.0689 0.9831
vn 0.5022 -0.8550 0.1296
vn 0.9559 0.2635 0.1296
vn 0.3034 -0.4054 0.8623
vn 0.5001 0.0794 0.8623
vn 0.5862 -0.2378 0.7744
vn 0.7885 -0.6028 0.1216
vn 0.4478 -0.7469 0.4915
vn 0.7136 -0.5391 0.4473
vn 0.8416 0.2238 0.4915
vn 0.9857 -0.1169 0.1216
vn 0.8875 -0.1105 0.4473
vn -0.1698 0.0689 -0.9831
vn -0.9559 -0.2635 -0.1296
vn -0.5022 0.8550 -0.1296
vn -0.5001 -0.0794 -0.8623
vn -0.3034 0.4054 -0.8623
vn -0.5862 0.2378 -0.7744
vn -0.9857 0.1169 -0.1216
vn -0.8416 -0.2238 -0.4915
vn -0.8875 0.1105 -0.4473
vn -0.4478 0.7469 -0.4915
vn -0.7885 0.6028 -0.1216
vn -0.7136 0.5391 -0.4473
vn -0.1698 0.0689 0.9831
vn -0.5022 0.8550 0.1296
vn -0.9559 -0.2635 0.1296
vn -0.3034 0.4054 0.8623
vn -0.5001 -0.0794 0.8623
vn -0.5862 0.2378 0.7744
vn -0.7885 0.6028 0.1216
vn -0.4478 0.7469 0.4915
vn -0.7136 0.5391 0.4473
vn -0.8416 -0.2238 0.4915
vn -0.9857 0.1169 0.1216
vn -0.8875 0.1105 0.4473
vn -0.0689 -0.1698 -0.9831
vn 0.2635 -0.9559 -0.1296
vn -0.8550 -0.5022 -0.1296
vn 0.0794 -0.5001 -0.8623
vn -0.4054 -0.3034 -0.8623
vn -0.2378 -0.5862 -0.7744
vn -0.1169 -0.9857 -0.1216
vn 0.2238 -0.8416 -0.4915
vn -0.1105 -0.8875 -0.4473
vn -0.7469 -0.4478 -0.4915
vn -0.6028 -0.7885 -0.1216
vn -0.5391 -0.7136 -0.4473
vn -0.0689 -0.1698 0.9831
vn -0.8550 -0.5022 0.1296
vn 0.2635 -0.9559 0.1296
vn -0.4054 -0.3034 0.8623
vn 0.0794 -0.5001 0.8623
vn -0.2378 -0.5862 0.7744
vn -0.6028 -0.7885 0.1216
vn -0.7469 -0.4478 0.4915
vn -0.5391 -0.7136 0.4473
vn 0.2238 -0.8416 0.4915
vn -0.1169 -0.9857 0.1216
vn -0.1105 -0.8875 0.4473
vt 0.148684 0.705000
vt 0.148684 0.727470
vt 0.137358 0.726520
vt 0.136858 0.705000
vt 0.148684 0.750000
vt 0.137358 0.750000
vt 0.439286 0.976316
vt 0.439286 1.000000
vt 0.375000 0.987642
vt 0.375000 0.976316
vt 0.439286 0.000000
vt 0.439286 0.022530
vt 0.375000 0.023480
vt 0.375000 0.000000
vt 0.439286 0.045000
vt 0.375000 0.045000
vt 0.125000 0.705000
vt 0.125000 0.726520
vt 0.560714 0.976316
vt 0.592815 0.976316
vt 0.591456 1.000000
vt 0.560714 1.000000
vt 0.625000 0.976316
vt 0.625000 1.000000
vt 0.851316 0.705000
vt 0.875000 0.705000
vt 0.875000 0.726520
vt 0.851316 0.750000
vt 0.625000 0.045000
vt 0.592815 0.045000
vt 0.591456 0.023480
vt 0.625000 0.023480
vt 0.560714 0.045000
vt 0.560714 0.022530
vt 0.560714 0.000000
vt 0.591456 0.000000
vt 0.148684 0.545000
vt 0.136858 0.545000
vt 0.137358 0.523481
vt 0.148684 0.522529
vt 0.125000 0.545000
vt 0.125000 0.523480
vt 0.439286 0.205000
vt 0.439286 0.227470
vt 0.375000 0.226520
vt 0.375000 0.205000
vt 0.439286 0.261858
vt 0.375000 0.262358
vt 0.439286 0.273684
vt 0.375000 0.273684
vt 0.148684 0.500000
vt 0.137358 0.500000
vt 0.851316 0.545000
vt 0.851316 0.500000
vt 0.875000 0.523480
vt 0.875000 0.545000
vt 0.625000 0.273684
vt 0.592815 0.273684
vt 0.591456 0.256306
vt 0.625000 0.234346
vt 0.560714 0.273684
vt 0.560714 0.261858
vt 0.560714 0.227470
vt 0.591456 0.226520
vt 0.560714 0.205000
vt 0.592815 0.205000
vt 0.625000 0.205000
vt 0.351316 0.705000
vt 0.363142 0.705000
vt 0.362642 0.726519
vt 0.351316 0.727471
vt 0.407185 0.705000
vt 0.398598 0.726520
vt 0.439286 0.705000
vt 0.439286 0.727470
vt 0.439286 0.761858
vt 0.368821 0.756179
vt 0.439286 0.773684
vt 0.363158 0.761842
vt 0.648684 0.705000
vt 0.636842 0.761842
vt 0.631179 0.756179
vt 0.636858 0.705000
vt 0.592815 0.773684
vt 0.591456 0.762358
vt 0.560714 0.773684
vt 0.560714 0.761858
vt 0.560714 0.727470
vt 0.591456 0.733949
vt 0.560714 0.705000
vt 0.592815 0.705000
vt 0.351316 0.545000
vt 0.351316 0.522529
vt 0.362642 0.523480
vt 0.363142 0.545000
vt 0.363158 0.488158
vt 0.368821 0.493821
vt 0.439286 0.476316
vt 0.439286 0.488142
vt 0.439286 0.522529
vt 0.398598 0.523480
vt 0.439286 0.545000
vt 0.407185 0.545000
vt 0.648684 0.545000
vt 0.636858 0.545000
vt 0.631179 0.493821
vt 0.636842 0.488158
vt 0.592815 0.545000
vt 0.591456 0.516051
vt 0.560714 0.545000
vt 0.560714 0.522529
vt 0.560714 0.488142
vt 0.591456 0.487642
vt 0.560714 0.476316
vt 0.592815 0.476316
s 1
usemtl Car
f 1969/2411/1954 1972/2412/1957 1974/2413/1959 1973/2414/1958
f 1972/2412/1957 1976/2415/1961 1977/2416/1962 1974/2413/1959
f 1970/2417/1955 1975/2418/1960 1977/2419/1962 1976/2420/1961
f 1975/2421/1960 1979/2422/1964 1980/2423/1965 1977/2424/1962
f 1971/2425/1956 1978/2426/1963 1980/2423/1965 1979/2422/1964
f 1978/2427/1963 1973/2414/1958 1974/2413/1959 1980/2428/1965
f 1974/2413/1959 1977/2416/1962 1980/2428/1965
f 1981/2429/1966 1984/2430/1969 1986/2431/1971 1985/2432/1970
f 1984/2430/1969 1988/2433/1973 1989/2434/1974 1986/2431/1971
f 1982/2435/1967 1987/2436/1972 1989/2437/1974 1988/2438/1973
f 1987/2439/1972 1991/2440/1976 1992/2441/1977 1989/2442/1974
f 1983/2443/1968 1990/2444/1975 1992/2441/1977 1991/2440/1976
f 1990/2444/1975 1985/2445/1970 1986/2446/1971 1992/2441/1977
f 1986/2446/1971 1989/2442/1974 1992/2441/1977
f 1993/2447/1978 1996/2448/1981 1998/2449/1983 1997/2450/1982
f 1996/2448/1981 2000/2451/1985 2001/2452/1986 1998/2449/1983
f 1994/2453/1979 1999/2454/1984 2001/2455/1986 2000/2456/1985
f 1999/2454/1984 2003/2457/1988 2004/2458/1989 2001/2455/1986
f 1995/2459/1980 2002/2460/1987 2004/2458/1989 2003/2457/1988
f 2002/2461/1987 1997/2450/1982 1998/2449/1983 2004/2462/1989
f 1998/2449/1983 2001/2452/1986 2004/2462/1989
f 2005/2463/1990 2008/2464/1993 2010/2465/1995 2009/2466/1994
f 2008/2467/1993 2012/2468/1997 2013/2469/1998 2010/2470/1995
f 2006/2471/1991 2011/2472/1996 2013/2469/1998 2012/2468/1997
f 2011/2472/1996 2015/2473/2000 2016/2474/2001 2013/2469/1998
f 2007/2475/1992 2014/2476/1999 2016/2474/2001 2015/2473/2000
f 2014/2476/1999 2009/2477/1994 2010/2470/1995 2016/2474/2001
f 2010/2470/1995 2013/2469/1998 2016/2474/2001
f 2017/2478/2002 2020/2479/2005 2022/2480/2007 2021/2481/2006
f 2020/2479/2005 2024/2482/2009 2025/2483/2010 2022/2480/2007
f 2018/2484/2003 2023/2485/2008 2025/2483/2010 2024/2482/2009
f 2023/2485/2008 2027/2486/2012 2028/2487/2013 2025/2483/2010
f 2019/2488/2004 2026/2489/2011 2028/2487/2013 2027/2486/2012
f 2026/2489/2011 2021/2481/2006 2022/2480/2007 2028/2487/2013
f 2022/2480/2007 2025/2483/2010 2028/2487/2013
f 2029/2490/2014 2032/2491/2017 2034/2492/2019 2033/2493/2018
f 2032/2491/2017 2036/2494/2021 2037/2495/2022 2034/2492/2019
f 2030/2496/2015 2035/2497/2020 2037/2495/2022 2036/2494/2021
f 2035/2497/2020 2039/2498/2024 2040/2499/2025 2037/2495/2022
f 2031/2500/2016 2038/2501/2023 2040/2499/2025 2039/2498/2024
f 2038/2501/2023 2033/2493/2018 2034/2492/2019 2040/2499/2025
f 2034/2492/2019 2037/2495/2022 2040/2499/2025
f 2041/2502/2026 2044/2503/2029 2046/2504/2031 2045/2505/2030
f 2044/2503/2029 2048/2506/2033 2049/2507/2034 2046/2504/2031
f 2042/2508/2027 2047/2509/2032 2049/2507/2034 2048/2506/2033
f 2047/2509/2032 2051/2510/2036 2052/2511/2037 2049/2507/2034
f 2043/2512/2028 2050/2513/2035 2052/2511/2037 2051/2510/2036
f 2050/2513/2035 2045/2505/2030 2046/2504/2031 2052/2511/2037
f 2046/2504/2031 2049/2507/2034 2052/2511/2037
f 2053/2514/2038 2056/2515/2041 2058/2516/2043 2057/2517/2042
f 2056/2515/2041 2060/2518/2045 2061/2519/2046 2058/2516/2043
f 2054/2520/2039 2059/2521/2044 2061/2519/2046 2060/2518/2045
f 2059/2521/2044 2063/2522/2048 2064/2523/2049 2061/2519/2046
f 2055/2524/2040 2062/2525/2047 2064/2523/2049 2063/2522/2048
f 2062/2525/2047 2057/2517/2042 2058/2516/2043 2064/2523/2049
f 2058/2516/2043 2061/2519/2046 2064/2523/2049
f 1993/2447/1978 1969/2411/1954 1973/2414/1958 1996/2448/1981
f 1996/2448/1981 1973/2414/1958 1978/2427/1963 2000/2451/1985
f 2000/2456/1985 1978/2426/1963 1971/2425/1956 1994/2453/1979
f 1970/2417/1955 1981/2429/1966 1985/2432/1970 1975/2418/1960
f 1975/2421/1960 1985/2445/1970 1990/2444/1975 1979/2422/1964
f 1979/2422/1964 1990/2444/1975 1983/2443/1968 1971/2425/1956
f 1982/2435/1967 2005/2463/1990 2009/2466/1994 1987/2436/1972
f 1987/2439/1972 2009/2477/1994 2014/2476/1999 1991/2440/1976
f 1991/2440/1976 2014/2476/1999 2007/2475/1992 1983/2443/1968
f 2006/2471/1991 1995/2459/1980 2003/2457/1988 2011/2472/1996
f 2011/2472/1996 2003/2457/1988 1999/2454/1984 2015/2473/2000
f 2015/2473/2000 1999/2454/1984 1994/2453/1979 2007/2475/1992
f 2041/2502/2026 1993/2447/1978 1997/2450/1982 2044/2503/2029
f 2044/2503/2029 1997/2450/1982 2002/2461/1987 2048/2506/2033
f 2048/2506/2033 2002/2460/1987 1995/2459/1980 2042/2508/2027
f 2005/2463/1990 2053/2514/2038 2057/2517/2042 2008/2464/1993
f 2008/2467/1993 2057/2517/2042 2062/2525/2047 2012/2468/1997
f 2012/2468/1997 2062/2525/2047 2055/2524/2040 2006/2471/1991
f 2054/2520/2039 2043/2512/2028 2051/2510/2036 2059/2521/2044
f 2059/2521/2044 2051/2510/2036 2047/2509/2032 2063/2522/2048
f 2063/2522/2048 2047/2509/2032 2042/2508/2027 2055/2524/2040
f 2017/2478/2002 2041/2502/2026 2045/2505/2030 2020/2479/2005
f 2020/2479/2005 2045/2505/2030 2050/2513/2035 2024/2482/2009
f 2024/2482/2009 2050/2513/2035 2043/2512/2028 2018/2484/2003
f 2053/2514/2038 2029/2490/2014 2033/2493/2018 2056/2515/2041
f 2056/2515/2041 2033/2493/2018 2038/2501/2023 2060/2518/2045
f 2060/2518/2045 2038/2501/2023 2031/2500/2016 2054/2520/2039
f 2030/2496/2015 2019/2488/2004 2027/2486/2012 2035/2497/2020
f 2035/2497/2020 2027/2486/2012 2023/2485/2008 2039/2498/2024
f 2039/2498/2024 2023/2485/2008 2018/2484/2003 2031/2500/2016
f 1969/2411/1954 2017/2478/2002 2021/2481/2006 1972/2412/1957
f 1972/2412/1957 2021/2481/2006 2026/2489/2011 1976/2415/1961
f 1976/2420/1961 2026/2489/2011 2019/2488/2004 1970/2417/1955
f 2029/2490/2014 1982/2435/1967 1988/2438/1973 2032/2491/2017
f 2032/2491/2017 1988/2433/1973 1984/2430/1969 2036/2494/2021
f 2036/2494/2021 1984/2430/1969 1981/2429/1966 2030/2496/2015
f 1993/2447/1978 2041/2502/2026 2017/2478/2002 1969/2411/1954
f 1971/2425/1956 1983/2443/1968 2007/2475/1992 1994/2453/1979
f 2019/2488/2004 2030/2496/2015 1981/2429/1966 1970/2417/1955
f 2053/2514/2038 2005/2463/1990 1982/2435/1967 2029/2490/2014
f 1995/2459/1980 2006/2471/1991 2055/2524/2040 2042/2508/2027
f 2043/2512/2028 2054/2520/2039 2031/2500/2016 2018/2484/2003
o Cube.005
v -5.999035 0.131548 0.775000
v -6.045765 0.242075 0.895000
v -5.888507 0.178278 0.895000
v -6.032078 0.209703 0.810147
v -5.962202 0.222341 0.825718
v -5.953923 0.242746 0.895000
v -5.920880 0.164591 0.810147
v -6.045765 0.242075 1.205000
v -5.999035 0.131548 1.325000
v -5.888507 0.178278 1.205000
v -6.032078 0.209703 1.289853
v -5.962202 0.222341 1.274282
v -5.920880 0.164591 1.289853
v -5.953923 0.242746 1.205000
v -5.761489 -0.430299 0.775000
v -5.650962 -0.383569 0.895000
v -5.714759 -0.540827 0.895000
v -5.683335 -0.397256 0.810147
v -5.670697 -0.467133 0.825718
v -5.650291 -0.475411 0.895000
v -5.728446 -0.508454 0.810147
v -5.761489 -0.430299 1.325000
v -5.714759 -0.540827 1.205000
v -5.650962 -0.383569 1.205000
v -5.728446 -0.508454 1.289853
v -5.670697 -0.467133 1.274282
v -5.650291 -0.475411 1.205000
v -5.683335 -0.397256 1.289853
v -6.699041 -0.164410 0.775000
v -6.809568 -0.211140 0.895000
v -6.745771 -0.053883 0.895000
v -6.777195 -0.197453 0.810147
v -6.789834 -0.127577 0.825718
v -6.810239 -0.119299 0.895000
v -6.732084 -0.086255 0.810147
v -6.699041 -0.164410 1.325000
v -6.745771 -0.053883 1.205000
v -6.809568 -0.211140 1.205000
v -6.732084 -0.086255 1.289853
v -6.789834 -0.127577 1.274282
v -6.810239 -0.119299 1.205000
v -6.777195 -0.197453 1.289853
v -6.461496 -0.726257 0.775000
v -6.414765 -0.836784 0.895000
v -6.572023 -0.772987 0.895000
v -6.428452 -0.804412 0.810147
v -6.498329 -0.817050 0.825718
v -6.506607 -0.837455 0.895000
v -6.539650 -0.759300 0.810147
v -6.461496 -0.726257 1.325000
v -6.572023 -0.772987 1.205000
v -6.414765 -0.836784 1.205000
v -6.539650 -0.759300 1.289853
v -6.498329 -0.817050 1.274282
v -6.506607 -0.837455 1.205000
v -6.428452 -0.804412 1.289853
vn 0.0954 0.2351 -0.9673
vn -0.2115 0.9608 -0.1794
vn 0.8211 0.5419 -0.1794
vn -0.1123 0.7087 -0.6965
vn 0.3069 0.7566 -0.5774
vn 0.3703 0.9127 -0.1726
vn 0.5743 0.4302 -0.6965
vn -0.2115 0.9608 0.1794
vn 0.0954 0.2351 0.9673
vn 0.8211 0.5419 0.1794
vn -0.1123 0.7087 0.6965
vn 0.3069 0.7566 0.5774
vn 0.5743 0.4302 0.6965
vn 0.3703 0.9127 0.1726
vn 0.2351 -0.0954 -0.9673
vn 0.9608 0.2115 -0.1794
vn 0.5419 -0.8211 -0.1794
vn 0.7087 0.1123 -0.6965
vn 0.7566 -0.3069 -0.5774
vn 0.9127 -0.3703 -0.1726
vn 0.4302 -0.5743 -0.6965
vn 0.2351 -0.0954 0.9673
vn 0.5419 -0.8211 0.1794
vn 0.9608 0.2115 0.1794
vn 0.4302 -0.5743 0.6965
vn 0.7566 -0.3069 0.5774
vn 0.9127 -0.3703 0.1726
vn 0.7087 0.1123 0.6965
vn -0.2351 0.0954 -0.9673
vn -0.9608 -0.2115 -0.1794
vn -0.5419 0.8211 -0.1794
vn -0.7087 -0.1123 -0.6965
vn -0.7566 0.3069 -0.5774
vn -0.9127 0.3703 -0.1726
vn -0.4302 0.5743 -0.6965
vn -0.2351 0.0954 0.9673
vn -0.5419 0.8211 0.1794
vn -0.9608 -0.2115 0.1794
vn -0.4302 0.5743 0.6965
vn -0.7566 0.3069 0.5774
vn -0.9127 0.3703 0.1726
vn -0.7087 -0.1123 0.6965
vn -0.0954 -0.2351 -0.9673
vn 0.2115 -0.9608 -0.1794
vn -0.8211 -0.5419 -0.1794
vn 0.1123 -0.7087 -0.6965
vn -0.3069 -0.7566 -0.5774
vn -0.3703 -0.9127 -0.1726
vn -0.5743 -0.4302 -0.6965
vn -0.0954 -0.2351 0.9673
vn -0.8211 -0.5419 0.1794
vn 0.2115 -0.9608 0.1794
vn -0.5743 -0.4302 0.6965
vn -0.3069 -0.7566 0.5774
vn -0.3703 -0.9127 0.1726
vn 0.1123 -0.7087 0.6965
vt 0.155000 0.714706
vt 0.155000 0.750000
vt 0.137679 0.750000
vt 0.125000 0.714706
vt 0.429545 0.970000
vt 0.429546 1.000000
vt 0.398054 1.000000
vt 0.375000 0.970000
vt 0.429545 0.035294
vt 0.375000 0.035294
vt 0.375000 0.014917
vt 0.429545 0.000000
vt 0.570455 0.970000
vt 0.625000 0.970000
vt 0.625000 0.987321
vt 0.570455 1.000000
vt 0.845000 0.714706
vt 0.875000 0.714706
vt 0.875000 0.735083
vt 0.845000 0.750000
vt 0.570455 0.035294
vt 0.570455 0.000000
vt 0.601946 0.000000
vt 0.625000 0.035294
vt 0.155000 0.535294
vt 0.125000 0.535294
vt 0.125000 0.514917
vt 0.155000 0.500000
vt 0.429545 0.214706
vt 0.429546 0.250000
vt 0.386527 0.256340
vt 0.375000 0.214706
vt 0.429545 0.280000
vt 0.375000 0.280000
vt 0.845000 0.535294
vt 0.845000 0.500000
vt 0.862320 0.500000
vt 0.875000 0.535294
vt 0.570455 0.280000
vt 0.570455 0.250000
vt 0.613473 0.242541
vt 0.625000 0.280000
vt 0.570455 0.214706
vt 0.625000 0.214706
vt 0.345000 0.714706
vt 0.375000 0.714706
vt 0.382685 0.749254
vt 0.360000 0.765000
vt 0.429545 0.714706
vt 0.429546 0.750000
vt 0.429545 0.780000
vt 0.655000 0.714706
vt 0.640000 0.765000
vt 0.621542 0.745028
vt 0.625000 0.714706
vt 0.570455 0.780000
vt 0.570455 0.750000
vt 0.570455 0.714706
vt 0.345000 0.535294
vt 0.360000 0.485000
vt 0.378458 0.504972
vt 0.375000 0.535294
vt 0.429545 0.470000
vt 0.429546 0.500000
vt 0.429545 0.535294
vt 0.655000 0.535294
vt 0.625000 0.535294
vt 0.617315 0.500746
vt 0.640000 0.485000
vt 0.570455 0.535294
vt 0.570455 0.500000
vt 0.570455 0.470000
s 1
usemtl Cab
f 2065/2526/2050 2068/2527/2053 2069/2528/2054 2071/2529/2056
f 2066/2530/2051 2070/2531/2055 2069/2532/2054 2068/2533/2053
f 2067/2534/2052 2071/2535/2056 2069/2536/2054 2070/2537/2055
f 2072/2538/2057 2075/2539/2060 2076/2540/2061 2078/2541/2063
f 2073/2542/2058 2077/2543/2062 2076/2544/2061 2075/2545/2060
f 2074/2546/2059 2078/2547/2063 2076/2548/2061 2077/2549/2062
f 2079/2550/2064 2082/2551/2067 2083/2552/2068 2085/2553/2070
f 2080/2554/2065 2084/2555/2069 2083/2556/2068 2082/2557/2067
f 2081/2558/2066 2085/2559/2070 2083/2556/2068 2084/2555/2069
f 2086/2560/2071 2089/2561/2074 2090/2562/2075 2092/2563/2077
f 2087/2564/2072 2091/2565/2076 2090/2566/2075 2089/2567/2074
f 2088/2568/2073 2092/2569/2077 2090/2566/2075 2091/2565/2076
f 2093/2570/2078 2096/2571/2081 2097/2572/2082 2099/2573/2084
f 2094/2574/2079 2098/2575/2083 2097/2572/2082 2096/2571/2081
f 2095/2576/2080 2099/2573/2084 2097/2572/2082 2098/2575/2083
f 2100/2577/2085 2103/2578/2088 2104/2579/2089 2106/2580/2091
f 2101/2581/2086 2105/2582/2090 2104/2579/2089 2103/2578/2088
f 2102/2583/2087 2106/2580/2091 2104/2579/2089 2105/2582/2090
f 2107/2584/2092 2110/2585/2095 2111/2586/2096 2113/2587/2098
f 2108/2588/2093 2112/2589/2097 2111/2586/2096 2110/2585/2095
f 2109/2590/2094 2113/2587/2098 2111/2586/2096 2112/2589/2097
f 2114/2591/2099 2117/2592/2102 2118/2593/2103 2120/2594/2105
f 2115/2595/2100 2119/2596/2104 2118/2593/2103 2117/2592/2102
f 2116/2597/2101 2120/2594/2105 2118/2593/2103 2119/2596/2104
f 2079/2550/2064 2065/2526/2050 2071/2529/2056 2082/2551/2067
f 2082/2557/2067 2071/2535/2056 2067/2534/2052 2080/2554/2065
f 2066/2530/2051 2072/2538/2057 2078/2541/2063 2070/2531/2055
f 2070/2537/2055 2078/2547/2063 2074/2546/2059 2067/2534/2052
f 2073/2542/2058 2086/2560/2071 2092/2563/2077 2077/2543/2062
f 2077/2549/2062 2092/2569/2077 2088/2568/2073 2074/2546/2059
f 2087/2564/2072 2081/2558/2066 2084/2555/2069 2091/2565/2076
f 2091/2565/2076 2084/2555/2069 2080/2554/2065 2088/2568/2073
f 2107/2584/2092 2079/2550/2064 2085/2553/2070 2110/2585/2095
f 2110/2585/2095 2085/2559/2070 2081/2558/2066 2108/2588/2093
f 2086/2560/2071 2114/2591/2099 2120/2594/2105 2089/2561/2074
f 2089/2567/2074 2120/2594/2105 2116/2597/2101 2087/2564/2072
f 2115/2595/2100 2109/2590/2094 2112/2589/2097 2119/2596/2104
f 2119/2596/2104 2112/2589/2097 2108/2588/2093 2116/2597/2101
f 2093/2570/2078 2107/2584/2092 2113/2587/2098 2096/2571/2081
f 2096/2571/2081 2113/2587/2098 2109/2590/2094 2094/2574/2079
f 2114/2591/2099 2100/2577/2085 2106/2580/2091 2117/2592/2102
f 2117/2592/2102 2106/2580/2091 2102/2583/2087 2115/2595/2100
f 2101/2581/2086 2095/2576/2080 2098/2575/2083 2105/2582/2090
f 2105/2582/2090 2098/2575/2083 2094/2574/2079 2102/2583/2087
f 2065/2526/2050 2093/2570/2078 2099/2573/2084 2068/2527/2053
f 2068/2533/2053 2099/2573/2084 2095/2576/2080 2066/2530/2051
f 2100/2577/2085 2073/2542/2058 2075/2545/2060 2103/2578/2088
f 2103/2578/2088 2075/2539/2060 2072/2538/2057 2101/2581/2086
f 2079/2550/2064 2107/2584/2092 2093/2570/2078 2065/2526/2050
f 2067/2534/2052 2074/2546/2059 2088/2568/2073 2080/2554/2065
f 2095/2576/2080 2101/2581/2086 2072/2538/2057 2066/2530/2051
f 2114/2591/2099 2086/2560/2071 2073/2542/2058 2100/2577/2085
f 2081/2558/2066 2087/2564/2072 2116/2597/2101 2108/2588/2093
f 2109/2590/2094 2115/2595/2100 2102/2583/2087 2094/2574/2079
o Cylinder.003
v -5.607025 0.411286 0.600000
v -5.692697 0.613919 0.600000
v -5.734908 0.357218 0.568310
v -5.820580 0.559852 0.568310
v -5.837461 0.313859 0.479517
v -5.923133 0.516492 0.479517
v -5.894375 0.289797 0.351207
v -5.980047 0.492430 0.351207
v -5.894375 0.289797 0.208793
v -5.980047 0.492430 0.208793
v -5.837461 0.313859 0.080483
v -5.923133 0.516492 0.080483
v -5.734908 0.357218 -0.008310
v -5.820580 0.559852 -0.008310
v -5.607025 0.411286 -0.040000
v -5.692697 0.613919 -0.040000
v -5.479142 0.465354 -0.008310
v -5.564814 0.667987 -0.008310
v -5.376588 0.508713 0.080483
v -5.462260 0.711347 0.080483
v -5.319675 0.532776 0.208793
v -5.405347 0.735409 0.208793
v -5.319675 0.532776 0.351207
v -5.405347 0.735409 0.351207
v -5.376588 0.508713 0.479517
v -5.462260 0.711347 0.479517
v -5.479142 0.465354 0.568310
v -5.564814 0.667987 0.568310
vn 0.2571 -0.6082 0.7510
vn -0.2571 0.6082 0.7510
vn -0.0430 -0.7351 0.6766
vn -0.5573 0.4813 0.6766
vn -0.2837 -0.8368 0.4682
vn -0.7979 0.3795 0.4682
vn -0.4173 -0.8933 0.1671
vn -0.9315 0.3230 0.1671
vn -0.4173 -0.8933 -0.1671
vn -0.9315 0.3230 -0.1671
vn -0.2837 -0.8368 -0.4682
vn -0.7979 0.3795 -0.4682
vn -0.0430 -0.7351 -0.6766
vn -0.5573 0.4813 -0.6766
vn 0.2571 -0.6082 -0.7510
vn -0.2571 0.6082 -0.7510
vn 0.5573 -0.4813 -0.6766
vn 0.0430 0.7351 -0.6766
vn 0.7979 -0.3795 -0.4682
vn 0.2837 0.8368 -0.4682
vn 0.9315 -0.3230 -0.1671
vn 0.4173 0.8933 -0.1671
vn 0.9315 -0.3230 0.1671
vn 0.4173 0.8933 0.1671
vn 0.7979 -0.3795 0.4682
vn 0.2837 0.8368 0.4682
vn 0.5573 -0.4813 0.6766
vn 0.0430 0.7351 0.6766
vt 1.000000 0.500000
vt 1.000000 1.000000
vt 0.928571 1.000000
vt 0.928571 0.500000
vt 0.857143 1.000000
vt 0.857143 0.500000
vt 0.785714 1.000000
vt 0.785714 0.500000
vt 0.714286 1.000000
vt 0.714286 0.500000
vt 0.642857 1.000000
vt 0.642857 0.500000
vt 0.571428 1.000000
vt 0.571428 0.500000
vt 0.500000 1.000000
vt 0.500000 0.500000
vt 0.428571 1.000000
vt 0.428571 0.500000
vt 0.357143 1.000000
vt 0.357143 0.500000
vt 0.285714 1.000000
vt 0.285714 0.500000
vt 0.214286 1.000000
vt 0.214286 0.500000
vt 0.142857 1.000000
vt 0.142857 0.500000
vt 0.354132 0.466233
vt 0.250000 0.490000
vt 0.145868 0.466233
vt 0.062360 0.399638
vt 0.016017 0.303405
vt 0.016017 0.196595
vt 0.062360 0.100362
vt 0.145868 0.033767
vt 0.250000 0.010000
vt 0.354132 0.033767
vt 0.437640 0.100362
vt 0.483983 0.196595
vt 0.483983 0.303405
vt 0.437640 0.399638
vt 0.071428 1.000000
vt 0.071428 0.500000
vt -0.000000 1.000000
vt -0.000000 0.500000
vt 0.750000 0.490000
vt 0.854132 0.466233
vt 0.937640 0.399638
vt 0.983983 0.303405
vt 0.983983 0.196595
vt 0.937640 0.100362
vt 0.854132 0.033767
vt 0.750000 0.010000
vt 0.645868 0.033767
vt 0.562360 0.100362
vt 0.516017 0.196595
vt 0.516017 0.303405
vt 0.562360 0.399638
vt 0.645868 0.466233
s 1
usemtl Tire
f 2121/2598/2106 2122/2599/2107 2124/2600/2109 2123/2601/2108
f 2123/2601/2108 2124/2600/2109 2126/2602/2111 2125/2603/2110
f 2125/2603/2110 2126/2602/2111 2128/2604/2113 2127/2605/2112
f 2127/2605/2112 2128/2604/2113 2130/2606/2115 2129/2607/2114
f 2129/2607/2114 2130/2606/2115 2132/2608/2117 2131/2609/2116
f 2131/2609/2116 2132/2608/2117 2134/2610/2119 2133/2611/2118
f 2133/2611/2118 2134/2610/2119 2136/2612/2121 2135/2613/2120
f 2135/2613/2120 2136/2612/2121 2138/2614/2123 2137/2615/2122
f 2137/2615/2122 2138/2614/2123 2140/2616/2125 2139/2617/2124
f 2139/2617/2124 2140/2616/2125 2142/2618/2127 2141/2619/2126
f 2141/2619/2126 2142/2618/2127 2144/2620/2129 2143/2621/2128
f 2143/2621/2128 2144/2620/2129 2146/2622/2131 2145/2623/2130
f 2124/2624/2109 2122/2625/2107 2148/2626/2133 2146/2627/2131 2144/2628/2129 2142/2629/2127 2140/2630/2125 2138/2631/2123 2136/2632/2121 2134/2633/2119 2132/2634/2117 2130/2635/2115 2128/2636/2113 2126/2637/2111
f 2145/2623/2130 2146/2622/2131 2148/2638/2133 2147/2639/2132
f 2147/2639/2132 2148/2638/2133 2122/2640/2107 2121/2641/2106
f 2121/2642/2106 2123/2643/2108 2125/2644/2110 2127/2645/2112 2129/2646/2114 2131/2647/2116 2133/2648/2118 2135/2649/2120 2137/2650/2122 2139/2651/2124 2141/2652/2126 2143/2653/2128 2145/2654/2130 2147/2655/2132
o Cylinder.004
v -5.202030 -0.546617 0.600000
v -5.287702 -0.343984 0.600000
v -5.329913 -0.600685 0.568310
v -5.415585 -0.398052 0.568310
v -5.432467 -0.644044 0.479517
v -5.518138 -0.441411 0.479517
v -5.489380 -0.668107 0.351207
v -5.575052 -0.465474 0.351207
v -5.489380 -0.668107 0.208793
v -5.575052 -0.465474 0.208793
v -5.432467 -0.644044 0.080483
v -5.518138 -0.441411 0.080483
v -5.329913 -0.600685 -0.008310
v -5.415585 -0.398052 -0.008310
v -5.202030 -0.546617 -0.040000
v -5.287702 -0.343984 -0.040000
v -5.074147 -0.492549 -0.008310
v -5.159819 -0.289916 -0.008310
v -4.971593 -0.449190 0.080483
v -5.057265 -0.246557 0.080483
v -4.914680 -0.425128 0.208793
v -5.000352 -0.222494 0.208793
v -4.914680 -0.425128 0.351207
v -5.000352 -0.222494 0.351207
v -4.971593 -0.449190 0.479517
v -5.057265 -0.246557 0.479517
v -5.074147 -0.492549 0.568310
v -5.159819 -0.289916 0.568310
vn 0.2571 -0.6082 0.7510
vn -0.2571 0.6082 0.7510
vn -0.0430 -0.7351 0.6766
vn -0.5573 0.4813 0.6766
vn -0.2837 -0.8368 0.4682
vn -0.7979 0.3795 0.4682
vn -0.4173 -0.8933 0.1671
vn -0.9315 0.3230 0.1671
vn -0.4173 -0.8933 -0.1671
vn -0.9315 0.3230 -0.1671
vn -0.2837 -0.8368 -0.4682
vn -0.7979 0.3795 -0.4682
vn -0.0430 -0.7351 -0.6766
vn -0.5573 0.4813 -0.6766
vn 0.2571 -0.6082 -0.7510
vn -0.2571 0.6082 -0.7510
vn 0.5573 -0.4813 -0.6766
vn 0.0430 0.7351 -0.6766
vn 0.7979 -0.3795 -0.4682
vn 0.2837 0.8368 -0.4682
vn 0.9315 -0.3230 -0.1671
vn 0.4173 0.8933 -0.1671
vn 0.9315 -0.3230 0.1671
vn 0.4173 0.8933 0.1671
vn 0.7979 -0.3795 0.4682
vn 0.2837 0.8368 0.4682
vn 0.5573 -0.4813 0.6766
vn 0.0430 0.7351 0.6766
vt 1.000000 0.500000
vt 1.000000 1.000000
vt 0.928571 1.000000
vt 0.928571 0.500000
vt 0.857143 1.000000
vt 0.857143 0.500000
vt 0.785714 1.000000
vt 0.785714 0.500000
vt 0.714286 1.000000
vt 0.714286 0.500000
vt 0.642857 1.000000
vt 0.642857 0.500000
vt 0.571428 1.000000
vt 0.571428 0.500000
vt 0.500000 1.000000
vt 0.500000 0.500000
vt 0.428571 1.000000
vt 0.428571 0.500000
vt 0.357143 1.000000
vt 0.357143 0.500000
vt 0.285714 1.000000
vt 0.285714 0.500000
vt 0.214286 1.000000
vt 0.214286 0.500000
vt 0.142857 1.000000
vt 0.142857 0.500000
vt 0.354132 0.466233
vt 0.250000 0.490000
vt 0.145868 0.466233
vt 0.062360 0.399638
vt 0.016017 0.303405
vt 0.016017 0.196595
vt 0.062360 0.100362
vt 0.145868 0.033767
vt 0.250000 0.010000
vt 0.354132 0.033767
vt 0.437640 0.100362
vt 0.483983 0.196595
vt 0.483983 0.303405
vt 0.437640 0.399638
vt 0.071428 1.000000
vt 0.071428 0.500000
vt -0.000000 1.000000
vt -0.000000 0.500000
vt 0.750000 0.490000
vt 0.854132 0.466233
vt 0.937640 0.399638
vt 0.983983 0.303405
vt 0.983983 0.196595
vt 0.937640 0.100362
vt 0.854132 0.033767
vt 0.750000 0.010000
vt 0.645868 0.033767
vt 0.562360 0.100362
vt 0.516017 0.196595
vt 0.516017 0.303405
vt 0.562360 0.399638
vt 0.645868 0.466233
s 1
usemtl Tire.001
f 2149/2656/2134 2150/2657/2135 2152/2658/2137 2151/2659/2136
f 2151/2659/2136 2152/2658/2137 2154/2660/2139 2153/2661/2138
f 2153/2661/2138 2154/2660/2139 2156/2662/2141 2155/2663/2140
f 2155/2663/2140 2156/2662/2141 2158/2664/2143 2157/2665/2142
f 2157/2665/2142 2158/2664/2143 2160/2666/2145 2159/2667/2144
f 2159/2667/2144 2160/2666/2145 2162/2668/2147 2161/2669/2146
f 2161/2669/2146 2162/2668/2147 2164/2670/2149 2163/2671/2148
f 2163/2671/2148 2164/2670/2149 2166/2672/2151 2165/2673/2150
f 2165/2673/2150 2166/2672/2151 2168/2674/2153 2167/2675/2152
f 2167/2675/2152 2168/2674/2153 2170/2676/2155 2169/2677/2154
f 2169/2677/2154 2170/2676/2155 2172/2678/2157 2171/2679/2156
f 2171/2679/2156 2172/2678/2157 2174/2680/2159 2173/2681/2158
f 2152/2682/2137 2150/2683/2135 2176/2684/2161 2174/2685/2159 2172/2686/2157 2170/2687/2155 2168/2688/2153 2166/2689/2151 2164/2690/2149 2162/2691/2147 2160/2692/2145 2158/2693/2143 2156/2694/2141 2154/2695/2139
f 2173/2681/2158 2174/2680/2159 2176/2696/2161 2175/2697/2160
f 2175/2697/2160 2176/2696/2161 2150/2698/2135 2149/2699/2134
f 2149/2700/2134 2151/2701/2136 2153/2702/2138 2155/2703/2140 2157/2704/2142 2159/2705/2144 2161/2706/2146 2163/2707/2148 2165/2708/2150 2167/2709/2152 2169/2710/2154 2171/2711/2156 2173/2712/2158 2175/2713/2160
o Cylinder.005
v -6.712298 -0.056016 0.600000
v -6.797970 0.146617 0.600000
v -6.840181 -0.110084 0.568310
v -6.925853 0.092549 0.568310
v -6.942735 -0.153443 0.479517
v -7.028407 0.049190 0.479517
v -6.999648 -0.177506 0.351207
v -7.085320 0.025128 0.351207
v -6.999648 -0.177506 0.208793
v -7.085320 0.025128 0.208793
v -6.942735 -0.153443 0.080483
v -7.028407 0.049190 0.080483
v -6.840181 -0.110084 -0.008310
v -6.925853 0.092549 -0.008310
v -6.712298 -0.056016 -0.040000
v -6.797970 0.146617 -0.040000
v -6.584415 -0.001948 -0.008310
v -6.670087 0.200685 -0.008310
v -6.481862 0.041411 0.080483
v -6.567533 0.244044 0.080483
v -6.424948 0.065473 0.208793
v -6.510620 0.268107 0.208793
v -6.424948 0.065473 0.351207
v -6.510620 0.268107 0.351207
v -6.481862 0.041411 0.479517
v -6.567533 0.244044 0.479517
v -6.584415 -0.001948 0.568310
v -6.670087 0.200685 0.568310
vn 0.2571 -0.6082 0.7510
vn -0.2571 0.6082 0.7510
vn -0.0430 -0.7351 0.6766
vn -0.5573 0.4813 0.6766
vn -0.2837 -0.8368 0.4682
vn -0.7979 0.3795 0.4682
vn -0.4173 -0.8933 0.1671
vn -0.9315 0.3230 0.1671
vn -0.4173 -0.8933 -0.1671
vn -0.9315 0.3230 -0.1671
vn -0.2837 -0.8368 -0.4682
vn -0.7979 0.3795 -0.4682
vn -0.0430 -0.7351 -0.6766
vn -0.5573 0.4813 -0.6766
vn 0.2571 -0.6082 -0.7510
vn -0.2571 0.6082 -0.7510
vn 0.5573 -0.4813 -0.6766
vn 0.0430 0.7351 -0.6766
vn 0.7979 -0.3795 -0.4682
vn 0.2837 0.8368 -0.4682
vn 0.9315 -0.3230 -0.1671
vn 0.4173 0.8933 -0.1671
vn 0.9315 -0.3230 0.1671
vn 0.4173 0.8933 0.1671
vn 0.7979 -0.3795 0.4682
vn 0.2837 0.8368 0.4682
vn 0.5573 -0.4813 0.6766
vn 0.0430 0.7351 0.6766
vt 1.000000 0.500000
vt 1.000000 1.000000
vt 0.928571 1.000000
vt 0.928571 0.500000
vt 0.857143 1.000000
vt 0.857143 0.500000
vt 0.785714 1.000000
vt 0.785714 0.500000
vt 0.714286 1.000000
vt 0.714286 0.500000
vt 0.642857 1.000000
vt 0.642857 0.500000
vt 0.571428 1.000000
vt 0.571428 0.500000
vt 0.500000 1.000000
vt 0.500000 0.500000
vt 0.428571 1.000000
vt 0.428571 0.500000
vt 0.357143 1.000000
vt 0.357143 0.500000
vt 0.285714 1.000000
vt 0.285714 0.500000
vt 0.214286 1.000000
vt 0.214286 0.500000
vt 0.142857 1.000000
vt 0.142857 0.500000
vt 0.354132 0.466233
vt 0.250000 0.490000
vt 0.145868 0.466233
vt 0.062360 0.399638
vt 0.016017 0.303405
vt 0.016017 0.196595
vt 0.062360 0.100362
vt 0.145868 0.033767
vt 0.250000 0.010000
vt 0.354132 0.033767
vt 0.437640 0.100362
vt 0.483983 0.196595
vt 0.483983 0.303405
vt 0.437640 0.399638
vt 0.071428 1.000000
vt 0.071428 0.500000
vt -0.000000 1.000000
vt -0.000000 0.500000
vt 0.750000 0.490000
vt 0.854132 0.466233
vt 0.937640 0.399638
vt 0.983983 0.303405
vt 0.983983 0.196595
vt 0.937640 0.100362
vt 0.854132 0.033767
vt 0.750000 0.010000
vt 0.645868 0.033767
vt 0.562360 0.100362
vt 0.516017 0.196595
vt 0.516017 0.303405
vt 0.562360 0.399638
vt 0.645868 0.466233
s 1
usemtl Tire.002
f 2177/2714/2162 2178/2715/2163 2180/2716/2165 2179/2717/2164
f 2179/2717/2164 2180/2716/2165 2182/2718/2167 2181/2719/2166
f 2181/2719/2166 2182/2718/2167 2184/2720/2169 2183/2721/2168
f 2183/2721/2168 2184/2720/2169 2186/2722/2171 2185/2723/2170
f 2185/2723/2170 2186/2722/2171 2188/2724/2173 2187/2725/2172
f 2187/2725/2172 2188/2724/2173 2190/2726/2175 2189/2727/2174
f 2189/2727/2174 2190/2726/2175 2192/2728/2177 2191/2729/2176
f 2191/2729/2176 2192/2728/2177 2194/2730/2179 2193/2731/2178
f 2193/2731/2178 2194/2730/2179 2196/2732/2181 2195/2733/2180
f 2195/2733/2180 2196/2732/2181 2198/2734/2183 2197/2735/2182
f 2197/2735/2182 2198/2734/2183 2200/2736/2185 2199/2737/2184
f 2199/2737/2184 2200/2736/2185 2202/2738/2187 2201/2739/2186
f 2180/2740/2165 2178/2741/2163 2204/2742/2189 2202/2743/2187 2200/2744/2185 2198/2745/2183 2196/2746/2181 2194/2747/2179 2192/2748/2177 2190/2749/2175 2188/2750/2173 2186/2751/2171 2184/2752/2169 2182/2753/2167
f 2201/2739/2186 2202/2738/2187 2204/2754/2189 2203/2755/2188
f 2203/2755/2188 2204/2754/2189 2178/2756/2163 2177/2757/2162
f 2177/2758/2162 2179/2759/2164 2181/2760/2166 2183/2761/2168 2185/2762/2170 2187/2763/2172 2189/2764/2174 2191/2765/2176 2193/2766/2178 2195/2767/2180 2197/2768/2182 2199/2769/2184 2201/2770/2186 2203/2771/2188
o Cylinder.006
v -6.307303 -1.013919 0.600000
v -6.392975 -0.811286 0.600000
v -6.435186 -1.067987 0.568310
v -6.520858 -0.865354 0.568310
v -6.537740 -1.111346 0.479517
v -6.623412 -0.908713 0.479517
v -6.594653 -1.135409 0.351207
v -6.680325 -0.932776 0.351207
v -6.594653 -1.135409 0.208793
v -6.680325 -0.932776 0.208793
v -6.537740 -1.111346 0.080483
v -6.623412 -0.908713 0.080483
v -6.435186 -1.067987 -0.008310
v -6.520858 -0.865354 -0.008310
v -6.307303 -1.013919 -0.040000
v -6.392975 -0.811286 -0.040000
v -6.179420 -0.959852 -0.008310
v -6.265092 -0.757218 -0.008310
v -6.076867 -0.916492 0.080483
v -6.162539 -0.713859 0.080483
v -6.019953 -0.892430 0.208793
v -6.105625 -0.689797 0.208793
v -6.019953 -0.892430 0.351207
v -6.105625 -0.689797 0.351207
v -6.076867 -0.916492 0.479517
v -6.162539 -0.713859 0.479517
v -6.179420 -0.959852 0.568310
v -6.265092 -0.757218 0.568310
vn 0.2571 -0.6082 0.7510
vn -0.2571 0.6082 0.7510
vn -0.0430 -0.7351 0.6766
vn -0.5573 0.4813 0.6766
vn -0.2837 -0.8368 0.4682
vn -0.7979 0.3795 0.4682
vn -0.4173 -0.8933 0.1671
vn -0.9315 0.3230 0.1671
vn -0.4173 -0.8933 -0.1671
vn -0.9315 0.3230 -0.1671
vn -0.2837 -0.8368 -0.4682
vn -0.7979 0.3795 -0.4682
vn -0.0430 -0.7351 -0.6766
vn -0.5573 0.4813 -0.6766
vn 0.2571 -0.6082 -0.7510
vn -0.2571 0.6082 -0.7510
vn 0.5573 -0.4813 -0.6766
vn 0.0430 0.7351 -0.6766
vn 0.7979 -0.3795 -0.4682
vn 0.2837 0.8368 -0.4682
vn 0.9315 -0.3230 -0.1671
vn 0.4173 0.8933 -0.1671
vn 0.9315 -0.3230 0.1671
vn 0.4173 0.8933 0.1671
vn 0.7979 -0.3795 0.4682
vn 0.2837 0.8368 0.4682
vn 0.5573 -0.4813 0.6766
vn 0.0430 0.7351 0.6766
vt 1.000000 0.500000
vt 1.000000 1.000000
vt 0.928571 1.000000
vt 0.928571 0.500000
vt 0.857143 1.000000
vt 0.857143 0.500000
vt 0.785714 1.000000
vt 0.785714 0.500000
vt 0.714286 1.000000
vt 0.714286 0.500000
vt 0.642857 1.000000
vt 0.642857 0.500000
vt 0.571428 1.000000
vt 0.571428 0.500000
vt 0.500000 1.000000
vt 0.500000 0.500000
vt 0.428571 1.000000
vt 0.428571 0.500000
vt 0.357143 1.000000
vt 0.357143 0.500000
vt 0.285714 1.000000
vt 0.285714 0.500000
vt 0.214286 1.000000
vt 0.214286 0.500000
vt 0.142857 1.000000
vt 0.142857 0.500000
vt 0.354132 0.466233
vt 0.250000 0.490000
vt 0.145868 0.466233
vt 0.062360 0.399638
vt 0.016017 0.303405
vt 0.016017 0.196595
vt 0.062360 0.100362
vt 0.145868 0.033767
vt 0.250000 0.010000
vt 0.354132 0.033767
vt 0.437640 0.100362
vt 0.483983 0.196595
vt 0.483983 0.303405
vt 0.437640 0.399638
vt 0.071428 1.000000
vt 0.071428 0.500000
vt -0.000000 1.000000
vt -0.000000 0.500000
vt 0.750000 0.490000
vt 0.854132 0.466233
vt 0.937640 0.399638
vt 0.983983 0.303405
vt 0.983983 0.196595
vt 0.937640 0.100362
vt 0.854132 0.033767
vt 0.750000 0.010000
vt 0.645868 0.033767
vt 0.562360 0.100362
vt 0.516017 0.196595
vt 0.516017 0.303405
vt 0.562360 0.399638
vt 0.645868 0.466233
s 1
usemtl Tire.003
f 2205/2772/2190 2206/2773/2191 2208/2774/2193 2207/2775/2192
f 2207/2775/2192 2208/2774/2193 2210/2776/2195 2209/2777/2194
f 2209/2777/2194 2210/2776/2195 2212/2778/2197 2211/2779/2196
f 2211/2779/2196 2212/2778/2197 2214/2780/2199 2213/2781/2198
f 2213/2781/2198 2214/2780/2199 2216/2782/2201 2215/2783/2200
f 2215/2783/2200 2216/2782/2201 2218/2784/2203 2217/2785/2202
f 2217/2785/2202 2218/2784/2203 2220/2786/2205 2219/2787/2204
f 2219/2787/2204 2220/2786/2205 2222/2788/2207 2221/2789/2206
f 2221/2789/2206 2222/2788/2207 2224/2790/2209 2223/2791/2208
f 2223/2791/2208 2224/2790/2209 2226/2792/2211 2225/2793/2210
f 2225/2793/2210 2226/2792/2211 2228/2794/2213 2227/2795/2212
f 2227/2795/2212 2228/2794/2213 2230/2796/2215 2229/2797/2214
f 2208/2798/2193 2206/2799/2191 2232/2800/2217 2230/2801/2215 2228/2802/2213 2226/2803/2211 2224/2804/2209 2222/2805/2207 2220/2806/2205 2218/2807/2203 2216/2808/2201 2214/2809/2199 2212/2810/2197 2210/2811/2195
f 2229/2797/2214 2230/2796/2215 2232/2812/2217 2231/2813/2216
f 2231/2813/2216 2232/2812/2217 2206/2814/2191 2205/2815/2190
f 2205/2816/2190 2207/2817/2192 2209/2818/2194 2211/2819/2196 2213/2820/2198 2215/2821/2200 2217/2822/2202 2219/2823/2204 2221/2824/2206 2223/2825/2208 2225/2826/2210 2227/2827/2212 2229/2828/2214 2231/2829/2216
o Cube.006
v 8.329155 0.911669 0.200000
v 8.415451 1.069634 0.380000
v 8.487120 0.825372 0.380000
v 8.372247 0.990548 0.224047
v 8.408033 0.868577 0.224047
v 8.445963 0.945941 0.247406
v 8.482801 1.005438 0.380000
v 8.403922 1.048530 0.290118
v 8.468265 0.986763 0.293922
v 8.466016 0.836901 0.290118
v 8.509108 0.915780 0.380000
v 8.486785 0.923640 0.293922
v 8.415451 1.069634 0.720000
v 8.329155 0.911669 0.900000
v 8.487120 0.825372 0.720000
v 8.403922 1.048530 0.809882
v 8.482801 1.005438 0.720000
v 8.468265 0.986763 0.806078
v 8.408033 0.868577 0.875953
v 8.372247 0.990548 0.875953
v 8.445963 0.945941 0.852594
v 8.509108 0.915780 0.720000
v 8.466016 0.836901 0.809882
v 8.486785 0.923640 0.806078
v 8.022323 0.350016 0.200000
v 8.180287 0.263719 0.380000
v 7.936026 0.192051 0.380000
v 8.101201 0.306924 0.224047
v 7.979231 0.271137 0.224047
v 8.056595 0.233207 0.247406
v 8.116092 0.196369 0.380000
v 8.159184 0.275248 0.290118
v 8.097416 0.210906 0.293922
v 7.947555 0.213155 0.290118
v 8.026434 0.170063 0.380000
v 8.034294 0.192386 0.293922
v 8.022323 0.350016 0.900000
v 7.936026 0.192051 0.720000
v 8.180287 0.263719 0.720000
v 7.979231 0.271137 0.875953
v 8.101201 0.306924 0.875953
v 8.056595 0.233207 0.852594
v 8.026434 0.170063 0.720000
v 7.947555 0.213155 0.809882
v 8.034294 0.192386 0.806078
v 8.159184 0.275248 0.809882
v 8.116092 0.196369 0.720000
v 8.097416 0.210906 0.806078
v 6.977677 1.649984 0.200000
v 6.819713 1.736281 0.380000
v 7.063974 1.807949 0.380000
v 6.898799 1.693076 0.224047
v 7.020769 1.728863 0.224047
v 6.943405 1.766793 0.247406
v 6.883908 1.803631 0.380000
v 6.840816 1.724752 0.290118
v 6.902584 1.789094 0.293922
v 7.052445 1.786845 0.290118
v 6.973567 1.829937 0.380000
v 6.965706 1.807614 0.293922
v 6.977677 1.649984 0.900000
v 7.063974 1.807949 0.720000
v 6.819713 1.736281 0.720000
v 7.020769 1.728863 0.875953
v 6.898799 1.693076 0.875953
v 6.943405 1.766793 0.852594
v 6.973567 1.829937 0.720000
v 7.052445 1.786845 0.809882
v 6.965706 1.807614 0.806078
v 6.840816 1.724752 0.809882
v 6.883908 1.803631 0.720000
v 6.902584 1.789094 0.806078
v 6.670845 1.088331 0.200000
v 6.584548 0.930366 0.380000
v 6.512880 1.174628 0.380000
v 6.627754 1.009452 0.224047
v 6.591967 1.131423 0.224047
v 6.554037 1.054059 0.247406
v 6.517199 0.994562 0.380000
v 6.596077 0.951470 0.290118
v 6.531736 1.013237 0.293922
v 6.533984 1.163099 0.290118
v 6.490892 1.084220 0.380000
v 6.513215 1.076360 0.293922
v 6.670845 1.088331 0.900000
v 6.512880 1.174628 0.720000
v 6.584548 0.930366 0.720000
v 6.591967 1.131423 0.875953
v 6.627754 1.009452 0.875953
v 6.554037 1.054059 0.852594
v 6.490892 1.084220 0.720000
v 6.533984 1.163099 0.809882
v 6.513215 1.076360 0.806078
v 6.596077 0.951470 0.809882
v 6.517199 0.994562 0.720000
v 6.531736 1.013237 0.806078
vn 0.1759 0.0516 -0.9831
vn 0.5850 0.8006 -0.1296
vn 0.9248 -0.3576 -0.1296
vn 0.3424 0.3731 -0.8623
vn 0.4897 -0.1290 -0.8623
vn 0.6071 0.1781 -0.7744
vn 0.8448 0.5211 -0.1216
vn 0.5201 0.6985 -0.4915
vn 0.7639 0.4652 -0.4473
vn 0.8150 -0.3067 -0.4915
vn 0.9924 0.0180 -0.1216
vn 0.8941 0.0213 -0.4473
vn 0.5850 0.8006 0.1296
vn 0.1759 0.0516 0.9831
vn 0.9248 -0.3576 0.1296
vn 0.5201 0.6985 0.4915
vn 0.8448 0.5211 0.1216
vn 0.7639 0.4652 0.4473
vn 0.4897 -0.1290 0.8623
vn 0.3424 0.3731 0.8623
vn 0.6071 0.1781 0.7744
vn 0.9924 0.0180 0.1216
vn 0.8150 -0.3067 0.4915
vn 0.8941 0.0213 0.4473
vn 0.0516 -0.1759 -0.9831
vn 0.8006 -0.5850 -0.1296
vn -0.3576 -0.9248 -0.1296
vn 0.3731 -0.3424 -0.8623
vn -0.1290 -0.4897 -0.8623
vn 0.1781 -0.6071 -0.7744
vn 0.5211 -0.8448 -0.1216
vn 0.6985 -0.5201 -0.4915
vn 0.4652 -0.7639 -0.4473
vn -0.3067 -0.8150 -0.4915
vn 0.0180 -0.9924 -0.1216
vn 0.0213 -0.8941 -0.4473
vn 0.0516 -0.1759 0.9831
vn -0.3576 -0.9248 0.1296
vn 0.8006 -0.5850 0.1296
vn -0.1290 -0.4897 0.8623
vn 0.3731 -0.3424 0.8623
vn 0.1781 -0.6071 0.7744
vn 0.0180 -0.9924 0.1216
vn -0.3067 -0.8150 0.4915
vn 0.0213 -0.8941 0.4473
vn 0.6985 -0.5201 0.4915
vn 0.5211 -0.8448 0.1216
vn 0.4652 -0.7639 0.4473
vn -0.0516 0.1759 -0.9831
vn -0.8006 0.5850 -0.1296
vn 0.3576 0.9248 -0.1296
vn -0.3731 0.3424 -0.8623
vn 0.1290 0.4897 -0.8623
vn -0.1781 0.6071 -0.7744
vn -0.5211 0.8448 -0.1216
vn -0.6985 0.5201 -0.4915
vn -0.4652 0.7639 -0.4473
vn 0.3067 0.8150 -0.4915
vn -0.0180 0.9924 -0.1216
vn -0.0213 0.8941 -0.4473
vn -0.0516 0.1759 0.9831
vn 0.3576 0.9248 0.1296
vn -0.8006 0.5850 0.1296
vn 0.1290 0.4897 0.8623
vn -0.3731 0.3424 0.8623
vn -0.1781 0.6071 0.7744
vn -0.0180 0.9924 0.1216
vn 0.3067 0.8150 0.4915
vn -0.0213 0.8941 0.4473
vn -0.6985 0.5201 0.4915
vn -0.5211 0.8448 0.1216
vn -0.4652 0.7639 0.4473
vn -0.1759 -0.0516 -0.9831
vn -0.5850 -0.8006 -0.1296
vn -0.9248 0.3576 -0.1296
vn -0.3424 -0.3731 -0.8623
vn -0.4897 0.1290 -0.8623
vn -0.6071 -0.1781 -0.7744
vn -0.8448 -0.5211 -0.1216
vn -0.5201 -0.6985 -0.4915
vn -0.7639 -0.4652 -0.4473
vn -0.8150 0.3067 -0.4915
vn -0.9924 -0.0180 -0.1216
vn -0.8941 -0.0213 -0.4473
vn -0.1759 -0.0516 0.9831
vn -0.9248 0.3576 0.1296
vn -0.5850 -0.8006 0.1296
vn -0.4897 0.1290 0.8623
vn -0.3424 -0.3731 0.8623
vn -0.6071 -0.1781 0.7744
vn -0.9924 -0.0180 0.1216
vn -0.8150 0.3067 0.4915
vn -0.8941 -0.0213 0.4473
vn -0.5201 -0.6985 0.4915
vn -0.8448 -0.5211 0.1216
vn -0.7639 -0.4652 0.4473
vt 0.148684 0.705000
vt 0.148684 0.727470
vt 0.137358 0.726520
vt 0.136858 0.705000
vt 0.148684 0.750000
vt 0.137358 0.750000
vt 0.439286 0.976316
vt 0.439286 1.000000
vt 0.375000 0.987642
vt 0.375000 0.976316
vt 0.439286 0.000000
vt 0.439286 0.022530
vt 0.375000 0.023480
vt 0.375000 0.000000
vt 0.439286 0.045000
vt 0.375000 0.045000
vt 0.125000 0.705000
vt 0.125000 0.726520
vt 0.560714 0.976316
vt 0.592815 0.976316
vt 0.591456 1.000000
vt 0.560714 1.000000
vt 0.625000 0.976316
vt 0.625000 1.000000
vt 0.851316 0.705000
vt 0.875000 0.705000
vt 0.875000 0.726520
vt 0.851316 0.750000
vt 0.625000 0.045000
vt 0.592815 0.045000
vt 0.591456 0.023480
vt 0.625000 0.023480
vt 0.560714 0.045000
vt 0.560714 0.022530
vt 0.560714 0.000000
vt 0.591456 0.000000
vt 0.148684 0.545000
vt 0.136858 0.545000
vt 0.137358 0.523481
vt 0.148684 0.522529
vt 0.125000 0.545000
vt 0.125000 0.523480
vt 0.439286 0.205000
vt 0.439286 0.227470
vt 0.375000 0.226520
vt 0.375000 0.205000
vt 0.439286 0.261858
vt 0.375000 0.262358
vt 0.439286 0.273684
vt 0.375000 0.273684
vt 0.148684 0.500000
vt 0.137358 0.500000
vt 0.851316 0.545000
vt 0.851316 0.500000
vt 0.875000 0.523480
vt 0.875000 0.545000
vt 0.625000 0.273684
vt 0.592815 0.273684
vt 0.591456 0.256306
vt 0.625000 0.234346
vt 0.560714 0.273684
vt 0.560714 0.261858
vt 0.560714 0.227470
vt 0.591456 0.226520
vt 0.560714 0.205000
vt 0.592815 0.205000
vt 0.625000 0.205000
vt 0.351316 0.705000
vt 0.363142 0.705000
vt 0.362642 0.726519
vt 0.351316 0.727471
vt 0.407185 0.705000
vt 0.398598 0.726520
vt 0.439286 0.705000
vt 0.439286 0.727470
vt 0.439286 0.761858
vt 0.368821 0.756179
vt 0.439286 0.773684
vt 0.363158 0.761842
vt 0.648684 0.705000
vt 0.636842 0.761842
vt 0.631179 0.756179
vt 0.636858 0.705000
vt 0.592815 0.773684
vt 0.591456 0.762358
vt 0.560714 0.773684
vt 0.560714 0.761858
vt 0.560714 0.727470
vt 0.591456 0.733949
vt 0.560714 0.705000
vt 0.592815 0.705000
vt 0.351316 0.545000
vt 0.351316 0.522529
vt 0.362642 0.523480
vt 0.363142 0.545000
vt 0.363158 0.488158
vt 0.368821 0.493821
vt 0.439286 0.476316
vt 0.439286 0.488142
vt 0.439286 0.522529
vt 0.398598 0.523480
vt 0.439286 0.545000
vt 0.407185 0.545000
vt 0.648684 0.545000
vt 0.636858 0.545000
vt 0.631179 0.493821
vt 0.636842 0.488158
vt 0.592815 0.545000
vt 0.591456 0.516051
vt 0.560714 0.545000
vt 0.560714 0.522529
vt 0.560714 0.488142
vt 0.591456 0.487642
vt 0.560714 0.476316
vt 0.592815 0.476316
s 1
usemtl Car.001
f 2233/2830/2218 2236/2831/2221 2238/2832/2223 2237/2833/2222
f 2236/2831/2221 2240/2834/2225 2241/2835/2226 2238/2832/2223
f 2234/2836/2219 2239/2837/2224 2241/2838/2226 2240/2839/2225
f 2239/2840/2224 2243/2841/2228 2244/2842/2229 2241/2843/2226
f 2235/2844/2220 2242/2845/2227 2244/2842/2229 2243/2841/2228
f 2242/2846/2227 2237/2833/2222 2238/2832/2223 2244/2847/2229
f 2238/2832/2223 2241/2835/2226 2244/2847/2229
f 2245/2848/2230 2248/2849/2233 2250/2850/2235 2249/2851/2234
f 2248/2849/2233 2252/2852/2237 2253/2853/2238 2250/2850/2235
f 2246/2854/2231 2251/2855/2236 2253/2856/2238 2252/2857/2237
f 2251/2858/2236 2255/2859/2240 2256/2860/2241 2253/2861/2238
f 2247/2862/2232 2254/2863/2239 2256/2860/2241 2255/2859/2240
f 2254/2863/2239 2249/2864/2234 2250/2865/2235 2256/2860/2241
f 2250/2865/2235 2253/2861/2238 2256/2860/2241
f 2257/2866/2242 2260/2867/2245 2262/2868/2247 2261/2869/2246
f 2260/2867/2245 2264/2870/2249 2265/2871/2250 2262/2868/2247
f 2258/2872/2243 2263/2873/2248 2265/2874/2250 2264/2875/2249
f 2263/2873/2248 2267/2876/2252 2268/2877/2253 2265/2874/2250
f 2259/2878/2244 2266/2879/2251 2268/2877/2253 2267/2876/2252
f 2266/2880/2251 2261/2869/2246 2262/2868/2247 2268/2881/2253
f 2262/2868/2247 2265/2871/2250 2268/2881/2253
f 2269/2882/2254 2272/2883/2257 2274/2884/2259 2273/2885/2258
f 2272/2886/2257 2276/2887/2261 2277/2888/2262 2274/2889/2259
f 2270/2890/2255 2275/2891/2260 2277/2888/2262 2276/2887/2261
f 2275/2891/2260 2279/2892/2264 2280/2893/2265 2277/2888/2262
f 2271/2894/2256 2278/2895/2263 2280/2893/2265 2279/2892/2264
f 2278/2895/2263 2273/2896/2258 2274/2889/2259 2280/2893/2265
f 2274/2889/2259 2277/2888/2262 2280/2893/2265
f 2281/2897/2266 2284/2898/2269 2286/2899/2271 2285/2900/2270
f 2284/2898/2269 2288/2901/2273 2289/2902/2274 2286/2899/2271
f 2282/2903/2267 2287/2904/2272 2289/2902/2274 2288/2901/2273
f 2287/2904/2272 2291/2905/2276 2292/2906/2277 2289/2902/2274
f 2283/2907/2268 2290/2908/2275 2292/2906/2277 2291/2905/2276
f 2290/2908/2275 2285/2900/2270 2286/2899/2271 2292/2906/2277
f 2286/2899/2271 2289/2902/2274 2292/2906/2277
f 2293/2909/2278 2296/2910/2281 2298/2911/2283 2297/2912/2282
f 2296/2910/2281 2300/2913/2285 2301/2914/2286 2298/2911/2283
f 2294/2915/2279 2299/2916/2284 2301/2914/2286 2300/2913/2285
f 2299/2916/2284 2303/2917/2288 2304/2918/2289 2301/2914/2286
f 2295/2919/2280 2302/2920/2287 2304/2918/2289 2303/2917/2288
f 2302/2920/2287 2297/2912/2282 2298/2911/2283 2304/2918/2289
f 2298/2911/2283 2301/2914/2286 2304/2918/2289
f 2305/2921/2290 2308/2922/2293 2310/2923/2295 2309/2924/2294
f 2308/2922/2293 2312/2925/2297 2313/2926/2298 2310/2923/2295
f 2306/2927/2291 2311/2928/2296 2313/2926/2298 2312/2925/2297
f 2311/2928/2296 2315/2929/2300 2316/2930/2301 2313/2926/2298
f 2307/2931/2292 2314/2932/2299 2316/2930/2301 2315/2929/2300
f 2314/2932/2299 2309/2924/2294 2310/2923/2295 2316/2930/2301
f 2310/2923/2295 2313/2926/2298 2316/2930/2301
f 2317/2933/2302 2320/2934/2305 2322/2935/2307 2321/2936/2306
f 2320/2934/2305 2324/2937/2309 2325/2938/2310 2322/2935/2307
f 2318/2939/2303 2323/2940/2308 2325/2938/2310 2324/2937/2309
f 2323/2940/2308 2327/2941/2312 2328/2942/2313 2325/2938/2310
f 2319/2943/2304 2326/2944/2311 2328/2942/2313 2327/2941/2312
f 2326/2944/2311 2321/2936/2306 2322/2935/2307 2328/2942/2313
f 2322/2935/2307 2325/2938/2310 2328/2942/2313
f 2257/2866/2242 2233/2830/2218 2237/2833/2222 2260/2867/2245
f 2260/2867/2245 2237/2833/2222 2242/2846/2227 2264/2870/2249
f 2264/2875/2249 2242/2845/2227 2235/2844/2220 2258/2872/2243
f 2234/2836/2219 2245/2848/2230 2249/2851/2234 2239/2837/2224
f 2239/2840/2224 2249/2864/2234 2254/2863/2239 2243/2841/2228
f 2243/2841/2228 2254/2863/2239 2247/2862/2232 2235/2844/2220
f 2246/2854/2231 2269/2882/2254 2273/2885/2258 2251/2855/2236
f 2251/2858/2236 2273/2896/2258 2278/2895/2263 2255/2859/2240
f 2255/2859/2240 2278/2895/2263 2271/2894/2256 2247/2862/2232
f 2270/2890/2255 2259/2878/2244 2267/2876/2252 2275/2891/2260
f 2275/2891/2260 2267/2876/2252 2263/2873/2248 2279/2892/2264
f 2279/2892/2264 2263/2873/2248 2258/2872/2243 2271/2894/2256
f 2305/2921/2290 2257/2866/2242 2261/2869/2246 2308/2922/2293
f 2308/2922/2293 2261/2869/2246 2266/2880/2251 2312/2925/2297
f 2312/2925/2297 2266/2879/2251 2259/2878/2244 2306/2927/2291
f 2269/2882/2254 2317/2933/2302 2321/2936/2306 2272/2883/2257
f 2272/2886/2257 2321/2936/2306 2326/2944/2311 2276/2887/2261
f 2276/2887/2261 2326/2944/2311 2319/2943/2304 2270/2890/2255
f 2318/2939/2303 2307/2931/2292 2315/2929/2300 2323/2940/2308
f 2323/2940/2308 2315/2929/2300 2311/2928/2296 2327/2941/2312
f 2327/2941/2312 2311/2928/2296 2306/2927/2291 2319/2943/2304
f 2281/2897/2266 2305/2921/2290 2309/2924/2294 2284/2898/2269
f 2284/2898/2269 2309/2924/2294 2314/2932/2299 2288/2901/2273
f 2288/2901/2273 2314/2932/2299 2307/2931/2292 2282/2903/2267
f 2317/2933/2302 2293/2909/2278 2297/2912/2282 2320/2934/2305
f 2320/2934/2305 2297/2912/2282 2302/2920/2287 2324/2937/2309
f 2324/2937/2309 2302/2920/2287 2295/2919/2280 2318/2939/2303
f 2294/2915/2279 2283/2907/2268 2291/2905/2276 2299/2916/2284
f 2299/2916/2284 2291/2905/2276 2287/2904/2272 2303/2917/2288
f 2303/2917/2288 2287/2904/2272 2282/2903/2267 2295/2919/2280
f 2233/2830/2218 2281/2897/2266 2285/2900/2270 2236/2831/2221
f 2236/2831/2221 2285/2900/2270 2290/2908/2275 2240/2834/2225
f 2240/2839/2225 2290/2908/2275 2283/2907/2268 2234/2836/2219
f 2293/2909/2278 2246/2854/2231 2252/2857/2237 2296/2910/2281
f 2296/2910/2281 2252/2852/2237 2248/2849/2233 2300/2913/2285
f 2300/2913/2285 2248/2849/2233 2245/2848/2230 2294/2915/2279
f 2257/2866/2242 2305/2921/2290 2281/2897/2266 2233/2830/2218
f 2235/2844/2220 2247/2862/2232 2271/2894/2256 2258/2872/2243
f 2283/2907/2268 2294/2915/2279 2245/2848/2230 2234/2836/2219
f 2317/2933/2302 2269/2882/2254 2246/2854/2231 2293/2909/2278
f 2259/2878/2244 2270/2890/2255 2319/2943/2304 2306/2927/2291
f 2307/2931/2292 2318/2939/2303 2295/2919/2280 2282/2903/2267
o Cube.007
v 7.760311 1.205337 0.775000
v 7.817842 1.310647 0.895000
v 7.865621 1.147806 0.895000
v 7.800991 1.279803 0.810147
v 7.854327 1.232923 0.825718
v 7.875456 1.239122 0.895000
v 7.834776 1.164657 0.810147
v 7.817842 1.310647 1.205000
v 7.760311 1.205337 1.325000
v 7.865621 1.147806 1.205000
v 7.800991 1.279803 1.289853
v 7.854327 1.232923 1.274282
v 7.834776 1.164657 1.289853
v 7.875456 1.239122 1.205000
v 7.467861 0.670012 0.775000
v 7.573171 0.612481 0.895000
v 7.410330 0.564702 0.895000
v 7.542326 0.629331 0.810147
v 7.495446 0.575996 0.825718
v 7.501646 0.554866 0.895000
v 7.427180 0.595547 0.810147
v 7.467861 0.670012 1.325000
v 7.410330 0.564702 1.205000
v 7.573171 0.612481 1.205000
v 7.427180 0.595547 1.289853
v 7.495446 0.575996 1.274282
v 7.501646 0.554866 1.205000
v 7.542326 0.629331 1.289853
v 7.093348 1.569701 0.775000
v 6.988038 1.627232 0.895000
v 7.150879 1.675011 0.895000
v 7.018882 1.610381 0.810147
v 7.065763 1.663717 0.825718
v 7.059563 1.684847 0.895000
v 7.134028 1.644166 0.810147
v 7.093348 1.569701 1.325000
v 7.150879 1.675011 1.205000
v 6.988038 1.627232 1.205000
v 7.134028 1.644166 1.289853
v 7.065763 1.663717 1.274282
v 7.059563 1.684847 1.205000
v 7.018882 1.610381 1.289853
v 6.800898 1.034375 0.775000
v 6.743367 0.929065 0.895000
v 6.695588 1.091907 0.895000
v 6.760218 0.959910 0.810147
v 6.706882 1.006790 0.825718
v 6.685752 1.000591 0.895000
v 6.726433 1.075056 0.810147
v 6.800898 1.034375 1.325000
v 6.695588 1.091907 1.205000
v 6.743367 0.929065 1.205000
v 6.726433 1.075056 1.289853
v 6.706882 1.006790 1.274282
v 6.685752 1.000591 1.205000
v 6.760218 0.959910 1.289853
vn 0.2434 0.0714 -0.9673
vn 0.6212 0.7629 -0.1794
vn 0.9349 -0.3063 -0.1794
vn 0.4854 0.5285 -0.6965
vn 0.7835 0.2299 -0.5774
vn 0.9452 0.2773 -0.1726
vn 0.6940 -0.1825 -0.6965
vn 0.6212 0.7629 0.1794
vn 0.2434 0.0714 0.9673
vn 0.9349 -0.3063 0.1794
vn 0.4854 0.5285 0.6965
vn 0.7835 0.2299 0.5774
vn 0.6940 -0.1825 0.6965
vn 0.9452 0.2773 0.1726
vn 0.0714 -0.2434 -0.9673
vn 0.7629 -0.6212 -0.1794
vn -0.3063 -0.9349 -0.1794
vn 0.5285 -0.4854 -0.6965
vn 0.2299 -0.7835 -0.5774
vn 0.2773 -0.9452 -0.1726
vn -0.1825 -0.6940 -0.6965
vn 0.0714 -0.2434 0.9673
vn -0.3063 -0.9349 0.1794
vn 0.7629 -0.6212 0.1794
vn -0.1825 -0.6940 0.6965
vn 0.2299 -0.7835 0.5774
vn 0.2773 -0.9452 0.1726
vn 0.5285 -0.4854 0.6965
vn -0.0714 0.2434 -0.9673
vn -0.7629 0.6212 -0.1794
vn 0.3063 0.9349 -0.1794
vn -0.5285 0.4854 -0.6965
vn -0.2299 0.7835 -0.5774
vn -0.2773 0.9452 -0.1726
vn 0.1825 0.6940 -0.6965
vn -0.0714 0.2434 0.9673
vn 0.3063 0.9349 0.1794
vn -0.7629 0.6212 0.1794
vn 0.1825 0.6940 0.6965
vn -0.2299 0.7835 0.5774
vn -0.2773 0.9452 0.1726
vn -0.5285 0.4854 0.6965
vn -0.2434 -0.0714 -0.9673
vn -0.6212 -0.7629 -0.1794
vn -0.9349 0.3063 -0.1794
vn -0.4854 -0.5285 -0.6965
vn -0.7835 -0.2299 -0.5774
vn -0.9452 -0.2773 -0.1726
vn -0.6940 0.1825 -0.6965
vn -0.2434 -0.0714 0.9673
vn -0.9349 0.3063 0.1794
vn -0.6212 -0.7629 0.1794
vn -0.6940 0.1825 0.6965
vn -0.7835 -0.2299 0.5774
vn -0.9452 -0.2773 0.1726
vn -0.4854 -0.5285 0.6965
vt 0.155000 0.714706
vt 0.155000 0.750000
vt 0.137679 0.750000
vt 0.125000 0.714706
vt 0.429545 0.970000
vt 0.429546 1.000000
vt 0.398054 1.000000
vt 0.375000 0.970000
vt 0.429545 0.035294
vt 0.375000 0.035294
vt 0.375000 0.014917
vt 0.429545 0.000000
vt 0.570455 0.970000
vt 0.625000 0.970000
vt 0.625000 0.987321
vt 0.570455 1.000000
vt 0.845000 0.714706
vt 0.875000 0.714706
vt 0.875000 0.735083
vt 0.845000 0.750000
vt 0.570455 0.035294
vt 0.570455 0.000000
vt 0.601946 0.000000
vt 0.625000 0.035294
vt 0.155000 0.535294
vt 0.125000 0.535294
vt 0.125000 0.514917
vt 0.155000 0.500000
vt 0.429545 0.214706
vt 0.429545 0.250000
vt 0.386527 0.256340
vt 0.375000 0.214706
vt 0.429545 0.280000
vt 0.375000 0.280000
vt 0.845000 0.535294
vt 0.845000 0.500000
vt 0.862320 0.500000
vt 0.875000 0.535294
vt 0.570455 0.280000
vt 0.570455 0.250000
vt 0.613473 0.242541
vt 0.625000 0.280000
vt 0.570455 0.214706
vt 0.625000 0.214706
vt 0.345000 0.714706
vt 0.375000 0.714706
vt 0.382685 0.749254
vt 0.360000 0.765000
vt 0.429545 0.714706
vt 0.429546 0.750000
vt 0.429545 0.780000
vt 0.655000 0.714706
vt 0.640000 0.765000
vt 0.621542 0.745028
vt 0.625000 0.714706
vt 0.570455 0.780000
vt 0.570455 0.750000
vt 0.570455 0.714706
vt 0.345000 0.535294
vt 0.360000 0.485000
vt 0.378458 0.504972
vt 0.375000 0.535294
vt 0.429545 0.470000
vt 0.429546 0.500000
vt 0.429545 0.535294
vt 0.655000 0.535294
vt 0.625000 0.535294
vt 0.617315 0.500746
vt 0.640000 0.485000
vt 0.570455 0.535294
vt 0.570455 0.500000
vt 0.570455 0.470000
s 1
usemtl Cab.001
f 2329/2945/2314 2332/2946/2317 2333/2947/2318 2335/2948/2320
f 2330/2949/2315 2334/2950/2319 2333/2951/2318 2332/2952/2317
f 2331/2953/2316 2335/2954/2320 2333/2955/2318 2334/2956/2319
f 2336/2957/2321 2339/2958/2324 2340/2959/2325 2342/2960/2327
f 2337/2961/2322 2341/2962/2326 2340/2963/2325 2339/2964/2324
f 2338/2965/2323 2342/2966/2327 2340/2967/2325 2341/2968/2326
f 2343/2969/2328 2346/2970/2331 2347/2971/2332 2349/2972/2334
f 2344/2973/2329 2348/2974/2333 2347/2975/2332 2346/2976/2331
f 2345/2977/2330 2349/2978/2334 2347/2975/2332 2348/2974/2333
f 2350/2979/2335 2353/2980/2338 2354/2981/2339 2356/2982/2341
f 2351/2983/2336 2355/2984/2340 2354/2985/2339 2353/2986/2338
f 2352/2987/2337 2356/2988/2341 2354/2985/2339 2355/2984/2340
f 2357/2989/2342 2360/2990/2345 2361/2991/2346 2363/2992/2348
f 2358/2993/2343 2362/2994/2347 2361/2991/2346 2360/2990/2345
f 2359/2995/2344 2363/2992/2348 2361/2991/2346 2362/2994/2347
f 2364/2996/2349 2367/2997/2352 2368/2998/2353 2370/2999/2355
f 2365/3000/2350 2369/3001/2354 2368/2998/2353 2367/2997/2352
f 2366/3002/2351 2370/2999/2355 2368/2998/2353 2369/3001/2354
f 2371/3003/2356 2374/3004/2359 2375/3005/2360 2377/3006/2362
f 2372/3007/2357 2376/3008/2361 2375/3005/2360 2374/3004/2359
f 2373/3009/2358 2377/3006/2362 2375/3005/2360 2376/3008/2361
f 2378/3010/2363 2381/3011/2366 2382/3012/2367 2384/3013/2369
f 2379/3014/2364 2383/3015/2368 2382/3012/2367 2381/3011/2366
f 2380/3016/2365 2384/3013/2369 2382/3012/2367 2383/3015/2368
f 2343/2969/2328 2329/2945/2314 2335/2948/2320 2346/2970/2331
f 2346/2976/2331 2335/2954/2320 2331/2953/2316 2344/2973/2329
f 2330/2949/2315 2336/2957/2321 2342/2960/2327 2334/2950/2319
f 2334/2956/2319 2342/2966/2327 2338/2965/2323 2331/2953/2316
f 2337/2961/2322 2350/2979/2335 2356/2982/2341 2341/2962/2326
f 2341/2968/2326 2356/2988/2341 2352/2987/2337 2338/2965/2323
f 2351/2983/2336 2345/2977/2330 2348/2974/2333 2355/2984/2340
f 2355/2984/2340 2348/2974/2333 2344/2973/2329 2352/2987/2337
f 2371/3003/2356 2343/2969/2328 2349/2972/2334 2374/3004/2359
f 2374/3004/2359 2349/2978/2334 2345/2977/2330 2372/3007/2357
f 2350/2979/2335 2378/3010/2363 2384/3013/2369 2353/2980/2338
f 2353/2986/2338 2384/3013/2369 2380/3016/2365 2351/2983/2336
f 2379/3014/2364 2373/3009/2358 2376/3008/2361 2383/3015/2368
f 2383/3015/2368 2376/3008/2361 2372/3007/2357 2380/3016/2365
f 2357/2989/2342 2371/3003/2356 2377/3006/2362 2360/2990/2345
f 2360/2990/2345 2377/3006/2362 2373/3009/2358 2358/2993/2343
f 2378/3010/2363 2364/2996/2349 2370/2999/2355 2381/3011/2366
f 2381/3011/2366 2370/2999/2355 2366/3002/2351 2379/3014/2364
f 2365/3000/2350 2359/2995/2344 2362/2994/2347 2369/3001/2354
f 2369/3001/2354 2362/2994/2347 2358/2993/2343 2366/3002/2351
f 2329/2945/2314 2357/2989/2342 2363/2992/2348 2332/2946/2317
f 2332/2952/2317 2363/2992/2348 2359/2995/2344 2330/2949/2315
f 2364/2996/2349 2337/2961/2322 2339/2964/2324 2367/2997/2352
f 2367/2997/2352 2339/2958/2324 2336/2957/2321 2365/3000/2350
f 2343/2969/2328 2371/3003/2356 2357/2989/2342 2329/2945/2314
f 2331/2953/2316 2338/2965/2323 2352/2987/2337 2344/2973/2329
f 2359/2995/2344 2365/3000/2350 2336/2957/2321 2330/2949/2315
f 2378/3010/2363 2350/2979/2335 2337/2961/2322 2364/2996/2349
f 2345/2977/2330 2351/2983/2336 2380/3016/2365 2372/3007/2357
f 2373/3009/2358 2379/3014/2364 2366/3002/2351 2358/2993/2343
o Cylinder.007
v 8.223114 1.072154 0.600000
v 8.328588 1.265222 0.600000
v 8.101269 1.138718 0.568310
v 8.206742 1.331786 0.568310
v 8.003555 1.192099 0.479517
v 8.109029 1.385167 0.479517
v 7.949329 1.221723 0.351207
v 8.054803 1.414791 0.351207
v 7.949329 1.221723 0.208793
v 8.054803 1.414791 0.208793
v 8.003555 1.192099 0.080483
v 8.109029 1.385167 0.080483
v 8.101269 1.138718 -0.008310
v 8.206742 1.331786 -0.008310
v 8.223114 1.072153 -0.040000
v 8.328588 1.265222 -0.040000
v 8.344960 1.005589 -0.008310
v 8.450434 1.198657 -0.008310
v 8.442674 0.952208 0.080483
v 8.548147 1.145276 0.080483
v 8.496900 0.922584 0.208793
v 8.602373 1.115652 0.208793
v 8.496900 0.922584 0.351207
v 8.602373 1.115652 0.351207
v 8.442674 0.952208 0.479517
v 8.548147 1.145276 0.479517
v 8.344960 1.005589 0.568310
v 8.450434 1.198657 0.568310
vn -0.3166 -0.5795 0.7510
vn 0.3166 0.5795 0.7510
vn -0.6025 -0.4232 0.6766
vn 0.0306 0.7357 0.6766
vn -0.8318 -0.2980 0.4682
vn -0.1987 0.8610 0.4682
vn -0.9591 -0.2284 0.1671
vn -0.3260 0.9305 0.1671
vn -0.9591 -0.2284 -0.1671
vn -0.3260 0.9305 -0.1671
vn -0.8318 -0.2980 -0.4682
vn -0.1987 0.8610 -0.4682
vn -0.6025 -0.4232 -0.6766
vn 0.0306 0.7357 -0.6766
vn -0.3166 -0.5795 -0.7510
vn 0.3166 0.5795 -0.7510
vn -0.0306 -0.7357 -0.6766
vn 0.6025 0.4232 -0.6766
vn 0.1987 -0.8610 -0.4682
vn 0.8318 0.2980 -0.4682
vn 0.3260 -0.9305 -0.1671
vn 0.9591 0.2284 -0.1671
vn 0.3260 -0.9305 0.1671
vn 0.9591 0.2284 0.1671
vn 0.1987 -0.8610 0.4682
vn 0.8318 0.2980 0.4682
vn -0.0306 -0.7357 0.6766
vn 0.6025 0.4232 0.6766
vt 1.000000 0.500000
vt 1.000000 1.000000
vt 0.928571 1.000000
vt 0.928571 0.500000
vt 0.857143 1.000000
vt 0.857143 0.500000
vt 0.785714 1.000000
vt 0.785714 0.500000
vt 0.714286 1.000000
vt 0.714286 0.500000
vt 0.642857 1.000000
vt 0.642857 0.500000
vt 0.571428 1.000000
vt 0.571428 0.500000
vt 0.500000 1.000000
vt 0.500000 0.500000
vt 0.428571 1.000000
vt 0.428571 0.500000
vt 0.357143 1.000000
vt 0.357143 0.500000
vt 0.285714 1.000000
vt 0.285714 0.500000
vt 0.214286 1.000000
vt 0.214286 0.500000
vt 0.142857 1.000000
vt 0.142857 0.500000
vt 0.354132 0.466233
vt 0.250000 0.490000
vt 0.145868 0.466233
vt 0.062360 0.399638
vt 0.016017 0.303405
vt 0.016017 0.196595
vt 0.062360 0.100362
vt 0.145868 0.033767
vt 0.250000 0.010000
vt 0.354132 0.033767
vt 0.437640 0.100362
vt 0.483983 0.196595
vt 0.483983 0.303405
vt 0.437640 0.399638
vt 0.071428 1.000000
vt 0.071428 0.500000
vt -0.000000 1.000000
vt -0.000000 0.500000
vt 0.750000 0.490000
vt 0.854132 0.466233
vt 0.937640 0.399638
vt 0.983983 0.303405
vt 0.983983 0.196595
vt 0.937640 0.100362
vt 0.854132 0.033767
vt 0.750000 0.010000
vt 0.645868 0.033767
vt 0.562360 0.100362
vt 0.516017 0.196595
vt 0.516017 0.303405
vt 0.562360 0.399638
vt 0.645868 0.466233
s 1
usemtl Tire.004
f 2385/3017/2370 2386/3018/2371 2388/3019/2373 2387/3020/2372
f 2387/3020/2372 2388/3019/2373 2390/3021/2375 2389/3022/2374
f 2389/3022/2374 2390/3021/2375 2392/3023/2377 2391/3024/2376
f 2391/3024/2376 2392/3023/2377 2394/3025/2379 2393/3026/2378
f 2393/3026/2378 2394/3025/2379 2396/3027/2381 2395/3028/2380
f 2395/3028/2380 2396/3027/2381 2398/3029/2383 2397/3030/2382
f 2397/3030/2382 2398/3029/2383 2400/3031/2385 2399/3032/2384
f 2399/3032/2384 2400/3031/2385 2402/3033/2387 2401/3034/2386
f 2401/3034/2386 2402/3033/2387 2404/3035/2389 2403/3036/2388
f 2403/3036/2388 2404/3035/2389 2406/3037/2391 2405/3038/2390
f 2405/3038/2390 2406/3037/2391 2408/3039/2393 2407/3040/2392
f 2407/3040/2392 2408/3039/2393 2410/3041/2395 2409/3042/2394
f 2388/3043/2373 2386/3044/2371 2412/3045/2397 2410/3046/2395 2408/3047/2393 2406/3048/2391 2404/3049/2389 2402/3050/2387 2400/3051/2385 2398/3052/2383 2396/3053/2381 2394/3054/2379 2392/3055/2377 2390/3056/2375
f 2409/3042/2394 2410/3041/2395 2412/3057/2397 2411/3058/2396
f 2411/3058/2396 2412/3057/2397 2386/3059/2371 2385/3060/2370
f 2385/3061/2370 2387/3062/2372 2389/3063/2374 2391/3064/2376 2393/3065/2378 2395/3066/2380 2397/3067/2382 2399/3068/2384 2401/3069/2386 2403/3070/2388 2405/3071/2390 2407/3072/2392 2409/3073/2394 2411/3074/2396
o Cylinder.008
v 7.724512 0.159468 0.600000
v 7.829985 0.352536 0.600000
v 7.602665 0.226032 0.568310
v 7.708139 0.419101 0.568310
v 7.504952 0.279413 0.479517
v 7.610426 0.472481 0.479517
v 7.450726 0.309037 0.351207
v 7.556200 0.502105 0.351207
v 7.450726 0.309037 0.208793
v 7.556200 0.502105 0.208793
v 7.504952 0.279413 0.080483
v 7.610426 0.472481 0.080483
v 7.602665 0.226032 -0.008310
v 7.708139 0.419101 -0.008310
v 7.724512 0.159468 -0.040000
v 7.829985 0.352536 -0.040000
v 7.846357 0.092903 -0.008310
v 7.951831 0.285971 -0.008310
v 7.944070 0.039522 0.080483
v 8.049544 0.232590 0.080483
v 7.998297 0.009898 0.208793
v 8.103770 0.202966 0.208793
v 7.998297 0.009898 0.351207
v 8.103770 0.202966 0.351207
v 7.944070 0.039522 0.479517
v 8.049544 0.232590 0.479517
v 7.846358 0.092903 0.568310
v 7.951831 0.285971 0.568310
vn -0.3166 -0.5795 0.7510
vn 0.3166 0.5795 0.7510
vn -0.6025 -0.4232 0.6766
vn 0.0306 0.7357 0.6766
vn -0.8318 -0.2980 0.4682
vn -0.1987 0.8610 0.4682
vn -0.9591 -0.2284 0.1671
vn -0.3260 0.9305 0.1671
vn -0.9591 -0.2284 -0.1671
vn -0.3260 0.9305 -0.1671
vn -0.8318 -0.2980 -0.4682
vn -0.1987 0.8610 -0.4682
vn -0.6025 -0.4232 -0.6766
vn 0.0306 0.7357 -0.6766
vn -0.3166 -0.5795 -0.7510
vn 0.3166 0.5795 -0.7510
vn -0.0306 -0.7357 -0.6766
vn 0.6025 0.4232 -0.6766
vn 0.1987 -0.8610 -0.4682
vn 0.8318 0.2980 -0.4682
vn 0.3260 -0.9305 -0.1671
vn 0.9591 0.2284 -0.1671
vn 0.3260 -0.9305 0.1671
vn 0.9591 0.2284 0.1671
vn 0.1987 -0.8610 0.4682
vn 0.8318 0.2980 0.4682
vn -0.0306 -0.7357 0.6766
vn 0.6025 0.4232 0.6766
vt 1.000000 0.500000
vt 1.000000 1.000000
vt 0.928571 1.000000
vt 0.928571 0.500000
vt 0.857143 1.000000
vt 0.857143 0.500000
vt 0.785714 1.000000
vt 0.785714 0.500000
vt 0.714286 1.000000
vt 0.714286 0.500000
vt 0.642857 1.000000
vt 0.642857 0.500000
vt 0.571428 1.000000
vt 0.571428 0.500000
vt 0.500000 1.000000
vt 0.500000 0.500000
vt 0.428571 1.000000
vt 0.428571 0.500000
vt 0.357143 1.000000
vt 0.357143 0.500000
vt 0.285714 1.000000
vt 0.285714 0.500000
vt 0.214286 1.000000
vt 0.214286 0.500000
vt 0.142857 1.000000
vt 0.142857 0.500000
vt 0.354132 0.466233
vt 0.250000 0.490000
vt 0.145868 0.466233
vt 0.062360 0.399638
vt 0.016017 0.303405
vt 0.016017 0.196595
vt 0.062360 0.100362
vt 0.145868 0.033767
vt 0.250000 0.010000
vt 0.354132 0.033767
vt 0.437640 0.100362
vt 0.483983 0.196595
vt 0.483983 0.303405
vt 0.437640 0.399638
vt 0.071428 1.000000
vt 0.071428 0.500000
vt -0.000000 1.000000
vt -0.000000 0.500000
vt 0.750000 0.490000
vt 0.854132 0.466233
vt 0.937640 0.399638
vt 0.983983 0.303405
vt 0.983983 0.196595
vt 0.937640 0.100362
vt 0.854132 0.033767
vt 0.750000 0.010000
vt 0.645868 0.033767
vt 0.562360 0.100362
vt 0.516017 0.196595
vt 0.516017 0.303405
vt 0.562360 0.399638
vt 0.645868 0.466233
s 1
usemtl Tire.005
f 2413/3075/2398 2414/3076/2399 2416/3077/2401 2415/3078/2400
f 2415/3078/2400 2416/3077/2401 2418/3079/2403 2417/3080/2402
f 2417/3080/2402 2418/3079/2403 2420/3081/2405 2419/3082/2404
f 2419/3082/2404 2420/3081/2405 2422/3083/2407 2421/3084/2406
f 2421/3084/2406 2422/3083/2407 2424/3085/2409 2423/3086/2408
f 2423/3086/2408 2424/3085/2409 2426/3087/2411 2425/3088/2410
f 2425/3088/2410 2426/3087/2411 2428/3089/2413 2427/3090/2412
f 2427/3090/2412 2428/3089/2413 2430/3091/2415 2429/3092/2414
f 2429/3092/2414 2430/3091/2415 2432/3093/2417 2431/3094/2416
f 2431/3094/2416 2432/3093/2417 2434/3095/2419 2433/3096/2418
f 2433/3096/2418 2434/3095/2419 2436/3097/2421 2435/3098/2420
f 2435/3098/2420 2436/3097/2421 2438/3099/2423 2437/3100/2422
f 2416/3101/2401 2414/3102/2399 2440/3103/2425 2438/3104/2423 2436/3105/2421 2434/3106/2419 2432/3107/2417 2430/3108/2415 2428/3109/2413 2426/3110/2411 2424/3111/2409 2422/3112/2407 2420/3113/2405 2418/3114/2403
f 2437/3100/2422 2438/3099/2423 2440/3115/2425 2439/3116/2424
f 2439/3116/2424 2440/3115/2425 2414/3117/2399 2413/3118/2398
f 2413/3119/2398 2415/3120/2400 2417/3121/2402 2419/3122/2404 2421/3123/2406 2423/3124/2408 2425/3125/2410 2427/3126/2412 2429/3127/2414 2431/3128/2416 2433/3129/2418 2435/3130/2420 2437/3131/2422 2439/3132/2424
o Cylinder.009
v 7.170015 1.647464 0.600000
v 7.275488 1.840532 0.600000
v 7.048169 1.714029 0.568310
v 7.153643 1.907097 0.568310
v 6.950456 1.767410 0.479517
v 7.055930 1.960478 0.479517
v 6.896229 1.797034 0.351207
v 7.001703 1.990102 0.351207
v 6.896229 1.797034 0.208793
v 7.001703 1.990102 0.208793
v 6.950456 1.767410 0.080483
v 7.055930 1.960478 0.080483
v 7.048169 1.714029 -0.008310
v 7.153642 1.907097 -0.008310
v 7.170015 1.647464 -0.040000
v 7.275488 1.840532 -0.040000
v 7.291861 1.580899 -0.008310
v 7.397335 1.773968 -0.008310
v 7.389574 1.527519 0.080483
v 7.495048 1.720587 0.080483
v 7.443800 1.497895 0.208793
v 7.549274 1.690963 0.208793
v 7.443800 1.497895 0.351207
v 7.549274 1.690963 0.351207
v 7.389574 1.527519 0.479517
v 7.495048 1.720587 0.479517
v 7.291861 1.580899 0.568310
v 7.397335 1.773968 0.568310
vn -0.3166 -0.5795 0.7510
vn 0.3166 0.5795 0.7510
vn -0.6025 -0.4232 0.6766
vn 0.0306 0.7357 0.6766
vn -0.8318 -0.2980 0.4682
vn -0.1987 0.8610 0.4682
vn -0.9591 -0.2284 0.1671
vn -0.3260 0.9305 0.1671
vn -0.9591 -0.2284 -0.1671
vn -0.3260 0.9305 -0.1671
vn -0.8318 -0.2980 -0.4682
vn -0.1987 0.8610 -0.4682
vn -0.6025 -0.4232 -0.6766
vn 0.0306 0.7357 -0.6766
vn -0.3166 -0.5795 -0.7510
vn 0.3166 0.5795 -0.7510
vn -0.0306 -0.7357 -0.6766
vn 0.6025 0.4232 -0.6766
vn 0.1987 -0.8610 -0.4682
vn 0.8318 0.2980 -0.4682
vn 0.3260 -0.9305 -0.1671
vn 0.9591 0.2284 -0.1671
vn 0.3260 -0.9305 0.1671
vn 0.9591 0.2284 0.1671
vn 0.1987 -0.8610 0.4682
vn 0.8318 0.2980 0.4682
vn -0.0306 -0.7357 0.6766
vn 0.6025 0.4232 0.6766
vt 1.000000 0.500000
vt 1.000000 1.000000
vt 0.928571 1.000000
vt 0.928571 0.500000
vt 0.857143 1.000000
vt 0.857143 0.500000
vt 0.785714 1.000000
vt 0.785714 0.500000
vt 0.714286 1.000000
vt 0.714286 0.500000
vt 0.642857 1.000000
vt 0.642857 0.500000
vt 0.571428 1.000000
vt 0.571428 0.500000
vt 0.500000 1.000000
vt 0.500000 0.500000
vt 0.428571 1.000000
vt 0.428571 0.500000
vt 0.357143 1.000000
vt 0.357143 0.500000
vt 0.285714 1.000000
vt 0.285714 0.500000
vt 0.214286 1.000000
vt 0.214286 0.500000
vt 0.142857 1.000000
vt 0.142857 0.500000
vt 0.354132 0.466233
vt 0.250000 0.490000
vt 0.145868 0.466233
vt 0.062360 0.399638
vt 0.016017 0.303405
vt 0.016017 0.196595
vt 0.062360 0.100362
vt 0.145868 0.033767
vt 0.250000 0.010000
vt 0.354132 0.033767
vt 0.437640 0.100362
vt 0.483983 0.196595
vt 0.483983 0.303405
vt 0.437640 0.399638
vt 0.071428 1.000000
vt 0.071428 0.500000
vt -0.000000 1.000000
vt -0.000000 0.500000
vt 0.750000 0.490000
vt 0.854132 0.466233
vt 0.937640 0.399638
vt 0.983983 0.303405
vt 0.983983 0.196595
vt 0.937640 0.100362
vt 0.854132 0.033767
vt 0.750000 0.010000
vt 0.645868 0.033767
vt 0.562360 0.100362
vt 0.516017 0.196595
vt 0.516017 0.303405
vt 0.562360 0.399638
vt 0.645868 0.466233
s 1
usemtl Tire.006
f 2441/3133/2426 2442/3134/2427 2444/3135/2429 2443/3136/2428
f 2443/3136/2428 2444/3135/2429 2446/3137/2431 2445/3138/2430
f 2445/3138/2430 2446/3137/2431 2448/3139/2433 2447/3140/2432
f 2447/3140/2432 2448/3139/2433 2450/3141/2435 2449/3142/2434
f 2449/3142/2434 2450/3141/2435 2452/3143/2437 2451/3144/2436
f 2451/3144/2436 2452/3143/2437 2454/3145/2439 2453/3146/2438
f 2453/3146/2438 2454/3145/2439 2456/3147/2441 2455/3148/2440
f 2455/3148/2440 2456/3147/2441 2458/3149/2443 2457/3150/2442
f 2457/3150/2442 2458/3149/2443 2460/3151/2445 2459/3152/2444
f 2459/3152/2444 2460/3151/2445 2462/3153/2447 2461/3154/2446
f 2461/3154/2446 2462/3153/2447 2464/3155/2449 2463/3156/2448
f 2463/3156/2448 2464/3155/2449 2466/3157/2451 2465/3158/2450
f 2444/3159/2429 2442/3160/2427 2468/3161/2453 2466/3162/2451 2464/3163/2449 2462/3164/2447 2460/3165/2445 2458/3166/2443 2456/3167/2441 2454/3168/2439 2452/3169/2437 2450/3170/2435 2448/3171/2433 2446/3172/2431
f 2465/3158/2450 2466/3157/2451 2468/3173/2453 2467/3174/2452
f 2467/3174/2452 2468/3173/2453 2442/3175/2427 2441/3176/2426
f 2441/3177/2426 2443/3178/2428 2445/3179/2430 2447/3180/2432 2449/3181/2434 2451/3182/2436 2453/3183/2438 2455/3184/2440 2457/3185/2442 2459/3186/2444 2461/3187/2446 2463/3188/2448 2465/3189/2450 2467/3190/2452
o Cylinder.010
v 6.671412 0.734778 0.600000
v 6.776886 0.927846 0.600000
v 6.549566 0.801343 0.568310
v 6.655040 0.994411 0.568310
v 6.451854 0.854724 0.479517
v 6.557327 1.047792 0.479517
v 6.397627 0.884348 0.351207
v 6.503100 1.077416 0.351207
v 6.397627 0.884348 0.208793
v 6.503100 1.077416 0.208793
v 6.451854 0.854724 0.080483
v 6.557327 1.047792 0.080483
v 6.549566 0.801343 -0.008310
v 6.655040 0.994411 -0.008310
v 6.671412 0.734778 -0.040000
v 6.776886 0.927846 -0.040000
v 6.793259 0.668214 -0.008310
v 6.898732 0.861282 -0.008310
v 6.890971 0.614833 0.080483
v 6.996445 0.807901 0.080483
v 6.945198 0.585209 0.208793
v 7.050672 0.778277 0.208793
v 6.945198 0.585209 0.351207
v 7.050672 0.778277 0.351207
v 6.890971 0.614833 0.479517
v 6.996445 0.807901 0.479517
v 6.793259 0.668214 0.568310
v 6.898732 0.861282 0.568310
vn -0.3166 -0.5795 0.7510
vn 0.3166 0.5795 0.7510
vn -0.6025 -0.4232 0.6766
vn 0.0306 0.7357 0.6766
vn -0.8318 -0.2980 0.4682
vn -0.1987 0.8610 0.4682
vn -0.9591 -0.2284 0.1671
vn -0.3260 0.9305 0.1671
vn -0.9591 -0.2284 -0.1671
vn -0.3260 0.9305 -0.1671
vn -0.8318 -0.2980 -0.4682
vn -0.1987 0.8610 -0.4682
vn -0.6025 -0.4232 -0.6766
vn 0.0306 0.7357 -0.6766
vn -0.3166 -0.5795 -0.7510
vn 0.3166 0.5795 -0.7510
vn -0.0306 -0.7357 -0.6766
vn 0.6025 0.4232 -0.6766
vn 0.1987 -0.8610 -0.4682
vn 0.8318 0.2980 -0.4682
vn 0.3260 -0.9305 -0.1671
vn 0.9591 0.2284 -0.1671
vn 0.3260 -0.9305 0.1671
vn 0.9591 0.2284 0.1671
vn 0.1987 -0.8610 0.4682
vn 0.8318 0.2980 0.4682
vn -0.0306 -0.7357 0.6766
vn 0.6025 0.4232 0.6766
vt 1.000000 0.500000
vt 1.000000 1.000000
vt 0.928571 1.000000
vt 0.928571 0.500000
vt 0.857143 1.000000
vt 0.857143 0.500000
vt 0.785714 1.000000
vt 0.785714 0.500000
vt 0.714286 1.000000
vt 0.714286 0.500000
vt 0.642857 1.000000
vt 0.642857 0.500000
vt 0.571428 1.000000
vt 0.571428 0.500000
vt 0.500000 1.000000
vt 0.500000 0.500000
vt 0.428571 1.000000
vt 0.428571 0.500000
vt 0.357143 1.000000
vt 0.357143 0.500000
vt 0.285714 1.000000
vt 0.285714 0.500000
vt 0.214286 1.000000
vt 0.214286 0.500000
vt 0.142857 1.000000
vt 0.142857 0.500000
vt 0.354132 0.466233
vt 0.250000 0.490000
vt 0.145868 0.466233
vt 0.062360 0.399638
vt 0.016017 0.303405
vt 0.016017 0.196595
vt 0.062360 0.100362
vt 0.145868 0.033767
vt 0.250000 0.010000
vt 0.354132 0.033767
vt 0.437640 0.100362
vt 0.483983 0.196595
vt 0.483983 0.303405
vt 0.437640 0.399638
vt 0.071428 1.000000
vt 0.071428 0.500000
vt -0.000000 1.000000
vt -0.000000 0.500000
vt 0.750000 0.490000
vt 0.854132 0.466233
vt 0.937640 0.399638
vt 0.983983 0.303405
vt 0.983983 0.196595
vt 0.937640 0.100362
vt 0.854132 0.033767
vt 0.750000 0.010000
vt 0.645868 0.033767
vt 0.562360 0.100362
vt 0.516017 0.196595
vt 0.516017 0.303405
vt 0.562360 0.399638
vt 0.645868 0.466233
s 1
usemtl Tire.007
f 2469/3191/2454 2470/3192/2455 2472/3193/2457 2471/3194/2456
f 2471/3194/2456 2472/3193/2457 2474/3195/2459 2473/3196/2458
f 2473/3196/2458 2474/3195/2459 2476/3197/2461 2475/3198/2460
f 2475/3198/2460 2476/3197/2461 2478/3199/2463 2477/3200/2462
f 2477/3200/2462 2478/3199/2463 2480/3201/2465 2479/3202/2464
f 2479/3202/2464 2480/3201/2465 2482/3203/2467 2481/3204/2466
f 2481/3204/2466 2482/3203/2467 2484/3205/2469 2483/3206/2468
f 2483/3206/2468 2484/3205/2469 2486/3207/2471 2485/3208/2470
f 2485/3208/2470 2486/3207/2471 2488/3209/2473 2487/3210/2472
f 2487/3210/2472 2488/3209/2473 2490/3211/2475 2489/3212/2474
f 2489/3212/2474 2490/3211/2475 2492/3213/2477 2491/3214/2476
f 2491/3214/2476 2492/3213/2477 2494/3215/2479 2493/3216/2478
f 2472/3217/2457 2470/3218/2455 2496/3219/2481 2494/3220/2479 2492/3221/2477 2490/3222/2475 2488/3223/2473 2486/3224/2471 2484/3225/2469 2482/3226/2467 2480/3227/2465 2478/3228/2463 2476/3229/2461 2474/3230/2459
f 2493/3216/2478 2494/3215/2479 2496/3231/2481 2495/3232/2480
f 2495/3232/2480 2496/3231/2481 2470/3233/2455 2469/3234/2454
f 2469/3235/2454 2471/3236/2456 2473/3237/2458 2475/3238/2460 2477/3239/2462 2479/3240/2464 2481/3241/2466 2483/3242/2468 2485/3243/2470 2487/3244/2472 2489/3245/2474 2491/3246/2476 2493/3247/2478 2495/3248/2480
o Cylinder.011
v 12.500000 7.324000 0.000000
v 12.500000 7.324000 0.990000
v 12.375549 7.375549 0.000000
v 12.375549 7.375549 0.990000
v 12.324000 7.500000 0.000000
v 12.324000 7.500000 0.990000
v 12.375549 7.624451 0.000000
v 12.375549 7.624451 0.990000
v 12.500000 7.676000 0.000000
v 12.500000 7.676000 0.990000
v 12.624451 7.624451 0.000000
v 12.624451 7.624451 0.990000
v 12.676000 7.500000 0.000000
v 12.676000 7.500000 0.990000
v 12.624451 7.375549 0.000000
v 12.624451 7.375549 0.990000
vn -0.0000 -0.7764 -0.6303
vn -0.0000 -0.7764 0.6303
vn -0.5490 -0.5490 -0.6303
vn -0.5490 -0.5490 0.6303
vn -0.7764 -0.0000 -0.6303
vn -0.7764 -0.0000 0.6303
vn -0.5490 0.5490 -0.6303
vn -0.5490 0.5490 0.6303
vn -0.0000 0.7764 -0.6303
vn -0.0000 0.7764 0.6303
vn 0.5490 0.5490 -0.6303
vn 0.5490 0.5490 0.6303
vn 0.7764 -0.0000 -0.6303
vn 0.7764 -0.0000 0.6303
vn 0.5490 -0.5490 -0.6303
vn 0.5490 -0.5490 0.6303
vt 1.000000 0.500000
vt 1.000000 1.000000
vt 0.875000 1.000000
vt 0.875000 0.500000
vt 0.750000 1.000000
vt 0.750000 0.500000
vt 0.625000 1.000000
vt 0.625000 0.500000
vt 0.500000 1.000000
vt 0.500000 0.500000
vt 0.375000 1.000000
vt 0.375000 0.500000
vt 0.250000 1.000000
vt 0.250000 0.500000
vt 0.419706 0.419706
vt 0.250000 0.490000
vt 0.080294 0.419706
vt 0.010000 0.250000
vt 0.080294 0.080294
vt 0.250000 0.010000
vt 0.419706 0.080294
vt 0.490000 0.250000
vt 0.125000 1.000000
vt 0.125000 0.500000
vt 0.000000 1.000000
vt 0.000000 0.500000
vt 0.750000 0.490000
vt 0.919706 0.419706
vt 0.990000 0.250000
vt 0.919706 0.080294
vt 0.750000 0.010000
vt 0.580294 0.080294
vt 0.510000 0.250000
vt 0.580294 0.419706
s 1
usemtl Trunk.002
f 2497/3249/2482 2498/3250/2483 2500/3251/2485 2499/3252/2484
f 2499/3252/2484 2500/3251/2485 2502/3253/2487 2501/3254/2486
f 2501/3254/2486 2502/3253/2487 2504/3255/2489 2503/3256/2488
f 2503/3256/2488 2504/3255/2489 2506/3257/2491 2505/3258/2490
f 2505/3258/2490 2506/3257/2491 2508/3259/2493 2507/3260/2492
f 2507/3260/2492 2508/3259/2493 2510/3261/2495 2509/3262/2494
f 2500/3263/2485 2498/3264/2483 2512/3265/2497 2510/3266/2495 2508/3267/2493 2506/3268/2491 2504/3269/2489 2502/3270/2487
f 2509/3262/2494 2510/3261/2495 2512/3271/2497 2511/3272/2496
f 2511/3272/2496 2512/3271/2497 2498/3273/2483 2497/3274/2482
f 2497/3275/2482 2499/3276/2484 2501/3277/2486 2503/3278/2488 2505/3279/2490 2507/3280/2492 2509/3281/2494 2511/3282/2496
o Cone.014
v 12.500000 6.400000 0.715000
v 11.792933 6.657351 0.715000
v 11.416712 7.308987 0.715000
v 11.547372 8.050000 0.715000
v 12.123777 8.533662 0.715000
v 12.876223 8.533662 0.715000
v 13.452628 8.050000 0.715000
v 13.583288 7.308987 0.715000
v 13.207067 6.657351 0.715000
v 12.500000 7.500000 1.815000
vn -0.0000 -0.9453 -0.3261
vn -0.6077 -0.7242 -0.3261
vn -0.9310 -0.1642 -0.3261
vn -0.8187 0.4727 -0.3261
vn -0.3233 0.8883 -0.3261
vn 0.3233 0.8883 -0.3261
vn 0.8187 0.4727 -0.3261
vn 0.9310 -0.1642 -0.3261
vn 0.6077 -0.7242 -0.3261
vn -0.0000 -0.0000 1.0000
vt 0.250000 0.490000
vt 0.250000 0.250000
vt 0.404269 0.433851
vt 0.486354 0.291676
vt 0.457846 0.130000
vt 0.332085 0.024474
vt 0.167915 0.024474
vt 0.042154 0.130000
vt 0.013646 0.291676
vt 0.750000 0.490000
vt 0.904269 0.433851
vt 0.986354 0.291676
vt 0.957846 0.130000
vt 0.832085 0.024474
vt 0.667915 0.024474
vt 0.542154 0.130000
vt 0.513646 0.291676
vt 0.595731 0.433851
vt 0.095731 0.433851
s 1
usemtl Leaf.006
f 2513/3283/2498 2522/3284/2507 2514/3285/2499
f 2514/3285/2499 2522/3284/2507 2515/3286/2500
f 2515/3286/2500 2522/3284/2507 2516/3287/2501
f 2516/3287/2501 2522/3284/2507 2517/3288/2502
f 2517/3288/2502 2522/3284/2507 2518/3289/2503
f 2518/3289/2503 2522/3284/2507 2519/3290/2504
f 2519/3290/2504 2522/3284/2507 2520/3291/2505
f 2513/3292/2498 2514/3293/2499 2515/3294/2500 2516/3295/2501 2517/3296/2502 2518/3297/2503 2519/3298/2504 2520/3299/2505 2521/3300/2506
f 2520/3291/2505 2522/3284/2507 2521/3301/2506
f 2521/3301/2506 2522/3284/2507 2513/3283/2498
o Cone.015
v 12.500000 6.642000 1.375000
v 11.948488 6.842734 1.375000
v 11.655035 7.351010 1.375000
v 11.756950 7.929000 1.375000
v 12.206547 8.306256 1.375000
v 12.793453 8.306256 1.375000
v 13.243050 7.929000 1.375000
v 13.344965 7.351010 1.375000
v 13.051512 6.842734 1.375000
v 12.500000 7.500000 2.475000
vn -0.0000 -0.9265 -0.3764
vn -0.5955 -0.7097 -0.3764
vn -0.9124 -0.1609 -0.3764
vn -0.8023 0.4632 -0.3764
vn -0.3169 0.8706 -0.3764
vn 0.3169 0.8706 -0.3764
vn 0.8023 0.4632 -0.3764
vn 0.9124 -0.1609 -0.3764
vn 0.5955 -0.7097 -0.3764
vn -0.0000 -0.0000 1.0000
vt 0.250000 0.490000
vt 0.250000 0.250000
vt 0.404269 0.433851
vt 0.486354 0.291676
vt 0.457846 0.130000
vt 0.332085 0.024474
vt 0.167915 0.024474
vt 0.042154 0.130000
vt 0.013646 0.291676
vt 0.750000 0.490000
vt 0.904269 0.433851
vt 0.986354 0.291676
vt 0.957846 0.130000
vt 0.832085 0.024474
vt 0.667915 0.024474
vt 0.542154 0.130000
vt 0.513646 0.291676
vt 0.595731 0.433851
vt 0.095731 0.433851
s 1
usemtl Leaf.007
f 2523/3302/2508 2532/3303/2517 2524/3304/2509
f 2524/3304/2509 2532/3303/2517 2525/3305/2510
f 2525/3305/2510 2532/3303/2517 2526/3306/2511
f 2526/3306/2511 2532/3303/2517 2527/3307/2512
f 2527/3307/2512 2532/3303/2517 2528/3308/2513
f 2528/3308/2513 2532/3303/2517 2529/3309/2514
f 2529/3309/2514 2532/3303/2517 2530/3310/2515
f 2523/3311/2508 2524/3312/2509 2525/3313/2510 2526/3314/2511 2527/3315/2512 2528/3316/2513 2529/3317/2514 2530/3318/2515 2531/3319/2516
f 2530/3310/2515 2532/3303/2517 2531/3320/2516
f 2531/3320/2516 2532/3303/2517 2523/3302/2508
o Cone.016
v 12.500000 6.950000 1.980000
v 12.146467 7.078676 1.980000
v 11.958356 7.404493 1.980000
v 12.023686 7.775000 1.980000
v 12.311889 8.016830 1.980000
v 12.688111 8.016830 1.980000
v 12.976314 7.775000 1.980000
v 13.041644 7.404493 1.980000
v 12.853533 7.078676 1.980000
v 12.500000 7.500000 3.080000
vn -0.0000 -0.8896 -0.4568
vn -0.5718 -0.6814 -0.4568
vn -0.8760 -0.1545 -0.4568
vn -0.7704 0.4448 -0.4568
vn -0.3042 0.8359 -0.4568
vn 0.3042 0.8359 -0.4568
vn 0.7704 0.4448 -0.4568
vn 0.8760 -0.1545 -0.4568
vn 0.5718 -0.6814 -0.4568
vn -0.0000 -0.0000 1.0000
vt 0.250000 0.490000
vt 0.250000 0.250000
vt 0.404269 0.433851
vt 0.486354 0.291676
vt 0.457846 0.130000
vt 0.332085 0.024474
vt 0.167915 0.024474
vt 0.042154 0.130000
vt 0.013646 0.291676
vt 0.750000 0.490000
vt 0.904269 0.433851
vt 0.986354 0.291676
vt 0.957846 0.130000
vt 0.832085 0.024474
vt 0.667915 0.024474
vt 0.542154 0.130000
vt 0.513646 0.291676
vt 0.595731 0.433851
vt 0.095731 0.433851
s 1
usemtl Leaf.008
f 2533/3321/2518 2542/3322/2527 2534/3323/2519
f 2534/3323/2519 2542/3322/2527 2535/3324/2520
f 2535/3324/2520 2542/3322/2527 2536/3325/2521
f 2536/3325/2521 2542/3322/2527 2537/3326/2522
f 2537/3326/2522 2542/3322/2527 2538/3327/2523
f 2538/3327/2523 2542/3322/2527 2539/3328/2524
f 2539/3328/2524 2542/3322/2527 2540/3329/2525
f 2533/3330/2518 2534/3331/2519 2535/3332/2520 2536/3333/2521 2537/3334/2522 2538/3335/2523 2539/3336/2524 2540/3337/2525 2541/3338/2526
f 2540/3329/2525 2542/3322/2527 2541/3339/2526
f 2541/3339/2526 2542/3322/2527 2533/3321/2518
o Cylinder.012
v 7.000000 8.356000 0.000000
v 7.000000 8.356000 0.810000
v 6.898177 8.398176 0.000000
v 6.898177 8.398176 0.810000
v 6.856000 8.500000 0.000000
v 6.856000 8.500000 0.810000
v 6.898177 8.601824 0.000000
v 6.898177 8.601824 0.810000
v 7.000000 8.644000 0.000000
v 7.000000 8.644000 0.810000
v 7.101823 8.601824 0.000000
v 7.101823 8.601824 0.810000
v 7.144000 8.500000 0.000000
v 7.144000 8.500000 0.810000
v 7.101823 8.398176 0.000000
v 7.101823 8.398176 0.810000
vn -0.0000 -0.7764 -0.6303
vn -0.0000 -0.7764 0.6303
vn -0.5490 -0.5490 -0.6303
vn -0.5490 -0.5490 0.6303
vn -0.7764 -0.0000 -0.6303
vn -0.7764 -0.0000 0.6303
vn -0.5490 0.5490 -0.6303
vn -0.5490 0.5490 0.6303
vn -0.0000 0.7764 -0.6303
vn -0.0000 0.7764 0.6303
vn 0.5490 0.5490 -0.6303
vn 0.5490 0.5490 0.6303
vn 0.7764 -0.0000 -0.6303
vn 0.7764 -0.0000 0.6303
vn 0.5490 -0.5490 -0.6303
vn 0.5490 -0.5490 0.6303
vt 1.000000 0.500000
vt 1.000000 1.000000
vt 0.875000 1.000000
vt 0.875000 0.500000
vt 0.750000 1.000000
vt 0.750000 0.500000
vt 0.625000 1.000000
vt 0.625000 0.500000
vt 0.500000 1.000000
vt 0.500000 0.500000
vt 0.375000 1.000000
vt 0.375000 0.500000
vt 0.250000 1.000000
vt 0.250000 0.500000
vt 0.419706 0.419706
vt 0.250000 0.490000
vt 0.080294 0.419706
vt 0.010000 0.250000
vt 0.080294 0.080294
vt 0.250000 0.010000
vt 0.419706 0.080294
vt 0.490000 0.250000
vt 0.125000 1.000000
vt 0.125000 0.500000
vt 0.000000 1.000000
vt 0.000000 0.500000
vt 0.750000 0.490000
vt 0.919706 0.419706
vt 0.990000 0.250000
vt 0.919706 0.080294
vt 0.750000 0.010000
vt 0.580294 0.080294
vt 0.510000 0.250000
vt 0.580294 0.419706
s 1
usemtl Trunk.003
f 2543/3340/2528 2544/3341/2529 2546/3342/2531 2545/3343/2530
f 2545/3343/2530 2546/3342/2531 2548/3344/2533 2547/3345/2532
f 2547/3345/2532 2548/3344/2533 2550/3346/2535 2549/3347/2534
f 2549/3347/2534 2550/3346/2535 2552/3348/2537 2551/3349/2536
f 2551/3349/2536 2552/3348/2537 2554/3350/2539 2553/3351/2538
f 2553/3351/2538 2554/3350/2539 2556/3352/2541 2555/3353/2540
f 2546/3354/2531 2544/3355/2529 2558/3356/2543 2556/3357/2541 2554/3358/2539 2552/3359/2537 2550/3360/2535 2548/3361/2533
f 2555/3353/2540 2556/3352/2541 2558/3362/2543 2557/3363/2542
f 2557/3363/2542 2558/3362/2543 2544/3364/2529 2543/3365/2528
f 2543/3366/2528 2545/3367/2530 2547/3368/2532 2549/3369/2534 2551/3370/2536 2553/3371/2538 2555/3372/2540 2557/3373/2542
o Cone.017
v 7.000000 7.600000 0.585000
v 6.421491 7.810560 0.585000
v 6.113673 8.343717 0.585000
v 6.220577 8.950000 0.585000
v 6.692182 9.345723 0.585000
v 7.307818 9.345723 0.585000
v 7.779423 8.950000 0.585000
v 7.886327 8.343717 0.585000
v 7.578509 7.810560 0.585000
v 7.000000 8.500000 1.485000
vn -0.0000 -0.9453 -0.3261
vn -0.6077 -0.7242 -0.3261
vn -0.9310 -0.1642 -0.3261
vn -0.8187 0.4727 -0.3261
vn -0.3233 0.8883 -0.3261
vn 0.3233 0.8883 -0.3261
vn 0.8187 0.4727 -0.3261
vn 0.9310 -0.1642 -0.3261
vn 0.6077 -0.7242 -0.3261
vn -0.0000 -0.0000 1.0000
vt 0.250000 0.490000
vt 0.250000 0.250000
vt 0.404269 0.433851
vt 0.486354 0.291676
vt 0.457846 0.130000
vt 0.332085 0.024474
vt 0.167915 0.024474
vt 0.042154 0.130000
vt 0.013646 0.291676
vt 0.750000 0.490000
vt 0.904269 0.433851
vt 0.986354 0.291676
vt 0.957846 0.130000
vt 0.832085 0.024474
vt 0.667915 0.024474
vt 0.542154 0.130000
vt 0.513646 0.291676
vt 0.595731 0.433851
vt 0.095731 0.433851
s 1
usemtl Leaf.009
f 2559/3374/2544 2568/3375/2553 2560/3376/2545
f 2560/3376/2545 2568/3375/2553 2561/3377/2546
f 2561/3377/2546 2568/3375/2553 2562/3378/2547
f 2562/3378/2547 2568/3375/2553 2563/3379/2548
f 2563/3379/2548 2568/3375/2553 2564/3380/2549
f 2564/3380/2549 2568/3375/2553 2565/3381/2550
f 2565/3381/2550 2568/3375/2553 2566/3382/2551
f 2559/3383/2544 2560/3384/2545 2561/3385/2546 2562/3386/2547 2563/3387/2548 2564/3388/2549 2565/3389/2550 2566/3390/2551 2567/3391/2552
f 2566/3382/2551 2568/3375/2553 2567/3392/2552
f 2567/3392/2552 2568/3375/2553 2559/3374/2544
o Cone.018
v 7.000000 7.798000 1.125000
v 6.548763 7.962237 1.125000
v 6.308665 8.378099 1.125000
v 6.392050 8.851000 1.125000
v 6.759902 9.159664 1.125000
v 7.240098 9.159664 1.125000
v 7.607950 8.851000 1.125000
v 7.691335 8.378099 1.125000
v 7.451237 7.962237 1.125000
v 7.000000 8.500000 2.025000
vn -0.0000 -0.9265 -0.3764
vn -0.5955 -0.7097 -0.3764
vn -0.9124 -0.1609 -0.3764
vn -0.8023 0.4632 -0.3764
vn -0.3169 0.8706 -0.3764
vn 0.3169 0.8706 -0.3764
vn 0.8023 0.4632 -0.3764
vn 0.9124 -0.1609 -0.3764
vn 0.5955 -0.7097 -0.3764
vn -0.0000 -0.0000 1.0000
vt 0.250000 0.490000
vt 0.250000 0.250000
vt 0.404269 0.433851
vt 0.486354 0.291676
vt 0.457846 0.130000
vt 0.332085 0.024474
vt 0.167915 0.024474
vt 0.042154 0.130000
vt 0.013646 0.291676
vt 0.750000 0.490000
vt 0.904269 0.433851
vt 0.986354 0.291676
vt 0.957846 0.130000
vt 0.832085 0.024474
vt 0.667915 0.024474
vt 0.542154 0.130000
vt 0.513646 0.291676
vt 0.595731 0.433851
vt 0.095731 0.433851
s 1
usemtl Leaf.010
f 2569/3393/2554 2578/3394/2563 2570/3395/2555
f 2570/3395/2555 2578/3394/2563 2571/3396/2556
f 2571/3396/2556 2578/3394/2563 2572/3397/2557
f 2572/3397/2557 2578/3394/2563 2573/3398/2558
f 2573/3398/2558 2578/3394/2563 2574/3399/2559
f 2574/3399/2559 2578/3394/2563 2575/3400/2560
f 2575/3400/2560 2578/3394/2563 2576/3401/2561
f 2569/3402/2554 2570/3403/2555 2571/3404/2556 2572/3405/2557 2573/3406/2558 2574/3407/2559 2575/3408/2560 2576/3409/2561 2577/3410/2562
f 2576/3401/2561 2578/3394/2563 2577/3411/2562
f 2577/3411/2562 2578/3394/2563 2569/3393/2554
o Cone.019
v 7.000000 8.050000 1.620000
v 6.710746 8.155280 1.620000
v 6.556837 8.421859 1.620000
v 6.610289 8.725000 1.620000
v 6.846091 8.922862 1.620000
v 7.153909 8.922862 1.620000
v 7.389711 8.725000 1.620000
v 7.443163 8.421859 1.620000
v 7.289254 8.155280 1.620000
v 7.000000 8.500000 2.520000
vn -0.0000 -0.8896 -0.4568
vn -0.5718 -0.6814 -0.4568
vn -0.8760 -0.1545 -0.4568
vn -0.7704 0.4448 -0.4568
vn -0.3042 0.8359 -0.4568
vn 0.3042 0.8359 -0.4568
vn 0.7704 0.4448 -0.4568
vn 0.8760 -0.1545 -0.4568
vn 0.5718 -0.6814 -0.4568
vn -0.0000 -0.0000 1.0000
vt 0.250000 0.490000
vt 0.250000 0.250000
vt 0.404269 0.433851
vt 0.486354 0.291676
vt 0.457846 0.130000
vt 0.332085 0.024474
vt 0.167915 0.024474
vt 0.042154 0.130000
vt 0.013646 0.291676
vt 0.750000 0.490000
vt 0.904269 0.433851
vt 0.986354 0.291676
vt 0.957846 0.130000
vt 0.832085 0.024474
vt 0.667915 0.024474
vt 0.542154 0.130000
vt 0.513646 0.291676
vt 0.595731 0.433851
vt 0.095731 0.433851
s 1
usemtl Leaf.011
f 2579/3412/2564 2588/3413/2573 2580/3414/2565
f 2580/3414/2565 2588/3413/2573 2581/3415/2566
f 2581/3415/2566 2588/3413/2573 2582/3416/2567
f 2582/3416/2567 2588/3413/2573 2583/3417/2568
f 2583/3417/2568 2588/3413/2573 2584/3418/2569
f 2584/3418/2569 2588/3413/2573 2585/3419/2570
f 2585/3419/2570 2588/3413/2573 2586/3420/2571
f 2579/3421/2564 2580/3422/2565 2581/3423/2566 2582/3424/2567 2583/3425/2568 2584/3426/2569 2585/3427/2570 2586/3428/2571 2587/3429/2572
f 2586/3420/2571 2588/3413/2573 2587/3430/2572
f 2587/3430/2572 2588/3413/2573 2579/3412/2564
o Cylinder.013
v 0.000000 8.540000 0.000000
v 0.000000 8.540000 0.900000
v -0.113137 8.586863 0.000000
v -0.113137 8.586863 0.900000
v -0.160000 8.700000 0.000000
v -0.160000 8.700000 0.900000
v -0.113137 8.813137 0.000000
v -0.113137 8.813137 0.900000
v 0.000000 8.860000 0.000000
v 0.000000 8.860000 0.900000
v 0.113137 8.813137 0.000000
v 0.113137 8.813137 0.900000
v 0.160000 8.700000 0.000000
v 0.160000 8.700000 0.900000
v 0.113137 8.586863 0.000000
v 0.113137 8.586863 0.900000
vn -0.0000 -0.7764 -0.6303
vn -0.0000 -0.7764 0.6303
vn -0.5490 -0.5490 -0.6303
vn -0.5490 -0.5490 0.6303
vn -0.7764 -0.0000 -0.6303
vn -0.7764 -0.0000 0.6303
vn -0.5490 0.5490 -0.6303
vn -0.5490 0.5490 0.6303
vn -0.0000 0.7764 -0.6303
vn -0.0000 0.7764 0.6303
vn 0.5490 0.5490 -0.6303
vn 0.5490 0.5490 0.6303
vn 0.7764 -0.0000 -0.6303
vn 0.7764 -0.0000 0.6303
vn 0.5490 -0.5490 -0.6303
vn 0.5490 -0.5490 0.6303
vt 1.000000 0.500000
vt 1.000000 1.000000
vt 0.875000 1.000000
vt 0.875000 0.500000
vt 0.750000 1.000000
vt 0.750000 0.500000
vt 0.625000 1.000000
vt 0.625000 0.500000
vt 0.500000 1.000000
vt 0.500000 0.500000
vt 0.375000 1.000000
vt 0.375000 0.500000
vt 0.250000 1.000000
vt 0.250000 0.500000
vt 0.419706 0.419706
vt 0.250000 0.490000
vt 0.080294 0.419706
vt 0.010000 0.250000
vt 0.080294 0.080294
vt 0.250000 0.010000
vt 0.419706 0.080294
vt 0.490000 0.250000
vt 0.125000 1.000000
vt 0.125000 0.500000
vt 0.000000 1.000000
vt 0.000000 0.500000
vt 0.750000 0.490000
vt 0.919706 0.419706
vt 0.990000 0.250000
vt 0.919706 0.080294
vt 0.750000 0.010000
vt 0.580294 0.080294
vt 0.510000 0.250000
vt 0.580294 0.419706
s 1
usemtl Trunk.004
f 2589/3431/2574 2590/3432/2575 2592/3433/2577 2591/3434/2576
f 2591/3434/2576 2592/3433/2577 2594/3435/2579 2593/3436/2578
f 2593/3436/2578 2594/3435/2579 2596/3437/2581 2595/3438/2580
f 2595/3438/2580 2596/3437/2581 2598/3439/2583 2597/3440/2582
f 2597/3440/2582 2598/3439/2583 2600/3441/2585 2599/3442/2584
f 2599/3442/2584 2600/3441/2585 2602/3443/2587 2601/3444/2586
f 2592/3445/2577 2590/3446/2575 2604/3447/2589 2602/3448/2587 2600/3449/2585 2598/3450/2583 2596/3451/2581 2594/3452/2579
f 2601/3444/2586 2602/3443/2587 2604/3453/2589 2603/3454/2588
f 2603/3454/2588 2604/3453/2589 2590/3455/2575 2589/3456/2574
f 2589/3457/2574 2591/3458/2576 2593/3459/2578 2595/3460/2580 2597/3461/2582 2599/3462/2584 2601/3463/2586 2603/3464/2588
o Cone.020
v 0.000000 7.700000 0.650000
v -0.642788 7.933955 0.650000
v -0.984808 8.526352 0.650000
v -0.866025 9.200000 0.650000
v -0.342020 9.639692 0.650000
v 0.342020 9.639692 0.650000
v 0.866025 9.200000 0.650000
v 0.984808 8.526352 0.650000
v 0.642788 7.933955 0.650000
v 0.000000 8.700000 1.650000
vn -0.0000 -0.9453 -0.3261
vn -0.6077 -0.7242 -0.3261
vn -0.9310 -0.1642 -0.3261
vn -0.8187 0.4727 -0.3261
vn -0.3233 0.8883 -0.3261
vn 0.3233 0.8883 -0.3261
vn 0.8187 0.4727 -0.3261
vn 0.9310 -0.1642 -0.3261
vn 0.6077 -0.7242 -0.3261
vn -0.0000 -0.0000 1.0000
vt 0.250000 0.490000
vt 0.250000 0.250000
vt 0.404269 0.433851
vt 0.486354 0.291676
vt 0.457846 0.130000
vt 0.332085 0.024474
vt 0.167915 0.024474
vt 0.042154 0.130000
vt 0.013646 0.291676
vt 0.750000 0.490000
vt 0.904269 0.433851
vt 0.986354 0.291676
vt 0.957846 0.130000
vt 0.832085 0.024474
vt 0.667915 0.024474
vt 0.542154 0.130000
vt 0.513646 0.291676
vt 0.595731 0.433851
vt 0.095731 0.433851
s 1
usemtl Leaf.012
f 2605/3465/2590 2614/3466/2599 2606/3467/2591
f 2606/3467/2591 2614/3466/2599 2607/3468/2592
f 2607/3468/2592 2614/3466/2599 2608/3469/2593
f 2608/3469/2593 2614/3466/2599 2609/3470/2594
f 2609/3470/2594 2614/3466/2599 2610/3471/2595
f 2610/3471/2595 2614/3466/2599 2611/3472/2596
f 2611/3472/2596 2614/3466/2599 2612/3473/2597
f 2605/3474/2590 2606/3475/2591 2607/3476/2592 2608/3477/2593 2609/3478/2594 2610/3479/2595 2611/3480/2596 2612/3481/2597 2613/3482/2598
f 2612/3473/2597 2614/3466/2599 2613/3483/2598
f 2613/3483/2598 2614/3466/2599 2605/3465/2590
o Cone.021
v 0.000000 7.920000 1.250000
v -0.501374 8.102486 1.250000
v -0.768150 8.564554 1.250000
v -0.675500 9.090000 1.250000
v -0.266776 9.432961 1.250000
v 0.266776 9.432961 1.250000
v 0.675500 9.090000 1.250000
v 0.768150 8.564554 1.250000
v 0.501374 8.102486 1.250000
v 0.000000 8.700000 2.250000
vn -0.0000 -0.9265 -0.3764
vn -0.5955 -0.7097 -0.3764
vn -0.9124 -0.1609 -0.3764
vn -0.8023 0.4632 -0.3764
vn -0.3169 0.8706 -0.3764
vn 0.3169 0.8706 -0.3764
vn 0.8023 0.4632 -0.3764
vn 0.9124 -0.1609 -0.3764
vn 0.5955 -0.7097 -0.3764
vn -0.0000 -0.0000 1.0000
vt 0.250000 0.490000
vt 0.250000 0.250000
vt 0.404269 0.433851
vt 0.486354 0.291676
vt 0.457846 0.130000
vt 0.332085 0.024474
vt 0.167915 0.024474
vt 0.042154 0.130000
vt 0.013646 0.291676
vt 0.750000 0.490000
vt 0.904269 0.433851
vt 0.986354 0.291676
vt 0.957846 0.130000
vt 0.832085 0.024474
vt 0.667915 0.024474
vt 0.542154 0.130000
vt 0.513646 0.291676
vt 0.595731 0.433851
vt 0.095731 0.433851
s 1
usemtl Leaf.013
f 2615/3484/2600 2624/3485/2609 2616/3486/2601
f 2616/3486/2601 2624/3485/2609 2617/3487/2602
f 2617/3487/2602 2624/3485/2609 2618/3488/2603
f 2618/3488/2603 2624/3485/2609 2619/3489/2604
f 2619/3489/2604 2624/3485/2609 2620/3490/2605
f 2620/3490/2605 2624/3485/2609 2621/3491/2606
f 2621/3491/2606 2624/3485/2609 2622/3492/2607
f 2615/3493/2600 2616/3494/2601 2617/3495/2602 2618/3496/2603 2619/3497/2604 2620/3498/2605 2621/3499/2606 2622/3500/2607 2623/3501/2608
f 2622/3492/2607 2624/3485/2609 2623/3502/2608
f 2623/3502/2608 2624/3485/2609 2615/3484/2600
o Cone.022
v 0.000000 8.200000 1.800000
v -0.321394 8.316978 1.800000
v -0.492404 8.613175 1.800000
v -0.433013 8.950000 1.800000
v -0.171010 9.169847 1.800000
v 0.171010 9.169847 1.800000
v 0.433013 8.950000 1.800000
v 0.492404 8.613175 1.800000
v 0.321394 8.316978 1.800000
v 0.000000 8.700000 2.800000
vn -0.0000 -0.8896 -0.4568
vn -0.5718 -0.6814 -0.4568
vn -0.8760 -0.1545 -0.4568
vn -0.7704 0.4448 -0.4568
vn -0.3042 0.8359 -0.4568
vn 0.3042 0.8359 -0.4568
vn 0.7704 0.4448 -0.4568
vn 0.8760 -0.1545 -0.4568
vn 0.5718 -0.6814 -0.4568
vn -0.0000 -0.0000 1.0000
vt 0.250000 0.490000
vt 0.250000 0.250000
vt 0.404269 0.433851
vt 0.486354 0.291676
vt 0.457846 0.130000
vt 0.332085 0.024474
vt 0.167915 0.024474
vt 0.042154 0.130000
vt 0.013646 0.291676
vt 0.750000 0.490000
vt 0.904269 0.433851
vt 0.986354 0.291676
vt 0.957846 0.130000
vt 0.832085 0.024474
vt 0.667915 0.024474
vt 0.542154 0.130000
vt 0.513646 0.291676
vt 0.595731 0.433851
vt 0.095731 0.433851
s 1
usemtl Leaf.014
f 2625/3503/2610 2634/3504/2619 2626/3505/2611
f 2626/3505/2611 2634/3504/2619 2627/3506/2612
f 2627/3506/2612 2634/3504/2619 2628/3507/2613
f 2628/3507/2613 2634/3504/2619 2629/3508/2614
f 2629/3508/2614 2634/3504/2619 2630/3509/2615
f 2630/3509/2615 2634/3504/2619 2631/3510/2616
f 2631/3510/2616 2634/3504/2619 2632/3511/2617
f 2625/3512/2610 2626/3513/2611 2627/3514/2612 2628/3515/2613 2629/3516/2614 2630/3517/2615 2631/3518/2616 2632/3519/2617 2633/3520/2618
f 2632/3511/2617 2634/3504/2619 2633/3521/2618
f 2633/3521/2618 2634/3504/2619 2625/3503/2610
o Cylinder.014
v -7.000000 8.247999 0.000000
v -7.000000 8.247999 0.855000
v -7.107480 8.292520 0.000000
v -7.107480 8.292520 0.855000
v -7.152000 8.400000 0.000000
v -7.152000 8.400000 0.855000
v -7.107480 8.507480 0.000000
v -7.107480 8.507480 0.855000
v -7.000000 8.552000 0.000000
v -7.000000 8.552000 0.855000
v -6.892520 8.507480 0.000000
v -6.892520 8.507480 0.855000
v -6.848000 8.400000 0.000000
v -6.848000 8.400000 0.855000
v -6.892520 8.292520 0.000000
v -6.892520 8.292520 0.855000
vn -0.0000 -0.7764 -0.6303
vn -0.0000 -0.7764 0.6303
vn -0.5490 -0.5490 -0.6303
vn -0.5490 -0.5490 0.6303
vn -0.7764 -0.0000 -0.6303
vn -0.7764 -0.0000 0.6303
vn -0.5490 0.5490 -0.6303
vn -0.5490 0.5490 0.6303
vn -0.0000 0.7764 -0.6303
vn -0.0000 0.7764 0.6303
vn 0.5490 0.5490 -0.6303
vn 0.5490 0.5490 0.6303
vn 0.7764 -0.0000 -0.6303
vn 0.7764 -0.0000 0.6303
vn 0.5490 -0.5490 -0.6303
vn 0.5490 -0.5490 0.6303
vt 1.000000 0.500000
vt 1.000000 1.000000
vt 0.875000 1.000000
vt 0.875000 0.500000
vt 0.750000 1.000000
vt 0.750000 0.500000
vt 0.625000 1.000000
vt 0.625000 0.500000
vt 0.500000 1.000000
vt 0.500000 0.500000
vt 0.375000 1.000000
vt 0.375000 0.500000
vt 0.250000 1.000000
vt 0.250000 0.500000
vt 0.419706 0.419706
vt 0.250000 0.490000
vt 0.080294 0.419706
vt 0.010000 0.250000
vt 0.080294 0.080294
vt 0.250000 0.010000
vt 0.419706 0.080294
vt 0.490000 0.250000
vt 0.125000 1.000000
vt 0.125000 0.500000
vt 0.000000 1.000000
vt 0.000000 0.500000
vt 0.750000 0.490000
vt 0.919706 0.419706
vt 0.990000 0.250000
vt 0.919706 0.080294
vt 0.750000 0.010000
vt 0.580294 0.080294
vt 0.510000 0.250000
vt 0.580294 0.419706
s 1
usemtl Trunk.005
f 2635/3522/2620 2636/3523/2621 2638/3524/2623 2637/3525/2622
f 2637/3525/2622 2638/3524/2623 2640/3526/2625 2639/3527/2624
f 2639/3527/2624 2640/3526/2625 2642/3528/2627 2641/3529/2626
f 2641/3529/2626 2642/3528/2627 2644/3530/2629 2643/3531/2628
f 2643/3531/2628 2644/3530/2629 2646/3532/2631 2645/3533/2630
f 2645/3533/2630 2646/3532/2631 2648/3534/2633 2647/3535/2632
f 2638/3536/2623 2636/3537/2621 2650/3538/2635 2648/3539/2633 2646/3540/2631 2644/3541/2629 2642/3542/2627 2640/3543/2625
f 2647/3535/2632 2648/3534/2633 2650/3544/2635 2649/3545/2634
f 2649/3545/2634 2650/3544/2635 2636/3546/2621 2635/3547/2620
f 2635/3548/2620 2637/3549/2622 2639/3550/2624 2641/3551/2626 2643/3552/2628 2645/3553/2630 2647/3554/2632 2649/3555/2634
o Cone.023
v -7.000000 7.450000 0.617500
v -7.610648 7.672257 0.617500
v -7.935567 8.235034 0.617500
v -7.822724 8.875000 0.617500
v -7.324919 9.292707 0.617500
v -6.675081 9.292707 0.617500
v -6.177276 8.875000 0.617500
v -6.064433 8.235034 0.617500
v -6.389352 7.672257 0.617500
v -7.000000 8.400000 1.567500
vn -0.0000 -0.9453 -0.3261
vn -0.6077 -0.7242 -0.3261
vn -0.9310 -0.1642 -0.3261
vn -0.8187 0.4727 -0.3261
vn -0.3233 0.8883 -0.3261
vn 0.3233 0.8883 -0.3261
vn 0.8187 0.4727 -0.3261
vn 0.9310 -0.1642 -0.3261
vn 0.6077 -0.7242 -0.3261
vn -0.0000 -0.0000 1.0000
vt 0.250000 0.490000
vt 0.250000 0.250000
vt 0.404269 0.433851
vt 0.486354 0.291676
vt 0.457846 0.130000
vt 0.332085 0.024474
vt 0.167915 0.024474
vt 0.042154 0.130000
vt 0.013646 0.291676
vt 0.750000 0.490000
vt 0.904269 0.433851
vt 0.986354 0.291676
vt 0.957846 0.130000
vt 0.832085 0.024474
vt 0.667915 0.024474
vt 0.542154 0.130000
vt 0.513646 0.291676
vt 0.595731 0.433851
vt 0.095731 0.433851
s 1
usemtl Leaf.015
f 2651/3556/2636 2660/3557/2645 2652/3558/2637
f 2652/3558/2637 2660/3557/2645 2653/3559/2638
f 2653/3559/2638 2660/3557/2645 2654/3560/2639
f 2654/3560/2639 2660/3557/2645 2655/3561/2640
f 2655/3561/2640 2660/3557/2645 2656/3562/2641
f 2656/3562/2641 2660/3557/2645 2657/3563/2642
f 2657/3563/2642 2660/3557/2645 2658/3564/2643
f 2651/3565/2636 2652/3566/2637 2653/3567/2638 2654/3568/2639 2655/3569/2640 2656/3570/2641 2657/3571/2642 2658/3572/2643 2659/3573/2644
f 2658/3564/2643 2660/3557/2645 2659/3574/2644
f 2659/3574/2644 2660/3557/2645 2651/3556/2636
o Cone.024
v -7.000000 7.658999 1.187500
v -7.476305 7.832361 1.187500
v -7.729743 8.271326 1.187500
v -7.641725 8.770499 1.187500
v -7.253437 9.096312 1.187500
v -6.746563 9.096312 1.187500
v -6.358275 8.770499 1.187500
v -6.270257 8.271326 1.187500
v -6.523695 7.832361 1.187500
v -7.000000 8.400000 2.137500
vn -0.0000 -0.9265 -0.3764
vn -0.5955 -0.7097 -0.3764
vn -0.9124 -0.1609 -0.3764
vn -0.8023 0.4632 -0.3764
vn -0.3169 0.8706 -0.3764
vn 0.3169 0.8706 -0.3764
vn 0.8023 0.4632 -0.3764
vn 0.9124 -0.1609 -0.3764
vn 0.5955 -0.7097 -0.3764
vn -0.0000 -0.0000 1.0000
vt 0.250000 0.490000
vt 0.250000 0.250000
vt 0.404269 0.433851
vt 0.486354 0.291676
vt 0.457846 0.130000
vt 0.332085 0.024474
vt 0.167915 0.024474
vt 0.042154 0.130000
vt 0.013646 0.291676
vt 0.750000 0.490000
vt 0.904269 0.433851
vt 0.986354 0.291676
vt 0.957846 0.130000
vt 0.832085 0.024474
vt 0.667915 0.024474
vt 0.542154 0.130000
vt 0.513646 0.291676
vt 0.595731 0.433851
vt 0.095731 0.433851
s 1
usemtl Leaf.016
f 2661/3575/2646 2670/3576/2655 2662/3577/2647
f 2662/3577/2647 2670/3576/2655 2663/3578/2648
f 2663/3578/2648 2670/3576/2655 2664/3579/2649
f 2664/3579/2649 2670/3576/2655 2665/3580/2650
f 2665/3580/2650 2670/3576/2655 2666/3581/2651
f 2666/3581/2651 2670/3576/2655 2667/3582/2652
f 2667/3582/2652 2670/3576/2655 2668/3583/2653
f 2661/3584/2646 2662/3585/2647 2663/3586/2648 2664/3587/2649 2665/3588/2650 2666/3589/2651 2667/3590/2652 2668/3591/2653 2669/3592/2654
f 2668/3583/2653 2670/3576/2655 2669/3593/2654
f 2669/3593/2654 2670/3576/2655 2661/3575/2646
o Cone.025
v -7.000000 7.925000 1.710000
v -7.305324 8.036129 1.710000
v -7.467783 8.317516 1.710000
v -7.411362 8.637500 1.710000
v -7.162459 8.846354 1.710000
v -6.837541 8.846354 1.710000
v -6.588638 8.637500 1.710000
v -6.532217 8.317516 1.710000
v -6.694676 8.036129 1.710000
v -7.000000 8.400000 2.660000
vn -0.0000 -0.8896 -0.4568
vn -0.5718 -0.6814 -0.4568
vn -0.8760 -0.1545 -0.4568
vn -0.7704 0.4448 -0.4568
vn -0.3042 0.8359 -0.4568
vn 0.3042 0.8359 -0.4568
vn 0.7704 0.4448 -0.4568
vn 0.8760 -0.1545 -0.4568
vn 0.5718 -0.6814 -0.4568
vn -0.0000 -0.0000 1.0000
vt 0.250000 0.490000
vt 0.250000 0.250000
vt 0.404269 0.433851
vt 0.486354 0.291676
vt 0.457846 0.130000
vt 0.332085 0.024474
vt 0.167915 0.024474
vt 0.042154 0.130000
vt 0.013646 0.291676
vt 0.750000 0.490000
vt 0.904269 0.433851
vt 0.986354 0.291676
vt 0.957846 0.130000
vt 0.832085 0.024474
vt 0.667915 0.024474
vt 0.542154 0.130000
vt 0.513646 0.291676
vt 0.595731 0.433851
vt 0.095731 0.433851
s 1
usemtl Leaf.017
f 2671/3594/2656 2680/3595/2665 2672/3596/2657
f 2672/3596/2657 2680/3595/2665 2673/3597/2658
f 2673/3597/2658 2680/3595/2665 2674/3598/2659
f 2674/3598/2659 2680/3595/2665 2675/3599/2660
f 2675/3599/2660 2680/3595/2665 2676/3600/2661
f 2676/3600/2661 2680/3595/2665 2677/3601/2662
f 2677/3601/2662 2680/3595/2665 2678/3602/2663
f 2671/3603/2656 2672/3604/2657 2673/3605/2658 2674/3606/2659 2675/3607/2660 2676/3608/2661 2677/3609/2662 2678/3610/2663 2679/3611/2664
f 2678/3602/2663 2680/3595/2665 2679/3612/2664
f 2679/3612/2664 2680/3595/2665 2671/3594/2656
o Cylinder.015
v -12.500000 6.324000 0.000000
v -12.500000 6.324000 0.990000
v -12.624451 6.375549 0.000000
v -12.624451 6.375549 0.990000
v -12.676000 6.500000 0.000000
v -12.676000 6.500000 0.990000
v -12.624451 6.624451 0.000000
v -12.624451 6.624451 0.990000
v -12.500000 6.676000 0.000000
v -12.500000 6.676000 0.990000
v -12.375549 6.624451 0.000000
v -12.375549 6.624451 0.990000
v -12.324000 6.500000 0.000000
v -12.324000 6.500000 0.990000
v -12.375549 6.375549 0.000000
v -12.375549 6.375549 0.990000
vn -0.0000 -0.7764 -0.6303
vn -0.0000 -0.7764 0.6303
vn -0.5490 -0.5490 -0.6303
vn -0.5490 -0.5490 0.6303
vn -0.7764 -0.0000 -0.6303
vn -0.7764 -0.0000 0.6303
vn -0.5490 0.5490 -0.6303
vn -0.5490 0.5490 0.6303
vn -0.0000 0.7764 -0.6303
vn -0.0000 0.7764 0.6303
vn 0.5490 0.5490 -0.6303
vn 0.5490 0.5490 0.6303
vn 0.7764 -0.0000 -0.6303
vn 0.7764 -0.0000 0.6303
vn 0.5490 -0.5490 -0.6303
vn 0.5490 -0.5490 0.6303
vt 1.000000 0.500000
vt 1.000000 1.000000
vt 0.875000 1.000000
vt 0.875000 0.500000
vt 0.750000 1.000000
vt 0.750000 0.500000
vt 0.625000 1.000000
vt 0.625000 0.500000
vt 0.500000 1.000000
vt 0.500000 0.500000
vt 0.375000 1.000000
vt 0.375000 0.500000
vt 0.250000 1.000000
vt 0.250000 0.500000
vt 0.419706 0.419706
vt 0.250000 0.490000
vt 0.080294 0.419706
vt 0.010000 0.250000
vt 0.080294 0.080294
vt 0.250000 0.010000
vt 0.419706 0.080294
vt 0.490000 0.250000
vt 0.125000 1.000000
vt 0.125000 0.500000
vt 0.000000 1.000000
vt 0.000000 0.500000
vt 0.750000 0.490000
vt 0.919706 0.419706
vt 0.990000 0.250000
vt 0.919706 0.080294
vt 0.750000 0.010000
vt 0.580294 0.080294
vt 0.510000 0.250000
vt 0.580294 0.419706
s 1
usemtl Trunk.006
f 2681/3613/2666 2682/3614/2667 2684/3615/2669 2683/3616/2668
f 2683/3616/2668 2684/3615/2669 2686/3617/2671 2685/3618/2670
f 2685/3618/2670 2686/3617/2671 2688/3619/2673 2687/3620/2672
f 2687/3620/2672 2688/3619/2673 2690/3621/2675 2689/3622/2674
f 2689/3622/2674 2690/3621/2675 2692/3623/2677 2691/3624/2676
f 2691/3624/2676 2692/3623/2677 2694/3625/2679 2693/3626/2678
f 2684/3627/2669 2682/3628/2667 2696/3629/2681 2694/3630/2679 2692/3631/2677 2690/3632/2675 2688/3633/2673 2686/3634/2671
f 2693/3626/2678 2694/3625/2679 2696/3635/2681 2695/3636/2680
f 2695/3636/2680 2696/3635/2681 2682/3637/2667 2681/3638/2666
f 2681/3639/2666 2683/3640/2668 2685/3641/2670 2687/3642/2672 2689/3643/2674 2691/3644/2676 2693/3645/2678 2695/3646/2680
o Cone.026
v -12.500000 5.400000 0.715000
v -13.207067 5.657351 0.715000
v -13.583288 6.308987 0.715000
v -13.452628 7.050000 0.715000
v -12.876223 7.533662 0.715000
v -12.123777 7.533662 0.715000
v -11.547372 7.050000 0.715000
v -11.416712 6.308987 0.715000
v -11.792933 5.657351 0.715000
v -12.500000 6.500000 1.815000
vn -0.0000 -0.9453 -0.3261
vn -0.6077 -0.7242 -0.3261
vn -0.9310 -0.1642 -0.3261
vn -0.8187 0.4727 -0.3261
vn -0.3233 0.8883 -0.3261
vn 0.3233 0.8883 -0.3261
vn 0.8187 0.4727 -0.3261
vn 0.9310 -0.1642 -0.3261
vn 0.6077 -0.7242 -0.3261
vn -0.0000 -0.0000 1.0000
vt 0.250000 0.490000
vt 0.250000 0.250000
vt 0.404269 0.433851
vt 0.486354 0.291676
vt 0.457846 0.130000
vt 0.332085 0.024474
vt 0.167915 0.024474
vt 0.042154 0.130000
vt 0.013646 0.291676
vt 0.750000 0.490000
vt 0.904269 0.433851
vt 0.986354 0.291676
vt 0.957846 0.130000
vt 0.832085 0.024474
vt 0.667915 0.024474
vt 0.542154 0.130000
vt 0.513646 0.291676
vt 0.595731 0.433851
vt 0.095731 0.433851
s 1
usemtl Leaf.018
f 2697/3647/2682 2706/3648/2691 2698/3649/2683
f 2698/3649/2683 2706/3648/2691 2699/3650/2684
f 2699/3650/2684 2706/3648/2691 2700/3651/2685
f 2700/3651/2685 2706/3648/2691 2701/3652/2686
f 2701/3652/2686 2706/3648/2691 2702/3653/2687
f 2702/3653/2687 2706/3648/2691 2703/3654/2688
f 2703/3654/2688 2706/3648/2691 2704/3655/2689
f 2697/3656/2682 2698/3657/2683 2699/3658/2684 2700/3659/2685 2701/3660/2686 2702/3661/2687 2703/3662/2688 2704/3663/2689 2705/3664/2690
f 2704/3655/2689 2706/3648/2691 2705/3665/2690
f 2705/3665/2690 2706/3648/2691 2697/3647/2682
o Cone.027
v -12.500000 5.642000 1.375000
v -13.051512 5.842734 1.375000
v -13.344965 6.351010 1.375000
v -13.243050 6.929000 1.375000
v -12.793453 7.306256 1.375000
v -12.206547 7.306256 1.375000
v -11.756950 6.929000 1.375000
v -11.655035 6.351010 1.375000
v -11.948488 5.842734 1.375000
v -12.500000 6.500000 2.475000
vn -0.0000 -0.9265 -0.3764
vn -0.5955 -0.7097 -0.3764
vn -0.9124 -0.1609 -0.3764
vn -0.8023 0.4632 -0.3764
vn -0.3169 0.8706 -0.3764
vn 0.3169 0.8706 -0.3764
vn 0.8023 0.4632 -0.3764
vn 0.9124 -0.1609 -0.3764
vn 0.5955 -0.7097 -0.3764
vn -0.0000 -0.0000 1.0000
vt 0.250000 0.490000
vt 0.250000 0.250000
vt 0.404269 0.433851
vt 0.486354 0.291676
vt 0.457846 0.130000
vt 0.332085 0.024474
vt 0.167915 0.024474
vt 0.042154 0.130000
vt 0.013646 0.291676
vt 0.750000 0.490000
vt 0.904269 0.433851
vt 0.986354 0.291676
vt 0.957846 0.130000
vt 0.832085 0.024474
vt 0.667915 0.024474
vt 0.542154 0.130000
vt 0.513646 0.291676
vt 0.595731 0.433851
vt 0.095731 0.433851
s 1
usemtl Leaf.019
f 2707/3666/2692 2716/3667/2701 2708/3668/2693
f 2708/3668/2693 2716/3667/2701 2709/3669/2694
f 2709/3669/2694 2716/3667/2701 2710/3670/2695
f 2710/3670/2695 2716/3667/2701 2711/3671/2696
f 2711/3671/2696 2716/3667/2701 2712/3672/2697
f 2712/3672/2697 2716/3667/2701 2713/3673/2698
f 2713/3673/2698 2716/3667/2701 2714/3674/2699
f 2707/3675/2692 2708/3676/2693 2709/3677/2694 2710/3678/2695 2711/3679/2696 2712/3680/2697 2713/3681/2698 2714/3682/2699 2715/3683/2700
f 2714/3674/2699 2716/3667/2701 2715/3684/2700
f 2715/3684/2700 2716/3667/2701 2707/3666/2692
o Cone.028
v -12.500000 5.950000 1.980000
v -12.853533 6.078676 1.980000
v -13.041644 6.404493 1.980000
v -12.976314 6.775000 1.980000
v -12.688111 7.016831 1.980000
v -12.311889 7.016831 1.980000
v -12.023686 6.775000 1.980000
v -11.958356 6.404493 1.980000
v -12.146467 6.078676 1.980000
v -12.500000 6.500000 3.080000
vn -0.0000 -0.8896 -0.4568
vn -0.5718 -0.6814 -0.4568
vn -0.8760 -0.1545 -0.4568
vn -0.7704 0.4448 -0.4568
vn -0.3042 0.8359 -0.4568
vn 0.3042 0.8359 -0.4568
vn 0.7704 0.4448 -0.4568
vn 0.8760 -0.1545 -0.4568
vn 0.5718 -0.6814 -0.4568
vn -0.0000 -0.0000 1.0000
vt 0.250000 0.490000
vt 0.250000 0.250000
vt 0.404269 0.433851
vt 0.486354 0.291676
vt 0.457846 0.130000
vt 0.332085 0.024474
vt 0.167915 0.024474
vt 0.042154 0.130000
vt 0.013646 0.291676
vt 0.750000 0.490000
vt 0.904269 0.433851
vt 0.986354 0.291676
vt 0.957846 0.130000
vt 0.832085 0.024474
vt 0.667915 0.024474
vt 0.542154 0.130000
vt 0.513646 0.291676
vt 0.595731 0.433851
vt 0.095731 0.433851
s 1
usemtl Leaf.020
f 2717/3685/2702 2726/3686/2711 2718/3687/2703
f 2718/3687/2703 2726/3686/2711 2719/3688/2704
f 2719/3688/2704 2726/3686/2711 2720/3689/2705
f 2720/3689/2705 2726/3686/2711 2721/3690/2706
f 2721/3690/2706 2726/3686/2711 2722/3691/2707
f 2722/3691/2707 2726/3686/2711 2723/3692/2708
f 2723/3692/2708 2726/3686/2711 2724/3693/2709
f 2717/3694/2702 2718/3695/2703 2719/3696/2704 2720/3697/2705 2721/3698/2706 2722/3699/2707 2723/3700/2708 2724/3701/2709 2725/3702/2710
f 2724/3693/2709 2726/3686/2711 2725/3703/2710
f 2725/3703/2710 2726/3686/2711 2717/3685/2702
o Cylinder.016
v -13.000000 -3.660000 0.000000
v -13.000000 -3.660000 0.900000
v -13.113137 -3.613137 0.000000
v -13.113137 -3.613137 0.900000
v -13.160000 -3.500000 0.000000
v -13.160000 -3.500000 0.900000
v -13.113137 -3.386863 0.000000
v -13.113137 -3.386863 0.900000
v -13.000000 -3.340000 0.000000
v -13.000000 -3.340000 0.900000
v -12.886863 -3.386863 0.000000
v -12.886863 -3.386863 0.900000
v -12.840000 -3.500000 0.000000
v -12.840000 -3.500000 0.900000
v -12.886863 -3.613137 0.000000
v -12.886863 -3.613137 0.900000
vn -0.0000 -0.7764 -0.6303
vn -0.0000 -0.7764 0.6303
vn -0.5490 -0.5490 -0.6303
vn -0.5490 -0.5490 0.6303
vn -0.7764 -0.0000 -0.6303
vn -0.7764 -0.0000 0.6303
vn -0.5490 0.5490 -0.6303
vn -0.5490 0.5490 0.6303
vn -0.0000 0.7764 -0.6303
vn -0.0000 0.7764 0.6303
vn 0.5490 0.5490 -0.6303
vn 0.5490 0.5490 0.6303
vn 0.7764 -0.0000 -0.6303
vn 0.7764 -0.0000 0.6303
vn 0.5490 -0.5490 -0.6303
vn 0.5490 -0.5490 0.6303
vt 1.000000 0.500000
vt 1.000000 1.000000
vt 0.875000 1.000000
vt 0.875000 0.500000
vt 0.750000 1.000000
vt 0.750000 0.500000
vt 0.625000 1.000000
vt 0.625000 0.500000
vt 0.500000 1.000000
vt 0.500000 0.500000
vt 0.375000 1.000000
vt 0.375000 0.500000
vt 0.250000 1.000000
vt 0.250000 0.500000
vt 0.419706 0.419706
vt 0.250000 0.490000
vt 0.080294 0.419706
vt 0.010000 0.250000
vt 0.080294 0.080294
vt 0.250000 0.010000
vt 0.419706 0.080294
vt 0.490000 0.250000
vt 0.125000 1.000000
vt 0.125000 0.500000
vt 0.000000 1.000000
vt 0.000000 0.500000
vt 0.750000 0.490000
vt 0.919706 0.419706
vt 0.990000 0.250000
vt 0.919706 0.080294
vt 0.750000 0.010000
vt 0.580294 0.080294
vt 0.510000 0.250000
vt 0.580294 0.419706
s 1
usemtl Trunk.007
f 2727/3704/2712 2728/3705/2713 2730/3706/2715 2729/3707/2714
f 2729/3707/2714 2730/3706/2715 2732/3708/2717 2731/3709/2716
f 2731/3709/2716 2732/3708/2717 2734/3710/2719 2733/3711/2718
f 2733/3711/2718 2734/3710/2719 2736/3712/2721 2735/3713/2720
f 2735/3713/2720 2736/3712/2721 2738/3714/2723 2737/3715/2722
f 2737/3715/2722 2738/3714/2723 2740/3716/2725 2739/3717/2724
f 2730/3718/2715 2728/3719/2713 2742/3720/2727 2740/3721/2725 2738/3722/2723 2736/3723/2721 2734/3724/2719 2732/3725/2717
f 2739/3717/2724 2740/3716/2725 2742/3726/2727 2741/3727/2726
f 2741/3727/2726 2742/3726/2727 2728/3728/2713 2727/3729/2712
f 2727/3730/2712 2729/3731/2714 2731/3732/2716 2733/3733/2718 2735/3734/2720 2737/3735/2722 2739/3736/2724 2741/3737/2726
o Cone.029
v -13.000000 -4.500000 0.650000
v -13.642788 -4.266045 0.650000
v -13.984808 -3.673648 0.650000
v -13.866025 -3.000000 0.650000
v -13.342020 -2.560308 0.650000
v -12.657980 -2.560308 0.650000
v -12.133975 -3.000000 0.650000
v -12.015192 -3.673648 0.650000
v -12.357212 -4.266045 0.650000
v -13.000000 -3.500000 1.650000
vn -0.0000 -0.9453 -0.3261
vn -0.6077 -0.7242 -0.3261
vn -0.9310 -0.1642 -0.3261
vn -0.8187 0.4727 -0.3261
vn -0.3233 0.8883 -0.3261
vn 0.3233 0.8883 -0.3261
vn 0.8187 0.4727 -0.3261
vn 0.9310 -0.1642 -0.3261
vn 0.6077 -0.7242 -0.3261
vn -0.0000 -0.0000 1.0000
vt 0.250000 0.490000
vt 0.250000 0.250000
vt 0.404269 0.433851
vt 0.486354 0.291676
vt 0.457846 0.130000
vt 0.332085 0.024474
vt 0.167915 0.024474
vt 0.042154 0.130000
vt 0.013646 0.291676
vt 0.750000 0.490000
vt 0.904269 0.433851
vt 0.986354 0.291676
vt 0.957846 0.130000
vt 0.832085 0.024474
vt 0.667915 0.024474
vt 0.542154 0.130000
vt 0.513646 0.291676
vt 0.595731 0.433851
vt 0.095731 0.433851
s 1
usemtl Leaf.021
f 2743/3738/2728 2752/3739/2737 2744/3740/2729
f 2744/3740/2729 2752/3739/2737 2745/3741/2730
f 2745/3741/2730 2752/3739/2737 2746/3742/2731
f 2746/3742/2731 2752/3739/2737 2747/3743/2732
f 2747/3743/2732 2752/3739/2737 2748/3744/2733
f 2748/3744/2733 2752/3739/2737 2749/3745/2734
f 2749/3745/2734 2752/3739/2737 2750/3746/2735
f 2743/3747/2728 2744/3748/2729 2745/3749/2730 2746/3750/2731 2747/3751/2732 2748/3752/2733 2749/3753/2734 2750/3754/2735 2751/3755/2736
f 2750/3746/2735 2752/3739/2737 2751/3756/2736
f 2751/3756/2736 2752/3739/2737 2743/3738/2728
o Cone.030
v -13.000000 -4.280000 1.250000
v -13.501374 -4.097515 1.250000
v -13.768150 -3.635446 1.250000
v -13.675500 -3.110000 1.250000
v -13.266776 -2.767040 1.250000
v -12.733224 -2.767040 1.250000
v -12.324500 -3.110000 1.250000
v -12.231850 -3.635446 1.250000
v -12.498626 -4.097515 1.250000
v -13.000000 -3.500000 2.250000
vn -0.0000 -0.9265 -0.3764
vn -0.5955 -0.7097 -0.3764
vn -0.9124 -0.1609 -0.3764
vn -0.8023 0.4632 -0.3764
vn -0.3169 0.8706 -0.3764
vn 0.3169 0.8706 -0.3764
vn 0.8023 0.4632 -0.3764
vn 0.9124 -0.1609 -0.3764
vn 0.5955 -0.7097 -0.3764
vn -0.0000 -0.0000 1.0000
vt 0.250000 0.490000
vt 0.250000 0.250000
vt 0.404269 0.433851
vt 0.486354 0.291676
vt 0.457846 0.130000
vt 0.332085 0.024474
vt 0.167915 0.024474
vt 0.042154 0.130000
vt 0.013646 0.291676
vt 0.750000 0.490000
vt 0.904269 0.433851
vt 0.986354 0.291676
vt 0.957846 0.130000
vt 0.832085 0.024474
vt 0.667915 0.024474
vt 0.542154 0.130000
vt 0.513646 0.291676
vt 0.595731 0.433851
vt 0.095731 0.433851
s 1
usemtl Leaf.022
f 2753/3757/2738 2762/3758/2747 2754/3759/2739
f 2754/3759/2739 2762/3758/2747 2755/3760/2740
f 2755/3760/2740 2762/3758/2747 2756/3761/2741
f 2756/3761/2741 2762/3758/2747 2757/3762/2742
f 2757/3762/2742 2762/3758/2747 2758/3763/2743
f 2758/3763/2743 2762/3758/2747 2759/3764/2744
f 2759/3764/2744 2762/3758/2747 2760/3765/2745
f 2753/3766/2738 2754/3767/2739 2755/3768/2740 2756/3769/2741 2757/3770/2742 2758/3771/2743 2759/3772/2744 2760/3773/2745 2761/3774/2746
f 2760/3765/2745 2762/3758/2747 2761/3775/2746
f 2761/3775/2746 2762/3758/2747 2753/3757/2738
o Cone.031
v -13.000000 -4.000000 1.800000
v -13.321394 -3.883022 1.800000
v -13.492404 -3.586824 1.800000
v -13.433013 -3.250000 1.800000
v -13.171010 -3.030154 1.800000
v -12.828990 -3.030154 1.800000
v -12.566987 -3.250000 1.800000
v -12.507596 -3.586824 1.800000
v -12.678606 -3.883022 1.800000
v -13.000000 -3.500000 2.800000
vn -0.0000 -0.8896 -0.4568
vn -0.5718 -0.6814 -0.4568
vn -0.8760 -0.1545 -0.4568
vn -0.7704 0.4448 -0.4568
vn -0.3042 0.8359 -0.4568
vn 0.3042 0.8359 -0.4568
vn 0.7704 0.4448 -0.4568
vn 0.8760 -0.1545 -0.4568
vn 0.5718 -0.6814 -0.4568
vn -0.0000 -0.0000 1.0000
vt 0.250000 0.490000
vt 0.250000 0.250000
vt 0.404269 0.433851
vt 0.486354 0.291676
vt 0.457846 0.130000
vt 0.332085 0.024474
vt 0.167915 0.024474
vt 0.042154 0.130000
vt 0.013646 0.291676
vt 0.750000 0.490000
vt 0.904269 0.433851
vt 0.986354 0.291676
vt 0.957846 0.130000
vt 0.832085 0.024474
vt 0.667915 0.024474
vt 0.542154 0.130000
vt 0.513646 0.291676
vt 0.595731 0.433851
vt 0.095731 0.433851
s 1
usemtl Leaf.023
f 2763/3776/2748 2772/3777/2757 2764/3778/2749
f 2764/3778/2749 2772/3777/2757 2765/3779/2750
f 2765/3779/2750 2772/3777/2757 2766/3780/2751
f 2766/3780/2751 2772/3777/2757 2767/3781/2752
f 2767/3781/2752 2772/3777/2757 2768/3782/2753
f 2768/3782/2753 2772/3777/2757 2769/3783/2754
f 2769/3783/2754 2772/3777/2757 2770/3784/2755
f 2763/3785/2748 2764/3786/2749 2765/3787/2750 2766/3788/2751 2767/3789/2752 2768/3790/2753 2769/3791/2754 2770/3792/2755 2771/3793/2756
f 2770/3784/2755 2772/3777/2757 2771/3794/2756
f 2771/3794/2756 2772/3777/2757 2763/3776/2748
o Cylinder.017
v -9.500000 -7.644000 0.000000
v -9.500000 -7.644000 0.810000
v -9.601824 -7.601823 0.000000
v -9.601824 -7.601823 0.810000
v -9.644000 -7.500000 0.000000
v -9.644000 -7.500000 0.810000
v -9.601824 -7.398177 0.000000
v -9.601824 -7.398177 0.810000
v -9.500000 -7.356000 0.000000
v -9.500000 -7.356000 0.810000
v -9.398176 -7.398177 0.000000
v -9.398176 -7.398177 0.810000
v -9.356000 -7.500000 0.000000
v -9.356000 -7.500000 0.810000
v -9.398176 -7.601823 0.000000
v -9.398176 -7.601823 0.810000
vn -0.0000 -0.7764 -0.6303
vn -0.0000 -0.7764 0.6303
vn -0.5490 -0.5490 -0.6303
vn -0.5490 -0.5490 0.6303
vn -0.7764 -0.0000 -0.6303
vn -0.7764 -0.0000 0.6303
vn -0.5490 0.5490 -0.6303
vn -0.5490 0.5490 0.6303
vn -0.0000 0.7764 -0.6303
vn -0.0000 0.7764 0.6303
vn 0.5490 0.5490 -0.6303
vn 0.5490 0.5490 0.6303
vn 0.7764 -0.0000 -0.6303
vn 0.7764 -0.0000 0.6303
vn 0.5490 -0.5490 -0.6303
vn 0.5490 -0.5490 0.6303
vt 1.000000 0.500000
vt 1.000000 1.000000
vt 0.875000 1.000000
vt 0.875000 0.500000
vt 0.750000 1.000000
vt 0.750000 0.500000
vt 0.625000 1.000000
vt 0.625000 0.500000
vt 0.500000 1.000000
vt 0.500000 0.500000
vt 0.375000 1.000000
vt 0.375000 0.500000
vt 0.250000 1.000000
vt 0.250000 0.500000
vt 0.419706 0.419706
vt 0.250000 0.490000
vt 0.080294 0.419706
vt 0.010000 0.250000
vt 0.080294 0.080294
vt 0.250000 0.010000
vt 0.419706 0.080294
vt 0.490000 0.250000
vt 0.125000 1.000000
vt 0.125000 0.500000
vt 0.000000 1.000000
vt 0.000000 0.500000
vt 0.750000 0.490000
vt 0.919706 0.419706
vt 0.990000 0.250000
vt 0.919706 0.080294
vt 0.750000 0.010000
vt 0.580294 0.080294
vt 0.510000 0.250000
vt 0.580294 0.419706
s 1
usemtl Trunk.008
f 2773/3795/2758 2774/3796/2759 2776/3797/2761 2775/3798/2760
f 2775/3798/2760 2776/3797/2761 2778/3799/2763 2777/3800/2762
f 2777/3800/2762 2778/3799/2763 2780/3801/2765 2779/3802/2764
f 2779/3802/2764 2780/3801/2765 2782/3803/2767 2781/3804/2766
f 2781/3804/2766 2782/3803/2767 2784/3805/2769 2783/3806/2768
f 2783/3806/2768 2784/3805/2769 2786/3807/2771 2785/3808/2770
f 2776/3809/2761 2774/3810/2759 2788/3811/2773 2786/3812/2771 2784/3813/2769 2782/3814/2767 2780/3815/2765 2778/3816/2763
f 2785/3808/2770 2786/3807/2771 2788/3817/2773 2787/3818/2772
f 2787/3818/2772 2788/3817/2773 2774/3819/2759 2773/3820/2758
f 2773/3821/2758 2775/3822/2760 2777/3823/2762 2779/3824/2764 2781/3825/2766 2783/3826/2768 2785/3827/2770 2787/3828/2772
o Cone.032
v -9.500000 -8.400000 0.585000
v -10.078508 -8.189440 0.585000
v -10.386327 -7.656283 0.585000
v -10.279423 -7.050000 0.585000
v -9.807818 -6.654277 0.585000
v -9.192182 -6.654277 0.585000
v -8.720577 -7.050000 0.585000
v -8.613673 -7.656283 0.585000
v -8.921492 -8.189440 0.585000
v -9.500000 -7.500000 1.485000
vn -0.0000 -0.9453 -0.3261
vn -0.6077 -0.7242 -0.3261
vn -0.9310 -0.1642 -0.3261
vn -0.8187 0.4727 -0.3261
vn -0.3233 0.8883 -0.3261
vn 0.3233 0.8883 -0.3261
vn 0.8187 0.4727 -0.3261
vn 0.9310 -0.1642 -0.3261
vn 0.6077 -0.7242 -0.3261
vn -0.0000 -0.0000 1.0000
vt 0.250000 0.490000
vt 0.250000 0.250000
vt 0.404269 0.433851
vt 0.486354 0.291676
vt 0.457846 0.130000
vt 0.332085 0.024474
vt 0.167915 0.024474
vt 0.042154 0.130000
vt 0.013646 0.291676
vt 0.750000 0.490000
vt 0.904269 0.433851
vt 0.986354 0.291676
vt 0.957846 0.130000
vt 0.832085 0.024474
vt 0.667915 0.024474
vt 0.542154 0.130000
vt 0.513646 0.291676
vt 0.595731 0.433851
vt 0.095731 0.433851
s 1
usemtl Leaf.024
f 2789/3829/2774 2798/3830/2783 2790/3831/2775
f 2790/3831/2775 2798/3830/2783 2791/3832/2776
f 2791/3832/2776 2798/3830/2783 2792/3833/2777
f 2792/3833/2777 2798/3830/2783 2793/3834/2778
f 2793/3834/2778 2798/3830/2783 2794/3835/2779
f 2794/3835/2779 2798/3830/2783 2795/3836/2780
f 2795/3836/2780 2798/3830/2783 2796/3837/2781
f 2789/3838/2774 2790/3839/2775 2791/3840/2776 2792/3841/2777 2793/3842/2778 2794/3843/2779 2795/3844/2780 2796/3845/2781 2797/3846/2782
f 2796/3837/2781 2798/3830/2783 2797/3847/2782
f 2797/3847/2782 2798/3830/2783 2789/3829/2774
o Cone.033
v -9.500000 -8.202000 1.125000
v -9.951237 -8.037764 1.125000
v -10.191335 -7.621901 1.125000
v -10.107950 -7.149000 1.125000
v -9.740098 -6.840336 1.125000
v -9.259902 -6.840336 1.125000
v -8.892050 -7.149000 1.125000
v -8.808665 -7.621901 1.125000
v -9.048763 -8.037764 1.125000
v -9.500000 -7.500000 2.025000
vn -0.0000 -0.9265 -0.3764
vn -0.5955 -0.7097 -0.3764
vn -0.9124 -0.1609 -0.3764
vn -0.8023 0.4632 -0.3764
vn -0.3169 0.8706 -0.3764
vn 0.3169 0.8706 -0.3764
vn 0.8023 0.4632 -0.3764
vn 0.9124 -0.1609 -0.3764
vn 0.5955 -0.7097 -0.3764
vn -0.0000 -0.0000 1.0000
vt 0.250000 0.490000
vt 0.250000 0.250000
vt 0.404269 0.433851
vt 0.486354 0.291676
vt 0.457846 0.130000
vt 0.332085 0.024474
vt 0.167915 0.024474
vt 0.042154 0.130000
vt 0.013646 0.291676
vt 0.750000 0.490000
vt 0.904269 0.433851
vt 0.986354 0.291676
vt 0.957846 0.130000
vt 0.832085 0.024474
vt 0.667915 0.024474
vt 0.542154 0.130000
vt 0.513646 0.291676
vt 0.595731 0.433851
vt 0.095731 0.433851
s 1
usemtl Leaf.025
f 2799/3848/2784 2808/3849/2793 2800/3850/2785
f 2800/3850/2785 2808/3849/2793 2801/3851/2786
f 2801/3851/2786 2808/3849/2793 2802/3852/2787
f 2802/3852/2787 2808/3849/2793 2803/3853/2788
f 2803/3853/2788 2808/3849/2793 2804/3854/2789
f 2804/3854/2789 2808/3849/2793 2805/3855/2790
f 2805/3855/2790 2808/3849/2793 2806/3856/2791
f 2799/3857/2784 2800/3858/2785 2801/3859/2786 2802/3860/2787 2803/3861/2788 2804/3862/2789 2805/3863/2790 2806/3864/2791 2807/3865/2792
f 2806/3856/2791 2808/3849/2793 2807/3866/2792
f 2807/3866/2792 2808/3849/2793 2799/3848/2784
o Cone.034
v -9.500000 -7.950000 1.620000
v -9.789254 -7.844720 1.620000
v -9.943164 -7.578142 1.620000
v -9.889711 -7.275000 1.620000
v -9.653909 -7.077138 1.620000
v -9.346091 -7.077138 1.620000
v -9.110289 -7.275000 1.620000
v -9.056836 -7.578142 1.620000
v -9.210746 -7.844720 1.620000
v -9.500000 -7.500000 2.520000
vn -0.0000 -0.8896 -0.4568
vn -0.5718 -0.6814 -0.4568
vn -0.8760 -0.1545 -0.4568
vn -0.7704 0.4448 -0.4568
vn -0.3042 0.8359 -0.4568
vn 0.3042 0.8359 -0.4568
vn 0.7704 0.4448 -0.4568
vn 0.8760 -0.1545 -0.4568
vn 0.5718 -0.6814 -0.4568
vn -0.0000 -0.0000 1.0000
vt 0.250000 0.490000
vt 0.250000 0.250000
vt 0.404269 0.433851
vt 0.486354 0.291676
vt 0.457846 0.130000
vt 0.332085 0.024474
vt 0.167915 0.024474
vt 0.042154 0.130000
vt 0.013646 0.291676
vt 0.750000 0.490000
vt 0.904269 0.433851
vt 0.986354 0.291676
vt 0.957846 0.130000
vt 0.832085 0.024474
vt 0.667915 0.024474
vt 0.542154 0.130000
vt 0.513646 0.291676
vt 0.595731 0.433851
vt 0.095731 0.433851
s 1
usemtl Leaf.026
f 2809/3867/2794 2818/3868/2803 2810/3869/2795
f 2810/3869/2795 2818/3868/2803 2811/3870/2796
f 2811/3870/2796 2818/3868/2803 2812/3871/2797
f 2812/3871/2797 2818/3868/2803 2813/3872/2798
f 2813/3872/2798 2818/3868/2803 2814/3873/2799
f 2814/3873/2799 2818/3868/2803 2815/3874/2800
f 2815/3874/2800 2818/3868/2803 2816/3875/2801
f 2809/3876/2794 2810/3877/2795 2811/3878/2796 2812/3879/2797 2813/3880/2798 2814/3881/2799 2815/3882/2800 2816/3883/2801 2817/3884/2802
f 2816/3875/2801 2818/3868/2803 2817/3885/2802
f 2817/3885/2802 2818/3868/2803 2809/3867/2794
o Cylinder.018
v 12.500000 -5.668000 0.000000
v 12.500000 -5.668000 0.945000
v 12.381207 -5.618794 0.000000
v 12.381207 -5.618794 0.945000
v 12.332000 -5.500000 0.000000
v 12.332000 -5.500000 0.945000
v 12.381207 -5.381206 0.000000
v 12.381207 -5.381206 0.945000
v 12.500000 -5.332000 0.000000
v 12.500000 -5.332000 0.945000
v 12.618793 -5.381206 0.000000
v 12.618793 -5.381206 0.945000
v 12.668000 -5.500000 0.000000
v 12.668000 -5.500000 0.945000
v 12.618793 -5.618794 0.000000
v 12.618793 -5.618794 0.945000
vn -0.0000 -0.7764 -0.6303
vn -0.0000 -0.7764 0.6303
vn -0.5490 -0.5490 -0.6303
vn -0.5490 -0.5490 0.6303
vn -0.7764 -0.0000 -0.6303
vn -0.7764 -0.0000 0.6303
vn -0.5490 0.5490 -0.6303
vn -0.5490 0.5490 0.6303
vn -0.0000 0.7764 -0.6303
vn -0.0000 0.7764 0.6303
vn 0.5490 0.5490 -0.6303
vn 0.5490 0.5490 0.6303
vn 0.7764 -0.0000 -0.6303
vn 0.7764 -0.0000 0.6303
vn 0.5490 -0.5490 -0.6303
vn 0.5490 -0.5490 0.6303
vt 1.000000 0.500000
vt 1.000000 1.000000
vt 0.875000 1.000000
vt 0.875000 0.500000
vt 0.750000 1.000000
vt 0.750000 0.500000
vt 0.625000 1.000000
vt 0.625000 0.500000
vt 0.500000 1.000000
vt 0.500000 0.500000
vt 0.375000 1.000000
vt 0.375000 0.500000
vt 0.250000 1.000000
vt 0.250000 0.500000
vt 0.419706 0.419706
vt 0.250000 0.490000
vt 0.080294 0.419706
vt 0.010000 0.250000
vt 0.080294 0.080294
vt 0.250000 0.010000
vt 0.419706 0.080294
vt 0.490000 0.250000
vt 0.125000 1.000000
vt 0.125000 0.500000
vt 0.000000 1.000000
vt 0.000000 0.500000
vt 0.750000 0.490000
vt 0.919706 0.419706
vt 0.990000 0.250000
vt 0.919706 0.080294
vt 0.750000 0.010000
vt 0.580294 0.080294
vt 0.510000 0.250000
vt 0.580294 0.419706
s 1
usemtl Trunk.009
f 2819/3886/2804 2820/3887/2805 2822/3888/2807 2821/3889/2806
f 2821/3889/2806 2822/3888/2807 2824/3890/2809 2823/3891/2808
f 2823/3891/2808 2824/3890/2809 2826/3892/2811 2825/3893/2810
f 2825/3893/2810 2826/3892/2811 2828/3894/2813 2827/3895/2812
f 2827/3895/2812 2828/3894/2813 2830/3896/2815 2829/3897/2814
f 2829/3897/2814 2830/3896/2815 2832/3898/2817 2831/3899/2816
f 2822/3900/2807 2820/3901/2805 2834/3902/2819 2832/3903/2817 2830/3904/2815 2828/3905/2813 2826/3906/2811 2824/3907/2809
f 2831/3899/2816 2832/3898/2817 2834/3908/2819 2833/3909/2818
f 2833/3909/2818 2834/3908/2819 2820/3910/2805 2819/3911/2804
f 2819/3912/2804 2821/3913/2806 2823/3914/2808 2825/3915/2810 2827/3916/2812 2829/3917/2814 2831/3918/2816 2833/3919/2818
o Cone.035
v 12.500000 -6.550000 0.682500
v 11.825073 -6.304347 0.682500
v 11.465952 -5.682331 0.682500
v 11.590673 -4.975000 0.682500
v 12.140879 -4.513323 0.682500
v 12.859121 -4.513323 0.682500
v 13.409327 -4.975000 0.682500
v 13.534048 -5.682331 0.682500
v 13.174927 -6.304347 0.682500
v 12.500000 -5.500000 1.732500
vn -0.0000 -0.9453 -0.3261
vn -0.6077 -0.7242 -0.3261
vn -0.9310 -0.1642 -0.3261
vn -0.8187 0.4727 -0.3261
vn -0.3233 0.8883 -0.3261
vn 0.3233 0.8883 -0.3261
vn 0.8187 0.4727 -0.3261
vn 0.9310 -0.1642 -0.3261
vn 0.6077 -0.7242 -0.3261
vn -0.0000 -0.0000 1.0000
vt 0.250000 0.490000
vt 0.250000 0.250000
vt 0.404269 0.433851
vt 0.486354 0.291676
vt 0.457846 0.130000
vt 0.332085 0.024474
vt 0.167915 0.024474
vt 0.042154 0.130000
vt 0.013646 0.291676
vt 0.750000 0.490000
vt 0.904269 0.433851
vt 0.986354 0.291676
vt 0.957846 0.130000
vt 0.832085 0.024474
vt 0.667915 0.024474
vt 0.542154 0.130000
vt 0.513646 0.291676
vt 0.595731 0.433851
vt 0.095731 0.433851
s 1
usemtl Leaf.027
f 2835/3920/2820 2844/3921/2829 2836/3922/2821
f 2836/3922/2821 2844/3921/2829 2837/3923/2822
f 2837/3923/2822 2844/3921/2829 2838/3924/2823
f 2838/3924/2823 2844/3921/2829 2839/3925/2824
f 2839/3925/2824 2844/3921/2829 2840/3926/2825
f 2840/3926/2825 2844/3921/2829 2841/3927/2826
f 2841/3927/2826 2844/3921/2829 2842/3928/2827
f 2835/3929/2820 2836/3930/2821 2837/3931/2822 2838/3932/2823 2839/3933/2824 2840/3934/2825 2841/3935/2826 2842/3936/2827 2843/3937/2828
f 2842/3928/2827 2844/3921/2829 2843/3938/2828
f 2843/3938/2828 2844/3921/2829 2835/3920/2820
o Cone.036
v 12.500000 -6.319000 1.312500
v 11.973557 -6.127390 1.312500
v 11.693442 -5.642218 1.312500
v 11.790726 -5.090500 1.312500
v 12.219886 -4.730392 1.312500
v 12.780114 -4.730392 1.312500
v 13.209274 -5.090500 1.312500
v 13.306558 -5.642218 1.312500
v 13.026443 -6.127390 1.312500
v 12.500000 -5.500000 2.362500
vn -0.0000 -0.9265 -0.3764
vn -0.5955 -0.7097 -0.3764
vn -0.9124 -0.1609 -0.3764
vn -0.8023 0.4632 -0.3764
vn -0.3169 0.8706 -0.3764
vn 0.3169 0.8706 -0.3764
vn 0.8023 0.4632 -0.3764
vn 0.9124 -0.1609 -0.3764
vn 0.5955 -0.7097 -0.3764
vn -0.0000 -0.0000 1.0000
vt 0.250000 0.490000
vt 0.250000 0.250000
vt 0.404269 0.433851
vt 0.486354 0.291676
vt 0.457846 0.130000
vt 0.332085 0.024474
vt 0.167915 0.024474
vt 0.042154 0.130000
vt 0.013646 0.291676
vt 0.750000 0.490000
vt 0.904269 0.433851
vt 0.986354 0.291676
vt 0.957846 0.130000
vt 0.832085 0.024474
vt 0.667915 0.024474
vt 0.542154 0.130000
vt 0.513646 0.291676
vt 0.595731 0.433851
vt 0.095731 0.433851
s 1
usemtl Leaf.028
f 2845/3939/2830 2854/3940/2839 2846/3941/2831
f 2846/3941/2831 2854/3940/2839 2847/3942/2832
f 2847/3942/2832 2854/3940/2839 2848/3943/2833
f 2848/3943/2833 2854/3940/2839 2849/3944/2834
f 2849/3944/2834 2854/3940/2839 2850/3945/2835
f 2850/3945/2835 2854/3940/2839 2851/3946/2836
f 2851/3946/2836 2854/3940/2839 2852/3947/2837
f 2845/3948/2830 2846/3949/2831 2847/3950/2832 2848/3951/2833 2849/3952/2834 2850/3953/2835 2851/3954/2836 2852/3955/2837 2853/3956/2838
f 2852/3947/2837 2854/3940/2839 2853/3957/2838
f 2853/3957/2838 2854/3940/2839 2845/3939/2830
o Cone.037
v 12.500000 -6.025000 1.890000
v 12.162537 -5.902174 1.890000
v 11.982976 -5.591165 1.890000
v 12.045337 -5.237500 1.890000
v 12.320439 -5.006661 1.890000
v 12.679561 -5.006661 1.890000
v 12.954663 -5.237500 1.890000
v 13.017024 -5.591165 1.890000
v 12.837463 -5.902174 1.890000
v 12.500000 -5.500000 2.940000
vn -0.0000 -0.8896 -0.4568
vn -0.5718 -0.6814 -0.4568
vn -0.8760 -0.1545 -0.4568
vn -0.7704 0.4448 -0.4568
vn -0.3042 0.8359 -0.4568
vn 0.3042 0.8359 -0.4568
vn 0.7704 0.4448 -0.4568
vn 0.8760 -0.1545 -0.4568
vn 0.5718 -0.6814 -0.4568
vn -0.0000 -0.0000 1.0000
vt 0.250000 0.490000
vt 0.250000 0.250000
vt 0.404269 0.433851
vt 0.486354 0.291676
vt 0.457846 0.130000
vt 0.332085 0.024474
vt 0.167915 0.024474
vt 0.042154 0.130000
vt 0.013646 0.291676
vt 0.750000 0.490000
vt 0.904269 0.433851
vt 0.986354 0.291676
vt 0.957846 0.130000
vt 0.832085 0.024474
vt 0.667915 0.024474
vt 0.542154 0.130000
vt 0.513646 0.291676
vt 0.595731 0.433851
vt 0.095731 0.433851
s 1
usemtl Leaf.029
f 2855/3958/2840 2864/3959/2849 2856/3960/2841
f 2856/3960/2841 2864/3959/2849 2857/3961/2842
f 2857/3961/2842 2864/3959/2849 2858/3962/2843
f 2858/3962/2843 2864/3959/2849 2859/3963/2844
f 2859/3963/2844 2864/3959/2849 2860/3964/2845
f 2860/3964/2845 2864/3959/2849 2861/3965/2846
f 2861/3965/2846 2864/3959/2849 2862/3966/2847
f 2855/3967/2840 2856/3968/2841 2857/3969/2842 2858/3970/2843 2859/3971/2844 2860/3972/2845 2861/3973/2846 2862/3974/2847 2863/3975/2848
f 2862/3966/2847 2864/3959/2849 2863/3976/2848
f 2863/3976/2848 2864/3959/2849 2855/3958/2840
o Cylinder.019
v 13.000000 1.840000 0.000000
v 13.000000 1.840000 0.900000
v 12.886863 1.886863 0.000000
v 12.886863 1.886863 0.900000
v 12.840000 2.000000 0.000000
v 12.840000 2.000000 0.900000
v 12.886863 2.113137 0.000000
v 12.886863 2.113137 0.900000
v 13.000000 2.160000 0.000000
v 13.000000 2.160000 0.900000
v 13.113137 2.113137 0.000000
v 13.113137 2.113137 0.900000
v 13.160000 2.000000 0.000000
v 13.160000 2.000000 0.900000
v 13.113137 1.886863 0.000000
v 13.113137 1.886863 0.900000
vn -0.0000 -0.7764 -0.6303
vn -0.0000 -0.7764 0.6303
vn -0.5490 -0.5490 -0.6303
vn -0.5490 -0.5490 0.6303
vn -0.7764 -0.0000 -0.6303
vn -0.7764 -0.0000 0.6303
vn -0.5490 0.5490 -0.6303
vn -0.5490 0.5490 0.6303
vn -0.0000 0.7764 -0.6303
vn -0.0000 0.7764 0.6303
vn 0.5490 0.5490 -0.6303
vn 0.5490 0.5490 0.6303
vn 0.7764 -0.0000 -0.6303
vn 0.7764 -0.0000 0.6303
vn 0.5490 -0.5490 -0.6303
vn 0.5490 -0.5490 0.6303
vt 1.000000 0.500000
vt 1.000000 1.000000
vt 0.875000 1.000000
vt 0.875000 0.500000
vt 0.750000 1.000000
vt 0.750000 0.500000
vt 0.625000 1.000000
vt 0.625000 0.500000
vt 0.500000 1.000000
vt 0.500000 0.500000
vt 0.375000 1.000000
vt 0.375000 0.500000
vt 0.250000 1.000000
vt 0.250000 0.500000
vt 0.419706 0.419706
vt 0.250000 0.490000
vt 0.080294 0.419706
vt 0.010000 0.250000
vt 0.080294 0.080294
vt 0.250000 0.010000
vt 0.419706 0.080294
vt 0.490000 0.250000
vt 0.125000 1.000000
vt 0.125000 0.500000
vt 0.000000 1.000000
vt 0.000000 0.500000
vt 0.750000 0.490000
vt 0.919706 0.419706
vt 0.990000 0.250000
vt 0.919706 0.080294
vt 0.750000 0.010000
vt 0.580294 0.080294
vt 0.510000 0.250000
vt 0.580294 0.419706
s 1
usemtl Trunk.010
f 2865/3977/2850 2866/3978/2851 2868/3979/2853 2867/3980/2852
f 2867/3980/2852 2868/3979/2853 2870/3981/2855 2869/3982/2854
f 2869/3982/2854 2870/3981/2855 2872/3983/2857 2871/3984/2856
f 2871/3984/2856 2872/3983/2857 2874/3985/2859 2873/3986/2858
f 2873/3986/2858 2874/3985/2859 2876/3987/2861 2875/3988/2860
f 2875/3988/2860 2876/3987/2861 2878/3989/2863 2877/3990/2862
f 2868/3991/2853 2866/3992/2851 2880/3993/2865 2878/3994/2863 2876/3995/2861 2874/3996/2859 2872/3997/2857 2870/3998/2855
f 2877/3990/2862 2878/3989/2863 2880/3999/2865 2879/4000/2864
f 2879/4000/2864 2880/3999/2865 2866/4001/2851 2865/4002/2850
f 2865/4003/2850 2867/4004/2852 2869/4005/2854 2871/4006/2856 2873/4007/2858 2875/4008/2860 2877/4009/2862 2879/4010/2864
o Cone.038
v 13.000000 1.000000 0.650000
v 12.357212 1.233956 0.650000
v 12.015192 1.826352 0.650000
v 12.133975 2.500000 0.650000
v 12.657980 2.939692 0.650000
v 13.342020 2.939692 0.650000
v 13.866025 2.500000 0.650000
v 13.984808 1.826352 0.650000
v 13.642788 1.233956 0.650000
v 13.000000 2.000000 1.650000
vn -0.0000 -0.9453 -0.3261
vn -0.6077 -0.7242 -0.3261
vn -0.9310 -0.1642 -0.3261
vn -0.8187 0.4727 -0.3261
vn -0.3233 0.8883 -0.3261
vn 0.3233 0.8883 -0.3261
vn 0.8187 0.4727 -0.3261
vn 0.9310 -0.1642 -0.3261
vn 0.6077 -0.7242 -0.3261
vn -0.0000 -0.0000 1.0000
vt 0.250000 0.490000
vt 0.250000 0.250000
vt 0.404269 0.433851
vt 0.486354 0.291676
vt 0.457846 0.130000
vt 0.332085 0.024474
vt 0.167915 0.024474
vt 0.042154 0.130000
vt 0.013646 0.291676
vt 0.750000 0.490000
vt 0.904269 0.433851
vt 0.986354 0.291676
vt 0.957846 0.130000
vt 0.832085 0.024474
vt 0.667915 0.024474
vt 0.542154 0.130000
vt 0.513646 0.291676
vt 0.595731 0.433851
vt 0.095731 0.433851
s 1
usemtl Leaf.030
f 2881/4011/2866 2890/4012/2875 2882/4013/2867
f 2882/4013/2867 2890/4012/2875 2883/4014/2868
f 2883/4014/2868 2890/4012/2875 2884/4015/2869
f 2884/4015/2869 2890/4012/2875 2885/4016/2870
f 2885/4016/2870 2890/4012/2875 2886/4017/2871
f 2886/4017/2871 2890/4012/2875 2887/4018/2872
f 2887/4018/2872 2890/4012/2875 2888/4019/2873
f 2881/4020/2866 2882/4021/2867 2883/4022/2868 2884/4023/2869 2885/4024/2870 2886/4025/2871 2887/4026/2872 2888/4027/2873 2889/4028/2874
f 2888/4019/2873 2890/4012/2875 2889/4029/2874
f 2889/4029/2874 2890/4012/2875 2881/4011/2866
o Cone.039
v 13.000000 1.220000 1.250000
v 12.498626 1.402485 1.250000
v 12.231850 1.864554 1.250000
v 12.324500 2.390000 1.250000
v 12.733224 2.732960 1.250000
v 13.266776 2.732960 1.250000
v 13.675500 2.390000 1.250000
v 13.768150 1.864554 1.250000
v 13.501374 1.402485 1.250000
v 13.000000 2.000000 2.250000
vn -0.0000 -0.9265 -0.3764
vn -0.5955 -0.7097 -0.3764
vn -0.9124 -0.1609 -0.3764
vn -0.8023 0.4632 -0.3764
vn -0.3169 0.8706 -0.3764
vn 0.3169 0.8706 -0.3764
vn 0.8023 0.4632 -0.3764
vn 0.9124 -0.1609 -0.3764
vn 0.5955 -0.7097 -0.3764
vn -0.0000 -0.0000 1.0000
vt 0.250000 0.490000
vt 0.250000 0.250000
vt 0.404269 0.433851
vt 0.486354 0.291676
vt 0.457846 0.130000
vt 0.332085 0.024474
vt 0.167915 0.024474
vt 0.042154 0.130000
vt 0.013646 0.291676
vt 0.750000 0.490000
vt 0.904269 0.433851
vt 0.986354 0.291676
vt 0.957846 0.130000
vt 0.832085 0.024474
vt 0.667915 0.024474
vt 0.542154 0.130000
vt 0.513646 0.291676
vt 0.595731 0.433851
vt 0.095731 0.433851
s 1
usemtl Leaf.031
f 2891/4030/2876 2900/4031/2885 2892/4032/2877
f 2892/4032/2877 2900/4031/2885 2893/4033/2878
f 2893/4033/2878 2900/4031/2885 2894/4034/2879
f 2894/4034/2879 2900/4031/2885 2895/4035/2880
f 2895/4035/2880 2900/4031/2885 2896/4036/2881
f 2896/4036/2881 2900/4031/2885 2897/4037/2882
f 2897/4037/2882 2900/4031/2885 2898/4038/2883
f 2891/4039/2876 2892/4040/2877 2893/4041/2878 2894/4042/2879 2895/4043/2880 2896/4044/2881 2897/4045/2882 2898/4046/2883 2899/4047/2884
f 2898/4038/2883 2900/4031/2885 2899/4048/2884
f 2899/4048/2884 2900/4031/2885 2891/4030/2876
o Cone.040
v 13.000000 1.500000 1.800000
v 12.678606 1.616978 1.800000
v 12.507596 1.913176 1.800000
v 12.566987 2.250000 1.800000
v 12.828990 2.469846 1.800000
v 13.171010 2.469846 1.800000
v 13.433013 2.250000 1.800000
v 13.492404 1.913176 1.800000
v 13.321394 1.616978 1.800000
v 13.000000 2.000000 2.800000
vn -0.0000 -0.8896 -0.4568
vn -0.5718 -0.6814 -0.4568
vn -0.8760 -0.1545 -0.4568
vn -0.7704 0.4448 -0.4568
vn -0.3042 0.8359 -0.4568
vn 0.3042 0.8359 -0.4568
vn 0.7704 0.4448 -0.4568
vn 0.8760 -0.1545 -0.4568
vn 0.5718 -0.6814 -0.4568
vn -0.0000 -0.0000 1.0000
vt 0.250000 0.490000
vt 0.250000 0.250000
vt 0.404269 0.433851
vt 0.486354 0.291676
vt 0.457846 0.130000
vt 0.332085 0.024474
vt 0.167915 0.024474
vt 0.042154 0.130000
vt 0.013646 0.291676
vt 0.750000 0.490000
vt 0.904269 0.433851
vt 0.986354 0.291676
vt 0.957846 0.130000
vt 0.832085 0.024474
vt 0.667915 0.024474
vt 0.542154 0.130000
vt 0.513646 0.291676
vt 0.595731 0.433851
vt 0.095731 0.433851
s 1
usemtl Leaf.032
f 2901/4049/2886 2910/4050/2895 2902/4051/2887
f 2902/4051/2887 2910/4050/2895 2903/4052/2888
f 2903/4052/2888 2910/4050/2895 2904/4053/2889
f 2904/4053/2889 2910/4050/2895 2905/4054/2890
f 2905/4054/2890 2910/4050/2895 2906/4055/2891
f 2906/4055/2891 2910/4050/2895 2907/4056/2892
f 2907/4056/2892 2910/4050/2895 2908/4057/2893
f 2901/4058/2886 2902/4059/2887 2903/4060/2888 2904/4061/2889 2905/4062/2890 2906/4063/2891 2907/4064/2892 2908/4065/2893 2909/4066/2894
f 2908/4057/2893 2910/4050/2895 2909/4067/2894
f 2909/4067/2894 2910/4050/2895 2901/4049/2886
o Cylinder.020
v -12.000000 0.856000 0.000000
v -12.000000 0.856000 0.810000
v -12.101824 0.898177 0.000000
v -12.101824 0.898177 0.810000
v -12.144000 1.000000 0.000000
v -12.144000 1.000000 0.810000
v -12.101824 1.101823 0.000000
v -12.101824 1.101823 0.810000
v -12.000000 1.144000 0.000000
v -12.000000 1.144000 0.810000
v -11.898176 1.101823 0.000000
v -11.898176 1.101823 0.810000
v -11.856000 1.000000 0.000000
v -11.856000 1.000000 0.810000
v -11.898176 0.898177 0.000000
v -11.898176 0.898177 0.810000
vn -0.0000 -0.7764 -0.6303
vn -0.0000 -0.7764 0.6303
vn -0.5490 -0.5490 -0.6303
vn -0.5490 -0.5490 0.6303
vn -0.7764 -0.0000 -0.6303
vn -0.7764 -0.0000 0.6303
vn -0.5490 0.5490 -0.6303
vn -0.5490 0.5490 0.6303
vn -0.0000 0.7764 -0.6303
vn -0.0000 0.7764 0.6303
vn 0.5490 0.5490 -0.6303
vn 0.5490 0.5490 0.6303
vn 0.7764 -0.0000 -0.6303
vn 0.7764 -0.0000 0.6303
vn 0.5490 -0.5490 -0.6303
vn 0.5490 -0.5490 0.6303
vt 1.000000 0.500000
vt 1.000000 1.000000
vt 0.875000 1.000000
vt 0.875000 0.500000
vt 0.750000 1.000000
vt 0.750000 0.500000
vt 0.625000 1.000000
vt 0.625000 0.500000
vt 0.500000 1.000000
vt 0.500000 0.500000
vt 0.375000 1.000000
vt 0.375000 0.500000
vt 0.250000 1.000000
vt 0.250000 0.500000
vt 0.419706 0.419706
vt 0.250000 0.490000
vt 0.080294 0.419706
vt 0.010000 0.250000
vt 0.080294 0.080294
vt 0.250000 0.010000
vt 0.419706 0.080294
vt 0.490000 0.250000
vt 0.125000 1.000000
vt 0.125000 0.500000
vt 0.000000 1.000000
vt 0.000000 0.500000
vt 0.750000 0.490000
vt 0.919706 0.419706
vt 0.990000 0.250000
vt 0.919706 0.080294
vt 0.750000 0.010000
vt 0.580294 0.080294
vt 0.510000 0.250000
vt 0.580294 0.419706
s 1
usemtl Trunk.011
f 2911/4068/2896 2912/4069/2897 2914/4070/2899 2913/4071/2898
f 2913/4071/2898 2914/4070/2899 2916/4072/2901 2915/4073/2900
f 2915/4073/2900 2916/4072/2901 2918/4074/2903 2917/4075/2902
f 2917/4075/2902 2918/4074/2903 2920/4076/2905 2919/4077/2904
f 2919/4077/2904 2920/4076/2905 2922/4078/2907 2921/4079/2906
f 2921/4079/2906 2922/4078/2907 2924/4080/2909 2923/4081/2908
f 2914/4082/2899 2912/4083/2897 2926/4084/2911 2924/4085/2909 2922/4086/2907 2920/4087/2905 2918/4088/2903 2916/4089/2901
f 2923/4081/2908 2924/4080/2909 2926/4090/2911 2925/4091/2910
f 2925/4091/2910 2926/4090/2911 2912/4092/2897 2911/4093/2896
f 2911/4094/2896 2913/4095/2898 2915/4096/2900 2917/4097/2902 2919/4098/2904 2921/4099/2906 2923/4100/2908 2925/4101/2910
o Cone.041
v -12.000000 0.100000 0.585000
v -12.578508 0.310560 0.585000
v -12.886327 0.843717 0.585000
v -12.779423 1.450000 0.585000
v -12.307818 1.845723 0.585000
v -11.692182 1.845723 0.585000
v -11.220577 1.450000 0.585000
v -11.113673 0.843717 0.585000
v -11.421492 0.310560 0.585000
v -12.000000 1.000000 1.485000
vn -0.0000 -0.9453 -0.3261
vn -0.6077 -0.7242 -0.3261
vn -0.9310 -0.1642 -0.3261
vn -0.8187 0.4727 -0.3261
vn -0.3233 0.8883 -0.3261
vn 0.3233 0.8883 -0.3261
vn 0.8187 0.4727 -0.3261
vn 0.9310 -0.1642 -0.3261
vn 0.6077 -0.7242 -0.3261
vn -0.0000 -0.0000 1.0000
vt 0.250000 0.490000
vt 0.250000 0.250000
vt 0.404269 0.433851
vt 0.486354 0.291676
vt 0.457846 0.130000
vt 0.332085 0.024474
vt 0.167915 0.024474
vt 0.042154 0.130000
vt 0.013646 0.291676
vt 0.750000 0.490000
vt 0.904269 0.433851
vt 0.986354 0.291676
vt 0.957846 0.130000
vt 0.832085 0.024474
vt 0.667915 0.024474
vt 0.542154 0.130000
vt 0.513646 0.291676
vt 0.595731 0.433851
vt 0.095731 0.433851
s 1
usemtl Leaf.033
f 2927/4102/2912 2936/4103/2921 2928/4104/2913
f 2928/4104/2913 2936/4103/2921 2929/4105/2914
f 2929/4105/2914 2936/4103/2921 2930/4106/2915
f 2930/4106/2915 2936/4103/2921 2931/4107/2916
f 2931/4107/2916 2936/4103/2921 2932/4108/2917
f 2932/4108/2917 2936/4103/2921 2933/4109/2918
f 2933/4109/2918 2936/4103/2921 2934/4110/2919
f 2927/4111/2912 2928/4112/2913 2929/4113/2914 2930/4114/2915 2931/4115/2916 2932/4116/2917 2933/4117/2918 2934/4118/2919 2935/4119/2920
f 2934/4110/2919 2936/4103/2921 2935/4120/2920
f 2935/4120/2920 2936/4103/2921 2927/4102/2912
o Cone.042
v -12.000000 0.298000 1.125000
v -12.451237 0.462237 1.125000
v -12.691335 0.878099 1.125000
v -12.607950 1.351000 1.125000
v -12.240098 1.659664 1.125000
v -11.759902 1.659664 1.125000
v -11.392050 1.351000 1.125000
v -11.308665 0.878099 1.125000
v -11.548763 0.462237 1.125000
v -12.000000 1.000000 2.025000
vn -0.0000 -0.9265 -0.3764
vn -0.5955 -0.7097 -0.3764
vn -0.9124 -0.1609 -0.3764
vn -0.8023 0.4632 -0.3764
vn -0.3169 0.8706 -0.3764
vn 0.3169 0.8706 -0.3764
vn 0.8023 0.4632 -0.3764
vn 0.9124 -0.1609 -0.3764
vn 0.5955 -0.7097 -0.3764
vn -0.0000 -0.0000 1.0000
vt 0.250000 0.490000
vt 0.250000 0.250000
vt 0.404269 0.433851
vt 0.486354 0.291676
vt 0.457846 0.130000
vt 0.332085 0.024474
vt 0.167915 0.024474
vt 0.042154 0.130000
vt 0.013646 0.291676
vt 0.750000 0.490000
vt 0.904269 0.433851
vt 0.986354 0.291676
vt 0.957846 0.130000
vt 0.832085 0.024474
vt 0.667915 0.024474
vt 0.542154 0.130000
vt 0.513646 0.291676
vt 0.595731 0.433851
vt 0.095731 0.433851
s 1
usemtl Leaf.034
f 2937/4121/2922 2946/4122/2931 2938/4123/2923
f 2938/4123/2923 2946/4122/2931 2939/4124/2924
f 2939/4124/2924 2946/4122/2931 2940/4125/2925
f 2940/4125/2925 2946/4122/2931 2941/4126/2926
f 2941/4126/2926 2946/4122/2931 2942/4127/2927
f 2942/4127/2927 2946/4122/2931 2943/4128/2928
f 2943/4128/2928 2946/4122/2931 2944/4129/2929
f 2937/4130/2922 2938/4131/2923 2939/4132/2924 2940/4133/2925 2941/4134/2926 2942/4135/2927 2943/4136/2928 2944/4137/2929 2945/4138/2930
f 2944/4129/2929 2946/4122/2931 2945/4139/2930
f 2945/4139/2930 2946/4122/2931 2937/4121/2922
o Cone.043
v -12.000000 0.550000 1.620000
v -12.289254 0.655280 1.620000
v -12.443164 0.921858 1.620000
v -12.389711 1.225000 1.620000
v -12.153909 1.422862 1.620000
v -11.846091 1.422862 1.620000
v -11.610289 1.225000 1.620000
v -11.556836 0.921858 1.620000
v -11.710746 0.655280 1.620000
v -12.000000 1.000000 2.520000
vn -0.0000 -0.8896 -0.4568
vn -0.5718 -0.6814 -0.4568
vn -0.8760 -0.1545 -0.4568
vn -0.7704 0.4448 -0.4568
vn -0.3042 0.8359 -0.4568
vn 0.3042 0.8359 -0.4568
vn 0.7704 0.4448 -0.4568
vn 0.8760 -0.1545 -0.4568
vn 0.5718 -0.6814 -0.4568
vn -0.0000 -0.0000 1.0000
vt 0.250000 0.490000
vt 0.250000 0.250000
vt 0.404269 0.433851
vt 0.486354 0.291676
vt 0.457846 0.130000
vt 0.332085 0.024474
vt 0.167915 0.024474
vt 0.042154 0.130000
vt 0.013646 0.291676
vt 0.750000 0.490000
vt 0.904269 0.433851
vt 0.986354 0.291676
vt 0.957846 0.130000
vt 0.832085 0.024474
vt 0.667915 0.024474
vt 0.542154 0.130000
vt 0.513646 0.291676
vt 0.595731 0.433851
vt 0.095731 0.433851
s 1
usemtl Leaf.035
f 2947/4140/2932 2956/4141/2941 2948/4142/2933
f 2948/4142/2933 2956/4141/2941 2949/4143/2934
f 2949/4143/2934 2956/4141/2941 2950/4144/2935
f 2950/4144/2935 2956/4141/2941 2951/4145/2936
f 2951/4145/2936 2956/4141/2941 2952/4146/2937
f 2952/4146/2937 2956/4141/2941 2953/4147/2938
f 2953/4147/2938 2956/4141/2941 2954/4148/2939
f 2947/4149/2932 2948/4150/2933 2949/4151/2934 2950/4152/2935 2951/4153/2936 2952/4154/2937 2953/4155/2938 2954/4156/2939 2955/4157/2940
f 2954/4148/2939 2956/4141/2941 2955/4158/2940
f 2955/4158/2940 2956/4141/2941 2947/4140/2932
o Icosphere
v 9.000000 6.000000 -0.020000
v 8.565836 6.315435 0.212168
v 9.165833 6.510389 0.212168
v 9.536655 6.000000 0.212169
v 9.165833 5.489611 0.212168
v 8.565836 5.684565 0.212168
v 8.834167 6.510389 0.587832
v 9.434164 6.315435 0.587832
v 9.434164 5.684565 0.587832
v 8.834167 5.489611 0.587832
v 8.463345 6.000000 0.587831
v 9.000000 6.000000 0.820000
v 9.097473 6.299997 0.042725
v 8.744806 6.185407 0.042725
v 8.842278 6.485407 0.179190
v 8.489612 6.000000 0.179191
v 8.744806 5.814593 0.042725
v 9.315438 6.000000 0.042726
v 9.412913 6.299998 0.179191
v 9.097473 5.700003 0.042725
v 9.412913 5.700002 0.179191
v 8.842278 5.514593 0.179190
v 8.429365 6.185408 0.400000
v 8.429365 5.814592 0.400000
v 9.000000 6.600000 0.400000
v 8.647328 6.485410 0.400000
v 9.570635 6.185408 0.400000
v 9.352672 6.485410 0.400000
v 9.352672 5.514590 0.400000
v 9.570635 5.814592 0.400000
v 8.647328 5.514590 0.400000
v 9.000000 5.400000 0.400000
v 8.587087 6.299998 0.620809
v 9.157722 6.485407 0.620810
v 9.510388 6.000000 0.620809
v 9.157722 5.514593 0.620810
v 8.587087 5.700002 0.620809
v 8.902527 6.299997 0.757275
v 8.684562 6.000000 0.757274
v 9.255194 6.185407 0.757275
v 9.255194 5.814593 0.757275
v 8.902527 5.700003 0.757275
vn -0.0000 -0.0000 -1.0000
vn -0.6766 0.4916 -0.5483
vn 0.2584 0.7954 -0.5483
vn 0.8363 -0.0000 -0.5483
vn 0.2584 -0.7954 -0.5483
vn -0.6766 -0.4916 -0.5483
vn -0.2584 0.7954 0.5483
vn 0.6766 0.4916 0.5483
vn 0.6766 -0.4916 0.5483
vn -0.2584 -0.7954 0.5483
vn -0.8363 -0.0000 0.5483
vn -0.0000 -0.0000 1.0000
vn 0.1286 0.3957 -0.9093
vn -0.3366 0.2446 -0.9093
vn -0.2411 0.7419 -0.6256
vn -0.7801 -0.0000 -0.6256
vn -0.3366 -0.2446 -0.9093
vn 0.4161 -0.0000 -0.9093
vn 0.6311 0.4585 -0.6256
vn 0.1286 -0.3957 -0.9093
vn 0.6311 -0.4585 -0.6256
vn -0.2411 -0.7419 -0.6256
vn -0.9511 0.3090 -0.0000
vn -0.9511 -0.3090 -0.0000
vn -0.0000 1.0000 -0.0000
vn -0.5878 0.8090 -0.0000
vn 0.9511 0.3090 -0.0000
vn 0.5878 0.8090 -0.0000
vn 0.5878 -0.8090 -0.0000
vn 0.9511 -0.3090 -0.0000
vn -0.5878 -0.8090 -0.0000
vn -0.0000 -1.0000 -0.0000
vn -0.6311 0.4585 0.6256
vn 0.2411 0.7419 0.6256
vn 0.7801 -0.0000 0.6256
vn 0.2411 -0.7419 0.6256
vn -0.6311 -0.4585 0.6256
vn -0.1286 0.3957 0.9093
vn -0.4161 -0.0000 0.9093
vn 0.3366 0.2446 0.9093
vn 0.3366 -0.2446 0.9093
vn -0.1286 -0.3957 0.9093
vt 0.181819 0.000000
vt 0.227273 0.078731
vt 0.136365 0.078731
vt 0.272728 0.157461
vt 0.318182 0.078731
vt 0.363637 0.157461
vt 0.909091 0.000000
vt 0.954545 0.078731
vt 0.863636 0.078731
vt 0.727273 0.000000
vt 0.772727 0.078731
vt 0.681818 0.078731
vt 0.545455 0.000000
vt 0.590909 0.078731
vt 0.500000 0.078731
vt 0.318182 0.236191
vt 0.090910 0.157461
vt 0.181819 0.157461
vt 0.136365 0.236191
vt 0.818182 0.157461
vt 0.909091 0.157461
vt 0.863636 0.236191
vt 0.636364 0.157461
vt 0.727273 0.157461
vt 0.681818 0.236191
vt 0.454546 0.157461
vt 0.545455 0.157461
vt 0.500000 0.236191
vt 0.227273 0.236191
vt 0.045455 0.236191
vt 0.772727 0.236191
vt 0.590909 0.236191
vt 0.409092 0.236191
vt 0.181819 0.314921
vt 0.272728 0.314921
vt 0.227273 0.393651
vt 0.000000 0.314921
vt 0.090910 0.314921
vt 0.045455 0.393651
vt 0.727273 0.314921
vt 0.818182 0.314921
vt 0.772727 0.393651
vt 0.545455 0.314921
vt 0.636364 0.314921
vt 0.590909 0.393651
vt 0.363637 0.314921
vt 0.454546 0.314921
vt 0.409092 0.393651
vt 0.500000 0.393651
vt 0.454546 0.472382
vt 0.681818 0.393651
vt 0.636364 0.472382
vt 0.863636 0.393651
vt 0.818182 0.472382
vt 0.909091 0.314921
vt 0.136365 0.393651
vt 0.090910 0.472382
vt 0.318182 0.393651
vt 0.272728 0.472382
vt 0.954545 0.236191
vt 1.000000 0.157461
vt 0.409092 0.078731
vt 0.363637 0.000000
s 1
usemtl Bush
f 2957/4159/2942 2970/4160/2955 2969/4161/2954
f 2958/4162/2943 2970/4163/2955 2972/4164/2957
f 2957/4165/2942 2969/4166/2954 2974/4167/2959
f 2957/4168/2942 2974/4169/2959 2976/4170/2961
f 2957/4171/2942 2976/4172/2961 2973/4173/2958
f 2958/4162/2943 2972/4164/2957 2979/4174/2964
f 2959/4175/2944 2971/4176/2956 2981/4177/2966
f 2960/4178/2945 2975/4179/2960 2983/4180/2968
f 2961/4181/2946 2977/4182/2962 2985/4183/2970
f 2962/4184/2947 2978/4185/2963 2987/4186/2972
f 2958/4162/2943 2979/4174/2964 2982/4187/2967
f 2959/4175/2944 2981/4177/2966 2984/4188/2969
f 2960/4178/2945 2983/4180/2968 2986/4189/2971
f 2961/4181/2946 2985/4183/2970 2988/4190/2973
f 2962/4184/2947 2987/4186/2972 2980/4191/2965
f 2963/4192/2948 2989/4193/2974 2994/4194/2979
f 2964/4195/2949 2990/4196/2975 2996/4197/2981
f 2965/4198/2950 2991/4199/2976 2997/4200/2982
f 2966/4201/2951 2992/4202/2977 2998/4203/2983
f 2967/4204/2952 2993/4205/2978 2995/4206/2980
f 2995/4206/2980 2998/4207/2983 2968/4208/2953
f 2995/4206/2980 2993/4205/2978 2998/4207/2983
f 2993/4205/2978 2966/4201/2951 2998/4207/2983
f 2998/4203/2983 2997/4209/2982 2968/4210/2953
f 2998/4203/2983 2992/4202/2977 2997/4209/2982
f 2992/4202/2977 2965/4198/2950 2997/4209/2982
f 2997/4200/2982 2996/4211/2981 2968/4212/2953
f 2997/4200/2982 2991/4199/2976 2996/4211/2981
f 2991/4199/2976 2964/4213/2949 2996/4211/2981
f 2996/4197/2981 2994/4214/2979 2968/4215/2953
f 2996/4197/2981 2990/4196/2975 2994/4214/2979
f 2990/4196/2975 2963/4192/2948 2994/4214/2979
f 2994/4194/2979 2995/4216/2980 2968/4217/2953
f 2994/4194/2979 2989/4193/2974 2995/4216/2980
f 2989/4193/2974 2967/4204/2952 2995/4216/2980
f 2980/4191/2965 2993/4205/2978 2967/4204/2952
f 2980/4191/2965 2987/4186/2972 2993/4205/2978
f 2987/4186/2972 2966/4201/2951 2993/4205/2978
f 2988/4190/2973 2992/4202/2977 2966/4201/2951
f 2988/4190/2973 2985/4183/2970 2992/4202/2977
f 2985/4183/2970 2965/4198/2950 2992/4202/2977
f 2986/4189/2971 2991/4199/2976 2965/4198/2950
f 2986/4189/2971 2983/4180/2968 2991/4199/2976
f 2983/4180/2968 2964/4213/2949 2991/4199/2976
f 2984/4188/2969 2990/4196/2975 2964/4195/2949
f 2984/4188/2969 2981/4177/2966 2990/4196/2975
f 2981/4177/2966 2963/4192/2948 2990/4196/2975
f 2982/4187/2967 2989/4193/2974 2963/4192/2948
f 2982/4187/2967 2979/4174/2964 2989/4193/2974
f 2979/4174/2964 2967/4204/2952 2989/4193/2974
f 2987/4186/2972 2988/4190/2973 2966/4201/2951
f 2987/4186/2972 2978/4185/2963 2988/4190/2973
f 2978/4185/2963 2961/4181/2946 2988/4190/2973
f 2985/4183/2970 2986/4189/2971 2965/4198/2950
f 2985/4183/2970 2977/4182/2962 2986/4189/2971
f 2977/4182/2962 2960/4178/2945 2986/4189/2971
f 2983/4180/2968 2984/4218/2969 2964/4213/2949
f 2983/4180/2968 2975/4179/2960 2984/4218/2969
f 2975/4179/2960 2959/4219/2944 2984/4218/2969
f 2981/4177/2966 2982/4187/2967 2963/4192/2948
f 2981/4177/2966 2971/4176/2956 2982/4187/2967
f 2971/4176/2956 2958/4162/2943 2982/4187/2967
f 2979/4174/2964 2980/4191/2965 2967/4204/2952
f 2979/4174/2964 2972/4164/2957 2980/4191/2965
f 2972/4164/2957 2962/4184/2947 2980/4191/2965
f 2973/4173/2958 2978/4185/2963 2962/4184/2947
f 2973/4173/2958 2976/4172/2961 2978/4185/2963
f 2976/4172/2961 2961/4181/2946 2978/4185/2963
f 2976/4170/2961 2977/4182/2962 2961/4181/2946
f 2976/4170/2961 2974/4169/2959 2977/4182/2962
f 2974/4169/2959 2960/4178/2945 2977/4182/2962
f 2974/4167/2959 2975/4179/2960 2960/4178/2945
f 2974/4167/2959 2969/4166/2954 2975/4179/2960
f 2969/4166/2954 2959/4219/2944 2975/4179/2960
f 2972/4164/2957 2973/4220/2958 2962/4184/2947
f 2972/4164/2957 2970/4163/2955 2973/4220/2958
f 2970/4163/2955 2957/4221/2942 2973/4220/2958
f 2969/4161/2954 2971/4176/2956 2959/4175/2944
f 2969/4161/2954 2970/4160/2955 2971/4176/2956
f 2970/4160/2955 2958/4162/2943 2971/4176/2956
o Icosphere.001
v -8.000000 6.000000 -0.020000
v -8.434164 6.315435 0.212168
v -7.834167 6.510389 0.212168
v -7.463344 6.000000 0.212169
v -7.834167 5.489611 0.212168
v -8.434164 5.684565 0.212168
v -8.165833 6.510389 0.587832
v -7.565835 6.315435 0.587832
v -7.565835 5.684565 0.587832
v -8.165833 5.489611 0.587832
v -8.536655 6.000000 0.587831
v -8.000000 6.000000 0.820000
v -7.902527 6.299997 0.042725
v -8.255194 6.185407 0.042725
v -8.157722 6.485407 0.179190
v -8.510388 6.000000 0.179191
v -8.255194 5.814593 0.042725
v -7.684562 6.000000 0.042726
v -7.587086 6.299998 0.179191
v -7.902527 5.700003 0.042725
v -7.587086 5.700002 0.179191
v -8.157722 5.514593 0.179190
v -8.570635 6.185408 0.400000
v -8.570635 5.814592 0.400000
v -8.000000 6.600000 0.400000
v -8.352672 6.485410 0.400000
v -7.429365 6.185408 0.400000
v -7.647329 6.485410 0.400000
v -7.647329 5.514590 0.400000
v -7.429365 5.814592 0.400000
v -8.352672 5.514590 0.400000
v -8.000000 5.400000 0.400000
v -8.412913 6.299998 0.620809
v -7.842278 6.485407 0.620810
v -7.489611 6.000000 0.620809
v -7.842278 5.514593 0.620810
v -8.412913 5.700002 0.620809
v -8.097473 6.299997 0.757275
v -8.315438 6.000000 0.757274
v -7.744806 6.185407 0.757275
v -7.744806 5.814593 0.757275
v -8.097473 5.700003 0.757275
vn -0.0000 -0.0000 -1.0000
vn -0.6766 0.4916 -0.5483
vn 0.2584 0.7954 -0.5483
vn 0.8363 -0.0000 -0.5483
vn 0.2584 -0.7954 -0.5483
vn -0.6766 -0.4916 -0.5483
vn -0.2584 0.7954 0.5483
vn 0.6766 0.4916 0.5483
vn 0.6766 -0.4916 0.5483
vn -0.2584 -0.7954 0.5483
vn -0.8363 -0.0000 0.5483
vn -0.0000 -0.0000 1.0000
vn 0.1286 0.3957 -0.9093
vn -0.3366 0.2446 -0.9093
vn -0.2411 0.7419 -0.6256
vn -0.7801 -0.0000 -0.6256
vn -0.3366 -0.2446 -0.9093
vn 0.4161 -0.0000 -0.9093
vn 0.6311 0.4585 -0.6256
vn 0.1286 -0.3957 -0.9093
vn 0.6311 -0.4585 -0.6256
vn -0.2411 -0.7419 -0.6256
vn -0.9511 0.3090 -0.0000
vn -0.9511 -0.3090 -0.0000
vn -0.0000 1.0000 -0.0000
vn -0.5878 0.8090 -0.0000
vn 0.9511 0.3090 -0.0000
vn 0.5878 0.8090 -0.0000
vn 0.5878 -0.8090 -0.0000
vn 0.9511 -0.3090 -0.0000
vn -0.5878 -0.8090 -0.0000
vn -0.0000 -1.0000 -0.0000
vn -0.6311 0.4585 0.6256
vn 0.2411 0.7419 0.6256
vn 0.7801 -0.0000 0.6256
vn 0.2411 -0.7419 0.6256
vn -0.6311 -0.4585 0.6256
vn -0.1286 0.3957 0.9093
vn -0.4161 -0.0000 0.9093
vn 0.3366 0.2446 0.9093
vn 0.3366 -0.2446 0.9093
vn -0.1286 -0.3957 0.9093
vt 0.181819 0.000000
vt 0.227273 0.078731
vt 0.136365 0.078731
vt 0.272728 0.157461
vt 0.318182 0.078731
vt 0.363637 0.157461
vt 0.909091 0.000000
vt 0.954545 0.078731
vt 0.863636 0.078731
vt 0.727273 0.000000
vt 0.772727 0.078731
vt 0.681818 0.078731
vt 0.545455 0.000000
vt 0.590909 0.078731
vt 0.500000 0.078731
vt 0.318182 0.236191
vt 0.090910 0.157461
vt 0.181819 0.157461
vt 0.136365 0.236191
vt 0.818182 0.157461
vt 0.909091 0.157461
vt 0.863636 0.236191
vt 0.636364 0.157461
vt 0.727273 0.157461
vt 0.681818 0.236191
vt 0.454546 0.157461
vt 0.545455 0.157461
vt 0.500000 0.236191
vt 0.227273 0.236191
vt 0.045455 0.236191
vt 0.772727 0.236191
vt 0.590909 0.236191
vt 0.409092 0.236191
vt 0.181819 0.314921
vt 0.272728 0.314921
vt 0.227273 0.393651
vt 0.000000 0.314921
vt 0.090910 0.314921
vt 0.045455 0.393651
vt 0.727273 0.314921
vt 0.818182 0.314921
vt 0.772727 0.393651
vt 0.545455 0.314921
vt 0.636364 0.314921
vt 0.590909 0.393651
vt 0.363637 0.314921
vt 0.454546 0.314921
vt 0.409092 0.393651
vt 0.500000 0.393651
vt 0.454546 0.472382
vt 0.681818 0.393651
vt 0.636364 0.472382
vt 0.863636 0.393651
vt 0.818182 0.472382
vt 0.909091 0.314921
vt 0.136365 0.393651
vt 0.090910 0.472382
vt 0.318182 0.393651
vt 0.272728 0.472382
vt 0.954545 0.236191
vt 1.000000 0.157461
vt 0.409092 0.078731
vt 0.363637 0.000000
s 1
usemtl Bush.001
f 2999/4222/2984 3012/4223/2997 3011/4224/2996
f 3000/4225/2985 3012/4226/2997 3014/4227/2999
f 2999/4228/2984 3011/4229/2996 3016/4230/3001
f 2999/4231/2984 3016/4232/3001 3018/4233/3003
f 2999/4234/2984 3018/4235/3003 3015/4236/3000
f 3000/4225/2985 3014/4227/2999 3021/4237/3006
f 3001/4238/2986 3013/4239/2998 3023/4240/3008
f 3002/4241/2987 3017/4242/3002 3025/4243/3010
f 3003/4244/2988 3019/4245/3004 3027/4246/3012
f 3004/4247/2989 3020/4248/3005 3029/4249/3014
f 3000/4225/2985 3021/4237/3006 3024/4250/3009
f 3001/4238/2986 3023/4240/3008 3026/4251/3011
f 3002/4241/2987 3025/4243/3010 3028/4252/3013
f 3003/4244/2988 3027/4246/3012 3030/4253/3015
f 3004/4247/2989 3029/4249/3014 3022/4254/3007
f 3005/4255/2990 3031/4256/3016 3036/4257/3021
f 3006/4258/2991 3032/4259/3017 3038/4260/3023
f 3007/4261/2992 3033/4262/3018 3039/4263/3024
f 3008/4264/2993 3034/4265/3019 3040/4266/3025
f 3009/4267/2994 3035/4268/3020 3037/4269/3022
f 3037/4269/3022 3040/4270/3025 3010/4271/2995
f 3037/4269/3022 3035/4268/3020 3040/4270/3025
f 3035/4268/3020 3008/4264/2993 3040/4270/3025
f 3040/4266/3025 3039/4272/3024 3010/4273/2995
f 3040/4266/3025 3034/4265/3019 3039/4272/3024
f 3034/4265/3019 3007/4261/2992 3039/4272/3024
f 3039/4263/3024 3038/4274/3023 3010/4275/2995
f 3039/4263/3024 3033/4262/3018 3038/4274/3023
f 3033/4262/3018 3006/4276/2991 3038/4274/3023
f 3038/4260/3023 3036/4277/3021 3010/4278/2995
f 3038/4260/3023 3032/4259/3017 3036/4277/3021
f 3032/4259/3017 3005/4255/2990 3036/4277/3021
f 3036/4257/3021 3037/4279/3022 3010/4280/2995
f 3036/4257/3021 3031/4256/3016 3037/4279/3022
f 3031/4256/3016 3009/4267/2994 3037/4279/3022
f 3022/4254/3007 3035/4268/3020 3009/4267/2994
f 3022/4254/3007 3029/4249/3014 3035/4268/3020
f 3029/4249/3014 3008/4264/2993 3035/4268/3020
f 3030/4253/3015 3034/4265/3019 3008/4264/2993
f 3030/4253/3015 3027/4246/3012 3034/4265/3019
f 3027/4246/3012 3007/4261/2992 3034/4265/3019
f 3028/4252/3013 3033/4262/3018 3007/4261/2992
f 3028/4252/3013 3025/4243/3010 3033/4262/3018
f 3025/4243/3010 3006/4276/2991 3033/4262/3018
f 3026/4251/3011 3032/4259/3017 3006/4258/2991
f 3026/4251/3011 3023/4240/3008 3032/4259/3017
f 3023/4240/3008 3005/4255/2990 3032/4259/3017
f 3024/4250/3009 3031/4256/3016 3005/4255/2990
f 3024/4250/3009 3021/4237/3006 3031/4256/3016
f 3021/4237/3006 3009/4267/2994 3031/4256/3016
f 3029/4249/3014 3030/4253/3015 3008/4264/2993
f 3029/4249/3014 3020/4248/3005 3030/4253/3015
f 3020/4248/3005 3003/4244/2988 3030/4253/3015
f 3027/4246/3012 3028/4252/3013 3007/4261/2992
f 3027/4246/3012 3019/4245/3004 3028/4252/3013
f 3019/4245/3004 3002/4241/2987 3028/4252/3013
f 3025/4243/3010 3026/4281/3011 3006/4276/2991
f 3025/4243/3010 3017/4242/3002 3026/4281/3011
f 3017/4242/3002 3001/4282/2986 3026/4281/3011
f 3023/4240/3008 3024/4250/3009 3005/4255/2990
f 3023/4240/3008 3013/4239/2998 3024/4250/3009
f 3013/4239/2998 3000/4225/2985 3024/4250/3009
f 3021/4237/3006 3022/4254/3007 3009/4267/2994
f 3021/4237/3006 3014/4227/2999 3022/4254/3007
f 3014/4227/2999 3004/4247/2989 3022/4254/3007
f 3015/4236/3000 3020/4248/3005 3004/4247/2989
f 3015/4236/3000 3018/4235/3003 3020/4248/3005
f 3018/4235/3003 3003/4244/2988 3020/4248/3005
f 3018/4233/3003 3019/4245/3004 3003/4244/2988
f 3018/4233/3003 3016/4232/3001 3019/4245/3004
f 3016/4232/3001 3002/4241/2987 3019/4245/3004
f 3016/4230/3001 3017/4242/3002 3002/4241/2987
f 3016/4230/3001 3011/4229/2996 3017/4242/3002
f 3011/4229/2996 3001/4282/2986 3017/4242/3002
f 3014/4227/2999 3015/4283/3000 3004/4247/2989
f 3014/4227/2999 3012/4226/2997 3015/4283/3000
f 3012/4226/2997 2999/4284/2984 3015/4283/3000
f 3011/4224/2996 3013/4239/2998 3001/4238/2986
f 3011/4224/2996 3012/4223/2997 3013/4239/2998
f 3012/4223/2997 3000/4225/2985 3013/4239/2998
o Icosphere.002
v -10.000000 -2.000000 -0.020000
v -10.434164 -1.684565 0.212168
v -9.834167 -1.489610 0.212168
v -9.463345 -2.000000 0.212169
v -9.834167 -2.510390 0.212168
v -10.434164 -2.315435 0.212168
v -10.165833 -1.489610 0.587832
v -9.565836 -1.684565 0.587832
v -9.565836 -2.315435 0.587832
v -10.165833 -2.510390 0.587832
v -10.536655 -2.000000 0.587831
v -10.000000 -2.000000 0.820000
v -9.902527 -1.700003 0.042725
v -10.255194 -1.814593 0.042725
v -10.157722 -1.514593 0.179190
v -10.510388 -2.000000 0.179191
v -10.255194 -2.185407 0.042725
v -9.684562 -2.000000 0.042726
v -9.587087 -1.700002 0.179191
v -9.902527 -2.299997 0.042725
v -9.587087 -2.299998 0.179191
v -10.157722 -2.485407 0.179190
v -10.570635 -1.814592 0.400000
v -10.570635 -2.185408 0.400000
v -10.000000 -1.400000 0.400000
v -10.352672 -1.514590 0.400000
v -9.429365 -1.814592 0.400000
v -9.647328 -1.514590 0.400000
v -9.647328 -2.485410 0.400000
v -9.429365 -2.185408 0.400000
v -10.352672 -2.485410 0.400000
v -10.000000 -2.600000 0.400000
v -10.412913 -1.700002 0.620809
v -9.842278 -1.514593 0.620810
v -9.489612 -2.000000 0.620809
v -9.842278 -2.485407 0.620810
v -10.412913 -2.299998 0.620809
v -10.097473 -1.700003 0.757275
v -10.315438 -2.000000 0.757274
v -9.744806 -1.814593 0.757275
v -9.744806 -2.185407 0.757275
v -10.097473 -2.299997 0.757275
vn -0.0000 -0.0000 -1.0000
vn -0.6766 0.4916 -0.5483
vn 0.2584 0.7954 -0.5483
vn 0.8363 -0.0000 -0.5483
vn 0.2584 -0.7954 -0.5483
vn -0.6766 -0.4916 -0.5483
vn -0.2584 0.7954 0.5483
vn 0.6766 0.4916 0.5483
vn 0.6766 -0.4916 0.5483
vn -0.2584 -0.7954 0.5483
vn -0.8363 -0.0000 0.5483
vn -0.0000 -0.0000 1.0000
vn 0.1286 0.3957 -0.9093
vn -0.3366 0.2446 -0.9093
vn -0.2411 0.7419 -0.6256
vn -0.7801 -0.0000 -0.6256
vn -0.3366 -0.2446 -0.9093
vn 0.4161 -0.0000 -0.9093
vn 0.6311 0.4585 -0.6256
vn 0.1286 -0.3957 -0.9093
vn 0.6311 -0.4585 -0.6256
vn -0.2411 -0.7419 -0.6256
vn -0.9511 0.3090 -0.0000
vn -0.9511 -0.3090 -0.0000
vn -0.0000 1.0000 -0.0000
vn -0.5878 0.8090 -0.0000
vn 0.9511 0.3090 -0.0000
vn 0.5878 0.8090 -0.0000
vn 0.5878 -0.8090 -0.0000
vn 0.9511 -0.3090 -0.0000
vn -0.5878 -0.8090 -0.0000
vn -0.0000 -1.0000 -0.0000
vn -0.6311 0.4585 0.6256
vn 0.2411 0.7419 0.6256
vn 0.7801 -0.0000 0.6256
vn 0.2411 -0.7419 0.6256
vn -0.6311 -0.4585 0.6256
vn -0.1286 0.3957 0.9093
vn -0.4161 -0.0000 0.9093
vn 0.3366 0.2446 0.9093
vn 0.3366 -0.2446 0.9093
vn -0.1286 -0.3957 0.9093
vt 0.181819 0.000000
vt 0.227273 0.078731
vt 0.136365 0.078731
vt 0.272728 0.157461
vt 0.318182 0.078731
vt 0.363637 0.157461
vt 0.909091 0.000000
vt 0.954545 0.078731
vt 0.863636 0.078731
vt 0.727273 0.000000
vt 0.772727 0.078731
vt 0.681818 0.078731
vt 0.545455 0.000000
vt 0.590909 0.078731
vt 0.500000 0.078731
vt 0.318182 0.236191
vt 0.090910 0.157461
vt 0.181819 0.157461
vt 0.136365 0.236191
vt 0.818182 0.157461
vt 0.909091 0.157461
vt 0.863636 0.236191
vt 0.636364 0.157461
vt 0.727273 0.157461
vt 0.681818 0.236191
vt 0.454546 0.157461
vt 0.545455 0.157461
vt 0.500000 0.236191
vt 0.227273 0.236191
vt 0.045455 0.236191
vt 0.772727 0.236191
vt 0.590909 0.236191
vt 0.409092 0.236191
vt 0.181819 0.314921
vt 0.272728 0.314921
vt 0.227273 0.393651
vt 0.000000 0.314921
vt 0.090910 0.314921
vt 0.045455 0.393651
vt 0.727273 0.314921
vt 0.818182 0.314921
vt 0.772727 0.393651
vt 0.545455 0.314921
vt 0.636364 0.314921
vt 0.590909 0.393651
vt 0.363637 0.314921
vt 0.454546 0.314921
vt 0.409092 0.393651
vt 0.500000 0.393651
vt 0.454546 0.472382
vt 0.681818 0.393651
vt 0.636364 0.472382
vt 0.863636 0.393651
vt 0.818182 0.472382
vt 0.909091 0.314921
vt 0.136365 0.393651
vt 0.090910 0.472382
vt 0.318182 0.393651
vt 0.272728 0.472382
vt 0.954545 0.236191
vt 1.000000 0.157461
vt 0.409092 0.078731
vt 0.363637 0.000000
s 1
usemtl Bush.002
f 3041/4285/3026 3054/4286/3039 3053/4287/3038
f 3042/4288/3027 3054/4289/3039 3056/4290/3041
f 3041/4291/3026 3053/4292/3038 3058/4293/3043
f 3041/4294/3026 3058/4295/3043 3060/4296/3045
f 3041/4297/3026 3060/4298/3045 3057/4299/3042
f 3042/4288/3027 3056/4290/3041 3063/4300/3048
f 3043/4301/3028 3055/4302/3040 3065/4303/3050
f 3044/4304/3029 3059/4305/3044 3067/4306/3052
f 3045/4307/3030 3061/4308/3046 3069/4309/3054
f 3046/4310/3031 3062/4311/3047 3071/4312/3056
f 3042/4288/3027 3063/4300/3048 3066/4313/3051
f 3043/4301/3028 3065/4303/3050 3068/4314/3053
f 3044/4304/3029 3067/4306/3052 3070/4315/3055
f 3045/4307/3030 3069/4309/3054 3072/4316/3057
f 3046/4310/3031 3071/4312/3056 3064/4317/3049
f 3047/4318/3032 3073/4319/3058 3078/4320/3063
f 3048/4321/3033 3074/4322/3059 3080/4323/3065
f 3049/4324/3034 3075/4325/3060 3081/4326/3066
f 3050/4327/3035 3076/4328/3061 3082/4329/3067
f 3051/4330/3036 3077/4331/3062 3079/4332/3064
f 3079/4332/3064 3082/4333/3067 3052/4334/3037
f 3079/4332/3064 3077/4331/3062 3082/4333/3067
f 3077/4331/3062 3050/4327/3035 3082/4333/3067
f 3082/4329/3067 3081/4335/3066 3052/4336/3037
f 3082/4329/3067 3076/4328/3061 3081/4335/3066
f 3076/4328/3061 3049/4324/3034 3081/4335/3066
f 3081/4326/3066 3080/4337/3065 3052/4338/3037
f 3081/4326/3066 3075/4325/3060 3080/4337/3065
f 3075/4325/3060 3048/4339/3033 3080/4337/3065
f 3080/4323/3065 3078/4340/3063 3052/4341/3037
f 3080/4323/3065 3074/4322/3059 3078/4340/3063
f 3074/4322/3059 3047/4318/3032 3078/4340/3063
f 3078/4320/3063 3079/4342/3064 3052/4343/3037
f 3078/4320/3063 3073/4319/3058 3079/4342/3064
f 3073/4319/3058 3051/4330/3036 3079/4342/3064
f 3064/4317/3049 3077/4331/3062 3051/4330/3036
f 3064/4317/3049 3071/4312/3056 3077/4331/3062
f 3071/4312/3056 3050/4327/3035 3077/4331/3062
f 3072/4316/3057 3076/4328/3061 3050/4327/3035
f 3072/4316/3057 3069/4309/3054 3076/4328/3061
f 3069/4309/3054 3049/4324/3034 3076/4328/3061
f 3070/4315/3055 3075/4325/3060 3049/4324/3034
f 3070/4315/3055 3067/4306/3052 3075/4325/3060
f 3067/4306/3052 3048/4339/3033 3075/4325/3060
f 3068/4314/3053 3074/4322/3059 3048/4321/3033
f 3068/4314/3053 3065/4303/3050 3074/4322/3059
f 3065/4303/3050 3047/4318/3032 3074/4322/3059
f 3066/4313/3051 3073/4319/3058 3047/4318/3032
f 3066/4313/3051 3063/4300/3048 3073/4319/3058
f 3063/4300/3048 3051/4330/3036 3073/4319/3058
f 3071/4312/3056 3072/4316/3057 3050/4327/3035
f 3071/4312/3056 3062/4311/3047 3072/4316/3057
f 3062/4311/3047 3045/4307/3030 3072/4316/3057
f 3069/4309/3054 3070/4315/3055 3049/4324/3034
f 3069/4309/3054 3061/4308/3046 3070/4315/3055
f 3061/4308/3046 3044/4304/3029 3070/4315/3055
f 3067/4306/3052 3068/4344/3053 3048/4339/3033
f 3067/4306/3052 3059/4305/3044 3068/4344/3053
f 3059/4305/3044 3043/4345/3028 3068/4344/3053
f 3065/4303/3050 3066/4313/3051 3047/4318/3032
f 3065/4303/3050 3055/4302/3040 3066/4313/3051
f 3055/4302/3040 3042/4288/3027 3066/4313/3051
f 3063/4300/3048 3064/4317/3049 3051/4330/3036
f 3063/4300/3048 3056/4290/3041 3064/4317/3049
f 3056/4290/3041 3046/4310/3031 3064/4317/3049
f 3057/4299/3042 3062/4311/3047 3046/4310/3031
f 3057/4299/3042 3060/4298/3045 3062/4311/3047
f 3060/4298/3045 3045/4307/3030 3062/4311/3047
f 3060/4296/3045 3061/4308/3046 3045/4307/3030
f 3060/4296/3045 3058/4295/3043 3061/4308/3046
f 3058/4295/3043 3044/4304/3029 3061/4308/3046
f 3058/4293/3043 3059/4305/3044 3044/4304/3029
f 3058/4293/3043 3053/4292/3038 3059/4305/3044
f 3053/4292/3038 3043/4345/3028 3059/4305/3044
f 3056/4290/3041 3057/4346/3042 3046/4310/3031
f 3056/4290/3041 3054/4289/3039 3057/4346/3042
f 3054/4289/3039 3041/4347/3026 3057/4346/3042
f 3053/4287/3038 3055/4302/3040 3043/4301/3028
f 3053/4287/3038 3054/4286/3039 3055/4302/3040
f 3054/4286/3039 3042/4288/3027 3055/4302/3040
o Icosphere.003
v 10.000000 -2.000000 -0.020000
v 9.565836 -1.684565 0.212168
v 10.165833 -1.489610 0.212168
v 10.536655 -2.000000 0.212169
v 10.165833 -2.510390 0.212168
v 9.565836 -2.315435 0.212168
v 9.834167 -1.489610 0.587832
v 10.434164 -1.684565 0.587832
v 10.434164 -2.315435 0.587832
v 9.834167 -2.510390 0.587832
v 9.463345 -2.000000 0.587831
v 10.000000 -2.000000 0.820000
v 10.097473 -1.700003 0.042725
v 9.744806 -1.814593 0.042725
v 9.842278 -1.514593 0.179190
v 9.489612 -2.000000 0.179191
v 9.744806 -2.185407 0.042725
v 10.315438 -2.000000 0.042726
v 10.412913 -1.700002 0.179191
v 10.097473 -2.299997 0.042725
v 10.412913 -2.299998 0.179191
v 9.842278 -2.485407 0.179190
v 9.429365 -1.814592 0.400000
v 9.429365 -2.185408 0.400000
v 10.000000 -1.400000 0.400000
v 9.647328 -1.514590 0.400000
v 10.570635 -1.814592 0.400000
v 10.352672 -1.514590 0.400000
v 10.352672 -2.485410 0.400000
v 10.570635 -2.185408 0.400000
v 9.647328 -2.485410 0.400000
v 10.000000 -2.600000 0.400000
v 9.587087 -1.700002 0.620809
v 10.157722 -1.514593 0.620810
v 10.510388 -2.000000 0.620809
v 10.157722 -2.485407 0.620810
v 9.587087 -2.299998 0.620809
v 9.902527 -1.700003 0.757275
v 9.684562 -2.000000 0.757274
v 10.255194 -1.814593 0.757275
v 10.255194 -2.185407 0.757275
v 9.902527 -2.299997 0.757275
vn -0.0000 -0.0000 -1.0000
vn -0.6766 0.4916 -0.5483
vn 0.2584 0.7954 -0.5483
vn 0.8363 -0.0000 -0.5483
vn 0.2584 -0.7954 -0.5483
vn -0.6766 -0.4916 -0.5483
vn -0.2584 0.7954 0.5483
vn 0.6766 0.4916 0.5483
vn 0.6766 -0.4916 0.5483
vn -0.2584 -0.7954 0.5483
vn -0.8363 -0.0000 0.5483
vn -0.0000 -0.0000 1.0000
vn 0.1286 0.3957 -0.9093
vn -0.3366 0.2446 -0.9093
vn -0.2411 0.7419 -0.6256
vn -0.7801 -0.0000 -0.6256
vn -0.3366 -0.2446 -0.9093
vn 0.4161 -0.0000 -0.9093
vn 0.6311 0.4585 -0.6256
vn 0.1286 -0.3957 -0.9093
vn 0.6311 -0.4585 -0.6256
vn -0.2411 -0.7419 -0.6256
vn -0.9511 0.3090 -0.0000
vn -0.9511 -0.3090 -0.0000
vn -0.0000 1.0000 -0.0000
vn -0.5878 0.8090 -0.0000
vn 0.9511 0.3090 -0.0000
vn 0.5878 0.8090 -0.0000
vn 0.5878 -0.8090 -0.0000
vn 0.9511 -0.3090 -0.0000
vn -0.5878 -0.8090 -0.0000
vn -0.0000 -1.0000 -0.0000
vn -0.6311 0.4585 0.6256
vn 0.2411 0.7419 0.6256
vn 0.7801 -0.0000 0.6256
vn 0.2411 -0.7419 0.6256
vn -0.6311 -0.4585 0.6256
vn -0.1286 0.3957 0.9093
vn -0.4161 -0.0000 0.9093
vn 0.3366 0.2446 0.9093
vn 0.3366 -0.2446 0.9093
vn -0.1286 -0.3957 0.9093
vt 0.181819 0.000000
vt 0.227273 0.078731
vt 0.136365 0.078731
vt 0.272728 0.157461
vt 0.318182 0.078731
vt 0.363637 0.157461
vt 0.909091 0.000000
vt 0.954545 0.078731
vt 0.863636 0.078731
vt 0.727273 0.000000
vt 0.772727 0.078731
vt 0.681818 0.078731
vt 0.545455 0.000000
vt 0.590909 0.078731
vt 0.500000 0.078731
vt 0.318182 0.236191
vt 0.090910 0.157461
vt 0.181819 0.157461
vt 0.136365 0.236191
vt 0.818182 0.157461
vt 0.909091 0.157461
vt 0.863636 0.236191
vt 0.636364 0.157461
vt 0.727273 0.157461
vt 0.681818 0.236191
vt 0.454546 0.157461
vt 0.545455 0.157461
vt 0.500000 0.236191
vt 0.227273 0.236191
vt 0.045455 0.236191
vt 0.772727 0.236191
vt 0.590909 0.236191
vt 0.409092 0.236191
vt 0.181819 0.314921
vt 0.272728 0.314921
vt 0.227273 0.393651
vt 0.000000 0.314921
vt 0.090910 0.314921
vt 0.045455 0.393651
vt 0.727273 0.314921
vt 0.818182 0.314921
vt 0.772727 0.393651
vt 0.545455 0.314921
vt 0.636364 0.314921
vt 0.590909 0.393651
vt 0.363637 0.314921
vt 0.454546 0.314921
vt 0.409092 0.393651
vt 0.500000 0.393651
vt 0.454546 0.472382
vt 0.681818 0.393651
vt 0.636364 0.472382
vt 0.863636 0.393651
vt 0.818182 0.472382
vt 0.909091 0.314921
vt 0.136365 0.393651
vt 0.090910 0.472382
vt 0.318182 0.393651
vt 0.272728 0.472382
vt 0.954545 0.236191
vt 1.000000 0.157461
vt 0.409092 0.078731
vt 0.363637 0.000000
s 1
usemtl Bush.003
f 3083/4348/3068 3096/4349/3081 3095/4350/3080
f 3084/4351/3069 3096/4352/3081 3098/4353/3083
f 3083/4354/3068 3095/4355/3080 3100/4356/3085
f 3083/4357/3068 3100/4358/3085 3102/4359/3087
f 3083/4360/3068 3102/4361/3087 3099/4362/3084
f 3084/4351/3069 3098/4353/3083 3105/4363/3090
f 3085/4364/3070 3097/4365/3082 3107/4366/3092
f 3086/4367/3071 3101/4368/3086 3109/4369/3094
f 3087/4370/3072 3103/4371/3088 3111/4372/3096
f 3088/4373/3073 3104/4374/3089 3113/4375/3098
f 3084/4351/3069 3105/4363/3090 3108/4376/3093
f 3085/4364/3070 3107/4366/3092 3110/4377/3095
f 3086/4367/3071 3109/4369/3094 3112/4378/3097
f 3087/4370/3072 3111/4372/3096 3114/4379/3099
f 3088/4373/3073 3113/4375/3098 3106/4380/3091
f 3089/4381/3074 3115/4382/3100 3120/4383/3105
f 3090/4384/3075 3116/4385/3101 3122/4386/3107
f 3091/4387/3076 3117/4388/3102 3123/4389/3108
f 3092/4390/3077 3118/4391/3103 3124/4392/3109
f 3093/4393/3078 3119/4394/3104 3121/4395/3106
f 3121/4395/3106 3124/4396/3109 3094/4397/3079
f 3121/4395/3106 3119/4394/3104 3124/4396/3109
f 3119/4394/3104 3092/4390/3077 3124/4396/3109
f 3124/4392/3109 3123/4398/3108 3094/4399/3079
f 3124/4392/3109 3118/4391/3103 3123/4398/3108
f 3118/4391/3103 3091/4387/3076 3123/4398/3108
f 3123/4389/3108 3122/4400/3107 3094/4401/3079
f 3123/4389/3108 3117/4388/3102 3122/4400/3107
f 3117/4388/3102 3090/4402/3075 3122/4400/3107
f 3122/4386/3107 3120/4403/3105 3094/4404/3079
f 3122/4386/3107 3116/4385/3101 3120/4403/3105
f 3116/4385/3101 3089/4381/3074 3120/4403/3105
f 3120/4383/3105 3121/4405/3106 3094/4406/3079
f 3120/4383/3105 3115/4382/3100 3121/4405/3106
f 3115/4382/3100 3093/4393/3078 3121/4405/3106
f 3106/4380/3091 3119/4394/3104 3093/4393/3078
f 3106/4380/3091 3113/4375/3098 3119/4394/3104
f 3113/4375/3098 3092/4390/3077 3119/4394/3104
f 3114/4379/3099 3118/4391/3103 3092/4390/3077
f 3114/4379/3099 3111/4372/3096 3118/4391/3103
f 3111/4372/3096 3091/4387/3076 3118/4391/3103
f 3112/4378/3097 3117/4388/3102 3091/4387/3076
f 3112/4378/3097 3109/4369/3094 3117/4388/3102
f 3109/4369/3094 3090/4402/3075 3117/4388/3102
f 3110/4377/3095 3116/4385/3101 3090/4384/3075
f 3110/4377/3095 3107/4366/3092 3116/4385/3101
f 3107/4366/3092 3089/4381/3074 3116/4385/3101
f 3108/4376/3093 3115/4382/3100 3089/4381/3074
f 3108/4376/3093 3105/4363/3090 3115/4382/3100
f 3105/4363/3090 3093/4393/3078 3115/4382/3100
f 3113/4375/3098 3114/4379/3099 3092/4390/3077
f 3113/4375/3098 3104/4374/3089 3114/4379/3099
f 3104/4374/3089 3087/4370/3072 3114/4379/3099
f 3111/4372/3096 3112/4378/3097 3091/4387/3076
f 3111/4372/3096 3103/4371/3088 3112/4378/3097
f 3103/4371/3088 3086/4367/3071 3112/4378/3097
f 3109/4369/3094 3110/4407/3095 3090/4402/3075
f 3109/4369/3094 3101/4368/3086 3110/4407/3095
f 3101/4368/3086 3085/4408/3070 3110/4407/3095
f 3107/4366/3092 3108/4376/3093 3089/4381/3074
f 3107/4366/3092 3097/4365/3082 3108/4376/3093
f 3097/4365/3082 3084/4351/3069 3108/4376/3093
f 3105/4363/3090 3106/4380/3091 3093/4393/3078
f 3105/4363/3090 3098/4353/3083 3106/4380/3091
f 3098/4353/3083 3088/4373/3073 3106/4380/3091
f 3099/4362/3084 3104/4374/3089 3088/4373/3073
f 3099/4362/3084 3102/4361/3087 3104/4374/3089
f 3102/4361/3087 3087/4370/3072 3104/4374/3089
f 3102/4359/3087 3103/4371/3088 3087/4370/3072
f 3102/4359/3087 3100/4358/3085 3103/4371/3088
f 3100/4358/3085 3086/4367/3071 3103/4371/3088
f 3100/4356/3085 3101/4368/3086 3086/4367/3071
f 3100/4356/3085 3095/4355/3080 3101/4368/3086
f 3095/4355/3080 3085/4408/3070 3101/4368/3086
f 3098/4353/3083 3099/4409/3084 3088/4373/3073
f 3098/4353/3083 3096/4352/3081 3099/4409/3084
f 3096/4352/3081 3083/4410/3068 3099/4409/3084
f 3095/4350/3080 3097/4365/3082 3085/4364/3070
f 3095/4350/3080 3096/4349/3081 3097/4365/3082
f 3096/4349/3081 3084/4351/3069 3097/4365/3082
o Icosphere.004
v 6.000000 -6.500000 -0.020000
v 5.565835 -6.184565 0.212168
v 6.165833 -5.989611 0.212168
v 6.536656 -6.500000 0.212169
v 6.165833 -7.010389 0.212168
v 5.565835 -6.815435 0.212168
v 5.834167 -5.989611 0.587832
v 6.434165 -6.184565 0.587832
v 6.434165 -6.815435 0.587832
v 5.834167 -7.010389 0.587832
v 5.463344 -6.500000 0.587831
v 6.000000 -6.500000 0.820000
v 6.097473 -6.200003 0.042725
v 5.744806 -6.314593 0.042725
v 5.842278 -6.014593 0.179190
v 5.489611 -6.500000 0.179191
v 5.744806 -6.685407 0.042725
v 6.315438 -6.500000 0.042726
v 6.412914 -6.200002 0.179191
v 6.097473 -6.799997 0.042725
v 6.412914 -6.799998 0.179191
v 5.842278 -6.985407 0.179190
v 5.429365 -6.314592 0.400000
v 5.429365 -6.685408 0.400000
v 6.000000 -5.900000 0.400000
v 5.647329 -6.014590 0.400000
v 6.570635 -6.314592 0.400000
v 6.352671 -6.014590 0.400000
v 6.352671 -6.985410 0.400000
v 6.570635 -6.685408 0.400000
v 5.647329 -6.985410 0.400000
v 6.000000 -7.100000 0.400000
v 5.587086 -6.200002 0.620809
v 6.157722 -6.014593 0.620810
v 6.510389 -6.500000 0.620809
v 6.157722 -6.985407 0.620810
v 5.587086 -6.799998 0.620809
v 5.902527 -6.200003 0.757275
v 5.684562 -6.500000 0.757274
v 6.255194 -6.314593 0.757275
v 6.255194 -6.685407 0.757275
v 5.902527 -6.799997 0.757275
vn -0.0000 -0.0000 -1.0000
vn -0.6766 0.4916 -0.5483
vn 0.2584 0.7954 -0.5483
vn 0.8363 -0.0000 -0.5483
vn 0.2584 -0.7954 -0.5483
vn -0.6766 -0.4916 -0.5483
vn -0.2584 0.7954 0.5483
vn 0.6766 0.4916 0.5483
vn 0.6766 -0.4916 0.5483
vn -0.2584 -0.7954 0.5483
vn -0.8363 -0.0000 0.5483
vn -0.0000 -0.0000 1.0000
vn 0.1286 0.3957 -0.9093
vn -0.3366 0.2446 -0.9093
vn -0.2411 0.7419 -0.6256
vn -0.7801 -0.0000 -0.6256
vn -0.3366 -0.2446 -0.9093
vn 0.4161 -0.0000 -0.9093
vn 0.6311 0.4585 -0.6256
vn 0.1286 -0.3957 -0.9093
vn 0.6311 -0.4585 -0.6256
vn -0.2411 -0.7419 -0.6256
vn -0.9511 0.3090 -0.0000
vn -0.9511 -0.3090 -0.0000
vn -0.0000 1.0000 -0.0000
vn -0.5878 0.8090 -0.0000
vn 0.9511 0.3090 -0.0000
vn 0.5878 0.8090 -0.0000
vn 0.5878 -0.8090 -0.0000
vn 0.9511 -0.3090 -0.0000
vn -0.5878 -0.8090 -0.0000
vn -0.0000 -1.0000 -0.0000
vn -0.6311 0.4585 0.6256
vn 0.2411 0.7419 0.6256
vn 0.7801 -0.0000 0.6256
vn 0.2411 -0.7419 0.6256
vn -0.6311 -0.4585 0.6256
vn -0.1286 0.3957 0.9093
vn -0.4161 -0.0000 0.9093
vn 0.3366 0.2446 0.9093
vn 0.3366 -0.2446 0.9093
vn -0.1286 -0.3957 0.9093
vt 0.181819 0.000000
vt 0.227273 0.078731
vt 0.136365 0.078731
vt 0.272728 0.157461
vt 0.318182 0.078731
vt 0.363637 0.157461
vt 0.909091 0.000000
vt 0.954545 0.078731
vt 0.863636 0.078731
vt 0.727273 0.000000
vt 0.772727 0.078731
vt 0.681818 0.078731
vt 0.545455 0.000000
vt 0.590909 0.078731
vt 0.500000 0.078731
vt 0.318182 0.236191
vt 0.090910 0.157461
vt 0.181819 0.157461
vt 0.136365 0.236191
vt 0.818182 0.157461
vt 0.909091 0.157461
vt 0.863636 0.236191
vt 0.636364 0.157461
vt 0.727273 0.157461
vt 0.681818 0.236191
vt 0.454546 0.157461
vt 0.545455 0.157461
vt 0.500000 0.236191
vt 0.227273 0.236191
vt 0.045455 0.236191
vt 0.772727 0.236191
vt 0.590909 0.236191
vt 0.409092 0.236191
vt 0.181819 0.314921
vt 0.272728 0.314921
vt 0.227273 0.393651
vt 0.000000 0.314921
vt 0.090910 0.314921
vt 0.045455 0.393651
vt 0.727273 0.314921
vt 0.818182 0.314921
vt 0.772727 0.393651
vt 0.545455 0.314921
vt 0.636364 0.314921
vt 0.590909 0.393651
vt 0.363637 0.314921
vt 0.454546 0.314921
vt 0.409092 0.393651
vt 0.500000 0.393651
vt 0.454546 0.472382
vt 0.681818 0.393651
vt 0.636364 0.472382
vt 0.863636 0.393651
vt 0.818182 0.472382
vt 0.909091 0.314921
vt 0.136365 0.393651
vt 0.090910 0.472382
vt 0.318182 0.393651
vt 0.272728 0.472382
vt 0.954545 0.236191
vt 1.000000 0.157461
vt 0.409092 0.078731
vt 0.363637 0.000000
s 1
usemtl Bush.004
f 3125/4411/3110 3138/4412/3123 3137/4413/3122
f 3126/4414/3111 3138/4415/3123 3140/4416/3125
f 3125/4417/3110 3137/4418/3122 3142/4419/3127
f 3125/4420/3110 3142/4421/3127 3144/4422/3129
f 3125/4423/3110 3144/4424/3129 3141/4425/3126
f 3126/4414/3111 3140/4416/3125 3147/4426/3132
f 3127/4427/3112 3139/4428/3124 3149/4429/3134
f 3128/4430/3113 3143/4431/3128 3151/4432/3136
f 3129/4433/3114 3145/4434/3130 3153/4435/3138
f 3130/4436/3115 3146/4437/3131 3155/4438/3140
f 3126/4414/3111 3147/4426/3132 3150/4439/3135
f 3127/4427/3112 3149/4429/3134 3152/4440/3137
f 3128/4430/3113 3151/4432/3136 3154/4441/3139
f 3129/4433/3114 3153/4435/3138 3156/4442/3141
f 3130/4436/3115 3155/4438/3140 3148/4443/3133
f 3131/4444/3116 3157/4445/3142 3162/4446/3147
f 3132/4447/3117 3158/4448/3143 3164/4449/3149
f 3133/4450/3118 3159/4451/3144 3165/4452/3150
f 3134/4453/3119 3160/4454/3145 3166/4455/3151
f 3135/4456/3120 3161/4457/3146 3163/4458/3148
f 3163/4458/3148 3166/4459/3151 3136/4460/3121
f 3163/4458/3148 3161/4457/3146 3166/4459/3151
f 3161/4457/3146 3134/4453/3119 3166/4459/3151
f 3166/4455/3151 3165/4461/3150 3136/4462/3121
f 3166/4455/3151 3160/4454/3145 3165/4461/3150
f 3160/4454/3145 3133/4450/3118 3165/4461/3150
f 3165/4452/3150 3164/4463/3149 3136/4464/3121
f 3165/4452/3150 3159/4451/3144 3164/4463/3149
f 3159/4451/3144 3132/4465/3117 3164/4463/3149
f 3164/4449/3149 3162/4466/3147 3136/4467/3121
f 3164/4449/3149 3158/4448/3143 3162/4466/3147
f 3158/4448/3143 3131/4444/3116 3162/4466/3147
f 3162/4446/3147 3163/4468/3148 3136/4469/3121
f 3162/4446/3147 3157/4445/3142 3163/4468/3148
f 3157/4445/3142 3135/4456/3120 3163/4468/3148
f 3148/4443/3133 3161/4457/3146 3135/4456/3120
f 3148/4443/3133 3155/4438/3140 3161/4457/3146
f 3155/4438/3140 3134/4453/3119 3161/4457/3146
f 3156/4442/3141 3160/4454/3145 3134/4453/3119
f 3156/4442/3141 3153/4435/3138 3160/4454/3145
f 3153/4435/3138 3133/4450/3118 3160/4454/3145
f 3154/4441/3139 3159/4451/3144 3133/4450/3118
f 3154/4441/3139 3151/4432/3136 3159/4451/3144
f 3151/4432/3136 3132/4465/3117 3159/4451/3144
f 3152/4440/3137 3158/4448/3143 3132/4447/3117
f 3152/4440/3137 3149/4429/3134 3158/4448/3143
f 3149/4429/3134 3131/4444/3116 3158/4448/3143
f 3150/4439/3135 3157/4445/3142 3131/4444/3116
f 3150/4439/3135 3147/4426/3132 3157/4445/3142
f 3147/4426/3132 3135/4456/3120 3157/4445/3142
f 3155/4438/3140 3156/4442/3141 3134/4453/3119
f 3155/4438/3140 3146/4437/3131 3156/4442/3141
f 3146/4437/3131 3129/4433/3114 3156/4442/3141
f 3153/4435/3138 3154/4441/3139 3133/4450/3118
f 3153/4435/3138 3145/4434/3130 3154/4441/3139
f 3145/4434/3130 3128/4430/3113 3154/4441/3139
f 3151/4432/3136 3152/4470/3137 3132/4465/3117
f 3151/4432/3136 3143/4431/3128 3152/4470/3137
f 3143/4431/3128 3127/4471/3112 3152/4470/3137
f 3149/4429/3134 3150/4439/3135 3131/4444/3116
f 3149/4429/3134 3139/4428/3124 3150/4439/3135
f 3139/4428/3124 3126/4414/3111 3150/4439/3135
f 3147/4426/3132 3148/4443/3133 3135/4456/3120
f 3147/4426/3132 3140/4416/3125 3148/4443/3133
f 3140/4416/3125 3130/4436/3115 3148/4443/3133
f 3141/4425/3126 3146/4437/3131 3130/4436/3115
f 3141/4425/3126 3144/4424/3129 3146/4437/3131
f 3144/4424/3129 3129/4433/3114 3146/4437/3131
f 3144/4422/3129 3145/4434/3130 3129/4433/3114
f 3144/4422/3129 3142/4421/3127 3145/4434/3130
f 3142/4421/3127 3128/4430/3113 3145/4434/3130
f 3142/4419/3127 3143/4431/3128 3128/4430/3113
f 3142/4419/3127 3137/4418/3122 3143/4431/3128
f 3137/4418/3122 3127/4471/3112 3143/4431/3128
f 3140/4416/3125 3141/4472/3126 3130/4436/3115
f 3140/4416/3125 3138/4415/3123 3141/4472/3126
f 3138/4415/3123 3125/4473/3110 3141/4472/3126
f 3137/4413/3122 3139/4428/3124 3127/4427/3112
f 3137/4413/3122 3138/4412/3123 3139/4428/3124
f 3138/4412/3123 3126/4414/3111 3139/4428/3124
o Icosphere.005
v -6.000000 -6.500000 -0.020000
v -6.434165 -6.184565 0.212168
v -5.834167 -5.989611 0.212168
v -5.463344 -6.500000 0.212169
v -5.834167 -7.010389 0.212168
v -6.434165 -6.815435 0.212168
v -6.165833 -5.989611 0.587832
v -5.565835 -6.184565 0.587832
v -5.565835 -6.815435 0.587832
v -6.165833 -7.010389 0.587832
v -6.536656 -6.500000 0.587831
v -6.000000 -6.500000 0.820000
v -5.902527 -6.200003 0.042725
v -6.255194 -6.314593 0.042725
v -6.157722 -6.014593 0.179190
v -6.510389 -6.500000 0.179191
v -6.255194 -6.685407 0.042725
v -5.684562 -6.500000 0.042726
v -5.587086 -6.200002 0.179191
v -5.902527 -6.799997 0.042725
v -5.587086 -6.799998 0.179191
v -6.157722 -6.985407 0.179190
v -6.570635 -6.314592 0.400000
v -6.570635 -6.685408 0.400000
v -6.000000 -5.900000 0.400000
v -6.352671 -6.014590 0.400000
v -5.429365 -6.314592 0.400000
v -5.647329 -6.014590 0.400000
v -5.647329 -6.985410 0.400000
v -5.429365 -6.685408 0.400000
v -6.352671 -6.985410 0.400000
v -6.000000 -7.100000 0.400000
v -6.412914 -6.200002 0.620809
v -5.842278 -6.014593 0.620810
v -5.489611 -6.500000 0.620809
v -5.842278 -6.985407 0.620810
v -6.412914 -6.799998 0.620809
v -6.097473 -6.200003 0.757275
v -6.315438 -6.500000 0.757274
v -5.744806 -6.314593 0.757275
v -5.744806 -6.685407 0.757275
v -6.097473 -6.799997 0.757275
vn -0.0000 -0.0000 -1.0000
vn -0.6766 0.4916 -0.5483
vn 0.2584 0.7954 -0.5483
vn 0.8363 -0.0000 -0.5483
vn 0.2584 -0.7954 -0.5483
vn -0.6766 -0.4916 -0.5483
vn -0.2584 0.7954 0.5483
vn 0.6766 0.4916 0.5483
vn 0.6766 -0.4916 0.5483
vn -0.2584 -0.7954 0.5483
vn -0.8363 -0.0000 0.5483
vn -0.0000 -0.0000 1.0000
vn 0.1286 0.3957 -0.9093
vn -0.3366 0.2446 -0.9093
vn -0.2411 0.7419 -0.6256
vn -0.7801 -0.0000 -0.6256
vn -0.3366 -0.2446 -0.9093
vn 0.4161 -0.0000 -0.9093
vn 0.6311 0.4585 -0.6256
vn 0.1286 -0.3957 -0.9093
vn 0.6311 -0.4585 -0.6256
vn -0.2411 -0.7419 -0.6256
vn -0.9511 0.3090 -0.0000
vn -0.9511 -0.3090 -0.0000
vn -0.0000 1.0000 -0.0000
vn -0.5878 0.8090 -0.0000
vn 0.9511 0.3090 -0.0000
vn 0.5878 0.8090 -0.0000
vn 0.5878 -0.8090 -0.0000
vn 0.9511 -0.3090 -0.0000
vn -0.5878 -0.8090 -0.0000
vn -0.0000 -1.0000 -0.0000
vn -0.6311 0.4585 0.6256
vn 0.2411 0.7419 0.6256
vn 0.7801 -0.0000 0.6256
vn 0.2411 -0.7419 0.6256
vn -0.6311 -0.4585 0.6256
vn -0.1286 0.3957 0.9093
vn -0.4161 -0.0000 0.9093
vn 0.3366 0.2446 0.9093
vn 0.3366 -0.2446 0.9093
vn -0.1286 -0.3957 0.9093
vt 0.181819 0.000000
vt 0.227273 0.078731
vt 0.136365 0.078731
vt 0.272728 0.157461
vt 0.318182 0.078731
vt 0.363637 0.157461
vt 0.909091 0.000000
vt 0.954545 0.078731
vt 0.863636 0.078731
vt 0.727273 0.000000
vt 0.772727 0.078731
vt 0.681818 0.078731
vt 0.545455 0.000000
vt 0.590909 0.078731
vt 0.500000 0.078731
vt 0.318182 0.236191
vt 0.090910 0.157461
vt 0.181819 0.157461
vt 0.136365 0.236191
vt 0.818182 0.157461
vt 0.909091 0.157461
vt 0.863636 0.236191
vt 0.636364 0.157461
vt 0.727273 0.157461
vt 0.681818 0.236191
vt 0.454546 0.157461
vt 0.545455 0.157461
vt 0.500000 0.236191
vt 0.227273 0.236191
vt 0.045455 0.236191
vt 0.772727 0.236191
vt 0.590909 0.236191
vt 0.409092 0.236191
vt 0.181819 0.314921
vt 0.272728 0.314921
vt 0.227273 0.393651
vt 0.000000 0.314921
vt 0.090910 0.314921
vt 0.045455 0.393651
vt 0.727273 0.314921
vt 0.818182 0.314921
vt 0.772727 0.393651
vt 0.545455 0.314921
vt 0.636364 0.314921
vt 0.590909 0.393651
vt 0.363637 0.314921
vt 0.454546 0.314921
vt 0.409092 0.393651
vt 0.500000 0.393651
vt 0.454546 0.472382
vt 0.681818 0.393651
vt 0.636364 0.472382
vt 0.863636 0.393651
vt 0.818182 0.472382
vt 0.909091 0.314921
vt 0.136365 0.393651
vt 0.090910 0.472382
vt 0.318182 0.393651
vt 0.272728 0.472382
vt 0.954545 0.236191
vt 1.000000 0.157461
vt 0.409092 0.078731
vt 0.363637 0.000000
s 1
usemtl Bush.005
f 3167/4474/3152 3180/4475/3165 3179/4476/3164
f 3168/4477/3153 3180/4478/3165 3182/4479/3167
f 3167/4480/3152 3179/4481/3164 3184/4482/3169
f 3167/4483/3152 3184/4484/3169 3186/4485/3171
f 3167/4486/3152 3186/4487/3171 3183/4488/3168
f 3168/4477/3153 3182/4479/3167 3189/4489/3174
f 3169/4490/3154 3181/4491/3166 3191/4492/3176
f 3170/4493/3155 3185/4494/3170 3193/4495/3178
f 3171/4496/3156 3187/4497/3172 3195/4498/3180
f 3172/4499/3157 3188/4500/3173 3197/4501/3182
f 3168/4477/3153 3189/4489/3174 3192/4502/3177
f 3169/4490/3154 3191/4492/3176 3194/4503/3179
f 3170/4493/3155 3193/4495/3178 3196/4504/3181
f 3171/4496/3156 3195/4498/3180 3198/4505/3183
f 3172/4499/3157 3197/4501/3182 3190/4506/3175
f 3173/4507/3158 3199/4508/3184 3204/4509/3189
f 3174/4510/3159 3200/4511/3185 3206/4512/3191
f 3175/4513/3160 3201/4514/3186 3207/4515/3192
f 3176/4516/3161 3202/4517/3187 3208/4518/3193
f 3177/4519/3162 3203/4520/3188 3205/4521/3190
f 3205/4521/3190 3208/4522/3193 3178/4523/3163
f 3205/4521/3190 3203/4520/3188 3208/4522/3193
f 3203/4520/3188 3176/4516/3161 3208/4522/3193
f 3208/4518/3193 3207/4524/3192 3178/4525/3163
f 3208/4518/3193 3202/4517/3187 3207/4524/3192
f 3202/4517/3187 3175/4513/3160 3207/4524/3192
f 3207/4515/3192 3206/4526/3191 3178/4527/3163
f 3207/4515/3192 3201/4514/3186 3206/4526/3191
f 3201/4514/3186 3174/4528/3159 3206/4526/3191
f 3206/4512/3191 3204/4529/3189 3178/4530/3163
f 3206/4512/3191 3200/4511/3185 3204/4529/3189
f 3200/4511/3185 3173/4507/3158 3204/4529/3189
f 3204/4509/3189 3205/4531/3190 3178/4532/3163
f 3204/4509/3189 3199/4508/3184 3205/4531/3190
f 3199/4508/3184 3177/4519/3162 3205/4531/3190
f 3190/4506/3175 3203/4520/3188 3177/4519/3162
f 3190/4506/3175 3197/4501/3182 3203/4520/3188
f 3197/4501/3182 3176/4516/3161 3203/4520/3188
f 3198/4505/3183 3202/4517/3187 3176/4516/3161
f 3198/4505/3183 3195/4498/3180 3202/4517/3187
f 3195/4498/3180 3175/4513/3160 3202/4517/3187
f 3196/4504/3181 3201/4514/3186 3175/4513/3160
f 3196/4504/3181 3193/4495/3178 3201/4514/3186
f 3193/4495/3178 3174/4528/3159 3201/4514/3186
f 3194/4503/3179 3200/4511/3185 3174/4510/3159
f 3194/4503/3179 3191/4492/3176 3200/4511/3185
f 3191/4492/3176 3173/4507/3158 3200/4511/3185
f 3192/4502/3177 3199/4508/3184 3173/4507/3158
f 3192/4502/3177 3189/4489/3174 3199/4508/3184
f 3189/4489/3174 3177/4519/3162 3199/4508/3184
f 3197/4501/3182 3198/4505/3183 3176/4516/3161
f 3197/4501/3182 3188/4500/3173 3198/4505/3183
f 3188/4500/3173 3171/4496/3156 3198/4505/3183
f 3195/4498/3180 3196/4504/3181 3175/4513/3160
f 3195/4498/3180 3187/4497/3172 3196/4504/3181
f 3187/4497/3172 3170/4493/3155 3196/4504/3181
f 3193/4495/3178 3194/4533/3179 3174/4528/3159
f 3193/4495/3178 3185/4494/3170 3194/4533/3179
f 3185/4494/3170 3169/4534/3154 3194/4533/3179
f 3191/4492/3176 3192/4502/3177 3173/4507/3158
f 3191/4492/3176 3181/4491/3166 3192/4502/3177
f 3181/4491/3166 3168/4477/3153 3192/4502/3177
f 3189/4489/3174 3190/4506/3175 3177/4519/3162
f 3189/4489/3174 3182/4479/3167 3190/4506/3175
f 3182/4479/3167 3172/4499/3157 3190/4506/3175
f 3183/4488/3168 3188/4500/3173 3172/4499/3157
f 3183/4488/3168 3186/4487/3171 3188/4500/3173
f 3186/4487/3171 3171/4496/3156 3188/4500/3173
f 3186/4485/3171 3187/4497/3172 3171/4496/3156
f 3186/4485/3171 3184/4484/3169 3187/4497/3172
f 3184/4484/3169 3170/4493/3155 3187/4497/3172
f 3184/4482/3169 3185/4494/3170 3170/4493/3155
f 3184/4482/3169 3179/4481/3164 3185/4494/3170
f 3179/4481/3164 3169/4534/3154 3185/4494/3170
f 3182/4479/3167 3183/4535/3168 3172/4499/3157
f 3182/4479/3167 3180/4478/3165 3183/4535/3168
f 3180/4478/3165 3167/4536/3152 3183/4535/3168
f 3179/4476/3164 3181/4491/3166 3169/4490/3154
f 3179/4476/3164 3180/4475/3165 3181/4491/3166
f 3180/4475/3165 3168/4477/3153 3181/4491/3166
