# Blender 5.1.2
# www.blender.org
mtllib carthabot_map_snow.mtl
o MatRim
v 14.309999 10.309999 -0.190000
v 14.309999 10.400000 -0.100000
v 14.400000 10.309999 -0.100000
v 14.309999 10.354940 -0.177976
v 14.354939 10.309999 -0.177976
v 14.353038 10.353039 -0.166297
v 14.354939 10.387976 -0.100000
v 14.309999 10.387976 -0.144941
v 14.353038 10.376296 -0.143039
v 14.387975 10.309999 -0.144941
v 14.387975 10.354940 -0.100000
v 14.376295 10.353039 -0.143039
v 14.309999 10.400000 -0.100000
v 14.309999 10.309999 -0.010000
v 14.400000 10.309999 -0.100000
v 14.309999 10.387976 -0.055059
v 14.354939 10.387976 -0.100000
v 14.353038 10.376296 -0.056961
v 14.354939 10.309999 -0.022024
v 14.309999 10.354940 -0.022024
v 14.353038 10.353039 -0.033703
v 14.387975 10.354940 -0.100000
v 14.387975 10.309999 -0.055059
v 14.376295 10.353039 -0.056961
v 14.309999 -10.309999 -0.190000
v 14.400000 -10.309999 -0.100000
v 14.309999 -10.400000 -0.100000
v 14.354939 -10.309999 -0.177976
v 14.309999 -10.354940 -0.177976
v 14.353038 -10.353039 -0.166297
v 14.387975 -10.354940 -0.100000
v 14.387975 -10.309999 -0.144941
v 14.376295 -10.353039 -0.143039
v 14.309999 -10.387976 -0.144941
v 14.354939 -10.387976 -0.100000
v 14.353038 -10.376296 -0.143039
v 14.309999 -10.309999 -0.010000
v 14.309999 -10.400000 -0.100000
v 14.400000 -10.309999 -0.100000
v 14.309999 -10.354940 -0.022024
v 14.354939 -10.309999 -0.022024
v 14.353038 -10.353039 -0.033703
v 14.354939 -10.387976 -0.100000
v 14.309999 -10.387976 -0.055059
v 14.353038 -10.376296 -0.056961
v 14.387975 -10.309999 -0.055059
v 14.387975 -10.354940 -0.100000
v 14.376295 -10.353039 -0.056961
v -14.309999 10.309999 -0.190000
v -14.400000 10.309999 -0.100000
v -14.309999 10.400000 -0.100000
v -14.354939 10.309999 -0.177976
v -14.309999 10.354940 -0.177976
v -14.353038 10.353039 -0.166297
v -14.387975 10.354940 -0.100000
v -14.387975 10.309999 -0.144941
v -14.376295 10.353039 -0.143039
v -14.309999 10.387976 -0.144941
v -14.354939 10.387976 -0.100000
v -14.353038 10.376296 -0.143039
v -14.309999 10.309999 -0.010000
v -14.309999 10.400000 -0.100000
v -14.400000 10.309999 -0.100000
v -14.309999 10.354940 -0.022024
v -14.354939 10.309999 -0.022024
v -14.353038 10.353039 -0.033703
v -14.354939 10.387976 -0.100000
v -14.309999 10.387976 -0.055059
v -14.353038 10.376296 -0.056961
v -14.387975 10.309999 -0.055059
v -14.387975 10.354940 -0.100000
v -14.376295 10.353039 -0.056961
v -14.309999 -10.309999 -0.190000
v -14.309999 -10.400000 -0.100000
v -14.400000 -10.309999 -0.100000
v -14.309999 -10.354940 -0.177976
v -14.354939 -10.309999 -0.177976
v -14.353038 -10.353039 -0.166297
v -14.354939 -10.387976 -0.100000
v -14.309999 -10.387976 -0.144941
v -14.353038 -10.376296 -0.143039
v -14.387975 -10.309999 -0.144941
v -14.387975 -10.354940 -0.100000
v -14.376295 -10.353039 -0.143039
v -14.309999 -10.309999 -0.010000
v -14.400000 -10.309999 -0.100000
v -14.309999 -10.400000 -0.100000
v -14.354939 -10.309999 -0.022024
v -14.309999 -10.354940 -0.022024
v -14.353038 -10.353039 -0.033703
v -14.387975 -10.354940 -0.100000
v -14.387975 -10.309999 -0.055059
v -14.376295 -10.353039 -0.056961
v -14.309999 -10.387976 -0.055059
v -14.354939 -10.387976 -0.100000
v -14.353038 -10.376296 -0.056961
vn 0.1296 0.1296 -0.9831
vn 0.0630 0.9896 -0.1293
vn 0.7749 0.1024 0.6238
vn 0.1216 0.4916 -0.8623
vn 0.4915 0.1216 -0.8623
vn 0.4474 0.4474 -0.7744
vn 0.3186 0.9274 0.1959
vn 0.1216 0.8623 -0.4916
vn 0.4474 0.7744 -0.4473
vn 0.8623 0.1216 -0.4916
vn 0.6618 0.3723 0.6507
vn 0.7744 0.4473 -0.4474
vn 0.0630 0.9896 0.1293
vn 0.1296 0.1296 0.9831
vn 0.5941 0.0785 0.8006
vn 0.1216 0.8623 0.4916
vn 0.2863 0.8334 0.4727
vn 0.4473 0.7744 0.4473
vn 0.4915 0.1216 0.8623
vn 0.1216 0.4916 0.8623
vn 0.4473 0.4474 0.7744
vn 0.5152 0.2898 0.8066
vn 0.8623 0.1216 0.4916
vn 0.7744 0.4474 0.4474
vn 0.1296 -0.1296 -0.9831
vn 0.7749 -0.1025 0.6238
vn 0.0630 -0.9896 -0.1293
vn 0.4915 -0.1216 -0.8623
vn 0.1216 -0.4915 -0.8623
vn 0.4474 -0.4473 -0.7744
vn 0.6618 -0.3723 0.6507
vn 0.8623 -0.1216 -0.4916
vn 0.7744 -0.4474 -0.4474
vn 0.1216 -0.8623 -0.4916
vn 0.3186 -0.9274 0.1959
vn 0.4474 -0.7744 -0.4474
vn 0.1296 -0.1296 0.9831
vn 0.0630 -0.9896 0.1293
vn 0.5941 -0.0785 0.8006
vn 0.1216 -0.4916 0.8623
vn 0.4915 -0.1216 0.8623
vn 0.4473 -0.4474 0.7744
vn 0.2863 -0.8334 0.4727
vn 0.1216 -0.8623 0.4916
vn 0.4473 -0.7744 0.4473
vn 0.8623 -0.1216 0.4916
vn 0.5152 -0.2898 0.8066
vn 0.7744 -0.4474 0.4473
vn -0.1296 0.1296 -0.9831
vn -0.7749 0.1025 0.6238
vn -0.0630 0.9896 -0.1293
vn -0.4915 0.1216 -0.8623
vn -0.1216 0.4915 -0.8623
vn -0.4474 0.4473 -0.7744
vn -0.6618 0.3723 0.6507
vn -0.8623 0.1216 -0.4916
vn -0.7744 0.4474 -0.4474
vn -0.1216 0.8623 -0.4916
vn -0.3186 0.9274 0.1959
vn -0.4474 0.7744 -0.4474
vn -0.1296 0.1296 0.9831
vn -0.0630 0.9896 0.1293
vn -0.5941 0.0785 0.8006
vn -0.1216 0.4916 0.8623
vn -0.4915 0.1216 0.8623
vn -0.4473 0.4474 0.7744
vn -0.2863 0.8334 0.4727
vn -0.1216 0.8623 0.4916
vn -0.4473 0.7744 0.4473
vn -0.8623 0.1216 0.4916
vn -0.5152 0.2898 0.8066
vn -0.7744 0.4474 0.4473
vn -0.1296 -0.1296 -0.9831
vn -0.0630 -0.9896 -0.1293
vn -0.7749 -0.1024 0.6238
vn -0.1216 -0.4916 -0.8623
vn -0.4915 -0.1216 -0.8623
vn -0.4474 -0.4474 -0.7744
vn -0.3186 -0.9274 0.1959
vn -0.1216 -0.8623 -0.4916
vn -0.4474 -0.7744 -0.4473
vn -0.8623 -0.1216 -0.4916
vn -0.6618 -0.3723 0.6507
vn -0.7744 -0.4473 -0.4474
vn -0.1296 -0.1296 0.9831
vn -0.5941 -0.0785 0.8006
vn -0.0630 -0.9896 0.1293
vn -0.4915 -0.1216 0.8623
vn -0.1216 -0.4916 0.8623
vn -0.4473 -0.4474 0.7744
vn -0.5152 -0.2898 0.8066
vn -0.8623 -0.1216 0.4916
vn -0.7744 -0.4474 0.4474
vn -0.1216 -0.8623 0.4916
vn -0.2863 -0.8334 0.4727
vn -0.4473 -0.7744 0.4473
vt 0.125781 0.748918
vt 0.125781 0.749458
vt 0.125408 0.749436
vt 0.125391 0.748918
vt 0.125781 0.750000
vt 0.125408 0.750000
vt 0.500000 0.999219
vt 0.500000 1.000000
vt 0.375000 0.999592
vt 0.375000 0.999219
vt 0.500000 0.000000
vt 0.500000 0.000542
vt 0.375000 0.000564
vt 0.375000 0.000000
vt 0.500000 0.001082
vt 0.375000 0.001082
vt 0.125000 0.748918
vt 0.125000 0.749436
vt 0.500000 0.999219
vt 0.562418 0.999219
vt 0.559776 1.000000
vt 0.625000 0.999219
vt 0.625000 1.000000
vt 0.874219 0.748918
vt 0.875000 0.748918
vt 0.875000 0.749436
vt 0.874219 0.750000
vt 0.625000 0.001082
vt 0.562418 0.001082
vt 0.559776 0.000564
vt 0.625000 0.000564
vt 0.559776 0.000000
vt 0.125781 0.501082
vt 0.125391 0.501082
vt 0.125408 0.500564
vt 0.125781 0.500542
vt 0.125000 0.501082
vt 0.125000 0.500564
vt 0.500000 0.248918
vt 0.500000 0.249458
vt 0.375000 0.249436
vt 0.375000 0.248918
vt 0.500000 0.250391
vt 0.375000 0.250408
vt 0.500000 0.250781
vt 0.375000 0.250781
vt 0.125781 0.500000
vt 0.125408 0.500000
vt 0.874219 0.501082
vt 0.874219 0.500000
vt 0.875000 0.500564
vt 0.875000 0.501082
vt 0.625000 0.250781
vt 0.562418 0.250781
vt 0.559776 0.250235
vt 0.625000 0.249624
vt 0.559776 0.249436
vt 0.562418 0.248918
vt 0.625000 0.248918
vt 0.374219 0.748918
vt 0.374609 0.748918
vt 0.374592 0.749435
vt 0.374219 0.749458
vt 0.437582 0.748918
vt 0.423866 0.749436
vt 0.500000 0.748918
vt 0.500000 0.749458
vt 0.500000 0.750391
vt 0.374796 0.750204
vt 0.500000 0.750781
vt 0.374609 0.750391
vt 0.625781 0.748918
vt 0.625391 0.750391
vt 0.625204 0.750204
vt 0.625391 0.748918
vt 0.562418 0.750781
vt 0.559776 0.750408
vt 0.559776 0.749628
vt 0.562418 0.748918
vt 0.374219 0.501082
vt 0.374219 0.500542
vt 0.374592 0.500564
vt 0.374609 0.501082
vt 0.374609 0.499609
vt 0.374796 0.499796
vt 0.500000 0.499219
vt 0.500000 0.499609
vt 0.500000 0.500542
vt 0.423866 0.500564
vt 0.500000 0.501082
vt 0.437582 0.501082
vt 0.625781 0.501082
vt 0.625391 0.501082
vt 0.625204 0.499796
vt 0.625391 0.499609
vt 0.562418 0.501082
vt 0.559776 0.500372
vt 0.559776 0.499592
vt 0.500000 0.499219
vt 0.562418 0.499219
s 1
usemtl Rim
f 1/1/1 4/2/4 6/3/6 5/4/5
f 4/2/4 8/5/8 9/6/9 6/3/6
f 2/7/2 7/8/7 9/9/9 8/10/8
f 7/11/7 11/12/11 12/13/12 9/14/9
f 3/15/3 10/16/10 12/13/12 11/12/11
f 10/17/10 5/4/5 6/3/6 12/18/12
f 6/3/6 9/6/9 12/18/12
f 13/19/13 16/20/16 18/21/18 17/8/17
f 16/20/16 20/22/20 21/23/21 18/21/18
f 14/24/14 19/25/19 21/26/21 20/27/20
f 19/28/19 23/29/23 24/30/24 21/31/21
f 15/15/15 22/12/22 24/30/24 23/29/23
f 22/12/22 17/11/17 18/32/18 24/30/24
f 18/32/18 21/31/21 24/30/24
f 25/33/25 28/34/28 30/35/30 29/36/29
f 28/34/28 32/37/32 33/38/33 30/35/30
f 26/39/26 31/40/31 33/41/33 32/42/32
f 31/40/31 35/43/35 36/44/36 33/41/33
f 27/45/27 34/46/34 36/44/36 35/43/35
f 34/47/34 29/36/29 30/35/30 36/48/36
f 30/35/30 33/38/33 36/48/36
f 37/49/37 40/50/40 42/51/42 41/52/41
f 40/53/40 44/54/44 45/55/45 42/56/42
f 38/45/38 43/43/43 45/55/45 44/54/44
f 43/43/43 47/40/47 48/57/48 45/55/45
f 39/39/39 46/58/46 48/57/48 47/40/47
f 46/58/46 41/59/41 42/56/42 48/57/48
f 42/56/42 45/55/45 48/57/48
f 49/60/49 52/61/52 54/62/54 53/63/53
f 52/61/52 56/64/56 57/65/57 54/62/54
f 50/66/50 55/67/55 57/65/57 56/64/56
f 55/67/55 59/68/59 60/69/60 57/65/57
f 51/70/51 58/71/58 60/69/60 59/68/59
f 58/71/58 53/63/53 54/62/54 60/69/60
f 54/62/54 57/65/57 60/69/60
f 61/72/61 64/73/64 66/74/66 65/75/65
f 64/73/64 68/76/68 69/77/69 66/74/66
f 62/70/62 67/68/67 69/77/69 68/76/68
f 67/68/67 71/67/71 72/78/72 69/77/69
f 63/66/63 70/79/70 72/78/72 71/67/71
f 70/79/70 65/75/65 66/74/66 72/78/72
f 66/74/66 69/77/69 72/78/72
f 73/80/73 76/81/76 78/82/78 77/83/77
f 76/81/76 80/84/80 81/85/81 78/82/78
f 74/86/74 79/87/79 81/85/81 80/84/80
f 79/87/79 83/88/83 84/89/84 81/85/81
f 75/90/75 82/91/82 84/89/84 83/88/83
f 82/91/82 77/83/77 78/82/78 84/89/84
f 78/82/78 81/85/81 84/89/84
f 85/92/85 88/93/88 90/94/90 89/95/89
f 88/93/88 92/96/92 93/97/93 90/94/90
f 86/90/86 91/88/91 93/97/93 92/96/92
f 91/88/91 95/87/95 96/98/96 93/97/93
f 87/99/87 94/100/94 96/98/96 95/87/95
f 94/100/94 89/95/89 90/94/90 96/98/96
f 90/94/90 93/97/93 96/98/96
f 25/33/25 1/1/1 5/4/5 28/34/28
f 28/34/28 5/4/5 10/17/10 32/37/32
f 32/42/32 10/16/10 3/15/3 26/39/26
f 2/7/2 13/19/13 17/8/17 7/8/7
f 7/11/7 17/11/17 22/12/22 11/12/11
f 11/12/11 22/12/22 15/15/15 3/15/3
f 14/24/14 37/49/37 41/52/41 19/25/19
f 19/28/19 41/59/41 46/58/46 23/29/23
f 23/29/23 46/58/46 39/39/39 15/15/15
f 38/45/38 27/45/27 35/43/35 43/43/43
f 43/43/43 35/43/35 31/40/31 47/40/47
f 47/40/47 31/40/31 26/39/26 39/39/39
f 73/80/73 25/33/25 29/36/29 76/81/76
f 76/81/76 29/36/29 34/47/34 80/84/80
f 80/84/80 34/46/34 27/45/27 74/86/74
f 37/49/37 85/92/85 89/95/89 40/50/40
f 40/53/40 89/95/89 94/100/94 44/54/44
f 44/54/44 94/100/94 87/99/87 38/45/38
f 86/90/86 75/90/75 83/88/83 91/88/91
f 91/88/91 83/88/83 79/87/79 95/87/95
f 95/87/95 79/87/79 74/86/74 87/99/87
f 49/60/49 73/80/73 77/83/77 52/61/52
f 52/61/52 77/83/77 82/91/82 56/64/56
f 56/64/56 82/91/82 75/90/75 50/66/50
f 85/92/85 61/72/61 65/75/65 88/93/88
f 88/93/88 65/75/65 70/79/70 92/96/92
f 92/96/92 70/79/70 63/66/63 86/90/86
f 62/70/62 51/70/51 59/68/59 67/68/67
f 67/68/67 59/68/59 55/67/55 71/67/71
f 71/67/71 55/67/55 50/66/50 63/66/63
f 1/1/1 49/60/49 53/63/53 4/2/4
f 4/2/4 53/63/53 58/71/58 8/5/8
f 8/10/8 58/71/58 51/70/51 2/7/2
f 61/72/61 14/24/14 20/27/20 64/73/64
f 64/73/64 20/22/20 16/20/16 68/76/68
f 68/76/68 16/20/16 13/19/13 62/70/62
f 25/33/25 73/80/73 49/60/49 1/1/1
f 3/15/3 15/15/15 39/39/39 26/39/26
f 51/70/51 62/70/62 13/19/13 2/7/2
f 85/92/85 37/49/37 14/24/14 61/72/61
f 27/45/27 38/45/38 87/99/87 74/86/74
f 75/90/75 86/90/86 63/66/63 50/66/50
o PlayMat
v 14.000000 10.000000 0.000000
v -14.000000 10.000000 0.000000
v 14.000000 -10.000000 0.000000
v -14.000000 -10.000000 0.000000
vn -0.0000 -0.0000 1.0000
vt 0.000000 0.000000
vt 1.000000 0.000000
vt 1.000000 1.000000
vt 0.000000 1.000000
s 1
usemtl MatColor
f 97/101/97 98/102/97 100/103/97 99/104/97
o LineLoop
v -8.919098 0.000000 0.108778
v -8.969098 0.000000 0.145106
v -9.030902 0.000000 0.145106
v -9.080902 0.000000 0.108779
v -9.100000 -0.000000 0.050000
v -9.080902 -0.000000 -0.008779
v -9.030902 -0.000000 -0.045106
v -8.969098 -0.000000 -0.045106
v -8.919098 0.000000 -0.008778
v -8.900000 0.000000 0.050000
v -8.829537 -0.778883 0.108778
v -8.878273 -0.790057 0.145106
v -8.938513 -0.803869 0.145106
v -8.987248 -0.815043 0.108779
v -9.005864 -0.819311 0.050000
v -8.987248 -0.815043 -0.008779
v -8.938513 -0.803869 -0.045106
v -8.878273 -0.790057 -0.045106
v -8.829537 -0.778883 -0.008778
v -8.810922 -0.774615 0.050000
v -8.562178 -1.543377 0.108778
v -8.607454 -1.564591 0.145106
v -8.663420 -1.590813 0.145106
v -8.708696 -1.612027 0.108779
v -8.725990 -1.620130 0.050000
v -8.708696 -1.612027 -0.008779
v -8.663420 -1.590813 -0.045106
v -8.607454 -1.564591 -0.045106
v -8.562178 -1.543377 -0.008778
v -8.544884 -1.535274 0.050000
v -8.121325 -2.278652 0.108779
v -8.161721 -2.308115 0.145106
v -8.211656 -2.344533 0.145106
v -8.252052 -2.373996 0.108779
v -8.267483 -2.385250 0.050000
v -8.252052 -2.373996 -0.008779
v -8.211656 -2.344533 -0.045106
v -8.161721 -2.308115 -0.045106
v -8.121325 -2.278652 -0.008778
v -8.105894 -2.267398 0.050000
v -7.514848 -2.969621 0.108779
v -7.549726 -3.005447 0.145106
v -7.592838 -3.049730 0.145106
v -7.627716 -3.085557 0.108779
v -7.641038 -3.099241 0.050000
v -7.627716 -3.085557 -0.008779
v -7.592838 -3.049730 -0.045106
v -7.549726 -3.005447 -0.045106
v -7.514848 -2.969621 -0.008778
v -7.501525 -2.955936 0.050000
v -6.754409 -3.601614 0.108779
v -6.783665 -3.642161 0.145106
v -6.819828 -3.692280 0.145106
v -6.849084 -3.732827 0.108779
v -6.860259 -3.748314 0.050000
v -6.849084 -3.732827 -0.008779
v -6.819828 -3.692280 -0.045106
v -6.783665 -3.642161 -0.045106
v -6.754409 -3.601614 -0.008778
v -6.743234 -3.586126 0.050000
v -5.855227 -4.161055 0.108779
v -5.879033 -4.205024 0.145106
v -5.908460 -4.259372 0.145106
v -5.932266 -4.303340 0.108778
v -5.941360 -4.320135 0.050000
v -5.932266 -4.303340 -0.008779
v -5.908460 -4.259372 -0.045106
v -5.879033 -4.205024 -0.045106
v -5.855227 -4.161055 -0.008778
v -5.846133 -4.144260 0.050000
v -4.835630 -4.635941 0.108779
v -4.854256 -4.682343 0.145106
v -4.877279 -4.739697 0.145106
v -4.895905 -4.786099 0.108779
v -4.903018 -4.803823 0.050000
v -4.895905 -4.786099 -0.008779
v -4.877279 -4.739697 -0.045106
v -4.854256 -4.682343 -0.045106
v -4.835630 -4.635941 -0.008778
v -4.828516 -4.618217 0.050000
v -3.716550 -5.016139 0.108779
v -3.730261 -5.064222 0.145106
v -3.747209 -5.123656 0.145106
v -3.760920 -5.171740 0.108779
v -3.766157 -5.190106 0.050000
v -3.760920 -5.171740 -0.008779
v -3.747209 -5.123656 -0.045106
v -3.730261 -5.064222 -0.045106
v -3.716550 -5.016139 -0.008779
v -3.711313 -4.997773 0.050000
v -2.521007 -5.293585 0.108779
v -2.530021 -5.342765 0.145106
v -2.541165 -5.403556 0.145106
v -2.550179 -5.452737 0.108779
v -2.553623 -5.471522 0.050000
v -2.550179 -5.452737 -0.008779
v -2.541165 -5.403556 -0.045106
v -2.530021 -5.342765 -0.045106
v -2.521007 -5.293585 -0.008779
v -2.517563 -5.274800 0.050000
v -1.273602 -5.462422 0.108779
v -1.278071 -5.512222 0.145106
v -1.283596 -5.573778 0.145106
v -1.288065 -5.623578 0.108779
v -1.289772 -5.642600 0.050000
v -1.288065 -5.623578 -0.008779
v -1.283596 -5.573778 -0.045106
v -1.278071 -5.512222 -0.045106
v -1.273602 -5.462422 -0.008778
v -1.271895 -5.443400 0.050000
v 0.000000 -5.519098 0.108779
v 0.000000 -5.569098 0.145106
v -0.000000 -5.630902 0.145106
v -0.000000 -5.680902 0.108779
v -0.000000 -5.700000 0.050000
v -0.000000 -5.680902 -0.008779
v -0.000000 -5.630901 -0.045106
v 0.000000 -5.569098 -0.045106
v 0.000000 -5.519098 -0.008779
v 0.000000 -5.500000 0.050000
v 1.273602 -5.462422 0.108779
v 1.278071 -5.512222 0.145106
v 1.283596 -5.573778 0.145106
v 1.288065 -5.623578 0.108778
v 1.289772 -5.642600 0.050000
v 1.288065 -5.623578 -0.008779
v 1.283596 -5.573778 -0.045106
v 1.278071 -5.512222 -0.045106
v 1.273602 -5.462422 -0.008778
v 1.271895 -5.443400 0.050000
v 2.521007 -5.293585 0.108779
v 2.530021 -5.342765 0.145106
v 2.541165 -5.403556 0.145106
v 2.550179 -5.452737 0.108779
v 2.553623 -5.471522 0.050000
v 2.550179 -5.452737 -0.008779
v 2.541165 -5.403556 -0.045106
v 2.530021 -5.342765 -0.045106
v 2.521007 -5.293585 -0.008778
v 2.517563 -5.274800 0.050000
v 3.716550 -5.016139 0.108779
v 3.730261 -5.064222 0.145106
v 3.747209 -5.123656 0.145106
v 3.760920 -5.171740 0.108779
v 3.766157 -5.190106 0.050000
v 3.760920 -5.171740 -0.008779
v 3.747209 -5.123656 -0.045106
v 3.730261 -5.064222 -0.045106
v 3.716550 -5.016139 -0.008778
v 3.711313 -4.997773 0.050000
v 4.835630 -4.635941 0.108778
v 4.854256 -4.682343 0.145106
v 4.877279 -4.739697 0.145106
v 4.895905 -4.786099 0.108778
v 4.903018 -4.803823 0.050000
v 4.895905 -4.786099 -0.008779
v 4.877279 -4.739697 -0.045106
v 4.854256 -4.682343 -0.045106
v 4.835630 -4.635941 -0.008778
v 4.828516 -4.618217 0.050000
v 5.855227 -4.161055 0.108779
v 5.879033 -4.205024 0.145106
v 5.908460 -4.259372 0.145106
v 5.932266 -4.303340 0.108779
v 5.941360 -4.320135 0.050000
v 5.932266 -4.303340 -0.008779
v 5.908460 -4.259372 -0.045106
v 5.879033 -4.205024 -0.045106
v 5.855227 -4.161055 -0.008779
v 5.846133 -4.144260 0.050000
v 6.754409 -3.601614 0.108779
v 6.783665 -3.642161 0.145106
v 6.819828 -3.692280 0.145106
v 6.849084 -3.732827 0.108779
v 6.860259 -3.748314 0.050000
v 6.849084 -3.732827 -0.008779
v 6.819828 -3.692280 -0.045106
v 6.783665 -3.642161 -0.045106
v 6.754409 -3.601614 -0.008778
v 6.743234 -3.586126 0.050000
v 7.514848 -2.969621 0.108779
v 7.549726 -3.005447 0.145106
v 7.592838 -3.049730 0.145106
v 7.627716 -3.085557 0.108779
v 7.641038 -3.099241 0.050000
v 7.627716 -3.085557 -0.008779
v 7.592838 -3.049730 -0.045106
v 7.549726 -3.005447 -0.045106
v 7.514848 -2.969621 -0.008779
v 7.501525 -2.955936 0.050000
v 8.121325 -2.278652 0.108779
v 8.161721 -2.308115 0.145106
v 8.211656 -2.344533 0.145106
v 8.252052 -2.373996 0.108779
v 8.267483 -2.385250 0.050000
v 8.252052 -2.373996 -0.008779
v 8.211656 -2.344533 -0.045106
v 8.161721 -2.308115 -0.045106
v 8.121325 -2.278652 -0.008779
v 8.105894 -2.267398 0.050000
v 8.562178 -1.543377 0.108779
v 8.607454 -1.564591 0.145106
v 8.663420 -1.590813 0.145106
v 8.708696 -1.612027 0.108779
v 8.725990 -1.620130 0.050000
v 8.708696 -1.612027 -0.008779
v 8.663420 -1.590813 -0.045106
v 8.607454 -1.564591 -0.045106
v 8.562178 -1.543377 -0.008779
v 8.544884 -1.535274 0.050000
v 8.829537 -0.778883 0.108778
v 8.878273 -0.790057 0.145106
v 8.938513 -0.803869 0.145106
v 8.987248 -0.815043 0.108779
v 9.005864 -0.819311 0.050000
v 8.987248 -0.815043 -0.008779
v 8.938513 -0.803869 -0.045106
v 8.878273 -0.790057 -0.045106
v 8.829537 -0.778883 -0.008779
v 8.810922 -0.774615 0.050000
v 8.919098 0.000000 0.108779
v 8.969098 -0.000000 0.145106
v 9.030902 -0.000000 0.145106
v 9.080902 -0.000000 0.108779
v 9.100000 -0.000000 0.050000
v 9.080902 -0.000000 -0.008779
v 9.030902 0.000000 -0.045106
v 8.969098 0.000000 -0.045106
v 8.919098 0.000000 -0.008779
v 8.900000 0.000000 0.050000
v 8.829537 0.778883 0.108779
v 8.878273 0.790057 0.145106
v 8.938513 0.803869 0.145106
v 8.987248 0.815043 0.108779
v 9.005864 0.819311 0.050000
v 8.987248 0.815043 -0.008779
v 8.938513 0.803869 -0.045106
v 8.878273 0.790057 -0.045106
v 8.829537 0.778883 -0.008779
v 8.810922 0.774615 0.050000
v 8.562178 1.543377 0.108779
v 8.607454 1.564591 0.145106
v 8.663420 1.590813 0.145106
v 8.708696 1.612027 0.108779
v 8.725990 1.620130 0.050000
v 8.708696 1.612027 -0.008779
v 8.663420 1.590813 -0.045106
v 8.607454 1.564591 -0.045106
v 8.562178 1.543377 -0.008779
v 8.544884 1.535274 0.050000
v 8.121325 2.278652 0.108779
v 8.161721 2.308115 0.145106
v 8.211656 2.344533 0.145106
v 8.252052 2.373996 0.108779
v 8.267483 2.385250 0.050000
v 8.252052 2.373996 -0.008779
v 8.211656 2.344533 -0.045106
v 8.161721 2.308115 -0.045106
v 8.121325 2.278652 -0.008779
v 8.105894 2.267398 0.050000
v 7.514848 2.969621 0.108779
v 7.549726 3.005447 0.145106
v 7.592838 3.049730 0.145106
v 7.627716 3.085557 0.108779
v 7.641038 3.099241 0.050000
v 7.627716 3.085557 -0.008779
v 7.592838 3.049730 -0.045106
v 7.549726 3.005447 -0.045106
v 7.514848 2.969621 -0.008779
v 7.501525 2.955936 0.050000
v 6.754409 3.601614 0.108778
v 6.783665 3.642161 0.145106
v 6.819828 3.692280 0.145106
v 6.849084 3.732827 0.108779
v 6.860259 3.748314 0.050000
v 6.849084 3.732827 -0.008779
v 6.819828 3.692280 -0.045106
v 6.783665 3.642161 -0.045106
v 6.754409 3.601614 -0.008779
v 6.743234 3.586126 0.050000
v 5.855227 4.161055 0.108778
v 5.879033 4.205024 0.145106
v 5.908460 4.259372 0.145106
v 5.932266 4.303340 0.108779
v 5.941360 4.320135 0.050000
v 5.932266 4.303340 -0.008779
v 5.908460 4.259372 -0.045106
v 5.879033 4.205024 -0.045106
v 5.855227 4.161055 -0.008779
v 5.846133 4.144260 0.050000
v 4.835630 4.635941 0.108778
v 4.854256 4.682343 0.145106
v 4.877279 4.739697 0.145106
v 4.895905 4.786099 0.108779
v 4.903019 4.803823 0.050000
v 4.895905 4.786099 -0.008779
v 4.877279 4.739697 -0.045106
v 4.854256 4.682343 -0.045106
v 4.835630 4.635941 -0.008779
v 4.828516 4.618217 0.050000
v 3.716550 5.016139 0.108778
v 3.730261 5.064222 0.145106
v 3.747209 5.123656 0.145106
v 3.760920 5.171740 0.108779
v 3.766157 5.190106 0.050000
v 3.760920 5.171740 -0.008779
v 3.747209 5.123656 -0.045106
v 3.730261 5.064222 -0.045106
v 3.716550 5.016139 -0.008778
v 3.711313 4.997773 0.050000
v 2.521007 5.293585 0.108778
v 2.530021 5.342765 0.145106
v 2.541165 5.403556 0.145106
v 2.550179 5.452737 0.108779
v 2.553623 5.471522 0.050000
v 2.550179 5.452737 -0.008779
v 2.541165 5.403556 -0.045106
v 2.530021 5.342765 -0.045106
v 2.521007 5.293585 -0.008779
v 2.517563 5.274800 0.050000
v 1.273602 5.462422 0.108778
v 1.278071 5.512222 0.145106
v 1.283596 5.573778 0.145106
v 1.288065 5.623578 0.108779
v 1.289772 5.642600 0.050000
v 1.288065 5.623578 -0.008779
v 1.283596 5.573778 -0.045106
v 1.278071 5.512222 -0.045106
v 1.273602 5.462422 -0.008779
v 1.271895 5.443400 0.050000
v -0.000000 5.519098 0.108778
v -0.000000 5.569098 0.145106
v 0.000000 5.630902 0.145106
v 0.000000 5.680902 0.108779
v 0.000000 5.700000 0.050000
v 0.000000 5.680902 -0.008779
v 0.000000 5.630902 -0.045106
v -0.000000 5.569098 -0.045106
v -0.000000 5.519098 -0.008779
v -0.000000 5.500000 0.050000
v -1.273602 5.462422 0.108779
v -1.278071 5.512222 0.145106
v -1.283596 5.573778 0.145106
v -1.288065 5.623578 0.108779
v -1.289772 5.642600 0.050000
v -1.288065 5.623578 -0.008779
v -1.283596 5.573778 -0.045106
v -1.278071 5.512222 -0.045106
v -1.273602 5.462422 -0.008779
v -1.271895 5.443400 0.050000
v -2.521007 5.293585 0.108779
v -2.530021 5.342765 0.145106
v -2.541165 5.403556 0.145106
v -2.550179 5.452737 0.108779
v -2.553623 5.471522 0.050000
v -2.550179 5.452737 -0.008779
v -2.541165 5.403556 -0.045106
v -2.530021 5.342765 -0.045106
v -2.521007 5.293585 -0.008779
v -2.517563 5.274800 0.050000
v -3.716550 5.016139 0.108778
v -3.730261 5.064222 0.145106
v -3.747209 5.123656 0.145106
v -3.760920 5.171740 0.108779
v -3.766157 5.190106 0.050000
v -3.760920 5.171740 -0.008779
v -3.747209 5.123656 -0.045106
v -3.730261 5.064222 -0.045106
v -3.716550 5.016139 -0.008779
v -3.711313 4.997773 0.050000
v -4.835630 4.635941 0.108778
v -4.854256 4.682343 0.145106
v -4.877279 4.739697 0.145106
v -4.895905 4.786099 0.108779
v -4.903018 4.803823 0.050000
v -4.895905 4.786099 -0.008779
v -4.877279 4.739697 -0.045106
v -4.854256 4.682343 -0.045106
v -4.835630 4.635941 -0.008779
v -4.828516 4.618217 0.050000
v -5.855227 4.161055 0.108778
v -5.879033 4.205024 0.145106
v -5.908460 4.259372 0.145106
v -5.932266 4.303340 0.108779
v -5.941360 4.320135 0.050000
v -5.932266 4.303340 -0.008779
v -5.908460 4.259372 -0.045106
v -5.879033 4.205024 -0.045106
v -5.855227 4.161055 -0.008779
v -5.846133 4.144260 0.050000
v -6.754409 3.601614 0.108779
v -6.783665 3.642161 0.145106
v -6.819828 3.692280 0.145106
v -6.849084 3.732827 0.108779
v -6.860259 3.748314 0.050000
v -6.849084 3.732827 -0.008779
v -6.819828 3.692280 -0.045106
v -6.783665 3.642161 -0.045106
v -6.754409 3.601614 -0.008779
v -6.743234 3.586126 0.050000
v -7.514848 2.969621 0.108778
v -7.549726 3.005447 0.145106
v -7.592838 3.049730 0.145106
v -7.627716 3.085557 0.108779
v -7.641038 3.099241 0.050000
v -7.627716 3.085557 -0.008779
v -7.592838 3.049730 -0.045106
v -7.549726 3.005447 -0.045106
v -7.514848 2.969621 -0.008779
v -7.501525 2.955936 0.050000
v -8.121325 2.278652 0.108779
v -8.161721 2.308115 0.145106
v -8.211656 2.344533 0.145106
v -8.252052 2.373996 0.108779
v -8.267483 2.385250 0.050000
v -8.252052 2.373996 -0.008779
v -8.211656 2.344533 -0.045106
v -8.161721 2.308115 -0.045106
v -8.121325 2.278652 -0.008779
v -8.105894 2.267398 0.050000
v -8.562178 1.543377 0.108778
v -8.607454 1.564591 0.145106
v -8.663420 1.590813 0.145106
v -8.708696 1.612027 0.108779
v -8.725990 1.620130 0.050000
v -8.708696 1.612027 -0.008779
v -8.663420 1.590813 -0.045106
v -8.607454 1.564591 -0.045106
v -8.562178 1.543377 -0.008779
v -8.544884 1.535274 0.050000
v -8.829537 0.778883 0.108779
v -8.878273 0.790057 0.145106
v -8.938513 0.803869 0.145106
v -8.987248 0.815043 0.108779
v -9.005864 0.819311 0.050000
v -8.987248 0.815043 -0.008779
v -8.938513 0.803869 -0.045106
v -8.878273 0.790057 -0.045106
v -8.829537 0.778883 -0.008779
v -8.810922 0.774615 0.050000
vn 0.8009 -0.0000 0.5988
vn 0.2883 -0.0000 0.9575
vn -0.3290 -0.0000 0.9443
vn -0.8165 -0.0000 0.5774
vn -1.0000 -0.0000 -0.0000
vn -0.8165 -0.0000 -0.5774
vn -0.3290 -0.0000 -0.9443
vn 0.2883 -0.0000 -0.9575
vn 0.8009 -0.0000 -0.5988
vn 1.0000 -0.0000 -0.0000
vn 0.7809 0.1791 0.5984
vn 0.2817 0.0646 0.9573
vn -0.3201 -0.0734 0.9445
vn -0.7956 -0.1824 0.5777
vn -0.9747 -0.2234 -0.0000
vn -0.7956 -0.1824 -0.5777
vn -0.3201 -0.0734 -0.9445
vn 0.2817 0.0646 -0.9573
vn 0.7809 0.1791 -0.5984
vn 0.9747 0.2236 -0.0000
vn 0.7261 0.3403 0.5975
vn 0.2632 0.1233 0.9568
vn -0.2960 -0.1387 0.9451
vn -0.7387 -0.3460 0.5785
vn -0.9056 -0.4242 -0.0000
vn -0.7387 -0.3460 -0.5785
vn -0.2960 -0.1387 -0.9451
vn 0.2632 0.1233 -0.9568
vn 0.7261 0.3403 -0.5975
vn 0.9055 0.4244 -0.0000
vn 0.6485 0.4731 0.5963
vn 0.2366 0.1726 0.9562
vn -0.2625 -0.1914 0.9458
vn -0.6585 -0.4802 0.5795
vn -0.8080 -0.5892 -0.0000
vn -0.6585 -0.4802 -0.5795
vn -0.2625 -0.1914 -0.9458
vn 0.2366 0.1726 -0.9562
vn 0.6485 0.4731 -0.5963
vn 0.8079 0.5893 -0.0000
vn 0.5605 0.5758 0.5952
vn 0.2057 0.2113 0.9555
vn -0.2252 -0.2313 0.9464
vn -0.5680 -0.5834 0.5805
vn -0.6976 -0.7165 -0.0000
vn -0.5680 -0.5834 -0.5805
vn -0.2252 -0.2313 -0.9464
vn 0.2057 0.2113 -0.9555
vn 0.5605 0.5758 -0.5952
vn 0.6975 0.7166 -0.0000
vn 0.4706 0.6522 0.5942
vn 0.1736 0.2407 0.9550
vn -0.1879 -0.2604 0.9470
vn -0.4761 -0.6597 0.5815
vn -0.5852 -0.8109 -0.0000
vn -0.4761 -0.6597 -0.5815
vn -0.1879 -0.2604 -0.9470
vn 0.1736 0.2407 -0.9550
vn 0.4706 0.6522 -0.5942
vn 0.5851 0.8110 -0.0000
vn 0.3832 0.7078 0.5935
vn 0.1420 0.2622 0.9545
vn -0.1522 -0.2811 0.9475
vn -0.3871 -0.7150 0.5822
vn -0.4762 -0.8794 -0.0000
vn -0.3871 -0.7150 -0.5822
vn -0.1522 -0.2811 -0.9475
vn 0.1420 0.2622 -0.9545
vn 0.3832 0.7078 -0.5935
vn 0.4761 0.8794 -0.0000
vn 0.3000 0.7473 0.5929
vn 0.1115 0.2778 0.9542
vn -0.1187 -0.2957 0.9479
vn -0.3027 -0.7541 0.5828
vn -0.3725 -0.9280 -0.0000
vn -0.3027 -0.7541 -0.5828
vn -0.1187 -0.2957 -0.9479
vn 0.1115 0.2778 -0.9542
vn 0.3000 0.7473 -0.5929
vn 0.3725 0.9280 -0.0000
vn 0.2209 0.7747 0.5925
vn 0.0823 0.2886 0.9539
vn -0.0872 -0.3056 0.9482
vn -0.2228 -0.7812 0.5832
vn -0.2742 -0.9617 -0.0000
vn -0.2228 -0.7812 -0.5832
vn -0.0872 -0.3056 -0.9482
vn 0.0823 0.2886 -0.9539
vn 0.2209 0.7747 -0.5925
vn 0.2742 0.9617 -0.0000
vn 0.1453 0.7926 0.5922
vn 0.0542 0.2957 0.9537
vn -0.0572 -0.3121 0.9483
vn -0.1464 -0.7988 0.5835
vn -0.1803 -0.9836 -0.0000
vn -0.1464 -0.7988 -0.5835
vn -0.0572 -0.3121 -0.9483
vn 0.0542 0.2957 -0.9537
vn 0.1453 0.7926 -0.5922
vn 0.1803 0.9836 -0.0000
vn 0.0720 0.8027 0.5920
vn 0.0269 0.2998 0.9536
vn -0.0283 -0.3157 0.9484
vn -0.0726 -0.8088 0.5836
vn -0.0894 -0.9960 -0.0000
vn -0.0726 -0.8088 -0.5836
vn -0.0283 -0.3157 -0.9484
vn 0.0269 0.2998 -0.9536
vn 0.0720 0.8027 -0.5920
vn 0.0894 0.9960 -0.0000
vn -0.0000 0.8060 0.5920
vn -0.0000 0.3011 0.9536
vn -0.0000 -0.3169 0.9485
vn -0.0000 -0.8120 0.5837
vn -0.0000 -1.0000 -0.0000
vn -0.0000 -0.8120 -0.5837
vn -0.0000 -0.3169 -0.9485
vn -0.0000 0.3011 -0.9536
vn -0.0000 0.8060 -0.5920
vn -0.0000 1.0000 -0.0000
vn -0.0720 0.8027 0.5920
vn -0.0269 0.2998 0.9536
vn 0.0283 -0.3157 0.9484
vn 0.0726 -0.8088 0.5836
vn 0.0894 -0.9960 -0.0000
vn 0.0726 -0.8088 -0.5836
vn 0.0283 -0.3157 -0.9484
vn -0.0269 0.2998 -0.9536
vn -0.0720 0.8027 -0.5920
vn -0.0894 0.9960 -0.0000
vn -0.1453 0.7926 0.5922
vn -0.0542 0.2957 0.9537
vn 0.0572 -0.3121 0.9483
vn 0.1464 -0.7988 0.5835
vn 0.1803 -0.9836 -0.0000
vn 0.1464 -0.7988 -0.5835
vn 0.0572 -0.3121 -0.9483
vn -0.0542 0.2957 -0.9537
vn -0.1453 0.7926 -0.5922
vn -0.1803 0.9836 -0.0000
vn -0.2209 0.7747 0.5925
vn -0.0823 0.2886 0.9539
vn 0.0872 -0.3056 0.9482
vn 0.2228 -0.7812 0.5832
vn 0.2742 -0.9617 -0.0000
vn 0.2228 -0.7812 -0.5832
vn 0.0872 -0.3056 -0.9482
vn -0.0823 0.2886 -0.9539
vn -0.2209 0.7747 -0.5925
vn -0.2742 0.9617 -0.0000
vn -0.3000 0.7473 0.5929
vn -0.1115 0.2778 0.9542
vn 0.1187 -0.2957 0.9479
vn 0.3027 -0.7541 0.5828
vn 0.3725 -0.9280 -0.0000
vn 0.3027 -0.7541 -0.5828
vn 0.1187 -0.2957 -0.9479
vn -0.1115 0.2778 -0.9542
vn -0.3000 0.7473 -0.5929
vn -0.3725 0.9280 -0.0000
vn -0.3832 0.7078 0.5935
vn -0.1420 0.2622 0.9545
vn 0.1522 -0.2811 0.9475
vn 0.3871 -0.7150 0.5822
vn 0.4762 -0.8794 -0.0000
vn 0.3871 -0.7150 -0.5822
vn 0.1522 -0.2811 -0.9475
vn -0.1420 0.2622 -0.9545
vn -0.3832 0.7078 -0.5935
vn -0.4761 0.8794 -0.0000
vn -0.4706 0.6522 0.5942
vn -0.1736 0.2407 0.9550
vn 0.1879 -0.2604 0.9470
vn 0.4761 -0.6597 0.5815
vn 0.5852 -0.8109 -0.0000
vn 0.4761 -0.6597 -0.5815
vn 0.1879 -0.2604 -0.9470
vn -0.1736 0.2407 -0.9550
vn -0.4706 0.6522 -0.5942
vn -0.5851 0.8110 -0.0000
vn -0.5605 0.5758 0.5952
vn -0.2057 0.2113 0.9555
vn 0.2252 -0.2313 0.9464
vn 0.5680 -0.5834 0.5805
vn 0.6976 -0.7165 -0.0000
vn 0.5680 -0.5834 -0.5805
vn 0.2252 -0.2313 -0.9464
vn -0.2057 0.2113 -0.9555
vn -0.5605 0.5758 -0.5952
vn -0.6975 0.7166 -0.0000
vn -0.6485 0.4731 0.5963
vn -0.2366 0.1726 0.9562
vn 0.2625 -0.1914 0.9458
vn 0.6585 -0.4802 0.5795
vn 0.8080 -0.5892 -0.0000
vn 0.6585 -0.4802 -0.5795
vn 0.2625 -0.1914 -0.9458
vn -0.2366 0.1726 -0.9562
vn -0.6485 0.4731 -0.5963
vn -0.8079 0.5893 -0.0000
vn -0.7261 0.3403 0.5975
vn -0.2632 0.1233 0.9568
vn 0.2960 -0.1387 0.9451
vn 0.7387 -0.3460 0.5785
vn 0.9056 -0.4242 -0.0000
vn 0.7387 -0.3460 -0.5785
vn 0.2960 -0.1387 -0.9451
vn -0.2632 0.1233 -0.9568
vn -0.7261 0.3403 -0.5975
vn -0.9055 0.4244 -0.0000
vn -0.7809 0.1791 0.5984
vn -0.2817 0.0646 0.9573
vn 0.3201 -0.0734 0.9445
vn 0.7956 -0.1824 0.5777
vn 0.9747 -0.2234 -0.0000
vn 0.7956 -0.1824 -0.5777
vn 0.3201 -0.0734 -0.9445
vn -0.2817 0.0646 -0.9573
vn -0.7809 0.1791 -0.5984
vn -0.9747 0.2236 -0.0000
vn -0.8009 -0.0000 0.5988
vn -0.2883 -0.0000 0.9575
vn 0.3290 -0.0000 0.9443
vn 0.8165 -0.0000 0.5774
vn 0.8165 -0.0000 -0.5774
vn 0.3290 -0.0000 -0.9443
vn -0.2883 -0.0000 -0.9575
vn -0.8009 -0.0000 -0.5988
vn -0.7809 -0.1791 0.5984
vn -0.2817 -0.0646 0.9573
vn 0.3201 0.0734 0.9445
vn 0.7956 0.1824 0.5777
vn 0.9747 0.2234 -0.0000
vn 0.7956 0.1824 -0.5777
vn 0.3201 0.0734 -0.9445
vn -0.2817 -0.0646 -0.9573
vn -0.7809 -0.1791 -0.5984
vn -0.9747 -0.2236 -0.0000
vn -0.7261 -0.3403 0.5975
vn -0.2632 -0.1233 0.9568
vn 0.2960 0.1387 0.9451
vn 0.7387 0.3460 0.5785
vn 0.9056 0.4242 -0.0000
vn 0.7387 0.3460 -0.5785
vn 0.2960 0.1387 -0.9451
vn -0.2632 -0.1233 -0.9568
vn -0.7261 -0.3403 -0.5975
vn -0.9055 -0.4244 -0.0000
vn -0.6485 -0.4731 0.5963
vn -0.2366 -0.1726 0.9562
vn 0.2625 0.1914 0.9458
vn 0.6585 0.4802 0.5795
vn 0.8080 0.5892 -0.0000
vn 0.6585 0.4802 -0.5795
vn 0.2625 0.1914 -0.9458
vn -0.2366 -0.1726 -0.9562
vn -0.6485 -0.4731 -0.5963
vn -0.8079 -0.5893 -0.0000
vn -0.5605 -0.5758 0.5952
vn -0.2057 -0.2113 0.9555
vn 0.2252 0.2313 0.9464
vn 0.5680 0.5834 0.5805
vn 0.6976 0.7165 -0.0000
vn 0.5680 0.5834 -0.5805
vn 0.2252 0.2313 -0.9464
vn -0.2057 -0.2113 -0.9555
vn -0.5605 -0.5758 -0.5952
vn -0.6975 -0.7166 -0.0000
vn -0.4706 -0.6522 0.5942
vn -0.1736 -0.2407 0.9550
vn 0.1879 0.2604 0.9470
vn 0.4761 0.6597 0.5815
vn 0.5852 0.8109 -0.0000
vn 0.4761 0.6597 -0.5815
vn 0.1879 0.2604 -0.9470
vn -0.1736 -0.2407 -0.9550
vn -0.4706 -0.6522 -0.5942
vn -0.5851 -0.8110 -0.0000
vn -0.3832 -0.7078 0.5935
vn -0.1420 -0.2622 0.9545
vn 0.1522 0.2811 0.9475
vn 0.3871 0.7150 0.5822
vn 0.4762 0.8794 -0.0000
vn 0.3871 0.7150 -0.5822
vn 0.1522 0.2811 -0.9475
vn -0.1420 -0.2622 -0.9545
vn -0.3832 -0.7078 -0.5935
vn -0.4761 -0.8794 -0.0000
vn -0.3000 -0.7473 0.5929
vn -0.1115 -0.2778 0.9542
vn 0.1187 0.2957 0.9479
vn 0.3027 0.7541 0.5828
vn 0.3027 0.7541 -0.5828
vn 0.1187 0.2957 -0.9479
vn -0.1115 -0.2778 -0.9542
vn -0.3000 -0.7473 -0.5929
vn -0.2209 -0.7747 0.5925
vn -0.0823 -0.2886 0.9539
vn 0.0872 0.3056 0.9482
vn 0.2228 0.7812 0.5832
vn 0.2228 0.7812 -0.5832
vn 0.0872 0.3056 -0.9482
vn -0.0823 -0.2886 -0.9539
vn -0.2209 -0.7747 -0.5925
vn -0.1453 -0.7926 0.5922
vn -0.0542 -0.2957 0.9537
vn 0.0572 0.3121 0.9483
vn 0.1464 0.7988 0.5835
vn 0.1464 0.7988 -0.5835
vn 0.0572 0.3121 -0.9483
vn -0.0542 -0.2957 -0.9537
vn -0.1453 -0.7926 -0.5922
vn -0.0720 -0.8027 0.5920
vn -0.0269 -0.2998 0.9536
vn 0.0283 0.3157 0.9484
vn 0.0726 0.8088 0.5836
vn 0.0726 0.8088 -0.5836
vn 0.0283 0.3157 -0.9484
vn -0.0269 -0.2998 -0.9536
vn -0.0720 -0.8027 -0.5920
vn -0.0000 -0.8060 0.5920
vn -0.0000 -0.3011 0.9536
vn -0.0000 0.3169 0.9485
vn -0.0000 0.8120 0.5837
vn -0.0000 0.8120 -0.5837
vn -0.0000 0.3169 -0.9485
vn -0.0000 -0.3011 -0.9536
vn -0.0000 -0.8060 -0.5920
vn 0.0720 -0.8027 0.5920
vn 0.0269 -0.2998 0.9536
vn -0.0283 0.3157 0.9484
vn -0.0726 0.8088 0.5836
vn -0.0726 0.8088 -0.5836
vn -0.0283 0.3157 -0.9484
vn 0.0269 -0.2998 -0.9536
vn 0.0720 -0.8027 -0.5920
vn 0.1453 -0.7926 0.5922
vn 0.0542 -0.2957 0.9537
vn -0.0572 0.3121 0.9483
vn -0.1464 0.7988 0.5835
vn -0.1464 0.7988 -0.5835
vn -0.0572 0.3121 -0.9483
vn 0.0542 -0.2957 -0.9537
vn 0.1453 -0.7926 -0.5922
vn 0.2209 -0.7747 0.5925
vn 0.0823 -0.2886 0.9539
vn -0.0872 0.3056 0.9482
vn -0.2228 0.7812 0.5832
vn -0.2228 0.7812 -0.5832
vn -0.0872 0.3056 -0.9482
vn 0.0823 -0.2886 -0.9539
vn 0.2209 -0.7747 -0.5925
vn 0.3000 -0.7473 0.5929
vn 0.1115 -0.2778 0.9542
vn -0.1187 0.2957 0.9479
vn -0.3027 0.7541 0.5828
vn -0.3027 0.7541 -0.5828
vn -0.1187 0.2957 -0.9479
vn 0.1115 -0.2778 -0.9542
vn 0.3000 -0.7473 -0.5929
vn 0.3832 -0.7078 0.5935
vn 0.1420 -0.2622 0.9545
vn -0.1522 0.2811 0.9475
vn -0.3871 0.7150 0.5822
vn -0.4762 0.8794 -0.0000
vn -0.3871 0.7150 -0.5822
vn -0.1522 0.2811 -0.9475
vn 0.1420 -0.2622 -0.9545
vn 0.3832 -0.7078 -0.5935
vn 0.4761 -0.8794 -0.0000
vn 0.4706 -0.6522 0.5942
vn 0.1736 -0.2407 0.9550
vn -0.1879 0.2604 0.9470
vn -0.4761 0.6597 0.5815
vn -0.5852 0.8109 -0.0000
vn -0.4761 0.6597 -0.5815
vn -0.1879 0.2604 -0.9470
vn 0.1736 -0.2407 -0.9550
vn 0.4706 -0.6522 -0.5942
vn 0.5851 -0.8110 -0.0000
vn 0.5605 -0.5758 0.5952
vn 0.2057 -0.2113 0.9555
vn -0.2252 0.2313 0.9464
vn -0.5680 0.5834 0.5805
vn -0.6976 0.7165 -0.0000
vn -0.5680 0.5834 -0.5805
vn -0.2252 0.2313 -0.9464
vn 0.2057 -0.2113 -0.9555
vn 0.5605 -0.5758 -0.5952
vn 0.6975 -0.7166 -0.0000
vn 0.6485 -0.4731 0.5963
vn 0.2366 -0.1726 0.9562
vn -0.2625 0.1914 0.9458
vn -0.6585 0.4802 0.5795
vn -0.8080 0.5892 -0.0000
vn -0.6585 0.4802 -0.5795
vn -0.2625 0.1914 -0.9458
vn 0.2366 -0.1726 -0.9562
vn 0.6485 -0.4731 -0.5963
vn 0.8079 -0.5893 -0.0000
vn 0.7261 -0.3403 0.5975
vn 0.2632 -0.1233 0.9568
vn -0.2960 0.1387 0.9451
vn -0.7387 0.3460 0.5785
vn -0.9056 0.4242 -0.0000
vn -0.7387 0.3460 -0.5785
vn -0.2960 0.1387 -0.9451
vn 0.2632 -0.1233 -0.9568
vn 0.7261 -0.3403 -0.5975
vn 0.9055 -0.4244 -0.0000
vn 0.7809 -0.1791 0.5984
vn 0.2817 -0.0646 0.9573
vn -0.3201 0.0734 0.9445
vn -0.7956 0.1824 0.5777
vn -0.9747 0.2234 -0.0000
vn -0.7956 0.1824 -0.5777
vn -0.3201 0.0734 -0.9445
vn 0.2817 -0.0646 -0.9573
vn 0.7809 -0.1791 -0.5984
vn 0.9747 -0.2236 -0.0000
vt 0.000000 1.000000
vt 0.022727 1.000000
vt 0.022727 0.900000
vt 0.000000 0.900000
vt 0.000000 0.100000
vt 0.022727 0.100000
vt 0.022727 0.000000
vt 0.000000 0.000000
vt 0.000000 0.200000
vt 0.022727 0.200000
vt 0.000000 0.300000
vt 0.022727 0.300000
vt 0.000000 0.400000
vt 0.022727 0.400000
vt 0.000000 0.500000
vt 0.022727 0.500000
vt 0.000000 0.600000
vt 0.022727 0.600000
vt 0.000000 0.700000
vt 0.022727 0.700000
vt 0.000000 0.800000
vt 0.022727 0.800000
vt 0.045455 1.000000
vt 0.045455 0.900000
vt 0.045455 0.100000
vt 0.045455 0.000000
vt 0.045455 0.200000
vt 0.045455 0.300000
vt 0.045455 0.400000
vt 0.045455 0.500000
vt 0.045455 0.600000
vt 0.045455 0.700000
vt 0.045455 0.800000
vt 0.068182 1.000000
vt 0.068182 0.900000
vt 0.068182 0.100000
vt 0.068182 0.000000
vt 0.068182 0.200000
vt 0.068182 0.300000
vt 0.068182 0.400000
vt 0.068182 0.500000
vt 0.068182 0.600000
vt 0.068182 0.700000
vt 0.068182 0.800000
vt 0.090909 1.000000
vt 0.090909 0.900000
vt 0.090909 0.100000
vt 0.090909 0.000000
vt 0.090909 0.200000
vt 0.090909 0.300000
vt 0.090909 0.400000
vt 0.090909 0.500000
vt 0.090909 0.600000
vt 0.090909 0.700000
vt 0.090909 0.800000
vt 0.113636 1.000000
vt 0.113636 0.900000
vt 0.113636 0.100000
vt 0.113636 0.000000
vt 0.113636 0.200000
vt 0.113636 0.300000
vt 0.113636 0.400000
vt 0.113636 0.500000
vt 0.113636 0.600000
vt 0.113636 0.700000
vt 0.113636 0.800000
vt 0.136364 1.000000
vt 0.136364 0.900000
vt 0.136364 0.100000
vt 0.136364 0.000000
vt 0.136364 0.200000
vt 0.136364 0.300000
vt 0.136364 0.400000
vt 0.136364 0.500000
vt 0.136364 0.600000
vt 0.136364 0.700000
vt 0.136364 0.800000
vt 0.159091 1.000000
vt 0.159091 0.900000
vt 0.159091 0.100000
vt 0.159091 0.000000
vt 0.159091 0.200000
vt 0.159091 0.300000
vt 0.159091 0.400000
vt 0.159091 0.500000
vt 0.159091 0.600000
vt 0.159091 0.700000
vt 0.159091 0.800000
vt 0.181818 1.000000
vt 0.181818 0.900000
vt 0.181818 0.100000
vt 0.181818 0.000000
vt 0.181818 0.200000
vt 0.181818 0.300000
vt 0.181818 0.400000
vt 0.181818 0.500000
vt 0.181818 0.600000
vt 0.181818 0.700000
vt 0.181818 0.800000
vt 0.204545 1.000000
vt 0.204545 0.900000
vt 0.204545 0.100000
vt 0.204545 0.000000
vt 0.204545 0.200000
vt 0.204545 0.300000
vt 0.204545 0.400000
vt 0.204545 0.500000
vt 0.204545 0.600000
vt 0.204545 0.700000
vt 0.204545 0.800000
vt 0.227273 1.000000
vt 0.227273 0.900000
vt 0.227273 0.100000
vt 0.227273 0.000000
vt 0.227273 0.200000
vt 0.227273 0.300000
vt 0.227273 0.400000
vt 0.227273 0.500000
vt 0.227273 0.600000
vt 0.227273 0.700000
vt 0.227273 0.800000
vt 0.250000 1.000000
vt 0.250000 0.900000
vt 0.250000 0.100000
vt 0.250000 0.000000
vt 0.250000 0.200000
vt 0.250000 0.300000
vt 0.250000 0.400000
vt 0.250000 0.500000
vt 0.250000 0.600000
vt 0.250000 0.700000
vt 0.250000 0.800000
vt 0.272727 1.000000
vt 0.272727 0.900000
vt 0.272727 0.100000
vt 0.272727 0.000000
vt 0.272727 0.200000
vt 0.272727 0.300000
vt 0.272727 0.400000
vt 0.272727 0.500000
vt 0.272727 0.600000
vt 0.272727 0.700000
vt 0.272727 0.800000
vt 0.295455 1.000000
vt 0.295455 0.900000
vt 0.295455 0.100000
vt 0.295455 0.000000
vt 0.295455 0.200000
vt 0.295455 0.300000
vt 0.295455 0.400000
vt 0.295455 0.500000
vt 0.295455 0.600000
vt 0.295455 0.700000
vt 0.295455 0.800000
vt 0.318182 1.000000
vt 0.318182 0.900000
vt 0.318182 0.100000
vt 0.318182 0.000000
vt 0.318182 0.200000
vt 0.318182 0.300000
vt 0.318182 0.400000
vt 0.318182 0.500000
vt 0.318182 0.600000
vt 0.318182 0.700000
vt 0.318182 0.800000
vt 0.340909 1.000000
vt 0.340909 0.900000
vt 0.340909 0.100000
vt 0.340909 0.000000
vt 0.340909 0.200000
vt 0.340909 0.300000
vt 0.340909 0.400000
vt 0.340909 0.500000
vt 0.340909 0.600000
vt 0.340909 0.700000
vt 0.340909 0.800000
vt 0.363636 1.000000
vt 0.363636 0.900000
vt 0.363636 0.100000
vt 0.363636 0.000000
vt 0.363636 0.200000
vt 0.363636 0.300000
vt 0.363636 0.400000
vt 0.363636 0.500000
vt 0.363636 0.600000
vt 0.363636 0.700000
vt 0.363636 0.800000
vt 0.386364 1.000000
vt 0.386364 0.900000
vt 0.386364 0.100000
vt 0.386364 0.000000
vt 0.386364 0.200000
vt 0.386364 0.300000
vt 0.386364 0.400000
vt 0.386364 0.500000
vt 0.386364 0.600000
vt 0.386364 0.700000
vt 0.386364 0.800000
vt 0.409091 1.000000
vt 0.409091 0.900000
vt 0.409091 0.100000
vt 0.409091 0.000000
vt 0.409091 0.200000
vt 0.409091 0.300000
vt 0.409091 0.400000
vt 0.409091 0.500000
vt 0.409091 0.600000
vt 0.409091 0.700000
vt 0.409091 0.800000
vt 0.431818 1.000000
vt 0.431818 0.900000
vt 0.431818 0.100000
vt 0.431818 0.000000
vt 0.431818 0.200000
vt 0.431818 0.300000
vt 0.431818 0.400000
vt 0.431818 0.500000
vt 0.431818 0.600000
vt 0.431818 0.700000
vt 0.431818 0.800000
vt 0.454545 1.000000
vt 0.454545 0.900000
vt 0.454545 0.100000
vt 0.454545 0.000000
vt 0.454545 0.200000
vt 0.454545 0.300000
vt 0.454545 0.400000
vt 0.454545 0.500000
vt 0.454545 0.600000
vt 0.454545 0.700000
vt 0.454545 0.800000
vt 0.477273 1.000000
vt 0.477273 0.900000
vt 0.477273 0.100000
vt 0.477273 0.000000
vt 0.477273 0.200000
vt 0.477273 0.300000
vt 0.477273 0.400000
vt 0.477273 0.500000
vt 0.477273 0.600000
vt 0.477273 0.700000
vt 0.477273 0.800000
vt 0.500000 1.000000
vt 0.500000 0.900000
vt 0.500000 0.100000
vt 0.500000 0.000000
vt 0.500000 0.200000
vt 0.500000 0.300000
vt 0.500000 0.400000
vt 0.500000 0.500000
vt 0.500000 0.600000
vt 0.500000 0.700000
vt 0.500000 0.800000
vt 0.522727 1.000000
vt 0.522727 0.900000
vt 0.522727 0.100000
vt 0.522727 0.000000
vt 0.522727 0.200000
vt 0.522727 0.300000
vt 0.522727 0.400000
vt 0.522727 0.500000
vt 0.522727 0.600000
vt 0.522727 0.700000
vt 0.522727 0.800000
vt 0.545455 1.000000
vt 0.545455 0.900000
vt 0.545455 0.100000
vt 0.545455 0.000000
vt 0.545455 0.200000
vt 0.545455 0.300000
vt 0.545455 0.400000
vt 0.545455 0.500000
vt 0.545455 0.600000
vt 0.545455 0.700000
vt 0.545455 0.800000
vt 0.568182 1.000000
vt 0.568182 0.900000
vt 0.568182 0.100000
vt 0.568182 0.000000
vt 0.568182 0.200000
vt 0.568182 0.300000
vt 0.568182 0.400000
vt 0.568182 0.500000
vt 0.568182 0.600000
vt 0.568182 0.700000
vt 0.568182 0.800000
vt 0.590909 1.000000
vt 0.590909 0.900000
vt 0.590909 0.100000
vt 0.590909 0.000000
vt 0.590909 0.200000
vt 0.590909 0.300000
vt 0.590909 0.400000
vt 0.590909 0.500000
vt 0.590909 0.600000
vt 0.590909 0.700000
vt 0.590909 0.800000
vt 0.613636 1.000000
vt 0.613636 0.900000
vt 0.613636 0.100000
vt 0.613636 0.000000
vt 0.613636 0.200000
vt 0.613636 0.300000
vt 0.613636 0.400000
vt 0.613636 0.500000
vt 0.613636 0.600000
vt 0.613636 0.700000
vt 0.613636 0.800000
vt 0.636364 1.000000
vt 0.636364 0.900000
vt 0.636364 0.100000
vt 0.636364 0.000000
vt 0.636364 0.200000
vt 0.636364 0.300000
vt 0.636364 0.400000
vt 0.636364 0.500000
vt 0.636364 0.600000
vt 0.636364 0.700000
vt 0.636364 0.800000
vt 0.659091 1.000000
vt 0.659091 0.900000
vt 0.659091 0.100000
vt 0.659091 0.000000
vt 0.659091 0.200000
vt 0.659091 0.300000
vt 0.659091 0.400000
vt 0.659091 0.500000
vt 0.659091 0.600000
vt 0.659091 0.700000
vt 0.659091 0.800000
vt 0.681818 1.000000
vt 0.681818 0.900000
vt 0.681818 0.100000
vt 0.681818 0.000000
vt 0.681818 0.200000
vt 0.681818 0.300000
vt 0.681818 0.400000
vt 0.681818 0.500000
vt 0.681818 0.600000
vt 0.681818 0.700000
vt 0.681818 0.800000
vt 0.704545 1.000000
vt 0.704545 0.900000
vt 0.704545 0.100000
vt 0.704545 0.000000
vt 0.704545 0.200000
vt 0.704545 0.300000
vt 0.704545 0.400000
vt 0.704545 0.500000
vt 0.704545 0.600000
vt 0.704545 0.700000
vt 0.704545 0.800000
vt 0.727273 1.000000
vt 0.727273 0.900000
vt 0.727273 0.100000
vt 0.727273 0.000000
vt 0.727273 0.200000
vt 0.727273 0.300000
vt 0.727273 0.400000
vt 0.727273 0.500000
vt 0.727273 0.600000
vt 0.727273 0.700000
vt 0.727273 0.800000
vt 0.750000 1.000000
vt 0.750000 0.900000
vt 0.750000 0.100000
vt 0.750000 0.000000
vt 0.750000 0.200000
vt 0.750000 0.300000
vt 0.750000 0.400000
vt 0.750000 0.500000
vt 0.750000 0.600000
vt 0.750000 0.700000
vt 0.750000 0.800000
vt 0.772727 1.000000
vt 0.772727 0.900000
vt 0.772727 0.100000
vt 0.772727 0.000000
vt 0.772727 0.200000
vt 0.772727 0.300000
vt 0.772727 0.400000
vt 0.772727 0.500000
vt 0.772727 0.600000
vt 0.772727 0.700000
vt 0.772727 0.800000
vt 0.795455 1.000000
vt 0.795455 0.900000
vt 0.795455 0.100000
vt 0.795455 0.000000
vt 0.795455 0.200000
vt 0.795455 0.300000
vt 0.795455 0.400000
vt 0.795455 0.500000
vt 0.795455 0.600000
vt 0.795455 0.700000
vt 0.795455 0.800000
vt 0.818182 1.000000
vt 0.818182 0.900000
vt 0.818182 0.100000
vt 0.818182 0.000000
vt 0.818182 0.200000
vt 0.818182 0.300000
vt 0.818182 0.400000
vt 0.818182 0.500000
vt 0.818182 0.600000
vt 0.818182 0.700000
vt 0.818182 0.800000
vt 0.840909 1.000000
vt 0.840909 0.900000
vt 0.840909 0.100000
vt 0.840909 0.000000
vt 0.840909 0.200000
vt 0.840909 0.300000
vt 0.840909 0.400000
vt 0.840909 0.500000
vt 0.840909 0.600000
vt 0.840909 0.700000
vt 0.840909 0.800000
vt 0.863636 1.000000
vt 0.863636 0.900000
vt 0.863636 0.100000
vt 0.863636 0.000000
vt 0.863636 0.200000
vt 0.863636 0.300000
vt 0.863636 0.400000
vt 0.863636 0.500000
vt 0.863636 0.600000
vt 0.863636 0.700000
vt 0.863636 0.800000
vt 0.886364 1.000000
vt 0.886364 0.900000
vt 0.886364 0.100000
vt 0.886364 0.000000
vt 0.886364 0.200000
vt 0.886364 0.300000
vt 0.886364 0.400000
vt 0.886364 0.500000
vt 0.886364 0.600000
vt 0.886364 0.700000
vt 0.886364 0.800000
vt 0.909091 1.000000
vt 0.909091 0.900000
vt 0.909091 0.100000
vt 0.909091 0.000000
vt 0.909091 0.200000
vt 0.909091 0.300000
vt 0.909091 0.400000
vt 0.909091 0.500000
vt 0.909091 0.600000
vt 0.909091 0.700000
vt 0.909091 0.800000
vt 0.931818 1.000000
vt 0.931818 0.900000
vt 0.931818 0.100000
vt 0.931818 0.000000
vt 0.931818 0.200000
vt 0.931818 0.300000
vt 0.931818 0.400000
vt 0.931818 0.500000
vt 0.931818 0.600000
vt 0.931818 0.700000
vt 0.931818 0.800000
vt 0.954545 1.000000
vt 0.954545 0.900000
vt 0.954545 0.100000
vt 0.954545 0.000000
vt 0.954545 0.200000
vt 0.954545 0.300000
vt 0.954545 0.400000
vt 0.954545 0.500000
vt 0.954545 0.600000
vt 0.954545 0.700000
vt 0.954545 0.800000
vt 0.977273 1.000000
vt 0.977273 0.900000
vt 0.977273 0.100000
vt 0.977273 0.000000
vt 0.977273 0.200000
vt 0.977273 0.300000
vt 0.977273 0.400000
vt 0.977273 0.500000
vt 0.977273 0.600000
vt 0.977273 0.700000
vt 0.977273 0.800000
vt 1.000000 1.000000
vt 1.000000 0.900000
vt 1.000000 0.100000
vt 1.000000 0.000000
vt 1.000000 0.200000
vt 1.000000 0.300000
vt 1.000000 0.400000
vt 1.000000 0.500000
vt 1.000000 0.600000
vt 1.000000 0.700000
vt 1.000000 0.800000
s 1
usemtl Track
f 101/105/98 111/106/108 120/107/117 110/108/107
f 102/109/99 112/110/109 111/111/108 101/112/98
f 103/113/100 113/114/110 112/110/109 102/109/99
f 104/115/101 114/116/111 113/114/110 103/113/100
f 105/117/102 115/118/112 114/116/111 104/115/101
f 106/119/103 116/120/113 115/118/112 105/117/102
f 107/121/104 117/122/114 116/120/113 106/119/103
f 108/123/105 118/124/115 117/122/114 107/121/104
f 109/125/106 119/126/116 118/124/115 108/123/105
f 110/108/107 120/107/117 119/126/116 109/125/106
f 111/106/108 121/127/118 130/128/127 120/107/117
f 112/110/109 122/129/119 121/130/118 111/111/108
f 113/114/110 123/131/120 122/129/119 112/110/109
f 114/116/111 124/132/121 123/131/120 113/114/110
f 115/118/112 125/133/122 124/132/121 114/116/111
f 116/120/113 126/134/123 125/133/122 115/118/112
f 117/122/114 127/135/124 126/134/123 116/120/113
f 118/124/115 128/136/125 127/135/124 117/122/114
f 119/126/116 129/137/126 128/136/125 118/124/115
f 120/107/117 130/128/127 129/137/126 119/126/116
f 121/127/118 131/138/128 140/139/137 130/128/127
f 122/129/119 132/140/129 131/141/128 121/130/118
f 123/131/120 133/142/130 132/140/129 122/129/119
f 124/132/121 134/143/131 133/142/130 123/131/120
f 125/133/122 135/144/132 134/143/131 124/132/121
f 126/134/123 136/145/133 135/144/132 125/133/122
f 127/135/124 137/146/134 136/145/133 126/134/123
f 128/136/125 138/147/135 137/146/134 127/135/124
f 129/137/126 139/148/136 138/147/135 128/136/125
f 130/128/127 140/139/137 139/148/136 129/137/126
f 131/138/128 141/149/138 150/150/147 140/139/137
f 132/140/129 142/151/139 141/152/138 131/141/128
f 133/142/130 143/153/140 142/151/139 132/140/129
f 134/143/131 144/154/141 143/153/140 133/142/130
f 135/144/132 145/155/142 144/154/141 134/143/131
f 136/145/133 146/156/143 145/155/142 135/144/132
f 137/146/134 147/157/144 146/156/143 136/145/133
f 138/147/135 148/158/145 147/157/144 137/146/134
f 139/148/136 149/159/146 148/158/145 138/147/135
f 140/139/137 150/150/147 149/159/146 139/148/136
f 141/149/138 151/160/148 160/161/157 150/150/147
f 142/151/139 152/162/149 151/163/148 141/152/138
f 143/153/140 153/164/150 152/162/149 142/151/139
f 144/154/141 154/165/151 153/164/150 143/153/140
f 145/155/142 155/166/152 154/165/151 144/154/141
f 146/156/143 156/167/153 155/166/152 145/155/142
f 147/157/144 157/168/154 156/167/153 146/156/143
f 148/158/145 158/169/155 157/168/154 147/157/144
f 149/159/146 159/170/156 158/169/155 148/158/145
f 150/150/147 160/161/157 159/170/156 149/159/146
f 151/160/148 161/171/158 170/172/167 160/161/157
f 152/162/149 162/173/159 161/174/158 151/163/148
f 153/164/150 163/175/160 162/173/159 152/162/149
f 154/165/151 164/176/161 163/175/160 153/164/150
f 155/166/152 165/177/162 164/176/161 154/165/151
f 156/167/153 166/178/163 165/177/162 155/166/152
f 157/168/154 167/179/164 166/178/163 156/167/153
f 158/169/155 168/180/165 167/179/164 157/168/154
f 159/170/156 169/181/166 168/180/165 158/169/155
f 160/161/157 170/172/167 169/181/166 159/170/156
f 161/171/158 171/182/168 180/183/177 170/172/167
f 162/173/159 172/184/169 171/185/168 161/174/158
f 163/175/160 173/186/170 172/184/169 162/173/159
f 164/176/161 174/187/171 173/186/170 163/175/160
f 165/177/162 175/188/172 174/187/171 164/176/161
f 166/178/163 176/189/173 175/188/172 165/177/162
f 167/179/164 177/190/174 176/189/173 166/178/163
f 168/180/165 178/191/175 177/190/174 167/179/164
f 169/181/166 179/192/176 178/191/175 168/180/165
f 170/172/167 180/183/177 179/192/176 169/181/166
f 171/182/168 181/193/178 190/194/187 180/183/177
f 172/184/169 182/195/179 181/196/178 171/185/168
f 173/186/170 183/197/180 182/195/179 172/184/169
f 174/187/171 184/198/181 183/197/180 173/186/170
f 175/188/172 185/199/182 184/198/181 174/187/171
f 176/189/173 186/200/183 185/199/182 175/188/172
f 177/190/174 187/201/184 186/200/183 176/189/173
f 178/191/175 188/202/185 187/201/184 177/190/174
f 179/192/176 189/203/186 188/202/185 178/191/175
f 180/183/177 190/194/187 189/203/186 179/192/176
f 181/193/178 191/204/188 200/205/197 190/194/187
f 182/195/179 192/206/189 191/207/188 181/196/178
f 183/197/180 193/208/190 192/206/189 182/195/179
f 184/198/181 194/209/191 193/208/190 183/197/180
f 185/199/182 195/210/192 194/209/191 184/198/181
f 186/200/183 196/211/193 195/210/192 185/199/182
f 187/201/184 197/212/194 196/211/193 186/200/183
f 188/202/185 198/213/195 197/212/194 187/201/184
f 189/203/186 199/214/196 198/213/195 188/202/185
f 190/194/187 200/205/197 199/214/196 189/203/186
f 191/204/188 201/215/198 210/216/207 200/205/197
f 192/206/189 202/217/199 201/218/198 191/207/188
f 193/208/190 203/219/200 202/217/199 192/206/189
f 194/209/191 204/220/201 203/219/200 193/208/190
f 195/210/192 205/221/202 204/220/201 194/209/191
f 196/211/193 206/222/203 205/221/202 195/210/192
f 197/212/194 207/223/204 206/222/203 196/211/193
f 198/213/195 208/224/205 207/223/204 197/212/194
f 199/214/196 209/225/206 208/224/205 198/213/195
f 200/205/197 210/216/207 209/225/206 199/214/196
f 201/215/198 211/226/208 220/227/217 210/216/207
f 202/217/199 212/228/209 211/229/208 201/218/198
f 203/219/200 213/230/210 212/228/209 202/217/199
f 204/220/201 214/231/211 213/230/210 203/219/200
f 205/221/202 215/232/212 214/231/211 204/220/201
f 206/222/203 216/233/213 215/232/212 205/221/202
f 207/223/204 217/234/214 216/233/213 206/222/203
f 208/224/205 218/235/215 217/234/214 207/223/204
f 209/225/206 219/236/216 218/235/215 208/224/205
f 210/216/207 220/227/217 219/236/216 209/225/206
f 211/226/208 221/237/218 230/238/227 220/227/217
f 212/228/209 222/239/219 221/240/218 211/229/208
f 213/230/210 223/241/220 222/239/219 212/228/209
f 214/231/211 224/242/221 223/241/220 213/230/210
f 215/232/212 225/243/222 224/242/221 214/231/211
f 216/233/213 226/244/223 225/243/222 215/232/212
f 217/234/214 227/245/224 226/244/223 216/233/213
f 218/235/215 228/246/225 227/245/224 217/234/214
f 219/236/216 229/247/226 228/246/225 218/235/215
f 220/227/217 230/238/227 229/247/226 219/236/216
f 221/237/218 231/248/228 240/249/237 230/238/227
f 222/239/219 232/250/229 231/251/228 221/240/218
f 223/241/220 233/252/230 232/250/229 222/239/219
f 224/242/221 234/253/231 233/252/230 223/241/220
f 225/243/222 235/254/232 234/253/231 224/242/221
f 226/244/223 236/255/233 235/254/232 225/243/222
f 227/245/224 237/256/234 236/255/233 226/244/223
f 228/246/225 238/257/235 237/256/234 227/245/224
f 229/247/226 239/258/236 238/257/235 228/246/225
f 230/238/227 240/249/237 239/258/236 229/247/226
f 231/248/228 241/259/238 250/260/247 240/249/237
f 232/250/229 242/261/239 241/262/238 231/251/228
f 233/252/230 243/263/240 242/261/239 232/250/229
f 234/253/231 244/264/241 243/263/240 233/252/230
f 235/254/232 245/265/242 244/264/241 234/253/231
f 236/255/233 246/266/243 245/265/242 235/254/232
f 237/256/234 247/267/244 246/266/243 236/255/233
f 238/257/235 248/268/245 247/267/244 237/256/234
f 239/258/236 249/269/246 248/268/245 238/257/235
f 240/249/237 250/260/247 249/269/246 239/258/236
f 241/259/238 251/270/248 260/271/257 250/260/247
f 242/261/239 252/272/249 251/273/248 241/262/238
f 243/263/240 253/274/250 252/272/249 242/261/239
f 244/264/241 254/275/251 253/274/250 243/263/240
f 245/265/242 255/276/252 254/275/251 244/264/241
f 246/266/243 256/277/253 255/276/252 245/265/242
f 247/267/244 257/278/254 256/277/253 246/266/243
f 248/268/245 258/279/255 257/278/254 247/267/244
f 249/269/246 259/280/256 258/279/255 248/268/245
f 250/260/247 260/271/257 259/280/256 249/269/246
f 251/270/248 261/281/258 270/282/267 260/271/257
f 252/272/249 262/283/259 261/284/258 251/273/248
f 253/274/250 263/285/260 262/283/259 252/272/249
f 254/275/251 264/286/261 263/285/260 253/274/250
f 255/276/252 265/287/262 264/286/261 254/275/251
f 256/277/253 266/288/263 265/287/262 255/276/252
f 257/278/254 267/289/264 266/288/263 256/277/253
f 258/279/255 268/290/265 267/289/264 257/278/254
f 259/280/256 269/291/266 268/290/265 258/279/255
f 260/271/257 270/282/267 269/291/266 259/280/256
f 261/281/258 271/292/268 280/293/277 270/282/267
f 262/283/259 272/294/269 271/295/268 261/284/258
f 263/285/260 273/296/270 272/294/269 262/283/259
f 264/286/261 274/297/271 273/296/270 263/285/260
f 265/287/262 275/298/272 274/297/271 264/286/261
f 266/288/263 276/299/273 275/298/272 265/287/262
f 267/289/264 277/300/274 276/299/273 266/288/263
f 268/290/265 278/301/275 277/300/274 267/289/264
f 269/291/266 279/302/276 278/301/275 268/290/265
f 270/282/267 280/293/277 279/302/276 269/291/266
f 271/292/268 281/303/278 290/304/287 280/293/277
f 272/294/269 282/305/279 281/306/278 271/295/268
f 273/296/270 283/307/280 282/305/279 272/294/269
f 274/297/271 284/308/281 283/307/280 273/296/270
f 275/298/272 285/309/282 284/308/281 274/297/271
f 276/299/273 286/310/283 285/309/282 275/298/272
f 277/300/274 287/311/284 286/310/283 276/299/273
f 278/301/275 288/312/285 287/311/284 277/300/274
f 279/302/276 289/313/286 288/312/285 278/301/275
f 280/293/277 290/304/287 289/313/286 279/302/276
f 281/303/278 291/314/288 300/315/297 290/304/287
f 282/305/279 292/316/289 291/317/288 281/306/278
f 283/307/280 293/318/290 292/316/289 282/305/279
f 284/308/281 294/319/291 293/318/290 283/307/280
f 285/309/282 295/320/292 294/319/291 284/308/281
f 286/310/283 296/321/293 295/320/292 285/309/282
f 287/311/284 297/322/294 296/321/293 286/310/283
f 288/312/285 298/323/295 297/322/294 287/311/284
f 289/313/286 299/324/296 298/323/295 288/312/285
f 290/304/287 300/315/297 299/324/296 289/313/286
f 291/314/288 301/325/298 310/326/307 300/315/297
f 292/316/289 302/327/299 301/328/298 291/317/288
f 293/318/290 303/329/300 302/327/299 292/316/289
f 294/319/291 304/330/301 303/329/300 293/318/290
f 295/320/292 305/331/302 304/330/301 294/319/291
f 296/321/293 306/332/303 305/331/302 295/320/292
f 297/322/294 307/333/304 306/332/303 296/321/293
f 298/323/295 308/334/305 307/333/304 297/322/294
f 299/324/296 309/335/306 308/334/305 298/323/295
f 300/315/297 310/326/307 309/335/306 299/324/296
f 301/325/298 311/336/308 320/337/317 310/326/307
f 302/327/299 312/338/309 311/339/308 301/328/298
f 303/329/300 313/340/310 312/338/309 302/327/299
f 304/330/301 314/341/311 313/340/310 303/329/300
f 305/331/302 315/342/312 314/341/311 304/330/301
f 306/332/303 316/343/313 315/342/312 305/331/302
f 307/333/304 317/344/314 316/343/313 306/332/303
f 308/334/305 318/345/315 317/344/314 307/333/304
f 309/335/306 319/346/316 318/345/315 308/334/305
f 310/326/307 320/337/317 319/346/316 309/335/306
f 311/336/308 321/347/318 330/348/102 320/337/317
f 312/338/309 322/349/319 321/350/318 311/339/308
f 313/340/310 323/351/320 322/349/319 312/338/309
f 314/341/311 324/352/321 323/351/320 313/340/310
f 315/342/312 325/353/107 324/352/321 314/341/311
f 316/343/313 326/354/322 325/353/107 315/342/312
f 317/344/314 327/355/323 326/354/322 316/343/313
f 318/345/315 328/356/324 327/355/323 317/344/314
f 319/346/316 329/357/325 328/356/324 318/345/315
f 320/337/317 330/348/102 329/357/325 319/346/316
f 321/347/318 331/358/326 340/359/335 330/348/102
f 322/349/319 332/360/327 331/361/326 321/350/318
f 323/351/320 333/362/328 332/360/327 322/349/319
f 324/352/321 334/363/329 333/362/328 323/351/320
f 325/353/107 335/364/330 334/363/329 324/352/321
f 326/354/322 336/365/331 335/364/330 325/353/107
f 327/355/323 337/366/332 336/365/331 326/354/322
f 328/356/324 338/367/333 337/366/332 327/355/323
f 329/357/325 339/368/334 338/367/333 328/356/324
f 330/348/102 340/359/335 339/368/334 329/357/325
f 331/358/326 341/369/336 350/370/345 340/359/335
f 332/360/327 342/371/337 341/372/336 331/361/326
f 333/362/328 343/373/338 342/371/337 332/360/327
f 334/363/329 344/374/339 343/373/338 333/362/328
f 335/364/330 345/375/340 344/374/339 334/363/329
f 336/365/331 346/376/341 345/375/340 335/364/330
f 337/366/332 347/377/342 346/376/341 336/365/331
f 338/367/333 348/378/343 347/377/342 337/366/332
f 339/368/334 349/379/344 348/378/343 338/367/333
f 340/359/335 350/370/345 349/379/344 339/368/334
f 341/369/336 351/380/346 360/381/355 350/370/345
f 342/371/337 352/382/347 351/383/346 341/372/336
f 343/373/338 353/384/348 352/382/347 342/371/337
f 344/374/339 354/385/349 353/384/348 343/373/338
f 345/375/340 355/386/350 354/385/349 344/374/339
f 346/376/341 356/387/351 355/386/350 345/375/340
f 347/377/342 357/388/352 356/387/351 346/376/341
f 348/378/343 358/389/353 357/388/352 347/377/342
f 349/379/344 359/390/354 358/389/353 348/378/343
f 350/370/345 360/381/355 359/390/354 349/379/344
f 351/380/346 361/391/356 370/392/365 360/381/355
f 352/382/347 362/393/357 361/394/356 351/383/346
f 353/384/348 363/395/358 362/393/357 352/382/347
f 354/385/349 364/396/359 363/395/358 353/384/348
f 355/386/350 365/397/360 364/396/359 354/385/349
f 356/387/351 366/398/361 365/397/360 355/386/350
f 357/388/352 367/399/362 366/398/361 356/387/351
f 358/389/353 368/400/363 367/399/362 357/388/352
f 359/390/354 369/401/364 368/400/363 358/389/353
f 360/381/355 370/392/365 369/401/364 359/390/354
f 361/391/356 371/402/366 380/403/375 370/392/365
f 362/393/357 372/404/367 371/405/366 361/394/356
f 363/395/358 373/406/368 372/404/367 362/393/357
f 364/396/359 374/407/369 373/406/368 363/395/358
f 365/397/360 375/408/370 374/407/369 364/396/359
f 366/398/361 376/409/371 375/408/370 365/397/360
f 367/399/362 377/410/372 376/409/371 366/398/361
f 368/400/363 378/411/373 377/410/372 367/399/362
f 369/401/364 379/412/374 378/411/373 368/400/363
f 370/392/365 380/403/375 379/412/374 369/401/364
f 371/402/366 381/413/376 390/414/385 380/403/375
f 372/404/367 382/415/377 381/416/376 371/405/366
f 373/406/368 383/417/378 382/415/377 372/404/367
f 374/407/369 384/418/379 383/417/378 373/406/368
f 375/408/370 385/419/380 384/418/379 374/407/369
f 376/409/371 386/420/381 385/419/380 375/408/370
f 377/410/372 387/421/382 386/420/381 376/409/371
f 378/411/373 388/422/383 387/421/382 377/410/372
f 379/412/374 389/423/384 388/422/383 378/411/373
f 380/403/375 390/414/385 389/423/384 379/412/374
f 381/413/376 391/424/386 400/425/172 390/414/385
f 382/415/377 392/426/387 391/427/386 381/416/376
f 383/417/378 393/428/388 392/426/387 382/415/377
f 384/418/379 394/429/389 393/428/388 383/417/378
f 385/419/380 395/430/177 394/429/389 384/418/379
f 386/420/381 396/431/390 395/430/177 385/419/380
f 387/421/382 397/432/391 396/431/390 386/420/381
f 388/422/383 398/433/392 397/432/391 387/421/382
f 389/423/384 399/434/393 398/433/392 388/422/383
f 390/414/385 400/425/172 399/434/393 389/423/384
f 391/424/386 401/435/394 410/436/182 400/425/172
f 392/426/387 402/437/395 401/438/394 391/427/386
f 393/428/388 403/439/396 402/437/395 392/426/387
f 394/429/389 404/440/397 403/439/396 393/428/388
f 395/430/177 405/441/187 404/440/397 394/429/389
f 396/431/390 406/442/398 405/441/187 395/430/177
f 397/432/391 407/443/399 406/442/398 396/431/390
f 398/433/392 408/444/400 407/443/399 397/432/391
f 399/434/393 409/445/401 408/444/400 398/433/392
f 400/425/172 410/436/182 409/445/401 399/434/393
f 401/435/394 411/446/402 420/447/192 410/436/182
f 402/437/395 412/448/403 411/449/402 401/438/394
f 403/439/396 413/450/404 412/448/403 402/437/395
f 404/440/397 414/451/405 413/450/404 403/439/396
f 405/441/187 415/452/197 414/451/405 404/440/397
f 406/442/398 416/453/406 415/452/197 405/441/187
f 407/443/399 417/454/407 416/453/406 406/442/398
f 408/444/400 418/455/408 417/454/407 407/443/399
f 409/445/401 419/456/409 418/455/408 408/444/400
f 410/436/182 420/447/192 419/456/409 409/445/401
f 411/446/402 421/457/410 430/458/202 420/447/192
f 412/448/403 422/459/411 421/460/410 411/449/402
f 413/450/404 423/461/412 422/459/411 412/448/403
f 414/451/405 424/462/413 423/461/412 413/450/404
f 415/452/197 425/463/207 424/462/413 414/451/405
f 416/453/406 426/464/414 425/463/207 415/452/197
f 417/454/407 427/465/415 426/464/414 416/453/406
f 418/455/408 428/466/416 427/465/415 417/454/407
f 419/456/409 429/467/417 428/466/416 418/455/408
f 420/447/192 430/458/202 429/467/417 419/456/409
f 421/457/410 431/468/418 440/469/212 430/458/202
f 422/459/411 432/470/419 431/471/418 421/460/410
f 423/461/412 433/472/420 432/470/419 422/459/411
f 424/462/413 434/473/421 433/472/420 423/461/412
f 425/463/207 435/474/217 434/473/421 424/462/413
f 426/464/414 436/475/422 435/474/217 425/463/207
f 427/465/415 437/476/423 436/475/422 426/464/414
f 428/466/416 438/477/424 437/476/423 427/465/415
f 429/467/417 439/478/425 438/477/424 428/466/416
f 430/458/202 440/469/212 439/478/425 429/467/417
f 431/468/418 441/479/426 450/480/222 440/469/212
f 432/470/419 442/481/427 441/482/426 431/471/418
f 433/472/420 443/483/428 442/481/427 432/470/419
f 434/473/421 444/484/429 443/483/428 433/472/420
f 435/474/217 445/485/227 444/484/429 434/473/421
f 436/475/422 446/486/430 445/485/227 435/474/217
f 437/476/423 447/487/431 446/486/430 436/475/422
f 438/477/424 448/488/432 447/487/431 437/476/423
f 439/478/425 449/489/433 448/488/432 438/477/424
f 440/469/212 450/480/222 449/489/433 439/478/425
f 441/479/426 451/490/434 460/491/232 450/480/222
f 442/481/427 452/492/435 451/493/434 441/482/426
f 443/483/428 453/494/436 452/492/435 442/481/427
f 444/484/429 454/495/437 453/494/436 443/483/428
f 445/485/227 455/496/237 454/495/437 444/484/429
f 446/486/430 456/497/438 455/496/237 445/485/227
f 447/487/431 457/498/439 456/497/438 446/486/430
f 448/488/432 458/499/440 457/498/439 447/487/431
f 449/489/433 459/500/441 458/499/440 448/488/432
f 450/480/222 460/491/232 459/500/441 449/489/433
f 451/490/434 461/501/442 470/502/242 460/491/232
f 452/492/435 462/503/443 461/504/442 451/493/434
f 453/494/436 463/505/444 462/503/443 452/492/435
f 454/495/437 464/506/445 463/505/444 453/494/436
f 455/496/237 465/507/247 464/506/445 454/495/437
f 456/497/438 466/508/446 465/507/247 455/496/237
f 457/498/439 467/509/447 466/508/446 456/497/438
f 458/499/440 468/510/448 467/509/447 457/498/439
f 459/500/441 469/511/449 468/510/448 458/499/440
f 460/491/232 470/502/242 469/511/449 459/500/441
f 461/501/442 471/512/450 480/513/252 470/502/242
f 462/503/443 472/514/451 471/515/450 461/504/442
f 463/505/444 473/516/452 472/514/451 462/503/443
f 464/506/445 474/517/453 473/516/452 463/505/444
f 465/507/247 475/518/257 474/517/453 464/506/445
f 466/508/446 476/519/454 475/518/257 465/507/247
f 467/509/447 477/520/455 476/519/454 466/508/446
f 468/510/448 478/521/456 477/520/455 467/509/447
f 469/511/449 479/522/457 478/521/456 468/510/448
f 470/502/242 480/513/252 479/522/457 469/511/449
f 471/512/450 481/523/458 490/524/467 480/513/252
f 472/514/451 482/525/459 481/526/458 471/515/450
f 473/516/452 483/527/460 482/525/459 472/514/451
f 474/517/453 484/528/461 483/527/460 473/516/452
f 475/518/257 485/529/462 484/528/461 474/517/453
f 476/519/454 486/530/463 485/529/462 475/518/257
f 477/520/455 487/531/464 486/530/463 476/519/454
f 478/521/456 488/532/465 487/531/464 477/520/455
f 479/522/457 489/533/466 488/532/465 478/521/456
f 480/513/252 490/524/467 489/533/466 479/522/457
f 481/523/458 491/534/468 500/535/477 490/524/467
f 482/525/459 492/536/469 491/537/468 481/526/458
f 483/527/460 493/538/470 492/536/469 482/525/459
f 484/528/461 494/539/471 493/538/470 483/527/460
f 485/529/462 495/540/472 494/539/471 484/528/461
f 486/530/463 496/541/473 495/540/472 485/529/462
f 487/531/464 497/542/474 496/541/473 486/530/463
f 488/532/465 498/543/475 497/542/474 487/531/464
f 489/533/466 499/544/476 498/543/475 488/532/465
f 490/524/467 500/535/477 499/544/476 489/533/466
f 491/534/468 501/545/478 510/546/487 500/535/477
f 492/536/469 502/547/479 501/548/478 491/537/468
f 493/538/470 503/549/480 502/547/479 492/536/469
f 494/539/471 504/550/481 503/549/480 493/538/470
f 495/540/472 505/551/482 504/550/481 494/539/471
f 496/541/473 506/552/483 505/551/482 495/540/472
f 497/542/474 507/553/484 506/552/483 496/541/473
f 498/543/475 508/554/485 507/553/484 497/542/474
f 499/544/476 509/555/486 508/554/485 498/543/475
f 500/535/477 510/546/487 509/555/486 499/544/476
f 501/545/478 511/556/488 520/557/497 510/546/487
f 502/547/479 512/558/489 511/559/488 501/548/478
f 503/549/480 513/560/490 512/558/489 502/547/479
f 504/550/481 514/561/491 513/560/490 503/549/480
f 505/551/482 515/562/492 514/561/491 504/550/481
f 506/552/483 516/563/493 515/562/492 505/551/482
f 507/553/484 517/564/494 516/563/493 506/552/483
f 508/554/485 518/565/495 517/564/494 507/553/484
f 509/555/486 519/566/496 518/565/495 508/554/485
f 510/546/487 520/557/497 519/566/496 509/555/486
f 511/556/488 521/567/498 530/568/507 520/557/497
f 512/558/489 522/569/499 521/570/498 511/559/488
f 513/560/490 523/571/500 522/569/499 512/558/489
f 514/561/491 524/572/501 523/571/500 513/560/490
f 515/562/492 525/573/502 524/572/501 514/561/491
f 516/563/493 526/574/503 525/573/502 515/562/492
f 517/564/494 527/575/504 526/574/503 516/563/493
f 518/565/495 528/576/505 527/575/504 517/564/494
f 519/566/496 529/577/506 528/576/505 518/565/495
f 520/557/497 530/568/507 529/577/506 519/566/496
f 521/567/498 531/578/508 540/579/517 530/568/507
f 522/569/499 532/580/509 531/581/508 521/570/498
f 523/571/500 533/582/510 532/580/509 522/569/499
f 524/572/501 534/583/511 533/582/510 523/571/500
f 525/573/502 535/584/512 534/583/511 524/572/501
f 526/574/503 536/585/513 535/584/512 525/573/502
f 527/575/504 537/586/514 536/585/513 526/574/503
f 528/576/505 538/587/515 537/586/514 527/575/504
f 529/577/506 539/588/516 538/587/515 528/576/505
f 530/568/507 540/579/517 539/588/516 529/577/506
f 531/578/508 101/589/98 110/590/107 540/579/517
f 532/580/509 102/591/99 101/592/98 531/581/508
f 533/582/510 103/593/100 102/591/99 532/580/509
f 534/583/511 104/594/101 103/593/100 533/582/510
f 535/584/512 105/595/102 104/594/101 534/583/511
f 536/585/513 106/596/103 105/595/102 535/584/512
f 537/586/514 107/597/104 106/596/103 536/585/513
f 538/587/515 108/598/105 107/597/104 537/586/514
f 539/588/516 109/599/106 108/598/105 538/587/515
f 540/579/517 110/590/107 109/599/106 539/588/516
o LineLoop
v -8.919098 0.000000 0.108778
v -8.969098 0.000000 0.145106
v -9.030902 0.000000 0.145106
v -9.080902 0.000000 0.108779
v -9.100000 -0.000000 0.050000
v -9.080902 -0.000000 -0.008779
v -9.030902 -0.000000 -0.045106
v -8.969098 -0.000000 -0.045106
v -8.919098 0.000000 -0.008778
v -8.900000 0.000000 0.050000
v -8.829537 -0.778883 0.108778
v -8.878273 -0.790057 0.145106
v -8.938513 -0.803869 0.145106
v -8.987248 -0.815043 0.108779
v -9.005864 -0.819311 0.050000
v -8.987248 -0.815043 -0.008779
v -8.938513 -0.803869 -0.045106
v -8.878273 -0.790057 -0.045106
v -8.829537 -0.778883 -0.008778
v -8.810922 -0.774615 0.050000
v -8.562178 -1.543377 0.108778
v -8.607454 -1.564591 0.145106
v -8.663420 -1.590813 0.145106
v -8.708696 -1.612027 0.108779
v -8.725990 -1.620130 0.050000
v -8.708696 -1.612027 -0.008779
v -8.663420 -1.590813 -0.045106
v -8.607454 -1.564591 -0.045106
v -8.562178 -1.543377 -0.008778
v -8.544884 -1.535274 0.050000
v -8.121325 -2.278652 0.108779
v -8.161721 -2.308115 0.145106
v -8.211656 -2.344533 0.145106
v -8.252052 -2.373996 0.108779
v -8.267483 -2.385250 0.050000
v -8.252052 -2.373996 -0.008779
v -8.211656 -2.344533 -0.045106
v -8.161721 -2.308115 -0.045106
v -8.121325 -2.278652 -0.008778
v -8.105894 -2.267398 0.050000
v -7.514848 -2.969621 0.108779
v -7.549726 -3.005447 0.145106
v -7.592838 -3.049730 0.145106
v -7.627716 -3.085557 0.108779
v -7.641038 -3.099241 0.050000
v -7.627716 -3.085557 -0.008779
v -7.592838 -3.049730 -0.045106
v -7.549726 -3.005447 -0.045106
v -7.514848 -2.969621 -0.008778
v -7.501525 -2.955936 0.050000
v -6.754409 -3.601614 0.108779
v -6.783665 -3.642161 0.145106
v -6.819828 -3.692280 0.145106
v -6.849084 -3.732827 0.108779
v -6.860259 -3.748314 0.050000
v -6.849084 -3.732827 -0.008779
v -6.819828 -3.692280 -0.045106
v -6.783665 -3.642161 -0.045106
v -6.754409 -3.601614 -0.008778
v -6.743234 -3.586126 0.050000
v -5.855227 -4.161055 0.108779
v -5.879033 -4.205024 0.145106
v -5.908460 -4.259372 0.145106
v -5.932266 -4.303340 0.108778
v -5.941360 -4.320135 0.050000
v -5.932266 -4.303340 -0.008779
v -5.908460 -4.259372 -0.045106
v -5.879033 -4.205024 -0.045106
v -5.855227 -4.161055 -0.008778
v -5.846133 -4.144260 0.050000
v -4.835630 -4.635941 0.108779
v -4.854256 -4.682343 0.145106
v -4.877279 -4.739697 0.145106
v -4.895905 -4.786099 0.108779
v -4.903018 -4.803823 0.050000
v -4.895905 -4.786099 -0.008779
v -4.877279 -4.739697 -0.045106
v -4.854256 -4.682343 -0.045106
v -4.835630 -4.635941 -0.008778
v -4.828516 -4.618217 0.050000
v -3.716550 -5.016139 0.108779
v -3.730261 -5.064222 0.145106
v -3.747209 -5.123656 0.145106
v -3.760920 -5.171740 0.108779
v -3.766157 -5.190106 0.050000
v -3.760920 -5.171740 -0.008779
v -3.747209 -5.123656 -0.045106
v -3.730261 -5.064222 -0.045106
v -3.716550 -5.016139 -0.008779
v -3.711313 -4.997773 0.050000
v -2.521007 -5.293585 0.108779
v -2.530021 -5.342765 0.145106
v -2.541165 -5.403556 0.145106
v -2.550179 -5.452737 0.108779
v -2.553623 -5.471522 0.050000
v -2.550179 -5.452737 -0.008779
v -2.541165 -5.403556 -0.045106
v -2.530021 -5.342765 -0.045106
v -2.521007 -5.293585 -0.008779
v -2.517563 -5.274800 0.050000
v -1.273602 -5.462422 0.108779
v -1.278071 -5.512222 0.145106
v -1.283596 -5.573778 0.145106
v -1.288065 -5.623578 0.108779
v -1.289772 -5.642600 0.050000
v -1.288065 -5.623578 -0.008779
v -1.283596 -5.573778 -0.045106
v -1.278071 -5.512222 -0.045106
v -1.273602 -5.462422 -0.008778
v -1.271895 -5.443400 0.050000
v 0.000000 -5.519098 0.108779
v 0.000000 -5.569098 0.145106
v -0.000000 -5.630902 0.145106
v -0.000000 -5.680902 0.108779
v -0.000000 -5.700000 0.050000
v -0.000000 -5.680902 -0.008779
v -0.000000 -5.630901 -0.045106
v 0.000000 -5.569098 -0.045106
v 0.000000 -5.519098 -0.008779
v 0.000000 -5.500000 0.050000
v 1.273602 -5.462422 0.108779
v 1.278071 -5.512222 0.145106
v 1.283596 -5.573778 0.145106
v 1.288065 -5.623578 0.108778
v 1.289772 -5.642600 0.050000
v 1.288065 -5.623578 -0.008779
v 1.283596 -5.573778 -0.045106
v 1.278071 -5.512222 -0.045106
v 1.273602 -5.462422 -0.008778
v 1.271895 -5.443400 0.050000
v 2.521007 -5.293585 0.108779
v 2.530021 -5.342765 0.145106
v 2.541165 -5.403556 0.145106
v 2.550179 -5.452737 0.108779
v 2.553623 -5.471522 0.050000
v 2.550179 -5.452737 -0.008779
v 2.541165 -5.403556 -0.045106
v 2.530021 -5.342765 -0.045106
v 2.521007 -5.293585 -0.008778
v 2.517563 -5.274800 0.050000
v 3.716550 -5.016139 0.108779
v 3.730261 -5.064222 0.145106
v 3.747209 -5.123656 0.145106
v 3.760920 -5.171740 0.108779
v 3.766157 -5.190106 0.050000
v 3.760920 -5.171740 -0.008779
v 3.747209 -5.123656 -0.045106
v 3.730261 -5.064222 -0.045106
v 3.716550 -5.016139 -0.008778
v 3.711313 -4.997773 0.050000
v 4.835630 -4.635941 0.108778
v 4.854256 -4.682343 0.145106
v 4.877279 -4.739697 0.145106
v 4.895905 -4.786099 0.108778
v 4.903018 -4.803823 0.050000
v 4.895905 -4.786099 -0.008779
v 4.877279 -4.739697 -0.045106
v 4.854256 -4.682343 -0.045106
v 4.835630 -4.635941 -0.008778
v 4.828516 -4.618217 0.050000
v 5.855227 -4.161055 0.108779
v 5.879033 -4.205024 0.145106
v 5.908460 -4.259372 0.145106
v 5.932266 -4.303340 0.108779
v 5.941360 -4.320135 0.050000
v 5.932266 -4.303340 -0.008779
v 5.908460 -4.259372 -0.045106
v 5.879033 -4.205024 -0.045106
v 5.855227 -4.161055 -0.008779
v 5.846133 -4.144260 0.050000
v 6.754409 -3.601614 0.108779
v 6.783665 -3.642161 0.145106
v 6.819828 -3.692280 0.145106
v 6.849084 -3.732827 0.108779
v 6.860259 -3.748314 0.050000
v 6.849084 -3.732827 -0.008779
v 6.819828 -3.692280 -0.045106
v 6.783665 -3.642161 -0.045106
v 6.754409 -3.601614 -0.008778
v 6.743234 -3.586126 0.050000
v 7.514848 -2.969621 0.108779
v 7.549726 -3.005447 0.145106
v 7.592838 -3.049730 0.145106
v 7.627716 -3.085557 0.108779
v 7.641038 -3.099241 0.050000
v 7.627716 -3.085557 -0.008779
v 7.592838 -3.049730 -0.045106
v 7.549726 -3.005447 -0.045106
v 7.514848 -2.969621 -0.008779
v 7.501525 -2.955936 0.050000
v 8.121325 -2.278652 0.108779
v 8.161721 -2.308115 0.145106
v 8.211656 -2.344533 0.145106
v 8.252052 -2.373996 0.108779
v 8.267483 -2.385250 0.050000
v 8.252052 -2.373996 -0.008779
v 8.211656 -2.344533 -0.045106
v 8.161721 -2.308115 -0.045106
v 8.121325 -2.278652 -0.008779
v 8.105894 -2.267398 0.050000
v 8.562178 -1.543377 0.108779
v 8.607454 -1.564591 0.145106
v 8.663420 -1.590813 0.145106
v 8.708696 -1.612027 0.108779
v 8.725990 -1.620130 0.050000
v 8.708696 -1.612027 -0.008779
v 8.663420 -1.590813 -0.045106
v 8.607454 -1.564591 -0.045106
v 8.562178 -1.543377 -0.008779
v 8.544884 -1.535274 0.050000
v 8.829537 -0.778883 0.108778
v 8.878273 -0.790057 0.145106
v 8.938513 -0.803869 0.145106
v 8.987248 -0.815043 0.108779
v 9.005864 -0.819311 0.050000
v 8.987248 -0.815043 -0.008779
v 8.938513 -0.803869 -0.045106
v 8.878273 -0.790057 -0.045106
v 8.829537 -0.778883 -0.008779
v 8.810922 -0.774615 0.050000
v 8.919098 0.000000 0.108779
v 8.969098 -0.000000 0.145106
v 9.030902 -0.000000 0.145106
v 9.080902 -0.000000 0.108779
v 9.100000 -0.000000 0.050000
v 9.080902 -0.000000 -0.008779
v 9.030902 0.000000 -0.045106
v 8.969098 0.000000 -0.045106
v 8.919098 0.000000 -0.008779
v 8.900000 0.000000 0.050000
v 8.829537 0.778883 0.108779
v 8.878273 0.790057 0.145106
v 8.938513 0.803869 0.145106
v 8.987248 0.815043 0.108779
v 9.005864 0.819311 0.050000
v 8.987248 0.815043 -0.008779
v 8.938513 0.803869 -0.045106
v 8.878273 0.790057 -0.045106
v 8.829537 0.778883 -0.008779
v 8.810922 0.774615 0.050000
v 8.562178 1.543377 0.108779
v 8.607454 1.564591 0.145106
v 8.663420 1.590813 0.145106
v 8.708696 1.612027 0.108779
v 8.725990 1.620130 0.050000
v 8.708696 1.612027 -0.008779
v 8.663420 1.590813 -0.045106
v 8.607454 1.564591 -0.045106
v 8.562178 1.543377 -0.008779
v 8.544884 1.535274 0.050000
v 8.121325 2.278652 0.108779
v 8.161721 2.308115 0.145106
v 8.211656 2.344533 0.145106
v 8.252052 2.373996 0.108779
v 8.267483 2.385250 0.050000
v 8.252052 2.373996 -0.008779
v 8.211656 2.344533 -0.045106
v 8.161721 2.308115 -0.045106
v 8.121325 2.278652 -0.008779
v 8.105894 2.267398 0.050000
v 7.514848 2.969621 0.108779
v 7.549726 3.005447 0.145106
v 7.592838 3.049730 0.145106
v 7.627716 3.085557 0.108779
v 7.641038 3.099241 0.050000
v 7.627716 3.085557 -0.008779
v 7.592838 3.049730 -0.045106
v 7.549726 3.005447 -0.045106
v 7.514848 2.969621 -0.008779
v 7.501525 2.955936 0.050000
v 6.754409 3.601614 0.108778
v 6.783665 3.642161 0.145106
v 6.819828 3.692280 0.145106
v 6.849084 3.732827 0.108779
v 6.860259 3.748314 0.050000
v 6.849084 3.732827 -0.008779
v 6.819828 3.692280 -0.045106
v 6.783665 3.642161 -0.045106
v 6.754409 3.601614 -0.008779
v 6.743234 3.586126 0.050000
v 5.855227 4.161055 0.108778
v 5.879033 4.205024 0.145106
v 5.908460 4.259372 0.145106
v 5.932266 4.303340 0.108779
v 5.941360 4.320135 0.050000
v 5.932266 4.303340 -0.008779
v 5.908460 4.259372 -0.045106
v 5.879033 4.205024 -0.045106
v 5.855227 4.161055 -0.008779
v 5.846133 4.144260 0.050000
v 4.835630 4.635941 0.108778
v 4.854256 4.682343 0.145106
v 4.877279 4.739697 0.145106
v 4.895905 4.786099 0.108779
v 4.903019 4.803823 0.050000
v 4.895905 4.786099 -0.008779
v 4.877279 4.739697 -0.045106
v 4.854256 4.682343 -0.045106
v 4.835630 4.635941 -0.008779
v 4.828516 4.618217 0.050000
v 3.716550 5.016139 0.108778
v 3.730261 5.064222 0.145106
v 3.747209 5.123656 0.145106
v 3.760920 5.171740 0.108779
v 3.766157 5.190106 0.050000
v 3.760920 5.171740 -0.008779
v 3.747209 5.123656 -0.045106
v 3.730261 5.064222 -0.045106
v 3.716550 5.016139 -0.008778
v 3.711313 4.997773 0.050000
v 2.521007 5.293585 0.108778
v 2.530021 5.342765 0.145106
v 2.541165 5.403556 0.145106
v 2.550179 5.452737 0.108779
v 2.553623 5.471522 0.050000
v 2.550179 5.452737 -0.008779
v 2.541165 5.403556 -0.045106
v 2.530021 5.342765 -0.045106
v 2.521007 5.293585 -0.008779
v 2.517563 5.274800 0.050000
v 1.273602 5.462422 0.108778
v 1.278071 5.512222 0.145106
v 1.283596 5.573778 0.145106
v 1.288065 5.623578 0.108779
v 1.289772 5.642600 0.050000
v 1.288065 5.623578 -0.008779
v 1.283596 5.573778 -0.045106
v 1.278071 5.512222 -0.045106
v 1.273602 5.462422 -0.008779
v 1.271895 5.443400 0.050000
v -0.000000 5.519098 0.108778
v -0.000000 5.569098 0.145106
v 0.000000 5.630902 0.145106
v 0.000000 5.680902 0.108779
v 0.000000 5.700000 0.050000
v 0.000000 5.680902 -0.008779
v 0.000000 5.630902 -0.045106
v -0.000000 5.569098 -0.045106
v -0.000000 5.519098 -0.008779
v -0.000000 5.500000 0.050000
v -1.273602 5.462422 0.108779
v -1.278071 5.512222 0.145106
v -1.283596 5.573778 0.145106
v -1.288065 5.623578 0.108779
v -1.289772 5.642600 0.050000
v -1.288065 5.623578 -0.008779
v -1.283596 5.573778 -0.045106
v -1.278071 5.512222 -0.045106
v -1.273602 5.462422 -0.008779
v -1.271895 5.443400 0.050000
v -2.521007 5.293585 0.108779
v -2.530021 5.342765 0.145106
v -2.541165 5.403556 0.145106
v -2.550179 5.452737 0.108779
v -2.553623 5.471522 0.050000
v -2.550179 5.452737 -0.008779
v -2.541165 5.403556 -0.045106
v -2.530021 5.342765 -0.045106
v -2.521007 5.293585 -0.008779
v -2.517563 5.274800 0.050000
v -3.716550 5.016139 0.108778
v -3.730261 5.064222 0.145106
v -3.747209 5.123656 0.145106
v -3.760920 5.171740 0.108779
v -3.766157 5.190106 0.050000
v -3.760920 5.171740 -0.008779
v -3.747209 5.123656 -0.045106
v -3.730261 5.064222 -0.045106
v -3.716550 5.016139 -0.008779
v -3.711313 4.997773 0.050000
v -4.835630 4.635941 0.108778
v -4.854256 4.682343 0.145106
v -4.877279 4.739697 0.145106
v -4.895905 4.786099 0.108779
v -4.903018 4.803823 0.050000
v -4.895905 4.786099 -0.008779
v -4.877279 4.739697 -0.045106
v -4.854256 4.682343 -0.045106
v -4.835630 4.635941 -0.008779
v -4.828516 4.618217 0.050000
v -5.855227 4.161055 0.108778
v -5.879033 4.205024 0.145106
v -5.908460 4.259372 0.145106
v -5.932266 4.303340 0.108779
v -5.941360 4.320135 0.050000
v -5.932266 4.303340 -0.008779
v -5.908460 4.259372 -0.045106
v -5.879033 4.205024 -0.045106
v -5.855227 4.161055 -0.008779
v -5.846133 4.144260 0.050000
v -6.754409 3.601614 0.108779
v -6.783665 3.642161 0.145106
v -6.819828 3.692280 0.145106
v -6.849084 3.732827 0.108779
v -6.860259 3.748314 0.050000
v -6.849084 3.732827 -0.008779
v -6.819828 3.692280 -0.045106
v -6.783665 3.642161 -0.045106
v -6.754409 3.601614 -0.008779
v -6.743234 3.586126 0.050000
v -7.514848 2.969621 0.108778
v -7.549726 3.005447 0.145106
v -7.592838 3.049730 0.145106
v -7.627716 3.085557 0.108779
v -7.641038 3.099241 0.050000
v -7.627716 3.085557 -0.008779
v -7.592838 3.049730 -0.045106
v -7.549726 3.005447 -0.045106
v -7.514848 2.969621 -0.008779
v -7.501525 2.955936 0.050000
v -8.121325 2.278652 0.108779
v -8.161721 2.308115 0.145106
v -8.211656 2.344533 0.145106
v -8.252052 2.373996 0.108779
v -8.267483 2.385250 0.050000
v -8.252052 2.373996 -0.008779
v -8.211656 2.344533 -0.045106
v -8.161721 2.308115 -0.045106
v -8.121325 2.278652 -0.008779
v -8.105894 2.267398 0.050000
v -8.562178 1.543377 0.108778
v -8.607454 1.564591 0.145106
v -8.663420 1.590813 0.145106
v -8.708696 1.612027 0.108779
v -8.725990 1.620130 0.050000
v -8.708696 1.612027 -0.008779
v -8.663420 1.590813 -0.045106
v -8.607454 1.564591 -0.045106
v -8.562178 1.543377 -0.008779
v -8.544884 1.535274 0.050000
v -8.829537 0.778883 0.108779
v -8.878273 0.790057 0.145106
v -8.938513 0.803869 0.145106
v -8.987248 0.815043 0.108779
v -9.005864 0.819311 0.050000
v -8.987248 0.815043 -0.008779
v -8.938513 0.803869 -0.045106
v -8.878273 0.790057 -0.045106
v -8.829537 0.778883 -0.008779
v -8.810922 0.774615 0.050000
vn 0.8009 -0.0000 0.5988
vn 0.2883 -0.0000 0.9575
vn -0.3290 -0.0000 0.9443
vn -0.8165 -0.0000 0.5774
vn -1.0000 -0.0000 -0.0000
vn -0.8165 -0.0000 -0.5774
vn -0.3290 -0.0000 -0.9443
vn 0.2883 -0.0000 -0.9575
vn 0.8009 -0.0000 -0.5988
vn 1.0000 -0.0000 -0.0000
vn 0.7809 0.1791 0.5984
vn 0.2817 0.0646 0.9573
vn -0.3201 -0.0734 0.9445
vn -0.7956 -0.1824 0.5777
vn -0.9747 -0.2234 -0.0000
vn -0.7956 -0.1824 -0.5777
vn -0.3201 -0.0734 -0.9445
vn 0.2817 0.0646 -0.9573
vn 0.7809 0.1791 -0.5984
vn 0.9747 0.2236 -0.0000
vn 0.7261 0.3403 0.5975
vn 0.2632 0.1233 0.9568
vn -0.2960 -0.1387 0.9451
vn -0.7387 -0.3460 0.5785
vn -0.9056 -0.4242 -0.0000
vn -0.7387 -0.3460 -0.5785
vn -0.2960 -0.1387 -0.9451
vn 0.2632 0.1233 -0.9568
vn 0.7261 0.3403 -0.5975
vn 0.9055 0.4244 -0.0000
vn 0.6485 0.4731 0.5963
vn 0.2366 0.1726 0.9562
vn -0.2625 -0.1914 0.9458
vn -0.6585 -0.4802 0.5795
vn -0.8080 -0.5892 -0.0000
vn -0.6585 -0.4802 -0.5795
vn -0.2625 -0.1914 -0.9458
vn 0.2366 0.1726 -0.9562
vn 0.6485 0.4731 -0.5963
vn 0.8079 0.5893 -0.0000
vn 0.5605 0.5758 0.5952
vn 0.2057 0.2113 0.9555
vn -0.2252 -0.2313 0.9464
vn -0.5680 -0.5834 0.5805
vn -0.6976 -0.7165 -0.0000
vn -0.5680 -0.5834 -0.5805
vn -0.2252 -0.2313 -0.9464
vn 0.2057 0.2113 -0.9555
vn 0.5605 0.5758 -0.5952
vn 0.6975 0.7166 -0.0000
vn 0.4706 0.6522 0.5942
vn 0.1736 0.2407 0.9550
vn -0.1879 -0.2604 0.9470
vn -0.4761 -0.6597 0.5815
vn -0.5852 -0.8109 -0.0000
vn -0.4761 -0.6597 -0.5815
vn -0.1879 -0.2604 -0.9470
vn 0.1736 0.2407 -0.9550
vn 0.4706 0.6522 -0.5942
vn 0.5851 0.8110 -0.0000
vn 0.3832 0.7078 0.5935
vn 0.1420 0.2622 0.9545
vn -0.1522 -0.2811 0.9475
vn -0.3871 -0.7150 0.5822
vn -0.4762 -0.8794 -0.0000
vn -0.3871 -0.7150 -0.5822
vn -0.1522 -0.2811 -0.9475
vn 0.1420 0.2622 -0.9545
vn 0.3832 0.7078 -0.5935
vn 0.4761 0.8794 -0.0000
vn 0.3000 0.7473 0.5929
vn 0.1115 0.2778 0.9542
vn -0.1187 -0.2957 0.9479
vn -0.3027 -0.7541 0.5828
vn -0.3725 -0.9280 -0.0000
vn -0.3027 -0.7541 -0.5828
vn -0.1187 -0.2957 -0.9479
vn 0.1115 0.2778 -0.9542
vn 0.3000 0.7473 -0.5929
vn 0.3725 0.9280 -0.0000
vn 0.2209 0.7747 0.5925
vn 0.0823 0.2886 0.9539
vn -0.0872 -0.3056 0.9482
vn -0.2228 -0.7812 0.5832
vn -0.2742 -0.9617 -0.0000
vn -0.2228 -0.7812 -0.5832
vn -0.0872 -0.3056 -0.9482
vn 0.0823 0.2886 -0.9539
vn 0.2209 0.7747 -0.5925
vn 0.2742 0.9617 -0.0000
vn 0.1453 0.7926 0.5922
vn 0.0542 0.2957 0.9537
vn -0.0572 -0.3121 0.9483
vn -0.1464 -0.7988 0.5835
vn -0.1803 -0.9836 -0.0000
vn -0.1464 -0.7988 -0.5835
vn -0.0572 -0.3121 -0.9483
vn 0.0542 0.2957 -0.9537
vn 0.1453 0.7926 -0.5922
vn 0.1803 0.9836 -0.0000
vn 0.0720 0.8027 0.5920
vn 0.0269 0.2998 0.9536
vn -0.0283 -0.3157 0.9484
vn -0.0726 -0.8088 0.5836
vn -0.0894 -0.9960 -0.0000
vn -0.0726 -0.8088 -0.5836
vn -0.0283 -0.3157 -0.9484
vn 0.0269 0.2998 -0.9536
vn 0.0720 0.8027 -0.5920
vn 0.0894 0.9960 -0.0000
vn -0.0000 0.8060 0.5920
vn -0.0000 0.3011 0.9536
vn -0.0000 -0.3169 0.9485
vn -0.0000 -0.8120 0.5837
vn -0.0000 -1.0000 -0.0000
vn -0.0000 -0.8120 -0.5837
vn -0.0000 -0.3169 -0.9485
vn -0.0000 0.3011 -0.9536
vn -0.0000 0.8060 -0.5920
vn -0.0000 1.0000 -0.0000
vn -0.0720 0.8027 0.5920
vn -0.0269 0.2998 0.9536
vn 0.0283 -0.3157 0.9484
vn 0.0726 -0.8088 0.5836
vn 0.0894 -0.9960 -0.0000
vn 0.0726 -0.8088 -0.5836
vn 0.0283 -0.3157 -0.9484
vn -0.0269 0.2998 -0.9536
vn -0.0720 0.8027 -0.5920
vn -0.0894 0.9960 -0.0000
vn -0.1453 0.7926 0.5922
vn -0.0542 0.2957 0.9537
vn 0.0572 -0.3121 0.9483
vn 0.1464 -0.7988 0.5835
vn 0.1803 -0.9836 -0.0000
vn 0.1464 -0.7988 -0.5835
vn 0.0572 -0.3121 -0.9483
vn -0.0542 0.2957 -0.9537
vn -0.1453 0.7926 -0.5922
vn -0.1803 0.9836 -0.0000
vn -0.2209 0.7747 0.5925
vn -0.0823 0.2886 0.9539
vn 0.0872 -0.3056 0.9482
vn 0.2228 -0.7812 0.5832
vn 0.2742 -0.9617 -0.0000
vn 0.2228 -0.7812 -0.5832
vn 0.0872 -0.3056 -0.9482
vn -0.0823 0.2886 -0.9539
vn -0.2209 0.7747 -0.5925
vn -0.2742 0.9617 -0.0000
vn -0.3000 0.7473 0.5929
vn -0.1115 0.2778 0.9542
vn 0.1187 -0.2957 0.9479
vn 0.3027 -0.7541 0.5828
vn 0.3725 -0.9280 -0.0000
vn 0.3027 -0.7541 -0.5828
vn 0.1187 -0.2957 -0.9479
vn -0.1115 0.2778 -0.9542
vn -0.3000 0.7473 -0.5929
vn -0.3725 0.9280 -0.0000
vn -0.3832 0.7078 0.5935
vn -0.1420 0.2622 0.9545
vn 0.1522 -0.2811 0.9475
vn 0.3871 -0.7150 0.5822
vn 0.4762 -0.8794 -0.0000
vn 0.3871 -0.7150 -0.5822
vn 0.1522 -0.2811 -0.9475
vn -0.1420 0.2622 -0.9545
vn -0.3832 0.7078 -0.5935
vn -0.4761 0.8794 -0.0000
vn -0.4706 0.6522 0.5942
vn -0.1736 0.2407 0.9550
vn 0.1879 -0.2604 0.9470
vn 0.4761 -0.6597 0.5815
vn 0.5852 -0.8109 -0.0000
vn 0.4761 -0.6597 -0.5815
vn 0.1879 -0.2604 -0.9470
vn -0.1736 0.2407 -0.9550
vn -0.4706 0.6522 -0.5942
vn -0.5851 0.8110 -0.0000
vn -0.5605 0.5758 0.5952
vn -0.2057 0.2113 0.9555
vn 0.2252 -0.2313 0.9464
vn 0.5680 -0.5834 0.5805
vn 0.6976 -0.7165 -0.0000
vn 0.5680 -0.5834 -0.5805
vn 0.2252 -0.2313 -0.9464
vn -0.2057 0.2113 -0.9555
vn -0.5605 0.5758 -0.5952
vn -0.6975 0.7166 -0.0000
vn -0.6485 0.4731 0.5963
vn -0.2366 0.1726 0.9562
vn 0.2625 -0.1914 0.9458
vn 0.6585 -0.4802 0.5795
vn 0.8080 -0.5892 -0.0000
vn 0.6585 -0.4802 -0.5795
vn 0.2625 -0.1914 -0.9458
vn -0.2366 0.1726 -0.9562
vn -0.6485 0.4731 -0.5963
vn -0.8079 0.5893 -0.0000
vn -0.7261 0.3403 0.5975
vn -0.2632 0.1233 0.9568
vn 0.2960 -0.1387 0.9451
vn 0.7387 -0.3460 0.5785
vn 0.9056 -0.4242 -0.0000
vn 0.7387 -0.3460 -0.5785
vn 0.2960 -0.1387 -0.9451
vn -0.2632 0.1233 -0.9568
vn -0.7261 0.3403 -0.5975
vn -0.9055 0.4244 -0.0000
vn -0.7809 0.1791 0.5984
vn -0.2817 0.0646 0.9573
vn 0.3201 -0.0734 0.9445
vn 0.7956 -0.1824 0.5777
vn 0.9747 -0.2234 -0.0000
vn 0.7956 -0.1824 -0.5777
vn 0.3201 -0.0734 -0.9445
vn -0.2817 0.0646 -0.9573
vn -0.7809 0.1791 -0.5984
vn -0.9747 0.2236 -0.0000
vn -0.8009 -0.0000 0.5988
vn -0.2883 -0.0000 0.9575
vn 0.3290 -0.0000 0.9443
vn 0.8165 -0.0000 0.5774
vn 0.8165 -0.0000 -0.5774
vn 0.3290 -0.0000 -0.9443
vn -0.2883 -0.0000 -0.9575
vn -0.8009 -0.0000 -0.5988
vn -0.7809 -0.1791 0.5984
vn -0.2817 -0.0646 0.9573
vn 0.3201 0.0734 0.9445
vn 0.7956 0.1824 0.5777
vn 0.9747 0.2234 -0.0000
vn 0.7956 0.1824 -0.5777
vn 0.3201 0.0734 -0.9445
vn -0.2817 -0.0646 -0.9573
vn -0.7809 -0.1791 -0.5984
vn -0.9747 -0.2236 -0.0000
vn -0.7261 -0.3403 0.5975
vn -0.2632 -0.1233 0.9568
vn 0.2960 0.1387 0.9451
vn 0.7387 0.3460 0.5785
vn 0.9056 0.4242 -0.0000
vn 0.7387 0.3460 -0.5785
vn 0.2960 0.1387 -0.9451
vn -0.2632 -0.1233 -0.9568
vn -0.7261 -0.3403 -0.5975
vn -0.9055 -0.4244 -0.0000
vn -0.6485 -0.4731 0.5963
vn -0.2366 -0.1726 0.9562
vn 0.2625 0.1914 0.9458
vn 0.6585 0.4802 0.5795
vn 0.8080 0.5892 -0.0000
vn 0.6585 0.4802 -0.5795
vn 0.2625 0.1914 -0.9458
vn -0.2366 -0.1726 -0.9562
vn -0.6485 -0.4731 -0.5963
vn -0.8079 -0.5893 -0.0000
vn -0.5605 -0.5758 0.5952
vn -0.2057 -0.2113 0.9555
vn 0.2252 0.2313 0.9464
vn 0.5680 0.5834 0.5805
vn 0.6976 0.7165 -0.0000
vn 0.5680 0.5834 -0.5805
vn 0.2252 0.2313 -0.9464
vn -0.2057 -0.2113 -0.9555
vn -0.5605 -0.5758 -0.5952
vn -0.6975 -0.7166 -0.0000
vn -0.4706 -0.6522 0.5942
vn -0.1736 -0.2407 0.9550
vn 0.1879 0.2604 0.9470
vn 0.4761 0.6597 0.5815
vn 0.5852 0.8109 -0.0000
vn 0.4761 0.6597 -0.5815
vn 0.1879 0.2604 -0.9470
vn -0.1736 -0.2407 -0.9550
vn -0.4706 -0.6522 -0.5942
vn -0.5851 -0.8110 -0.0000
vn -0.3832 -0.7078 0.5935
vn -0.1420 -0.2622 0.9545
vn 0.1522 0.2811 0.9475
vn 0.3871 0.7150 0.5822
vn 0.4762 0.8794 -0.0000
vn 0.3871 0.7150 -0.5822
vn 0.1522 0.2811 -0.9475
vn -0.1420 -0.2622 -0.9545
vn -0.3832 -0.7078 -0.5935
vn -0.4761 -0.8794 -0.0000
vn -0.3000 -0.7473 0.5929
vn -0.1115 -0.2778 0.9542
vn 0.1187 0.2957 0.9479
vn 0.3027 0.7541 0.5828
vn 0.3027 0.7541 -0.5828
vn 0.1187 0.2957 -0.9479
vn -0.1115 -0.2778 -0.9542
vn -0.3000 -0.7473 -0.5929
vn -0.2209 -0.7747 0.5925
vn -0.0823 -0.2886 0.9539
vn 0.0872 0.3056 0.9482
vn 0.2228 0.7812 0.5832
vn 0.2228 0.7812 -0.5832
vn 0.0872 0.3056 -0.9482
vn -0.0823 -0.2886 -0.9539
vn -0.2209 -0.7747 -0.5925
vn -0.1453 -0.7926 0.5922
vn -0.0542 -0.2957 0.9537
vn 0.0572 0.3121 0.9483
vn 0.1464 0.7988 0.5835
vn 0.1464 0.7988 -0.5835
vn 0.0572 0.3121 -0.9483
vn -0.0542 -0.2957 -0.9537
vn -0.1453 -0.7926 -0.5922
vn -0.0720 -0.8027 0.5920
vn -0.0269 -0.2998 0.9536
vn 0.0283 0.3157 0.9484
vn 0.0726 0.8088 0.5836
vn 0.0726 0.8088 -0.5836
vn 0.0283 0.3157 -0.9484
vn -0.0269 -0.2998 -0.9536
vn -0.0720 -0.8027 -0.5920
vn -0.0000 -0.8060 0.5920
vn -0.0000 -0.3011 0.9536
vn -0.0000 0.3169 0.9485
vn -0.0000 0.8120 0.5837
vn -0.0000 0.8120 -0.5837
vn -0.0000 0.3169 -0.9485
vn -0.0000 -0.3011 -0.9536
vn -0.0000 -0.8060 -0.5920
vn 0.0720 -0.8027 0.5920
vn 0.0269 -0.2998 0.9536
vn -0.0283 0.3157 0.9484
vn -0.0726 0.8088 0.5836
vn -0.0726 0.8088 -0.5836
vn -0.0283 0.3157 -0.9484
vn 0.0269 -0.2998 -0.9536
vn 0.0720 -0.8027 -0.5920
vn 0.1453 -0.7926 0.5922
vn 0.0542 -0.2957 0.9537
vn -0.0572 0.3121 0.9483
vn -0.1464 0.7988 0.5835
vn -0.1464 0.7988 -0.5835
vn -0.0572 0.3121 -0.9483
vn 0.0542 -0.2957 -0.9537
vn 0.1453 -0.7926 -0.5922
vn 0.2209 -0.7747 0.5925
vn 0.0823 -0.2886 0.9539
vn -0.0872 0.3056 0.9482
vn -0.2228 0.7812 0.5832
vn -0.2228 0.7812 -0.5832
vn -0.0872 0.3056 -0.9482
vn 0.0823 -0.2886 -0.9539
vn 0.2209 -0.7747 -0.5925
vn 0.3000 -0.7473 0.5929
vn 0.1115 -0.2778 0.9542
vn -0.1187 0.2957 0.9479
vn -0.3027 0.7541 0.5828
vn -0.3027 0.7541 -0.5828
vn -0.1187 0.2957 -0.9479
vn 0.1115 -0.2778 -0.9542
vn 0.3000 -0.7473 -0.5929
vn 0.3832 -0.7078 0.5935
vn 0.1420 -0.2622 0.9545
vn -0.1522 0.2811 0.9475
vn -0.3871 0.7150 0.5822
vn -0.4762 0.8794 -0.0000
vn -0.3871 0.7150 -0.5822
vn -0.1522 0.2811 -0.9475
vn 0.1420 -0.2622 -0.9545
vn 0.3832 -0.7078 -0.5935
vn 0.4761 -0.8794 -0.0000
vn 0.4706 -0.6522 0.5942
vn 0.1736 -0.2407 0.9550
vn -0.1879 0.2604 0.9470
vn -0.4761 0.6597 0.5815
vn -0.5852 0.8109 -0.0000
vn -0.4761 0.6597 -0.5815
vn -0.1879 0.2604 -0.9470
vn 0.1736 -0.2407 -0.9550
vn 0.4706 -0.6522 -0.5942
vn 0.5851 -0.8110 -0.0000
vn 0.5605 -0.5758 0.5952
vn 0.2057 -0.2113 0.9555
vn -0.2252 0.2313 0.9464
vn -0.5680 0.5834 0.5805
vn -0.6976 0.7165 -0.0000
vn -0.5680 0.5834 -0.5805
vn -0.2252 0.2313 -0.9464
vn 0.2057 -0.2113 -0.9555
vn 0.5605 -0.5758 -0.5952
vn 0.6975 -0.7166 -0.0000
vn 0.6485 -0.4731 0.5963
vn 0.2366 -0.1726 0.9562
vn -0.2625 0.1914 0.9458
vn -0.6585 0.4802 0.5795
vn -0.8080 0.5892 -0.0000
vn -0.6585 0.4802 -0.5795
vn -0.2625 0.1914 -0.9458
vn 0.2366 -0.1726 -0.9562
vn 0.6485 -0.4731 -0.5963
vn 0.8079 -0.5893 -0.0000
vn 0.7261 -0.3403 0.5975
vn 0.2632 -0.1233 0.9568
vn -0.2960 0.1387 0.9451
vn -0.7387 0.3460 0.5785
vn -0.9056 0.4242 -0.0000
vn -0.7387 0.3460 -0.5785
vn -0.2960 0.1387 -0.9451
vn 0.2632 -0.1233 -0.9568
vn 0.7261 -0.3403 -0.5975
vn 0.9055 -0.4244 -0.0000
vn 0.7809 -0.1791 0.5984
vn 0.2817 -0.0646 0.9573
vn -0.3201 0.0734 0.9445
vn -0.7956 0.1824 0.5777
vn -0.9747 0.2234 -0.0000
vn -0.7956 0.1824 -0.5777
vn -0.3201 0.0734 -0.9445
vn 0.2817 -0.0646 -0.9573
vn 0.7809 -0.1791 -0.5984
vn 0.9747 -0.2236 -0.0000
vt 0.000000 1.000000
vt 0.022727 1.000000
vt 0.022727 0.900000
vt 0.000000 0.900000
vt 0.000000 0.100000
vt 0.022727 0.100000
vt 0.022727 0.000000
vt 0.000000 0.000000
vt 0.000000 0.200000
vt 0.022727 0.200000
vt 0.000000 0.300000
vt 0.022727 0.300000
vt 0.000000 0.400000
vt 0.022727 0.400000
vt 0.000000 0.500000
vt 0.022727 0.500000
vt 0.000000 0.600000
vt 0.022727 0.600000
vt 0.000000 0.700000
vt 0.022727 0.700000
vt 0.000000 0.800000
vt 0.022727 0.800000
vt 0.045455 1.000000
vt 0.045455 0.900000
vt 0.045455 0.100000
vt 0.045455 0.000000
vt 0.045455 0.200000
vt 0.045455 0.300000
vt 0.045455 0.400000
vt 0.045455 0.500000
vt 0.045455 0.600000
vt 0.045455 0.700000
vt 0.045455 0.800000
vt 0.068182 1.000000
vt 0.068182 0.900000
vt 0.068182 0.100000
vt 0.068182 0.000000
vt 0.068182 0.200000
vt 0.068182 0.300000
vt 0.068182 0.400000
vt 0.068182 0.500000
vt 0.068182 0.600000
vt 0.068182 0.700000
vt 0.068182 0.800000
vt 0.090909 1.000000
vt 0.090909 0.900000
vt 0.090909 0.100000
vt 0.090909 0.000000
vt 0.090909 0.200000
vt 0.090909 0.300000
vt 0.090909 0.400000
vt 0.090909 0.500000
vt 0.090909 0.600000
vt 0.090909 0.700000
vt 0.090909 0.800000
vt 0.113636 1.000000
vt 0.113636 0.900000
vt 0.113636 0.100000
vt 0.113636 0.000000
vt 0.113636 0.200000
vt 0.113636 0.300000
vt 0.113636 0.400000
vt 0.113636 0.500000
vt 0.113636 0.600000
vt 0.113636 0.700000
vt 0.113636 0.800000
vt 0.136364 1.000000
vt 0.136364 0.900000
vt 0.136364 0.100000
vt 0.136364 0.000000
vt 0.136364 0.200000
vt 0.136364 0.300000
vt 0.136364 0.400000
vt 0.136364 0.500000
vt 0.136364 0.600000
vt 0.136364 0.700000
vt 0.136364 0.800000
vt 0.159091 1.000000
vt 0.159091 0.900000
vt 0.159091 0.100000
vt 0.159091 0.000000
vt 0.159091 0.200000
vt 0.159091 0.300000
vt 0.159091 0.400000
vt 0.159091 0.500000
vt 0.159091 0.600000
vt 0.159091 0.700000
vt 0.159091 0.800000
vt 0.181818 1.000000
vt 0.181818 0.900000
vt 0.181818 0.100000
vt 0.181818 0.000000
vt 0.181818 0.200000
vt 0.181818 0.300000
vt 0.181818 0.400000
vt 0.181818 0.500000
vt 0.181818 0.600000
vt 0.181818 0.700000
vt 0.181818 0.800000
vt 0.204545 1.000000
vt 0.204545 0.900000
vt 0.204545 0.100000
vt 0.204545 0.000000
vt 0.204545 0.200000
vt 0.204545 0.300000
vt 0.204545 0.400000
vt 0.204545 0.500000
vt 0.204545 0.600000
vt 0.204545 0.700000
vt 0.204545 0.800000
vt 0.227273 1.000000
vt 0.227273 0.900000
vt 0.227273 0.100000
vt 0.227273 0.000000
vt 0.227273 0.200000
vt 0.227273 0.300000
vt 0.227273 0.400000
vt 0.227273 0.500000
vt 0.227273 0.600000
vt 0.227273 0.700000
vt 0.227273 0.800000
vt 0.250000 1.000000
vt 0.250000 0.900000
vt 0.250000 0.100000
vt 0.250000 0.000000
vt 0.250000 0.200000
vt 0.250000 0.300000
vt 0.250000 0.400000
vt 0.250000 0.500000
vt 0.250000 0.600000
vt 0.250000 0.700000
vt 0.250000 0.800000
vt 0.272727 1.000000
vt 0.272727 0.900000
vt 0.272727 0.100000
vt 0.272727 0.000000
vt 0.272727 0.200000
vt 0.272727 0.300000
vt 0.272727 0.400000
vt 0.272727 0.500000
vt 0.272727 0.600000
vt 0.272727 0.700000
vt 0.272727 0.800000
vt 0.295455 1.000000
vt 0.295455 0.900000
vt 0.295455 0.100000
vt 0.295455 0.000000
vt 0.295455 0.200000
vt 0.295455 0.300000
vt 0.295455 0.400000
vt 0.295455 0.500000
vt 0.295455 0.600000
vt 0.295455 0.700000
vt 0.295455 0.800000
vt 0.318182 1.000000
vt 0.318182 0.900000
vt 0.318182 0.100000
vt 0.318182 0.000000
vt 0.318182 0.200000
vt 0.318182 0.300000
vt 0.318182 0.400000
vt 0.318182 0.500000
vt 0.318182 0.600000
vt 0.318182 0.700000
vt 0.318182 0.800000
vt 0.340909 1.000000
vt 0.340909 0.900000
vt 0.340909 0.100000
vt 0.340909 0.000000
vt 0.340909 0.200000
vt 0.340909 0.300000
vt 0.340909 0.400000
vt 0.340909 0.500000
vt 0.340909 0.600000
vt 0.340909 0.700000
vt 0.340909 0.800000
vt 0.363636 1.000000
vt 0.363636 0.900000
vt 0.363636 0.100000
vt 0.363636 0.000000
vt 0.363636 0.200000
vt 0.363636 0.300000
vt 0.363636 0.400000
vt 0.363636 0.500000
vt 0.363636 0.600000
vt 0.363636 0.700000
vt 0.363636 0.800000
vt 0.386364 1.000000
vt 0.386364 0.900000
vt 0.386364 0.100000
vt 0.386364 0.000000
vt 0.386364 0.200000
vt 0.386364 0.300000
vt 0.386364 0.400000
vt 0.386364 0.500000
vt 0.386364 0.600000
vt 0.386364 0.700000
vt 0.386364 0.800000
vt 0.409091 1.000000
vt 0.409091 0.900000
vt 0.409091 0.100000
vt 0.409091 0.000000
vt 0.409091 0.200000
vt 0.409091 0.300000
vt 0.409091 0.400000
vt 0.409091 0.500000
vt 0.409091 0.600000
vt 0.409091 0.700000
vt 0.409091 0.800000
vt 0.431818 1.000000
vt 0.431818 0.900000
vt 0.431818 0.100000
vt 0.431818 0.000000
vt 0.431818 0.200000
vt 0.431818 0.300000
vt 0.431818 0.400000
vt 0.431818 0.500000
vt 0.431818 0.600000
vt 0.431818 0.700000
vt 0.431818 0.800000
vt 0.454545 1.000000
vt 0.454545 0.900000
vt 0.454545 0.100000
vt 0.454545 0.000000
vt 0.454545 0.200000
vt 0.454545 0.300000
vt 0.454545 0.400000
vt 0.454545 0.500000
vt 0.454545 0.600000
vt 0.454545 0.700000
vt 0.454545 0.800000
vt 0.477273 1.000000
vt 0.477273 0.900000
vt 0.477273 0.100000
vt 0.477273 0.000000
vt 0.477273 0.200000
vt 0.477273 0.300000
vt 0.477273 0.400000
vt 0.477273 0.500000
vt 0.477273 0.600000
vt 0.477273 0.700000
vt 0.477273 0.800000
vt 0.500000 1.000000
vt 0.500000 0.900000
vt 0.500000 0.100000
vt 0.500000 0.000000
vt 0.500000 0.200000
vt 0.500000 0.300000
vt 0.500000 0.400000
vt 0.500000 0.500000
vt 0.500000 0.600000
vt 0.500000 0.700000
vt 0.500000 0.800000
vt 0.522727 1.000000
vt 0.522727 0.900000
vt 0.522727 0.100000
vt 0.522727 0.000000
vt 0.522727 0.200000
vt 0.522727 0.300000
vt 0.522727 0.400000
vt 0.522727 0.500000
vt 0.522727 0.600000
vt 0.522727 0.700000
vt 0.522727 0.800000
vt 0.545455 1.000000
vt 0.545455 0.900000
vt 0.545455 0.100000
vt 0.545455 0.000000
vt 0.545455 0.200000
vt 0.545455 0.300000
vt 0.545455 0.400000
vt 0.545455 0.500000
vt 0.545455 0.600000
vt 0.545455 0.700000
vt 0.545455 0.800000
vt 0.568182 1.000000
vt 0.568182 0.900000
vt 0.568182 0.100000
vt 0.568182 0.000000
vt 0.568182 0.200000
vt 0.568182 0.300000
vt 0.568182 0.400000
vt 0.568182 0.500000
vt 0.568182 0.600000
vt 0.568182 0.700000
vt 0.568182 0.800000
vt 0.590909 1.000000
vt 0.590909 0.900000
vt 0.590909 0.100000
vt 0.590909 0.000000
vt 0.590909 0.200000
vt 0.590909 0.300000
vt 0.590909 0.400000
vt 0.590909 0.500000
vt 0.590909 0.600000
vt 0.590909 0.700000
vt 0.590909 0.800000
vt 0.613636 1.000000
vt 0.613636 0.900000
vt 0.613636 0.100000
vt 0.613636 0.000000
vt 0.613636 0.200000
vt 0.613636 0.300000
vt 0.613636 0.400000
vt 0.613636 0.500000
vt 0.613636 0.600000
vt 0.613636 0.700000
vt 0.613636 0.800000
vt 0.636364 1.000000
vt 0.636364 0.900000
vt 0.636364 0.100000
vt 0.636364 0.000000
vt 0.636364 0.200000
vt 0.636364 0.300000
vt 0.636364 0.400000
vt 0.636364 0.500000
vt 0.636364 0.600000
vt 0.636364 0.700000
vt 0.636364 0.800000
vt 0.659091 1.000000
vt 0.659091 0.900000
vt 0.659091 0.100000
vt 0.659091 0.000000
vt 0.659091 0.200000
vt 0.659091 0.300000
vt 0.659091 0.400000
vt 0.659091 0.500000
vt 0.659091 0.600000
vt 0.659091 0.700000
vt 0.659091 0.800000
vt 0.681818 1.000000
vt 0.681818 0.900000
vt 0.681818 0.100000
vt 0.681818 0.000000
vt 0.681818 0.200000
vt 0.681818 0.300000
vt 0.681818 0.400000
vt 0.681818 0.500000
vt 0.681818 0.600000
vt 0.681818 0.700000
vt 0.681818 0.800000
vt 0.704545 1.000000
vt 0.704545 0.900000
vt 0.704545 0.100000
vt 0.704545 0.000000
vt 0.704545 0.200000
vt 0.704545 0.300000
vt 0.704545 0.400000
vt 0.704545 0.500000
vt 0.704545 0.600000
vt 0.704545 0.700000
vt 0.704545 0.800000
vt 0.727273 1.000000
vt 0.727273 0.900000
vt 0.727273 0.100000
vt 0.727273 0.000000
vt 0.727273 0.200000
vt 0.727273 0.300000
vt 0.727273 0.400000
vt 0.727273 0.500000
vt 0.727273 0.600000
vt 0.727273 0.700000
vt 0.727273 0.800000
vt 0.750000 1.000000
vt 0.750000 0.900000
vt 0.750000 0.100000
vt 0.750000 0.000000
vt 0.750000 0.200000
vt 0.750000 0.300000
vt 0.750000 0.400000
vt 0.750000 0.500000
vt 0.750000 0.600000
vt 0.750000 0.700000
vt 0.750000 0.800000
vt 0.772727 1.000000
vt 0.772727 0.900000
vt 0.772727 0.100000
vt 0.772727 0.000000
vt 0.772727 0.200000
vt 0.772727 0.300000
vt 0.772727 0.400000
vt 0.772727 0.500000
vt 0.772727 0.600000
vt 0.772727 0.700000
vt 0.772727 0.800000
vt 0.795455 1.000000
vt 0.795455 0.900000
vt 0.795455 0.100000
vt 0.795455 0.000000
vt 0.795455 0.200000
vt 0.795455 0.300000
vt 0.795455 0.400000
vt 0.795455 0.500000
vt 0.795455 0.600000
vt 0.795455 0.700000
vt 0.795455 0.800000
vt 0.818182 1.000000
vt 0.818182 0.900000
vt 0.818182 0.100000
vt 0.818182 0.000000
vt 0.818182 0.200000
vt 0.818182 0.300000
vt 0.818182 0.400000
vt 0.818182 0.500000
vt 0.818182 0.600000
vt 0.818182 0.700000
vt 0.818182 0.800000
vt 0.840909 1.000000
vt 0.840909 0.900000
vt 0.840909 0.100000
vt 0.840909 0.000000
vt 0.840909 0.200000
vt 0.840909 0.300000
vt 0.840909 0.400000
vt 0.840909 0.500000
vt 0.840909 0.600000
vt 0.840909 0.700000
vt 0.840909 0.800000
vt 0.863636 1.000000
vt 0.863636 0.900000
vt 0.863636 0.100000
vt 0.863636 0.000000
vt 0.863636 0.200000
vt 0.863636 0.300000
vt 0.863636 0.400000
vt 0.863636 0.500000
vt 0.863636 0.600000
vt 0.863636 0.700000
vt 0.863636 0.800000
vt 0.886364 1.000000
vt 0.886364 0.900000
vt 0.886364 0.100000
vt 0.886364 0.000000
vt 0.886364 0.200000
vt 0.886364 0.300000
vt 0.886364 0.400000
vt 0.886364 0.500000
vt 0.886364 0.600000
vt 0.886364 0.700000
vt 0.886364 0.800000
vt 0.909091 1.000000
vt 0.909091 0.900000
vt 0.909091 0.100000
vt 0.909091 0.000000
vt 0.909091 0.200000
vt 0.909091 0.300000
vt 0.909091 0.400000
vt 0.909091 0.500000
vt 0.909091 0.600000
vt 0.909091 0.700000
vt 0.909091 0.800000
vt 0.931818 1.000000
vt 0.931818 0.900000
vt 0.931818 0.100000
vt 0.931818 0.000000
vt 0.931818 0.200000
vt 0.931818 0.300000
vt 0.931818 0.400000
vt 0.931818 0.500000
vt 0.931818 0.600000
vt 0.931818 0.700000
vt 0.931818 0.800000
vt 0.954545 1.000000
vt 0.954545 0.900000
vt 0.954545 0.100000
vt 0.954545 0.000000
vt 0.954545 0.200000
vt 0.954545 0.300000
vt 0.954545 0.400000
vt 0.954545 0.500000
vt 0.954545 0.600000
vt 0.954545 0.700000
vt 0.954545 0.800000
vt 0.977273 1.000000
vt 0.977273 0.900000
vt 0.977273 0.100000
vt 0.977273 0.000000
vt 0.977273 0.200000
vt 0.977273 0.300000
vt 0.977273 0.400000
vt 0.977273 0.500000
vt 0.977273 0.600000
vt 0.977273 0.700000
vt 0.977273 0.800000
vt 1.000000 1.000000
vt 1.000000 0.900000
vt 1.000000 0.100000
vt 1.000000 0.000000
vt 1.000000 0.200000
vt 1.000000 0.300000
vt 1.000000 0.400000
vt 1.000000 0.500000
vt 1.000000 0.600000
vt 1.000000 0.700000
vt 1.000000 0.800000
s 1
usemtl Track
f 541/600/518 551/601/528 560/602/537 550/603/527
f 542/604/519 552/605/529 551/606/528 541/607/518
f 543/608/520 553/609/530 552/605/529 542/604/519
f 544/610/521 554/611/531 553/609/530 543/608/520
f 545/612/522 555/613/532 554/611/531 544/610/521
f 546/614/523 556/615/533 555/613/532 545/612/522
f 547/616/524 557/617/534 556/615/533 546/614/523
f 548/618/525 558/619/535 557/617/534 547/616/524
f 549/620/526 559/621/536 558/619/535 548/618/525
f 550/603/527 560/602/537 559/621/536 549/620/526
f 551/601/528 561/622/538 570/623/547 560/602/537
f 552/605/529 562/624/539 561/625/538 551/606/528
f 553/609/530 563/626/540 562/624/539 552/605/529
f 554/611/531 564/627/541 563/626/540 553/609/530
f 555/613/532 565/628/542 564/627/541 554/611/531
f 556/615/533 566/629/543 565/628/542 555/613/532
f 557/617/534 567/630/544 566/629/543 556/615/533
f 558/619/535 568/631/545 567/630/544 557/617/534
f 559/621/536 569/632/546 568/631/545 558/619/535
f 560/602/537 570/623/547 569/632/546 559/621/536
f 561/622/538 571/633/548 580/634/557 570/623/547
f 562/624/539 572/635/549 571/636/548 561/625/538
f 563/626/540 573/637/550 572/635/549 562/624/539
f 564/627/541 574/638/551 573/637/550 563/626/540
f 565/628/542 575/639/552 574/638/551 564/627/541
f 566/629/543 576/640/553 575/639/552 565/628/542
f 567/630/544 577/641/554 576/640/553 566/629/543
f 568/631/545 578/642/555 577/641/554 567/630/544
f 569/632/546 579/643/556 578/642/555 568/631/545
f 570/623/547 580/634/557 579/643/556 569/632/546
f 571/633/548 581/644/558 590/645/567 580/634/557
f 572/635/549 582/646/559 581/647/558 571/636/548
f 573/637/550 583/648/560 582/646/559 572/635/549
f 574/638/551 584/649/561 583/648/560 573/637/550
f 575/639/552 585/650/562 584/649/561 574/638/551
f 576/640/553 586/651/563 585/650/562 575/639/552
f 577/641/554 587/652/564 586/651/563 576/640/553
f 578/642/555 588/653/565 587/652/564 577/641/554
f 579/643/556 589/654/566 588/653/565 578/642/555
f 580/634/557 590/645/567 589/654/566 579/643/556
f 581/644/558 591/655/568 600/656/577 590/645/567
f 582/646/559 592/657/569 591/658/568 581/647/558
f 583/648/560 593/659/570 592/657/569 582/646/559
f 584/649/561 594/660/571 593/659/570 583/648/560
f 585/650/562 595/661/572 594/660/571 584/649/561
f 586/651/563 596/662/573 595/661/572 585/650/562
f 587/652/564 597/663/574 596/662/573 586/651/563
f 588/653/565 598/664/575 597/663/574 587/652/564
f 589/654/566 599/665/576 598/664/575 588/653/565
f 590/645/567 600/656/577 599/665/576 589/654/566
f 591/655/568 601/666/578 610/667/587 600/656/577
f 592/657/569 602/668/579 601/669/578 591/658/568
f 593/659/570 603/670/580 602/668/579 592/657/569
f 594/660/571 604/671/581 603/670/580 593/659/570
f 595/661/572 605/672/582 604/671/581 594/660/571
f 596/662/573 606/673/583 605/672/582 595/661/572
f 597/663/574 607/674/584 606/673/583 596/662/573
f 598/664/575 608/675/585 607/674/584 597/663/574
f 599/665/576 609/676/586 608/675/585 598/664/575
f 600/656/577 610/667/587 609/676/586 599/665/576
f 601/666/578 611/677/588 620/678/597 610/667/587
f 602/668/579 612/679/589 611/680/588 601/669/578
f 603/670/580 613/681/590 612/679/589 602/668/579
f 604/671/581 614/682/591 613/681/590 603/670/580
f 605/672/582 615/683/592 614/682/591 604/671/581
f 606/673/583 616/684/593 615/683/592 605/672/582
f 607/674/584 617/685/594 616/684/593 606/673/583
f 608/675/585 618/686/595 617/685/594 607/674/584
f 609/676/586 619/687/596 618/686/595 608/675/585
f 610/667/587 620/678/597 619/687/596 609/676/586
f 611/677/588 621/688/598 630/689/607 620/678/597
f 612/679/589 622/690/599 621/691/598 611/680/588
f 613/681/590 623/692/600 622/690/599 612/679/589
f 614/682/591 624/693/601 623/692/600 613/681/590
f 615/683/592 625/694/602 624/693/601 614/682/591
f 616/684/593 626/695/603 625/694/602 615/683/592
f 617/685/594 627/696/604 626/695/603 616/684/593
f 618/686/595 628/697/605 627/696/604 617/685/594
f 619/687/596 629/698/606 628/697/605 618/686/595
f 620/678/597 630/689/607 629/698/606 619/687/596
f 621/688/598 631/699/608 640/700/617 630/689/607
f 622/690/599 632/701/609 631/702/608 621/691/598
f 623/692/600 633/703/610 632/701/609 622/690/599
f 624/693/601 634/704/611 633/703/610 623/692/600
f 625/694/602 635/705/612 634/704/611 624/693/601
f 626/695/603 636/706/613 635/705/612 625/694/602
f 627/696/604 637/707/614 636/706/613 626/695/603
f 628/697/605 638/708/615 637/707/614 627/696/604
f 629/698/606 639/709/616 638/708/615 628/697/605
f 630/689/607 640/700/617 639/709/616 629/698/606
f 631/699/608 641/710/618 650/711/627 640/700/617
f 632/701/609 642/712/619 641/713/618 631/702/608
f 633/703/610 643/714/620 642/712/619 632/701/609
f 634/704/611 644/715/621 643/714/620 633/703/610
f 635/705/612 645/716/622 644/715/621 634/704/611
f 636/706/613 646/717/623 645/716/622 635/705/612
f 637/707/614 647/718/624 646/717/623 636/706/613
f 638/708/615 648/719/625 647/718/624 637/707/614
f 639/709/616 649/720/626 648/719/625 638/708/615
f 640/700/617 650/711/627 649/720/626 639/709/616
f 641/710/618 651/721/628 660/722/637 650/711/627
f 642/712/619 652/723/629 651/724/628 641/713/618
f 643/714/620 653/725/630 652/723/629 642/712/619
f 644/715/621 654/726/631 653/725/630 643/714/620
f 645/716/622 655/727/632 654/726/631 644/715/621
f 646/717/623 656/728/633 655/727/632 645/716/622
f 647/718/624 657/729/634 656/728/633 646/717/623
f 648/719/625 658/730/635 657/729/634 647/718/624
f 649/720/626 659/731/636 658/730/635 648/719/625
f 650/711/627 660/722/637 659/731/636 649/720/626
f 651/721/628 661/732/638 670/733/647 660/722/637
f 652/723/629 662/734/639 661/735/638 651/724/628
f 653/725/630 663/736/640 662/734/639 652/723/629
f 654/726/631 664/737/641 663/736/640 653/725/630
f 655/727/632 665/738/642 664/737/641 654/726/631
f 656/728/633 666/739/643 665/738/642 655/727/632
f 657/729/634 667/740/644 666/739/643 656/728/633
f 658/730/635 668/741/645 667/740/644 657/729/634
f 659/731/636 669/742/646 668/741/645 658/730/635
f 660/722/637 670/733/647 669/742/646 659/731/636
f 661/732/638 671/743/648 680/744/657 670/733/647
f 662/734/639 672/745/649 671/746/648 661/735/638
f 663/736/640 673/747/650 672/745/649 662/734/639
f 664/737/641 674/748/651 673/747/650 663/736/640
f 665/738/642 675/749/652 674/748/651 664/737/641
f 666/739/643 676/750/653 675/749/652 665/738/642
f 667/740/644 677/751/654 676/750/653 666/739/643
f 668/741/645 678/752/655 677/751/654 667/740/644
f 669/742/646 679/753/656 678/752/655 668/741/645
f 670/733/647 680/744/657 679/753/656 669/742/646
f 671/743/648 681/754/658 690/755/667 680/744/657
f 672/745/649 682/756/659 681/757/658 671/746/648
f 673/747/650 683/758/660 682/756/659 672/745/649
f 674/748/651 684/759/661 683/758/660 673/747/650
f 675/749/652 685/760/662 684/759/661 674/748/651
f 676/750/653 686/761/663 685/760/662 675/749/652
f 677/751/654 687/762/664 686/761/663 676/750/653
f 678/752/655 688/763/665 687/762/664 677/751/654
f 679/753/656 689/764/666 688/763/665 678/752/655
f 680/744/657 690/755/667 689/764/666 679/753/656
f 681/754/658 691/765/668 700/766/677 690/755/667
f 682/756/659 692/767/669 691/768/668 681/757/658
f 683/758/660 693/769/670 692/767/669 682/756/659
f 684/759/661 694/770/671 693/769/670 683/758/660
f 685/760/662 695/771/672 694/770/671 684/759/661
f 686/761/663 696/772/673 695/771/672 685/760/662
f 687/762/664 697/773/674 696/772/673 686/761/663
f 688/763/665 698/774/675 697/773/674 687/762/664
f 689/764/666 699/775/676 698/774/675 688/763/665
f 690/755/667 700/766/677 699/775/676 689/764/666
f 691/765/668 701/776/678 710/777/687 700/766/677
f 692/767/669 702/778/679 701/779/678 691/768/668
f 693/769/670 703/780/680 702/778/679 692/767/669
f 694/770/671 704/781/681 703/780/680 693/769/670
f 695/771/672 705/782/682 704/781/681 694/770/671
f 696/772/673 706/783/683 705/782/682 695/771/672
f 697/773/674 707/784/684 706/783/683 696/772/673
f 698/774/675 708/785/685 707/784/684 697/773/674
f 699/775/676 709/786/686 708/785/685 698/774/675
f 700/766/677 710/777/687 709/786/686 699/775/676
f 701/776/678 711/787/688 720/788/697 710/777/687
f 702/778/679 712/789/689 711/790/688 701/779/678
f 703/780/680 713/791/690 712/789/689 702/778/679
f 704/781/681 714/792/691 713/791/690 703/780/680
f 705/782/682 715/793/692 714/792/691 704/781/681
f 706/783/683 716/794/693 715/793/692 705/782/682
f 707/784/684 717/795/694 716/794/693 706/783/683
f 708/785/685 718/796/695 717/795/694 707/784/684
f 709/786/686 719/797/696 718/796/695 708/785/685
f 710/777/687 720/788/697 719/797/696 709/786/686
f 711/787/688 721/798/698 730/799/707 720/788/697
f 712/789/689 722/800/699 721/801/698 711/790/688
f 713/791/690 723/802/700 722/800/699 712/789/689
f 714/792/691 724/803/701 723/802/700 713/791/690
f 715/793/692 725/804/702 724/803/701 714/792/691
f 716/794/693 726/805/703 725/804/702 715/793/692
f 717/795/694 727/806/704 726/805/703 716/794/693
f 718/796/695 728/807/705 727/806/704 717/795/694
f 719/797/696 729/808/706 728/807/705 718/796/695
f 720/788/697 730/799/707 729/808/706 719/797/696
f 721/798/698 731/809/708 740/810/717 730/799/707
f 722/800/699 732/811/709 731/812/708 721/801/698
f 723/802/700 733/813/710 732/811/709 722/800/699
f 724/803/701 734/814/711 733/813/710 723/802/700
f 725/804/702 735/815/712 734/814/711 724/803/701
f 726/805/703 736/816/713 735/815/712 725/804/702
f 727/806/704 737/817/714 736/816/713 726/805/703
f 728/807/705 738/818/715 737/817/714 727/806/704
f 729/808/706 739/819/716 738/818/715 728/807/705
f 730/799/707 740/810/717 739/819/716 729/808/706
f 731/809/708 741/820/718 750/821/727 740/810/717
f 732/811/709 742/822/719 741/823/718 731/812/708
f 733/813/710 743/824/720 742/822/719 732/811/709
f 734/814/711 744/825/721 743/824/720 733/813/710
f 735/815/712 745/826/722 744/825/721 734/814/711
f 736/816/713 746/827/723 745/826/722 735/815/712
f 737/817/714 747/828/724 746/827/723 736/816/713
f 738/818/715 748/829/725 747/828/724 737/817/714
f 739/819/716 749/830/726 748/829/725 738/818/715
f 740/810/717 750/821/727 749/830/726 739/819/716
f 741/820/718 751/831/728 760/832/737 750/821/727
f 742/822/719 752/833/729 751/834/728 741/823/718
f 743/824/720 753/835/730 752/833/729 742/822/719
f 744/825/721 754/836/731 753/835/730 743/824/720
f 745/826/722 755/837/732 754/836/731 744/825/721
f 746/827/723 756/838/733 755/837/732 745/826/722
f 747/828/724 757/839/734 756/838/733 746/827/723
f 748/829/725 758/840/735 757/839/734 747/828/724
f 749/830/726 759/841/736 758/840/735 748/829/725
f 750/821/727 760/832/737 759/841/736 749/830/726
f 751/831/728 761/842/738 770/843/522 760/832/737
f 752/833/729 762/844/739 761/845/738 751/834/728
f 753/835/730 763/846/740 762/844/739 752/833/729
f 754/836/731 764/847/741 763/846/740 753/835/730
f 755/837/732 765/848/527 764/847/741 754/836/731
f 756/838/733 766/849/742 765/848/527 755/837/732
f 757/839/734 767/850/743 766/849/742 756/838/733
f 758/840/735 768/851/744 767/850/743 757/839/734
f 759/841/736 769/852/745 768/851/744 758/840/735
f 760/832/737 770/843/522 769/852/745 759/841/736
f 761/842/738 771/853/746 780/854/755 770/843/522
f 762/844/739 772/855/747 771/856/746 761/845/738
f 763/846/740 773/857/748 772/855/747 762/844/739
f 764/847/741 774/858/749 773/857/748 763/846/740
f 765/848/527 775/859/750 774/858/749 764/847/741
f 766/849/742 776/860/751 775/859/750 765/848/527
f 767/850/743 777/861/752 776/860/751 766/849/742
f 768/851/744 778/862/753 777/861/752 767/850/743
f 769/852/745 779/863/754 778/862/753 768/851/744
f 770/843/522 780/854/755 779/863/754 769/852/745
f 771/853/746 781/864/756 790/865/765 780/854/755
f 772/855/747 782/866/757 781/867/756 771/856/746
f 773/857/748 783/868/758 782/866/757 772/855/747
f 774/858/749 784/869/759 783/868/758 773/857/748
f 775/859/750 785/870/760 784/869/759 774/858/749
f 776/860/751 786/871/761 785/870/760 775/859/750
f 777/861/752 787/872/762 786/871/761 776/860/751
f 778/862/753 788/873/763 787/872/762 777/861/752
f 779/863/754 789/874/764 788/873/763 778/862/753
f 780/854/755 790/865/765 789/874/764 779/863/754
f 781/864/756 791/875/766 800/876/775 790/865/765
f 782/866/757 792/877/767 791/878/766 781/867/756
f 783/868/758 793/879/768 792/877/767 782/866/757
f 784/869/759 794/880/769 793/879/768 783/868/758
f 785/870/760 795/881/770 794/880/769 784/869/759
f 786/871/761 796/882/771 795/881/770 785/870/760
f 787/872/762 797/883/772 796/882/771 786/871/761
f 788/873/763 798/884/773 797/883/772 787/872/762
f 789/874/764 799/885/774 798/884/773 788/873/763
f 790/865/765 800/876/775 799/885/774 789/874/764
f 791/875/766 801/886/776 810/887/785 800/876/775
f 792/877/767 802/888/777 801/889/776 791/878/766
f 793/879/768 803/890/778 802/888/777 792/877/767
f 794/880/769 804/891/779 803/890/778 793/879/768
f 795/881/770 805/892/780 804/891/779 794/880/769
f 796/882/771 806/893/781 805/892/780 795/881/770
f 797/883/772 807/894/782 806/893/781 796/882/771
f 798/884/773 808/895/783 807/894/782 797/883/772
f 799/885/774 809/896/784 808/895/783 798/884/773
f 800/876/775 810/887/785 809/896/784 799/885/774
f 801/886/776 811/897/786 820/898/795 810/887/785
f 802/888/777 812/899/787 811/900/786 801/889/776
f 803/890/778 813/901/788 812/899/787 802/888/777
f 804/891/779 814/902/789 813/901/788 803/890/778
f 805/892/780 815/903/790 814/902/789 804/891/779
f 806/893/781 816/904/791 815/903/790 805/892/780
f 807/894/782 817/905/792 816/904/791 806/893/781
f 808/895/783 818/906/793 817/905/792 807/894/782
f 809/896/784 819/907/794 818/906/793 808/895/783
f 810/887/785 820/898/795 819/907/794 809/896/784
f 811/897/786 821/908/796 830/909/805 820/898/795
f 812/899/787 822/910/797 821/911/796 811/900/786
f 813/901/788 823/912/798 822/910/797 812/899/787
f 814/902/789 824/913/799 823/912/798 813/901/788
f 815/903/790 825/914/800 824/913/799 814/902/789
f 816/904/791 826/915/801 825/914/800 815/903/790
f 817/905/792 827/916/802 826/915/801 816/904/791
f 818/906/793 828/917/803 827/916/802 817/905/792
f 819/907/794 829/918/804 828/917/803 818/906/793
f 820/898/795 830/909/805 829/918/804 819/907/794
f 821/908/796 831/919/806 840/920/592 830/909/805
f 822/910/797 832/921/807 831/922/806 821/911/796
f 823/912/798 833/923/808 832/921/807 822/910/797
f 824/913/799 834/924/809 833/923/808 823/912/798
f 825/914/800 835/925/597 834/924/809 824/913/799
f 826/915/801 836/926/810 835/925/597 825/914/800
f 827/916/802 837/927/811 836/926/810 826/915/801
f 828/917/803 838/928/812 837/927/811 827/916/802
f 829/918/804 839/929/813 838/928/812 828/917/803
f 830/909/805 840/920/592 839/929/813 829/918/804
f 831/919/806 841/930/814 850/931/602 840/920/592
f 832/921/807 842/932/815 841/933/814 831/922/806
f 833/923/808 843/934/816 842/932/815 832/921/807
f 834/924/809 844/935/817 843/934/816 833/923/808
f 835/925/597 845/936/607 844/935/817 834/924/809
f 836/926/810 846/937/818 845/936/607 835/925/597
f 837/927/811 847/938/819 846/937/818 836/926/810
f 838/928/812 848/939/820 847/938/819 837/927/811
f 839/929/813 849/940/821 848/939/820 838/928/812
f 840/920/592 850/931/602 849/940/821 839/929/813
f 841/930/814 851/941/822 860/942/612 850/931/602
f 842/932/815 852/943/823 851/944/822 841/933/814
f 843/934/816 853/945/824 852/943/823 842/932/815
f 844/935/817 854/946/825 853/945/824 843/934/816
f 845/936/607 855/947/617 854/946/825 844/935/817
f 846/937/818 856/948/826 855/947/617 845/936/607
f 847/938/819 857/949/827 856/948/826 846/937/818
f 848/939/820 858/950/828 857/949/827 847/938/819
f 849/940/821 859/951/829 858/950/828 848/939/820
f 850/931/602 860/942/612 859/951/829 849/940/821
f 851/941/822 861/952/830 870/953/622 860/942/612
f 852/943/823 862/954/831 861/955/830 851/944/822
f 853/945/824 863/956/832 862/954/831 852/943/823
f 854/946/825 864/957/833 863/956/832 853/945/824
f 855/947/617 865/958/627 864/957/833 854/946/825
f 856/948/826 866/959/834 865/958/627 855/947/617
f 857/949/827 867/960/835 866/959/834 856/948/826
f 858/950/828 868/961/836 867/960/835 857/949/827
f 859/951/829 869/962/837 868/961/836 858/950/828
f 860/942/612 870/953/622 869/962/837 859/951/829
f 861/952/830 871/963/838 880/964/632 870/953/622
f 862/954/831 872/965/839 871/966/838 861/955/830
f 863/956/832 873/967/840 872/965/839 862/954/831
f 864/957/833 874/968/841 873/967/840 863/956/832
f 865/958/627 875/969/637 874/968/841 864/957/833
f 866/959/834 876/970/842 875/969/637 865/958/627
f 867/960/835 877/971/843 876/970/842 866/959/834
f 868/961/836 878/972/844 877/971/843 867/960/835
f 869/962/837 879/973/845 878/972/844 868/961/836
f 870/953/622 880/964/632 879/973/845 869/962/837
f 871/963/838 881/974/846 890/975/642 880/964/632
f 872/965/839 882/976/847 881/977/846 871/966/838
f 873/967/840 883/978/848 882/976/847 872/965/839
f 874/968/841 884/979/849 883/978/848 873/967/840
f 875/969/637 885/980/647 884/979/849 874/968/841
f 876/970/842 886/981/850 885/980/647 875/969/637
f 877/971/843 887/982/851 886/981/850 876/970/842
f 878/972/844 888/983/852 887/982/851 877/971/843
f 879/973/845 889/984/853 888/983/852 878/972/844
f 880/964/632 890/975/642 889/984/853 879/973/845
f 881/974/846 891/985/854 900/986/652 890/975/642
f 882/976/847 892/987/855 891/988/854 881/977/846
f 883/978/848 893/989/856 892/987/855 882/976/847
f 884/979/849 894/990/857 893/989/856 883/978/848
f 885/980/647 895/991/657 894/990/857 884/979/849
f 886/981/850 896/992/858 895/991/657 885/980/647
f 887/982/851 897/993/859 896/992/858 886/981/850
f 888/983/852 898/994/860 897/993/859 887/982/851
f 889/984/853 899/995/861 898/994/860 888/983/852
f 890/975/642 900/986/652 899/995/861 889/984/853
f 891/985/854 901/996/862 910/997/662 900/986/652
f 892/987/855 902/998/863 901/999/862 891/988/854
f 893/989/856 903/1000/864 902/998/863 892/987/855
f 894/990/857 904/1001/865 903/1000/864 893/989/856
f 895/991/657 905/1002/667 904/1001/865 894/990/857
f 896/992/858 906/1003/866 905/1002/667 895/991/657
f 897/993/859 907/1004/867 906/1003/866 896/992/858
f 898/994/860 908/1005/868 907/1004/867 897/993/859
f 899/995/861 909/1006/869 908/1005/868 898/994/860
f 900/986/652 910/997/662 909/1006/869 899/995/861
f 901/996/862 911/1007/870 920/1008/672 910/997/662
f 902/998/863 912/1009/871 911/1010/870 901/999/862
f 903/1000/864 913/1011/872 912/1009/871 902/998/863
f 904/1001/865 914/1012/873 913/1011/872 903/1000/864
f 905/1002/667 915/1013/677 914/1012/873 904/1001/865
f 906/1003/866 916/1014/874 915/1013/677 905/1002/667
f 907/1004/867 917/1015/875 916/1014/874 906/1003/866
f 908/1005/868 918/1016/876 917/1015/875 907/1004/867
f 909/1006/869 919/1017/877 918/1016/876 908/1005/868
f 910/997/662 920/1008/672 919/1017/877 909/1006/869
f 911/1007/870 921/1018/878 930/1019/887 920/1008/672
f 912/1009/871 922/1020/879 921/1021/878 911/1010/870
f 913/1011/872 923/1022/880 922/1020/879 912/1009/871
f 914/1012/873 924/1023/881 923/1022/880 913/1011/872
f 915/1013/677 925/1024/882 924/1023/881 914/1012/873
f 916/1014/874 926/1025/883 925/1024/882 915/1013/677
f 917/1015/875 927/1026/884 926/1025/883 916/1014/874
f 918/1016/876 928/1027/885 927/1026/884 917/1015/875
f 919/1017/877 929/1028/886 928/1027/885 918/1016/876
f 920/1008/672 930/1019/887 929/1028/886 919/1017/877
f 921/1018/878 931/1029/888 940/1030/897 930/1019/887
f 922/1020/879 932/1031/889 931/1032/888 921/1021/878
f 923/1022/880 933/1033/890 932/1031/889 922/1020/879
f 924/1023/881 934/1034/891 933/1033/890 923/1022/880
f 925/1024/882 935/1035/892 934/1034/891 924/1023/881
f 926/1025/883 936/1036/893 935/1035/892 925/1024/882
f 927/1026/884 937/1037/894 936/1036/893 926/1025/883
f 928/1027/885 938/1038/895 937/1037/894 927/1026/884
f 929/1028/886 939/1039/896 938/1038/895 928/1027/885
f 930/1019/887 940/1030/897 939/1039/896 929/1028/886
f 931/1029/888 941/1040/898 950/1041/907 940/1030/897
f 932/1031/889 942/1042/899 941/1043/898 931/1032/888
f 933/1033/890 943/1044/900 942/1042/899 932/1031/889
f 934/1034/891 944/1045/901 943/1044/900 933/1033/890
f 935/1035/892 945/1046/902 944/1045/901 934/1034/891
f 936/1036/893 946/1047/903 945/1046/902 935/1035/892
f 937/1037/894 947/1048/904 946/1047/903 936/1036/893
f 938/1038/895 948/1049/905 947/1048/904 937/1037/894
f 939/1039/896 949/1050/906 948/1049/905 938/1038/895
f 940/1030/897 950/1041/907 949/1050/906 939/1039/896
f 941/1040/898 951/1051/908 960/1052/917 950/1041/907
f 942/1042/899 952/1053/909 951/1054/908 941/1043/898
f 943/1044/900 953/1055/910 952/1053/909 942/1042/899
f 944/1045/901 954/1056/911 953/1055/910 943/1044/900
f 945/1046/902 955/1057/912 954/1056/911 944/1045/901
f 946/1047/903 956/1058/913 955/1057/912 945/1046/902
f 947/1048/904 957/1059/914 956/1058/913 946/1047/903
f 948/1049/905 958/1060/915 957/1059/914 947/1048/904
f 949/1050/906 959/1061/916 958/1060/915 948/1049/905
f 950/1041/907 960/1052/917 959/1061/916 949/1050/906
f 951/1051/908 961/1062/918 970/1063/927 960/1052/917
f 952/1053/909 962/1064/919 961/1065/918 951/1054/908
f 953/1055/910 963/1066/920 962/1064/919 952/1053/909
f 954/1056/911 964/1067/921 963/1066/920 953/1055/910
f 955/1057/912 965/1068/922 964/1067/921 954/1056/911
f 956/1058/913 966/1069/923 965/1068/922 955/1057/912
f 957/1059/914 967/1070/924 966/1069/923 956/1058/913
f 958/1060/915 968/1071/925 967/1070/924 957/1059/914
f 959/1061/916 969/1072/926 968/1071/925 958/1060/915
f 960/1052/917 970/1063/927 969/1072/926 959/1061/916
f 961/1062/918 971/1073/928 980/1074/937 970/1063/927
f 962/1064/919 972/1075/929 971/1076/928 961/1065/918
f 963/1066/920 973/1077/930 972/1075/929 962/1064/919
f 964/1067/921 974/1078/931 973/1077/930 963/1066/920
f 965/1068/922 975/1079/932 974/1078/931 964/1067/921
f 966/1069/923 976/1080/933 975/1079/932 965/1068/922
f 967/1070/924 977/1081/934 976/1080/933 966/1069/923
f 968/1071/925 978/1082/935 977/1081/934 967/1070/924
f 969/1072/926 979/1083/936 978/1082/935 968/1071/925
f 970/1063/927 980/1074/937 979/1083/936 969/1072/926
f 971/1073/928 541/1084/518 550/1085/527 980/1074/937
f 972/1075/929 542/1086/519 541/1087/518 971/1076/928
f 973/1077/930 543/1088/520 542/1086/519 972/1075/929
f 974/1078/931 544/1089/521 543/1088/520 973/1077/930
f 975/1079/932 545/1090/522 544/1089/521 974/1078/931
f 976/1080/933 546/1091/523 545/1090/522 975/1079/932
f 977/1081/934 547/1092/524 546/1091/523 976/1080/933
f 978/1082/935 548/1093/525 547/1092/524 977/1081/934
f 979/1083/936 549/1094/526 548/1093/525 978/1082/935
f 980/1074/937 550/1085/527 549/1094/526 979/1083/936
o StartPad
v 9.000000 -1.059876 0.000000
v 9.000000 -1.100000 0.040000
v 9.000000 -1.088248 0.011716
v 9.000000 -1.059876 0.120000
v 9.000000 -1.100000 0.080000
v 9.000000 -1.088248 0.108284
v 8.834199 -1.046828 0.000000
v 8.827922 -1.086457 0.040000
v 8.829761 -1.074850 0.011716
v 8.834199 -1.046828 0.120000
v 8.827922 -1.086457 0.080000
v 8.829761 -1.074850 0.108284
v 8.672481 -1.008003 0.000000
v 8.660081 -1.046162 0.040000
v 8.663713 -1.034986 0.011716
v 8.672481 -1.008003 0.120000
v 8.660081 -1.046162 0.080000
v 8.663713 -1.034986 0.108284
v 8.518826 -0.944357 0.000000
v 8.500610 -0.980107 0.040000
v 8.505945 -0.969636 0.011716
v 8.518826 -0.944357 0.120000
v 8.500610 -0.980107 0.080000
v 8.505945 -0.969636 0.108284
v 8.377020 -0.857458 0.000000
v 8.353436 -0.889919 0.040000
v 8.360344 -0.880411 0.011716
v 8.377020 -0.857458 0.120000
v 8.353436 -0.889919 0.080000
v 8.360344 -0.880411 0.108284
v 8.250554 -0.749446 0.000000
v 8.222182 -0.777817 0.040000
v 8.230493 -0.769508 0.011716
v 8.250554 -0.749446 0.120000
v 8.222182 -0.777817 0.080000
v 8.230493 -0.769508 0.108284
v 8.142542 -0.622980 0.000000
v 8.110082 -0.646564 0.040000
v 8.119589 -0.639656 0.011716
v 8.142542 -0.622980 0.120000
v 8.110082 -0.646564 0.080000
v 8.119589 -0.639656 0.108284
v 8.055643 -0.481174 0.000000
v 8.019893 -0.499390 0.040000
v 8.030364 -0.494054 0.011716
v 8.055643 -0.481174 0.120000
v 8.019893 -0.499390 0.080000
v 8.030364 -0.494054 0.108284
v 7.991998 -0.327519 0.000000
v 7.953838 -0.339919 0.040000
v 7.965014 -0.336287 0.011716
v 7.991998 -0.327519 0.120000
v 7.953838 -0.339919 0.080000
v 7.965014 -0.336287 0.108284
v 7.953173 -0.165801 0.000000
v 7.913543 -0.172078 0.040000
v 7.925150 -0.170240 0.011716
v 7.953173 -0.165801 0.120000
v 7.913543 -0.172078 0.080000
v 7.925150 -0.170240 0.108284
v 7.940124 0.000000 0.000000
v 7.900000 0.000000 0.040000
v 7.911752 0.000000 0.011716
v 7.940124 0.000000 0.120000
v 7.900000 0.000000 0.080000
v 7.911752 0.000000 0.108284
v 7.953173 0.165801 0.000000
v 7.913543 0.172078 0.040000
v 7.925150 0.170240 0.011716
v 7.953173 0.165801 0.120000
v 7.913543 0.172078 0.080000
v 7.925150 0.170240 0.108284
v 7.991998 0.327519 0.000000
v 7.953838 0.339919 0.040000
v 7.965014 0.336287 0.011716
v 7.991998 0.327519 0.120000
v 7.953838 0.339919 0.080000
v 7.965014 0.336287 0.108284
v 8.055643 0.481174 0.000000
v 8.019893 0.499390 0.040000
v 8.030364 0.494054 0.011716
v 8.055643 0.481174 0.120000
v 8.019893 0.499390 0.080000
v 8.030364 0.494054 0.108284
v 8.142542 0.622980 0.000000
v 8.110082 0.646564 0.040000
v 8.119589 0.639656 0.011716
v 8.142542 0.622980 0.120000
v 8.110082 0.646564 0.080000
v 8.119589 0.639656 0.108284
v 8.250554 0.749446 0.000000
v 8.222182 0.777817 0.040000
v 8.230493 0.769508 0.011716
v 8.250554 0.749446 0.120000
v 8.222182 0.777817 0.080000
v 8.230493 0.769508 0.108284
v 8.377020 0.857458 0.000000
v 8.353436 0.889919 0.040000
v 8.360344 0.880411 0.011716
v 8.377020 0.857458 0.120000
v 8.353436 0.889919 0.080000
v 8.360344 0.880411 0.108284
v 8.518826 0.944357 0.000000
v 8.500610 0.980107 0.040000
v 8.505945 0.969636 0.011716
v 8.518826 0.944357 0.120000
v 8.500610 0.980107 0.080000
v 8.505945 0.969636 0.108284
v 8.672481 1.008003 0.000000
v 8.660081 1.046162 0.040000
v 8.663713 1.034986 0.011716
v 8.672481 1.008003 0.120000
v 8.660081 1.046162 0.080000
v 8.663713 1.034986 0.108284
v 8.834199 1.046828 0.000000
v 8.827922 1.086457 0.040000
v 8.829761 1.074850 0.011716
v 8.834199 1.046828 0.120000
v 8.827922 1.086457 0.080000
v 8.829761 1.074850 0.108284
v 9.000000 1.059876 0.000000
v 9.000000 1.100000 0.040000
v 9.000000 1.088248 0.011716
v 9.000000 1.059876 0.120000
v 9.000000 1.100000 0.080000
v 9.000000 1.088248 0.108284
v 9.165801 1.046828 0.000000
v 9.172078 1.086457 0.040000
v 9.170239 1.074850 0.011716
v 9.165801 1.046828 0.120000
v 9.172078 1.086457 0.080000
v 9.170239 1.074850 0.108284
v 9.327519 1.008003 0.000000
v 9.339919 1.046162 0.040000
v 9.336287 1.034986 0.011716
v 9.327519 1.008003 0.120000
v 9.339919 1.046162 0.080000
v 9.336287 1.034986 0.108284
v 9.481174 0.944357 0.000000
v 9.499390 0.980107 0.040000
v 9.494055 0.969636 0.011716
v 9.481174 0.944357 0.120000
v 9.499390 0.980107 0.080000
v 9.494055 0.969636 0.108284
v 9.622980 0.857458 0.000000
v 9.646564 0.889919 0.040000
v 9.639656 0.880411 0.011716
v 9.622980 0.857458 0.120000
v 9.646564 0.889919 0.080000
v 9.639656 0.880411 0.108284
v 9.749446 0.749446 0.000000
v 9.777818 0.777817 0.040000
v 9.769507 0.769508 0.011716
v 9.749446 0.749446 0.120000
v 9.777818 0.777817 0.080000
v 9.769507 0.769508 0.108284
v 9.857458 0.622980 0.000000
v 9.889918 0.646564 0.040000
v 9.880411 0.639656 0.011716
v 9.857458 0.622980 0.120000
v 9.889918 0.646564 0.080000
v 9.880411 0.639656 0.108284
v 9.944357 0.481174 0.000000
v 9.980107 0.499390 0.040000
v 9.969636 0.494054 0.011716
v 9.944357 0.481174 0.120000
v 9.980107 0.499390 0.080000
v 9.969636 0.494054 0.108284
v 10.008002 0.327519 0.000000
v 10.046163 0.339919 0.040000
v 10.034986 0.336287 0.011716
v 10.008002 0.327519 0.120000
v 10.046163 0.339919 0.080000
v 10.034986 0.336287 0.108284
v 10.046827 0.165801 0.000000
v 10.086457 0.172078 0.040000
v 10.074850 0.170240 0.011716
v 10.046827 0.165801 0.120000
v 10.086457 0.172078 0.080000
v 10.074850 0.170240 0.108284
v 10.059876 0.000000 0.000000
v 10.100000 0.000000 0.040000
v 10.088248 0.000000 0.011716
v 10.059876 0.000000 0.120000
v 10.100000 0.000000 0.080000
v 10.088248 0.000000 0.108284
v 10.046827 -0.165801 0.000000
v 10.086457 -0.172078 0.040000
v 10.074850 -0.170240 0.011716
v 10.046827 -0.165801 0.120000
v 10.086457 -0.172078 0.080000
v 10.074850 -0.170240 0.108284
v 10.008002 -0.327519 0.000000
v 10.046163 -0.339919 0.040000
v 10.034986 -0.336287 0.011716
v 10.008002 -0.327519 0.120000
v 10.046163 -0.339919 0.080000
v 10.034986 -0.336287 0.108284
v 9.944357 -0.481174 0.000000
v 9.980107 -0.499390 0.040000
v 9.969636 -0.494054 0.011716
v 9.944357 -0.481174 0.120000
v 9.980107 -0.499390 0.080000
v 9.969636 -0.494054 0.108284
v 9.857458 -0.622980 0.000000
v 9.889918 -0.646564 0.040000
v 9.880411 -0.639656 0.011716
v 9.857458 -0.622980 0.120000
v 9.889918 -0.646564 0.080000
v 9.880411 -0.639656 0.108284
v 9.749446 -0.749446 0.000000
v 9.777818 -0.777817 0.040000
v 9.769507 -0.769508 0.011716
v 9.749446 -0.749446 0.120000
v 9.777818 -0.777817 0.080000
v 9.769507 -0.769508 0.108284
v 9.622980 -0.857458 0.000000
v 9.646564 -0.889919 0.040000
v 9.639656 -0.880411 0.011716
v 9.622980 -0.857458 0.120000
v 9.646564 -0.889919 0.080000
v 9.639656 -0.880411 0.108284
v 9.481174 -0.944357 0.000000
v 9.499390 -0.980107 0.040000
v 9.494055 -0.969636 0.011716
v 9.481174 -0.944357 0.120000
v 9.499390 -0.980107 0.080000
v 9.494055 -0.969636 0.108284
v 9.327519 -1.008003 0.000000
v 9.339919 -1.046162 0.040000
v 9.336287 -1.034986 0.011716
v 9.327519 -1.008003 0.120000
v 9.339919 -1.046162 0.080000
v 9.336287 -1.034986 0.108284
v 9.165801 -1.046828 0.000000
v 9.172078 -1.086457 0.040000
v 9.170239 -1.074850 0.011716
v 9.165801 -1.046828 0.120000
v 9.172078 -1.086457 0.080000
v 9.170239 -1.074850 0.108284
vn -0.0000 -0.2039 -0.9790
vn -0.0000 -0.9810 -0.1938
vn -0.0000 -0.7157 -0.6984
vn -0.0000 -0.2039 0.9790
vn -0.0000 -0.9810 0.1938
vn -0.0000 -0.7157 0.6984
vn -0.0319 -0.2014 -0.9790
vn -0.1535 -0.9690 -0.1938
vn -0.1120 -0.7069 -0.6984
vn -0.0319 -0.2014 0.9790
vn -0.1535 -0.9690 0.1938
vn -0.1120 -0.7069 0.6984
vn -0.0630 -0.1939 -0.9790
vn -0.3032 -0.9330 -0.1938
vn -0.2212 -0.6806 -0.6984
vn -0.0630 -0.1939 0.9790
vn -0.3032 -0.9330 0.1938
vn -0.2212 -0.6806 0.6984
vn -0.0926 -0.1817 -0.9790
vn -0.4454 -0.8741 -0.1938
vn -0.3249 -0.6377 -0.6984
vn -0.0926 -0.1817 0.9790
vn -0.4454 -0.8741 0.1938
vn -0.3249 -0.6377 0.6984
vn -0.1198 -0.1649 -0.9790
vn -0.5766 -0.7937 -0.1938
vn -0.4207 -0.5790 -0.6984
vn -0.1198 -0.1649 0.9790
vn -0.5766 -0.7937 0.1938
vn -0.4207 -0.5790 0.6984
vn -0.1442 -0.1442 -0.9790
vn -0.6937 -0.6937 -0.1938
vn -0.5060 -0.5060 -0.6984
vn -0.1442 -0.1442 0.9790
vn -0.6937 -0.6937 0.1938
vn -0.5060 -0.5060 0.6984
vn -0.1649 -0.1198 -0.9790
vn -0.7937 -0.5766 -0.1938
vn -0.5790 -0.4207 -0.6984
vn -0.1649 -0.1198 0.9790
vn -0.7937 -0.5766 0.1938
vn -0.5790 -0.4207 0.6984
vn -0.1817 -0.0926 -0.9790
vn -0.8741 -0.4454 -0.1938
vn -0.6377 -0.3249 -0.6984
vn -0.1817 -0.0926 0.9790
vn -0.8741 -0.4454 0.1938
vn -0.6377 -0.3249 0.6984
vn -0.1939 -0.0630 -0.9790
vn -0.9330 -0.3032 -0.1938
vn -0.6806 -0.2212 -0.6984
vn -0.1939 -0.0630 0.9790
vn -0.9330 -0.3032 0.1938
vn -0.6806 -0.2212 0.6984
vn -0.2014 -0.0319 -0.9790
vn -0.9690 -0.1535 -0.1938
vn -0.7068 -0.1120 -0.6984
vn -0.2014 -0.0319 0.9790
vn -0.9690 -0.1535 0.1938
vn -0.7068 -0.1120 0.6984
vn -0.2039 -0.0000 -0.9790
vn -0.9810 -0.0000 -0.1938
vn -0.7157 -0.0000 -0.6984
vn -0.2039 -0.0000 0.9790
vn -0.9810 -0.0000 0.1938
vn -0.7157 -0.0000 0.6984
vn -0.2014 0.0319 -0.9790
vn -0.9690 0.1535 -0.1938
vn -0.7068 0.1120 -0.6984
vn -0.2014 0.0319 0.9790
vn -0.9690 0.1535 0.1938
vn -0.7068 0.1120 0.6984
vn -0.1939 0.0630 -0.9790
vn -0.9330 0.3032 -0.1938
vn -0.6806 0.2212 -0.6984
vn -0.1939 0.0630 0.9790
vn -0.9330 0.3032 0.1938
vn -0.6806 0.2212 0.6984
vn -0.1817 0.0926 -0.9790
vn -0.8741 0.4454 -0.1938
vn -0.6377 0.3249 -0.6984
vn -0.1817 0.0926 0.9790
vn -0.8741 0.4454 0.1938
vn -0.6377 0.3249 0.6984
vn -0.1649 0.1198 -0.9790
vn -0.7937 0.5766 -0.1938
vn -0.5790 0.4207 -0.6984
vn -0.1649 0.1198 0.9790
vn -0.7937 0.5766 0.1938
vn -0.5790 0.4207 0.6984
vn -0.1442 0.1442 -0.9790
vn -0.6937 0.6937 -0.1938
vn -0.5060 0.5060 -0.6984
vn -0.1442 0.1442 0.9790
vn -0.6937 0.6937 0.1938
vn -0.5060 0.5060 0.6984
vn -0.1198 0.1649 -0.9790
vn -0.5766 0.7937 -0.1938
vn -0.4207 0.5790 -0.6984
vn -0.1198 0.1649 0.9790
vn -0.5766 0.7937 0.1938
vn -0.4207 0.5790 0.6984
vn -0.0926 0.1817 -0.9790
vn -0.4454 0.8741 -0.1938
vn -0.3249 0.6377 -0.6984
vn -0.0926 0.1817 0.9790
vn -0.4454 0.8741 0.1938
vn -0.3249 0.6377 0.6984
vn -0.0630 0.1939 -0.9790
vn -0.3032 0.9330 -0.1938
vn -0.2212 0.6806 -0.6984
vn -0.0630 0.1939 0.9790
vn -0.3032 0.9330 0.1938
vn -0.2212 0.6806 0.6984
vn -0.0319 0.2014 -0.9790
vn -0.1535 0.9690 -0.1938
vn -0.1120 0.7069 -0.6984
vn -0.0319 0.2014 0.9790
vn -0.1535 0.9690 0.1938
vn -0.1120 0.7069 0.6984
vn -0.0000 0.2039 -0.9790
vn -0.0000 0.9810 -0.1938
vn -0.0000 0.7157 -0.6984
vn -0.0000 0.2039 0.9790
vn -0.0000 0.9810 0.1938
vn -0.0000 0.7157 0.6984
vn 0.0319 0.2014 -0.9790
vn 0.1535 0.9690 -0.1938
vn 0.1120 0.7069 -0.6984
vn 0.0319 0.2014 0.9790
vn 0.1535 0.9690 0.1938
vn 0.1120 0.7069 0.6984
vn 0.0630 0.1939 -0.9790
vn 0.3032 0.9330 -0.1938
vn 0.2212 0.6806 -0.6984
vn 0.0630 0.1939 0.9790
vn 0.3032 0.9330 0.1938
vn 0.2212 0.6806 0.6984
vn 0.0926 0.1817 -0.9790
vn 0.4454 0.8741 -0.1938
vn 0.3249 0.6377 -0.6984
vn 0.0926 0.1817 0.9790
vn 0.4454 0.8741 0.1938
vn 0.3249 0.6377 0.6984
vn 0.1198 0.1649 -0.9790
vn 0.5766 0.7937 -0.1938
vn 0.4207 0.5790 -0.6984
vn 0.1198 0.1649 0.9790
vn 0.5766 0.7937 0.1938
vn 0.4207 0.5790 0.6984
vn 0.1442 0.1442 -0.9790
vn 0.6937 0.6937 -0.1938
vn 0.5060 0.5060 -0.6984
vn 0.1442 0.1442 0.9790
vn 0.6937 0.6937 0.1938
vn 0.5060 0.5060 0.6984
vn 0.1649 0.1198 -0.9790
vn 0.7937 0.5766 -0.1938
vn 0.5790 0.4207 -0.6984
vn 0.1649 0.1198 0.9790
vn 0.7937 0.5766 0.1938
vn 0.5790 0.4207 0.6984
vn 0.1817 0.0926 -0.9790
vn 0.8741 0.4454 -0.1938
vn 0.6377 0.3249 -0.6984
vn 0.1817 0.0926 0.9790
vn 0.8741 0.4454 0.1938
vn 0.6377 0.3249 0.6984
vn 0.1939 0.0630 -0.9790
vn 0.9330 0.3032 -0.1938
vn 0.6806 0.2212 -0.6984
vn 0.1939 0.0630 0.9790
vn 0.9330 0.3032 0.1938
vn 0.6806 0.2212 0.6984
vn 0.2014 0.0319 -0.9790
vn 0.9690 0.1535 -0.1938
vn 0.7068 0.1120 -0.6984
vn 0.2014 0.0319 0.9790
vn 0.9690 0.1535 0.1938
vn 0.7068 0.1120 0.6984
vn 0.2039 -0.0000 -0.9790
vn 0.9810 -0.0000 -0.1938
vn 0.7157 -0.0000 -0.6984
vn 0.2039 -0.0000 0.9790
vn 0.9810 -0.0000 0.1938
vn 0.7157 -0.0000 0.6984
vn 0.2014 -0.0319 -0.9790
vn 0.9690 -0.1535 -0.1938
vn 0.7068 -0.1120 -0.6984
vn 0.2014 -0.0319 0.9790
vn 0.9690 -0.1535 0.1938
vn 0.7068 -0.1120 0.6984
vn 0.1939 -0.0630 -0.9790
vn 0.9330 -0.3032 -0.1938
vn 0.6806 -0.2212 -0.6984
vn 0.1939 -0.0630 0.9790
vn 0.9330 -0.3032 0.1938
vn 0.6806 -0.2212 0.6984
vn 0.1817 -0.0926 -0.9790
vn 0.8741 -0.4454 -0.1938
vn 0.6377 -0.3249 -0.6984
vn 0.1817 -0.0926 0.9790
vn 0.8741 -0.4454 0.1938
vn 0.6377 -0.3249 0.6984
vn 0.1649 -0.1198 -0.9790
vn 0.7937 -0.5766 -0.1938
vn 0.5790 -0.4207 -0.6984
vn 0.1649 -0.1198 0.9790
vn 0.7937 -0.5766 0.1938
vn 0.5790 -0.4207 0.6984
vn 0.1442 -0.1442 -0.9790
vn 0.6937 -0.6937 -0.1938
vn 0.5060 -0.5060 -0.6984
vn 0.1442 -0.1442 0.9790
vn 0.6937 -0.6937 0.1938
vn 0.5060 -0.5060 0.6984
vn 0.1198 -0.1649 -0.9790
vn 0.5766 -0.7937 -0.1938
vn 0.4207 -0.5790 -0.6984
vn 0.1198 -0.1649 0.9790
vn 0.5766 -0.7937 0.1938
vn 0.4207 -0.5790 0.6984
vn 0.0926 -0.1817 -0.9790
vn 0.4454 -0.8741 -0.1938
vn 0.3249 -0.6377 -0.6984
vn 0.0926 -0.1817 0.9790
vn 0.4454 -0.8741 0.1938
vn 0.3249 -0.6377 0.6984
vn 0.0630 -0.1939 -0.9790
vn 0.3032 -0.9330 -0.1938
vn 0.2212 -0.6806 -0.6984
vn 0.0630 -0.1939 0.9790
vn 0.3032 -0.9330 0.1938
vn 0.2212 -0.6806 0.6984
vn 0.0319 -0.2014 -0.9790
vn 0.1535 -0.9690 -0.1938
vn 0.1120 -0.7069 -0.6984
vn 0.0319 -0.2014 0.9790
vn 0.1535 -0.9690 0.1938
vn 0.1120 -0.7069 0.6984
vt 1.000000 0.666667
vt 0.975000 0.666667
vt 0.975000 0.500000
vt 0.999866 0.500000
vt 0.750000 0.489984
vt 0.787542 0.487030
vt 0.786175 0.478399
vt 0.750000 0.481246
vt 0.975000 0.833333
vt 1.000000 0.833333
vt 0.999866 1.000000
vt 0.975000 1.000000
vt 0.287542 0.487030
vt 0.250000 0.489984
vt 0.250000 0.481246
vt 0.286175 0.478399
vt 0.950000 0.666667
vt 0.950000 0.500000
vt 0.824159 0.478239
vt 0.821459 0.469928
vt 0.950000 0.833333
vt 0.950000 1.000000
vt 0.324159 0.478239
vt 0.321459 0.469928
vt 0.925000 0.666667
vt 0.925000 0.500000
vt 0.858950 0.463827
vt 0.854983 0.456042
vt 0.925000 0.833333
vt 0.925000 1.000000
vt 0.358951 0.463827
vt 0.354983 0.456041
vt 0.900000 0.666667
vt 0.900000 0.500000
vt 0.891059 0.444151
vt 0.885923 0.437082
vt 0.900000 0.833333
vt 0.900000 1.000000
vt 0.391059 0.444151
vt 0.385923 0.437082
vt 0.875000 0.666667
vt 0.875000 0.500000
vt 0.919694 0.419694
vt 0.913515 0.413515
vt 0.875000 0.833333
vt 0.875000 1.000000
vt 0.419694 0.419694
vt 0.413515 0.413515
vt 0.850000 0.666667
vt 0.850000 0.500000
vt 0.944151 0.391059
vt 0.937082 0.385923
vt 0.850000 0.833333
vt 0.850000 1.000000
vt 0.444151 0.391059
vt 0.437082 0.385923
vt 0.825000 0.666667
vt 0.825000 0.500000
vt 0.963827 0.358951
vt 0.956041 0.354983
vt 0.825000 0.833333
vt 0.825000 1.000000
vt 0.463827 0.358951
vt 0.456041 0.354983
vt 0.800000 0.666667
vt 0.800000 0.500000
vt 0.978239 0.324159
vt 0.969928 0.321459
vt 0.800000 0.833333
vt 0.800000 1.000000
vt 0.478239 0.324159
vt 0.469928 0.321459
vt 0.775000 0.666667
vt 0.775000 0.500000
vt 0.987030 0.287542
vt 0.978399 0.286175
vt 0.775000 0.833333
vt 0.775000 1.000000
vt 0.487030 0.287542
vt 0.478399 0.286175
vt 0.750000 0.666667
vt 0.750000 0.500000
vt 0.989984 0.250000
vt 0.981246 0.250000
vt 0.750000 0.833333
vt 0.750000 1.000000
vt 0.489984 0.250000
vt 0.481246 0.250000
vt 0.725000 0.666667
vt 0.725000 0.500000
vt 0.987030 0.212458
vt 0.978399 0.213825
vt 0.725000 0.833333
vt 0.725000 1.000000
vt 0.487030 0.212458
vt 0.478399 0.213825
vt 0.700000 0.666667
vt 0.700000 0.500000
vt 0.978239 0.175841
vt 0.969928 0.178541
vt 0.700000 0.833333
vt 0.700000 1.000000
vt 0.478239 0.175841
vt 0.469928 0.178541
vt 0.675000 0.666667
vt 0.675000 0.500000
vt 0.963827 0.141049
vt 0.956041 0.145017
vt 0.675000 0.833333
vt 0.675000 1.000000
vt 0.463827 0.141049
vt 0.456042 0.145017
vt 0.650000 0.666667
vt 0.650000 0.500000
vt 0.944151 0.108941
vt 0.937082 0.114077
vt 0.650000 0.833333
vt 0.650000 1.000000
vt 0.444151 0.108941
vt 0.437082 0.114077
vt 0.625000 0.666667
vt 0.625000 0.500000
vt 0.919694 0.080306
vt 0.913516 0.086485
vt 0.625000 0.833333
vt 0.625000 1.000000
vt 0.419694 0.080306
vt 0.413515 0.086485
vt 0.600000 0.666667
vt 0.600000 0.500000
vt 0.891059 0.055849
vt 0.885923 0.062918
vt 0.600000 0.833333
vt 0.600000 1.000000
vt 0.391059 0.055849
vt 0.385923 0.062918
vt 0.575000 0.666667
vt 0.575000 0.500000
vt 0.858951 0.036173
vt 0.854983 0.043959
vt 0.575000 0.833333
vt 0.575000 1.000000
vt 0.358951 0.036173
vt 0.354983 0.043959
vt 0.550000 0.666667
vt 0.550000 0.500000
vt 0.824159 0.021761
vt 0.821459 0.030072
vt 0.550000 0.833333
vt 0.550000 1.000000
vt 0.324159 0.021761
vt 0.321459 0.030072
vt 0.525000 0.666667
vt 0.525000 0.500000
vt 0.787542 0.012970
vt 0.786175 0.021601
vt 0.525000 0.833333
vt 0.525000 1.000000
vt 0.287542 0.012970
vt 0.286175 0.021601
vt 0.500000 0.666667
vt 0.500000 0.500000
vt 0.750000 0.010016
vt 0.750000 0.018754
vt 0.500000 0.833333
vt 0.500000 1.000000
vt 0.250000 0.010016
vt 0.250000 0.018754
vt 0.475000 0.666667
vt 0.475000 0.500000
vt 0.712458 0.012970
vt 0.713825 0.021601
vt 0.475000 0.833333
vt 0.475000 1.000000
vt 0.212458 0.012970
vt 0.213825 0.021601
vt 0.450000 0.666667
vt 0.450000 0.500000
vt 0.675841 0.021761
vt 0.678541 0.030072
vt 0.450000 0.833333
vt 0.450000 1.000000
vt 0.175841 0.021761
vt 0.178541 0.030072
vt 0.425000 0.666667
vt 0.425000 0.500000
vt 0.641049 0.036173
vt 0.645017 0.043959
vt 0.425000 0.833333
vt 0.425000 1.000000
vt 0.141049 0.036173
vt 0.145017 0.043959
vt 0.400000 0.666667
vt 0.400000 0.500000
vt 0.608941 0.055849
vt 0.614077 0.062918
vt 0.400000 0.833333
vt 0.400000 1.000000
vt 0.108941 0.055849
vt 0.114077 0.062918
vt 0.375000 0.666667
vt 0.375000 0.500000
vt 0.580306 0.080306
vt 0.586485 0.086485
vt 0.375000 0.833333
vt 0.375000 1.000000
vt 0.080306 0.080306
vt 0.086485 0.086485
vt 0.350000 0.666667
vt 0.350000 0.500000
vt 0.555849 0.108941
vt 0.562918 0.114077
vt 0.350000 0.833333
vt 0.350000 1.000000
vt 0.055849 0.108941
vt 0.062918 0.114077
vt 0.325000 0.666667
vt 0.325000 0.500000
vt 0.536173 0.141049
vt 0.543959 0.145017
vt 0.325000 0.833333
vt 0.325000 1.000000
vt 0.036173 0.141049
vt 0.043959 0.145017
vt 0.300000 0.666667
vt 0.300000 0.500000
vt 0.521761 0.175841
vt 0.530072 0.178541
vt 0.300000 0.833333
vt 0.300000 1.000000
vt 0.021761 0.175841
vt 0.030072 0.178541
vt 0.275000 0.666667
vt 0.275000 0.500000
vt 0.512970 0.212458
vt 0.521601 0.213825
vt 0.275000 0.833333
vt 0.275000 1.000000
vt 0.012970 0.212458
vt 0.021601 0.213825
vt 0.250000 0.666667
vt 0.250000 0.500000
vt 0.510016 0.250000
vt 0.518754 0.250000
vt 0.250000 0.833333
vt 0.250000 1.000000
vt 0.010016 0.250000
vt 0.018754 0.250000
vt 0.225000 0.666667
vt 0.225000 0.500000
vt 0.512970 0.287542
vt 0.521601 0.286175
vt 0.225000 0.833333
vt 0.225000 1.000000
vt 0.012970 0.287542
vt 0.021601 0.286175
vt 0.200000 0.666667
vt 0.200000 0.500000
vt 0.521761 0.324159
vt 0.530072 0.321459
vt 0.200000 0.833333
vt 0.200000 1.000000
vt 0.021761 0.324159
vt 0.030072 0.321459
vt 0.175000 0.666667
vt 0.175000 0.500000
vt 0.536173 0.358951
vt 0.543959 0.354983
vt 0.175000 0.833333
vt 0.175000 1.000000
vt 0.036173 0.358951
vt 0.043959 0.354983
vt 0.150000 0.666667
vt 0.150000 0.500000
vt 0.555849 0.391059
vt 0.562918 0.385923
vt 0.150000 0.833333
vt 0.150000 1.000000
vt 0.055849 0.391059
vt 0.062918 0.385923
vt 0.125000 0.666667
vt 0.125000 0.500000
vt 0.580306 0.419694
vt 0.586485 0.413515
vt 0.125000 0.833333
vt 0.125000 1.000000
vt 0.080306 0.419694
vt 0.086485 0.413515
vt 0.100000 0.666667
vt 0.100000 0.500000
vt 0.608941 0.444151
vt 0.614077 0.437082
vt 0.100000 0.833333
vt 0.100000 1.000000
vt 0.108941 0.444151
vt 0.114077 0.437082
vt 0.075000 0.666667
vt 0.075000 0.500000
vt 0.641049 0.463827
vt 0.645017 0.456041
vt 0.075000 0.833333
vt 0.075000 1.000000
vt 0.141049 0.463827
vt 0.145017 0.456041
vt 0.050000 0.666667
vt 0.050000 0.500000
vt 0.675841 0.478239
vt 0.678541 0.469928
vt 0.050000 0.833333
vt 0.050000 1.000000
vt 0.175841 0.478239
vt 0.178541 0.469928
vt 0.025000 0.666667
vt 0.025000 0.500000
vt 0.712458 0.487030
vt 0.713825 0.478399
vt 0.025000 0.833333
vt 0.025000 1.000000
vt 0.212458 0.487030
vt 0.213825 0.478399
vt 0.000000 0.666667
vt 0.000134 0.500000
vt 0.000000 0.833333
vt 0.000134 1.000000
s 1
usemtl StartPad
f 982/1095/939 988/1096/945 989/1097/946 983/1098/940
f 983/1099/940 989/1100/946 987/1101/944 981/1102/938
f 991/1103/948 985/1104/942 986/1105/943 992/1106/949
f 992/1107/949 986/1108/943 984/1109/941 990/1110/947
f 988/1096/945 994/1111/951 995/1112/952 989/1097/946
f 989/1100/946 995/1113/952 993/1114/950 987/1101/944
f 997/1115/954 991/1103/948 992/1106/949 998/1116/955
f 998/1117/955 992/1107/949 990/1110/947 996/1118/953
f 994/1111/951 1000/1119/957 1001/1120/958 995/1112/952
f 995/1113/952 1001/1121/958 999/1122/956 993/1114/950
f 1003/1123/960 997/1115/954 998/1116/955 1004/1124/961
f 1004/1125/961 998/1117/955 996/1118/953 1002/1126/959
f 1000/1119/957 1006/1127/963 1007/1128/964 1001/1120/958
f 1001/1121/958 1007/1129/964 1005/1130/962 999/1122/956
f 1009/1131/966 1003/1123/960 1004/1124/961 1010/1132/967
f 1010/1133/967 1004/1125/961 1002/1126/959 1008/1134/965
f 1006/1127/963 1012/1135/969 1013/1136/970 1007/1128/964
f 1007/1129/964 1013/1137/970 1011/1138/968 1005/1130/962
f 1015/1139/972 1009/1131/966 1010/1132/967 1016/1140/973
f 1016/1141/973 1010/1133/967 1008/1134/965 1014/1142/971
f 1012/1135/969 1018/1143/975 1019/1144/976 1013/1136/970
f 1013/1137/970 1019/1145/976 1017/1146/974 1011/1138/968
f 1021/1147/978 1015/1139/972 1016/1140/973 1022/1148/979
f 1022/1149/979 1016/1141/973 1014/1142/971 1020/1150/977
f 1018/1143/975 1024/1151/981 1025/1152/982 1019/1144/976
f 1019/1145/976 1025/1153/982 1023/1154/980 1017/1146/974
f 1027/1155/984 1021/1147/978 1022/1148/979 1028/1156/985
f 1028/1157/985 1022/1149/979 1020/1150/977 1026/1158/983
f 1024/1151/981 1030/1159/987 1031/1160/988 1025/1152/982
f 1025/1153/982 1031/1161/988 1029/1162/986 1023/1154/980
f 1033/1163/990 1027/1155/984 1028/1156/985 1034/1164/991
f 1034/1165/991 1028/1157/985 1026/1158/983 1032/1166/989
f 1030/1159/987 1036/1167/993 1037/1168/994 1031/1160/988
f 1031/1161/988 1037/1169/994 1035/1170/992 1029/1162/986
f 1039/1171/996 1033/1163/990 1034/1164/991 1040/1172/997
f 1040/1173/997 1034/1165/991 1032/1166/989 1038/1174/995
f 1036/1167/993 1042/1175/999 1043/1176/1000 1037/1168/994
f 1037/1169/994 1043/1177/1000 1041/1178/998 1035/1170/992
f 1045/1179/1002 1039/1171/996 1040/1172/997 1046/1180/1003
f 1046/1181/1003 1040/1173/997 1038/1174/995 1044/1182/1001
f 1042/1175/999 1048/1183/1005 1049/1184/1006 1043/1176/1000
f 1043/1177/1000 1049/1185/1006 1047/1186/1004 1041/1178/998
f 1051/1187/1008 1045/1179/1002 1046/1180/1003 1052/1188/1009
f 1052/1189/1009 1046/1181/1003 1044/1182/1001 1050/1190/1007
f 1048/1183/1005 1054/1191/1011 1055/1192/1012 1049/1184/1006
f 1049/1185/1006 1055/1193/1012 1053/1194/1010 1047/1186/1004
f 1057/1195/1014 1051/1187/1008 1052/1188/1009 1058/1196/1015
f 1058/1197/1015 1052/1189/1009 1050/1190/1007 1056/1198/1013
f 1054/1191/1011 1060/1199/1017 1061/1200/1018 1055/1192/1012
f 1055/1193/1012 1061/1201/1018 1059/1202/1016 1053/1194/1010
f 1063/1203/1020 1057/1195/1014 1058/1196/1015 1064/1204/1021
f 1064/1205/1021 1058/1197/1015 1056/1198/1013 1062/1206/1019
f 1060/1199/1017 1066/1207/1023 1067/1208/1024 1061/1200/1018
f 1061/1201/1018 1067/1209/1024 1065/1210/1022 1059/1202/1016
f 1069/1211/1026 1063/1203/1020 1064/1204/1021 1070/1212/1027
f 1070/1213/1027 1064/1205/1021 1062/1206/1019 1068/1214/1025
f 1066/1207/1023 1072/1215/1029 1073/1216/1030 1067/1208/1024
f 1067/1209/1024 1073/1217/1030 1071/1218/1028 1065/1210/1022
f 1075/1219/1032 1069/1211/1026 1070/1212/1027 1076/1220/1033
f 1076/1221/1033 1070/1213/1027 1068/1214/1025 1074/1222/1031
f 1072/1215/1029 1078/1223/1035 1079/1224/1036 1073/1216/1030
f 1073/1217/1030 1079/1225/1036 1077/1226/1034 1071/1218/1028
f 1081/1227/1038 1075/1219/1032 1076/1220/1033 1082/1228/1039
f 1082/1229/1039 1076/1221/1033 1074/1222/1031 1080/1230/1037
f 1078/1223/1035 1084/1231/1041 1085/1232/1042 1079/1224/1036
f 1079/1225/1036 1085/1233/1042 1083/1234/1040 1077/1226/1034
f 1087/1235/1044 1081/1227/1038 1082/1228/1039 1088/1236/1045
f 1088/1237/1045 1082/1229/1039 1080/1230/1037 1086/1238/1043
f 1084/1231/1041 1090/1239/1047 1091/1240/1048 1085/1232/1042
f 1085/1233/1042 1091/1241/1048 1089/1242/1046 1083/1234/1040
f 1093/1243/1050 1087/1235/1044 1088/1236/1045 1094/1244/1051
f 1094/1245/1051 1088/1237/1045 1086/1238/1043 1092/1246/1049
f 1090/1239/1047 1096/1247/1053 1097/1248/1054 1091/1240/1048
f 1091/1241/1048 1097/1249/1054 1095/1250/1052 1089/1242/1046
f 1099/1251/1056 1093/1243/1050 1094/1244/1051 1100/1252/1057
f 1100/1253/1057 1094/1245/1051 1092/1246/1049 1098/1254/1055
f 1096/1247/1053 1102/1255/1059 1103/1256/1060 1097/1248/1054
f 1097/1249/1054 1103/1257/1060 1101/1258/1058 1095/1250/1052
f 1105/1259/1062 1099/1251/1056 1100/1252/1057 1106/1260/1063
f 1106/1261/1063 1100/1253/1057 1098/1254/1055 1104/1262/1061
f 1102/1255/1059 1108/1263/1065 1109/1264/1066 1103/1256/1060
f 1103/1257/1060 1109/1265/1066 1107/1266/1064 1101/1258/1058
f 1111/1267/1068 1105/1259/1062 1106/1260/1063 1112/1268/1069
f 1112/1269/1069 1106/1261/1063 1104/1262/1061 1110/1270/1067
f 1108/1263/1065 1114/1271/1071 1115/1272/1072 1109/1264/1066
f 1109/1265/1066 1115/1273/1072 1113/1274/1070 1107/1266/1064
f 1117/1275/1074 1111/1267/1068 1112/1268/1069 1118/1276/1075
f 1118/1277/1075 1112/1269/1069 1110/1270/1067 1116/1278/1073
f 1114/1271/1071 1120/1279/1077 1121/1280/1078 1115/1272/1072
f 1115/1273/1072 1121/1281/1078 1119/1282/1076 1113/1274/1070
f 1123/1283/1080 1117/1275/1074 1118/1276/1075 1124/1284/1081
f 1124/1285/1081 1118/1277/1075 1116/1278/1073 1122/1286/1079
f 1120/1279/1077 1126/1287/1083 1127/1288/1084 1121/1280/1078
f 1121/1281/1078 1127/1289/1084 1125/1290/1082 1119/1282/1076
f 1129/1291/1086 1123/1283/1080 1124/1284/1081 1130/1292/1087
f 1130/1293/1087 1124/1285/1081 1122/1286/1079 1128/1294/1085
f 1126/1287/1083 1132/1295/1089 1133/1296/1090 1127/1288/1084
f 1127/1289/1084 1133/1297/1090 1131/1298/1088 1125/1290/1082
f 1135/1299/1092 1129/1291/1086 1130/1292/1087 1136/1300/1093
f 1136/1301/1093 1130/1293/1087 1128/1294/1085 1134/1302/1091
f 1132/1295/1089 1138/1303/1095 1139/1304/1096 1133/1296/1090
f 1133/1297/1090 1139/1305/1096 1137/1306/1094 1131/1298/1088
f 1141/1307/1098 1135/1299/1092 1136/1300/1093 1142/1308/1099
f 1142/1309/1099 1136/1301/1093 1134/1302/1091 1140/1310/1097
f 1138/1303/1095 1144/1311/1101 1145/1312/1102 1139/1304/1096
f 1139/1305/1096 1145/1313/1102 1143/1314/1100 1137/1306/1094
f 1147/1315/1104 1141/1307/1098 1142/1308/1099 1148/1316/1105
f 1148/1317/1105 1142/1309/1099 1140/1310/1097 1146/1318/1103
f 1144/1311/1101 1150/1319/1107 1151/1320/1108 1145/1312/1102
f 1145/1313/1102 1151/1321/1108 1149/1322/1106 1143/1314/1100
f 1153/1323/1110 1147/1315/1104 1148/1316/1105 1154/1324/1111
f 1154/1325/1111 1148/1317/1105 1146/1318/1103 1152/1326/1109
f 1150/1319/1107 1156/1327/1113 1157/1328/1114 1151/1320/1108
f 1151/1321/1108 1157/1329/1114 1155/1330/1112 1149/1322/1106
f 1159/1331/1116 1153/1323/1110 1154/1324/1111 1160/1332/1117
f 1160/1333/1117 1154/1325/1111 1152/1326/1109 1158/1334/1115
f 1156/1327/1113 1162/1335/1119 1163/1336/1120 1157/1328/1114
f 1157/1329/1114 1163/1337/1120 1161/1338/1118 1155/1330/1112
f 1165/1339/1122 1159/1331/1116 1160/1332/1117 1166/1340/1123
f 1166/1341/1123 1160/1333/1117 1158/1334/1115 1164/1342/1121
f 1162/1335/1119 1168/1343/1125 1169/1344/1126 1163/1336/1120
f 1163/1337/1120 1169/1345/1126 1167/1346/1124 1161/1338/1118
f 1171/1347/1128 1165/1339/1122 1166/1340/1123 1172/1348/1129
f 1172/1349/1129 1166/1341/1123 1164/1342/1121 1170/1350/1127
f 1168/1343/1125 1174/1351/1131 1175/1352/1132 1169/1344/1126
f 1169/1345/1126 1175/1353/1132 1173/1354/1130 1167/1346/1124
f 1177/1355/1134 1171/1347/1128 1172/1348/1129 1178/1356/1135
f 1178/1357/1135 1172/1349/1129 1170/1350/1127 1176/1358/1133
f 1174/1351/1131 1180/1359/1137 1181/1360/1138 1175/1352/1132
f 1175/1353/1132 1181/1361/1138 1179/1362/1136 1173/1354/1130
f 1183/1363/1140 1177/1355/1134 1178/1356/1135 1184/1364/1141
f 1184/1365/1141 1178/1357/1135 1176/1358/1133 1182/1366/1139
f 1180/1359/1137 1186/1367/1143 1187/1368/1144 1181/1360/1138
f 1181/1361/1138 1187/1369/1144 1185/1370/1142 1179/1362/1136
f 1189/1371/1146 1183/1363/1140 1184/1364/1141 1190/1372/1147
f 1190/1373/1147 1184/1365/1141 1182/1366/1139 1188/1374/1145
f 1186/1367/1143 1192/1375/1149 1193/1376/1150 1187/1368/1144
f 1187/1369/1144 1193/1377/1150 1191/1378/1148 1185/1370/1142
f 1195/1379/1152 1189/1371/1146 1190/1372/1147 1196/1380/1153
f 1196/1381/1153 1190/1373/1147 1188/1374/1145 1194/1382/1151
f 1192/1375/1149 1198/1383/1155 1199/1384/1156 1193/1376/1150
f 1193/1377/1150 1199/1385/1156 1197/1386/1154 1191/1378/1148
f 1201/1387/1158 1195/1379/1152 1196/1380/1153 1202/1388/1159
f 1202/1389/1159 1196/1381/1153 1194/1382/1151 1200/1390/1157
f 1198/1383/1155 1204/1391/1161 1205/1392/1162 1199/1384/1156
f 1199/1385/1156 1205/1393/1162 1203/1394/1160 1197/1386/1154
f 1207/1395/1164 1201/1387/1158 1202/1388/1159 1208/1396/1165
f 1208/1397/1165 1202/1389/1159 1200/1390/1157 1206/1398/1163
f 1204/1391/1161 1210/1399/1167 1211/1400/1168 1205/1392/1162
f 1205/1393/1162 1211/1401/1168 1209/1402/1166 1203/1394/1160
f 1213/1403/1170 1207/1395/1164 1208/1396/1165 1214/1404/1171
f 1214/1405/1171 1208/1397/1165 1206/1398/1163 1212/1406/1169
f 1210/1399/1167 1216/1407/1173 1217/1408/1174 1211/1400/1168
f 1211/1401/1168 1217/1409/1174 1215/1410/1172 1209/1402/1166
f 1219/1411/1176 1213/1403/1170 1214/1404/1171 1220/1412/1177
f 1220/1413/1177 1214/1405/1171 1212/1406/1169 1218/1414/1175
f 1216/1407/1173 982/1415/939 983/1416/940 1217/1408/1174
f 1217/1409/1174 983/1099/940 981/1102/938 1215/1410/1172
f 985/1417/942 1219/1411/1176 1220/1412/1177 986/1418/943
f 986/1108/943 1220/1413/1177 1218/1414/1175 984/1109/941
f 981/1102/938 987/1101/944 993/1114/950 999/1122/956 1005/1130/962 1011/1138/968 1017/1146/974 1023/1154/980 1029/1162/986 1035/1170/992 1041/1178/998 1047/1186/1004 1053/1194/1010 1059/1202/1016 1065/1210/1022 1071/1218/1028 1077/1226/1034 1083/1234/1040 1089/1242/1046 1095/1250/1052 1101/1258/1058 1107/1266/1064 1113/1274/1070 1119/1282/1076 1125/1290/1082 1131/1298/1088 1137/1306/1094 1143/1314/1100 1149/1322/1106 1155/1330/1112 1161/1338/1118 1167/1346/1124 1173/1354/1130 1179/1362/1136 1185/1370/1142 1191/1378/1148 1197/1386/1154 1203/1394/1160 1209/1402/1166 1215/1410/1172
f 982/1095/939 985/1104/942 991/1103/948 988/1096/945
f 1216/1407/1173 1219/1411/1176 985/1417/942 982/1415/939
f 990/1110/947 984/1109/941 1218/1414/1175 1212/1406/1169 1206/1398/1163 1200/1390/1157 1194/1382/1151 1188/1374/1145 1182/1366/1139 1176/1358/1133 1170/1350/1127 1164/1342/1121 1158/1334/1115 1152/1326/1109 1146/1318/1103 1140/1310/1097 1134/1302/1091 1128/1294/1085 1122/1286/1079 1116/1278/1073 1110/1270/1067 1104/1262/1061 1098/1254/1055 1092/1246/1049 1086/1238/1043 1080/1230/1037 1074/1222/1031 1068/1214/1025 1062/1206/1019 1056/1198/1013 1050/1190/1007 1044/1182/1001 1038/1174/995 1032/1166/989 1026/1158/983 1020/1150/977 1014/1142/971 1008/1134/965 1002/1126/959 996/1118/953
f 988/1096/945 991/1103/948 997/1115/954 994/1111/951
f 994/1111/951 997/1115/954 1003/1123/960 1000/1119/957
f 1000/1119/957 1003/1123/960 1009/1131/966 1006/1127/963
f 1006/1127/963 1009/1131/966 1015/1139/972 1012/1135/969
f 1012/1135/969 1015/1139/972 1021/1147/978 1018/1143/975
f 1018/1143/975 1021/1147/978 1027/1155/984 1024/1151/981
f 1024/1151/981 1027/1155/984 1033/1163/990 1030/1159/987
f 1030/1159/987 1033/1163/990 1039/1171/996 1036/1167/993
f 1036/1167/993 1039/1171/996 1045/1179/1002 1042/1175/999
f 1042/1175/999 1045/1179/1002 1051/1187/1008 1048/1183/1005
f 1048/1183/1005 1051/1187/1008 1057/1195/1014 1054/1191/1011
f 1054/1191/1011 1057/1195/1014 1063/1203/1020 1060/1199/1017
f 1060/1199/1017 1063/1203/1020 1069/1211/1026 1066/1207/1023
f 1066/1207/1023 1069/1211/1026 1075/1219/1032 1072/1215/1029
f 1072/1215/1029 1075/1219/1032 1081/1227/1038 1078/1223/1035
f 1078/1223/1035 1081/1227/1038 1087/1235/1044 1084/1231/1041
f 1084/1231/1041 1087/1235/1044 1093/1243/1050 1090/1239/1047
f 1090/1239/1047 1093/1243/1050 1099/1251/1056 1096/1247/1053
f 1096/1247/1053 1099/1251/1056 1105/1259/1062 1102/1255/1059
f 1102/1255/1059 1105/1259/1062 1111/1267/1068 1108/1263/1065
f 1108/1263/1065 1111/1267/1068 1117/1275/1074 1114/1271/1071
f 1114/1271/1071 1117/1275/1074 1123/1283/1080 1120/1279/1077
f 1120/1279/1077 1123/1283/1080 1129/1291/1086 1126/1287/1083
f 1126/1287/1083 1129/1291/1086 1135/1299/1092 1132/1295/1089
f 1132/1295/1089 1135/1299/1092 1141/1307/1098 1138/1303/1095
f 1138/1303/1095 1141/1307/1098 1147/1315/1104 1144/1311/1101
f 1144/1311/1101 1147/1315/1104 1153/1323/1110 1150/1319/1107
f 1150/1319/1107 1153/1323/1110 1159/1331/1116 1156/1327/1113
f 1156/1327/1113 1159/1331/1116 1165/1339/1122 1162/1335/1119
f 1162/1335/1119 1165/1339/1122 1171/1347/1128 1168/1343/1125
f 1168/1343/1125 1171/1347/1128 1177/1355/1134 1174/1351/1131
f 1174/1351/1131 1177/1355/1134 1183/1363/1140 1180/1359/1137
f 1180/1359/1137 1183/1363/1140 1189/1371/1146 1186/1367/1143
f 1186/1367/1143 1189/1371/1146 1195/1379/1152 1192/1375/1149
f 1192/1375/1149 1195/1379/1152 1201/1387/1158 1198/1383/1155
f 1198/1383/1155 1201/1387/1158 1207/1395/1164 1204/1391/1161
f 1204/1391/1161 1207/1395/1164 1213/1403/1170 1210/1399/1167
f 1210/1399/1167 1213/1403/1170 1219/1411/1176 1216/1407/1173
o Icosphere
v 0.000000 -0.600000 -1.078000
v -1.114355 0.209617 -0.482103
v 0.425638 0.710000 -0.482103
v 1.377416 -0.600000 -0.482098
v 0.425638 -1.910000 -0.482103
v -1.114355 -1.409617 -0.482103
v -0.425638 0.710000 0.482103
v 1.114355 0.209617 0.482103
v 1.114355 -1.409617 0.482103
v -0.425638 -1.910000 0.482103
v -1.377416 -0.600000 0.482098
v 0.000000 -0.600000 1.078000
v 0.250182 0.169993 -0.917005
v -0.654997 -0.124123 -0.917005
v -0.404818 0.645878 -0.566745
v -1.309998 -0.600000 -0.566743
v -0.654997 -1.075878 -0.917005
v 0.809624 -0.600000 -0.917002
v 1.059812 0.169995 -0.566744
v 0.250182 -1.369993 -0.917005
v 1.059812 -1.369995 -0.566744
v -0.404818 -1.845878 -0.566745
v -1.464629 -0.124121 0.000000
v -1.464629 -1.075879 0.000000
v 0.000000 0.940000 0.000000
v -0.905190 0.645886 0.000000
v 1.464629 -0.124121 0.000000
v 0.905190 0.645886 0.000000
v 0.905190 -1.845886 0.000000
v 1.464629 -1.075879 0.000000
v -0.905190 -1.845886 0.000000
v 0.000000 -2.140000 0.000000
v -1.059812 0.169995 0.566744
v 0.404818 0.645878 0.566745
v 1.309998 -0.600000 0.566743
v 0.404818 -1.845878 0.566745
v -1.059812 -1.369995 0.566744
v -0.250182 0.169993 0.917005
v -0.809624 -0.600000 0.917002
v 0.654997 -0.124123 0.917005
v 0.654997 -1.075878 0.917005
v -0.250182 -1.369993 0.917005
vn -0.0000 -0.0000 -1.0000
vn -0.6766 0.4916 -0.5483
vn 0.2584 0.7954 -0.5483
vn 0.8363 -0.0000 -0.5483
vn 0.2584 -0.7954 -0.5483
vn -0.6766 -0.4916 -0.5483
vn -0.2584 0.7954 0.5483
vn 0.6766 0.4916 0.5483
vn 0.6766 -0.4916 0.5483
vn -0.2584 -0.7954 0.5483
vn -0.8363 -0.0000 0.5483
vn -0.0000 -0.0000 1.0000
vn 0.1286 0.3957 -0.9093
vn -0.3366 0.2446 -0.9093
vn -0.2411 0.7419 -0.6256
vn -0.7801 -0.0000 -0.6256
vn -0.3366 -0.2446 -0.9093
vn 0.4161 -0.0000 -0.9093
vn 0.6311 0.4585 -0.6256
vn 0.1286 -0.3957 -0.9093
vn 0.6311 -0.4585 -0.6256
vn -0.2411 -0.7419 -0.6256
vn -0.9511 0.3090 -0.0000
vn -0.9511 -0.3090 -0.0000
vn -0.0000 1.0000 -0.0000
vn -0.5878 0.8090 -0.0000
vn 0.9511 0.3090 -0.0000
vn 0.5878 0.8090 -0.0000
vn 0.5878 -0.8090 -0.0000
vn 0.9511 -0.3090 -0.0000
vn -0.5878 -0.8090 -0.0000
vn -0.0000 -1.0000 -0.0000
vn -0.6311 0.4585 0.6256
vn 0.2411 0.7419 0.6256
vn 0.7801 -0.0000 0.6256
vn 0.2411 -0.7419 0.6256
vn -0.6311 -0.4585 0.6256
vn -0.1286 0.3957 0.9093
vn -0.4161 -0.0000 0.9093
vn 0.3366 0.2446 0.9093
vn 0.3366 -0.2446 0.9093
vn -0.1286 -0.3957 0.9093
vt 0.181819 0.000000
vt 0.227273 0.078731
vt 0.136365 0.078731
vt 0.272728 0.157461
vt 0.318182 0.078731
vt 0.363637 0.157461
vt 0.909091 0.000000
vt 0.954545 0.078731
vt 0.863636 0.078731
vt 0.727273 0.000000
vt 0.772727 0.078731
vt 0.681818 0.078731
vt 0.545455 0.000000
vt 0.590909 0.078731
vt 0.500000 0.078731
vt 0.318182 0.236191
vt 0.090910 0.157461
vt 0.181819 0.157461
vt 0.136365 0.236191
vt 0.818182 0.157461
vt 0.909091 0.157461
vt 0.863636 0.236191
vt 0.636364 0.157461
vt 0.727273 0.157461
vt 0.681818 0.236191
vt 0.454546 0.157461
vt 0.545455 0.157461
vt 0.500000 0.236191
vt 0.227273 0.236191
vt 0.045455 0.236191
vt 0.772727 0.236191
vt 0.590909 0.236191
vt 0.409092 0.236191
vt 0.181819 0.314921
vt 0.272728 0.314921
vt 0.227273 0.393651
vt 0.000000 0.314921
vt 0.090910 0.314921
vt 0.045455 0.393651
vt 0.727273 0.314921
vt 0.818182 0.314921
vt 0.772727 0.393651
vt 0.545455 0.314921
vt 0.636364 0.314921
vt 0.590909 0.393651
vt 0.363637 0.314921
vt 0.454546 0.314921
vt 0.409092 0.393651
vt 0.500000 0.393651
vt 0.454546 0.472382
vt 0.681818 0.393651
vt 0.636364 0.472382
vt 0.863636 0.393651
vt 0.818182 0.472382
vt 0.909091 0.314921
vt 0.136365 0.393651
vt 0.090910 0.472382
vt 0.318182 0.393651
vt 0.272728 0.472382
vt 0.954545 0.236191
vt 1.000000 0.157461
vt 0.409092 0.078731
vt 0.363637 0.000000
s 1
usemtl Igloo
f 1221/1419/1178 1234/1420/1191 1233/1421/1190
f 1222/1422/1179 1234/1423/1191 1236/1424/1193
f 1221/1425/1178 1233/1426/1190 1238/1427/1195
f 1221/1428/1178 1238/1429/1195 1240/1430/1197
f 1221/1431/1178 1240/1432/1197 1237/1433/1194
f 1222/1422/1179 1236/1424/1193 1243/1434/1200
f 1223/1435/1180 1235/1436/1192 1245/1437/1202
f 1224/1438/1181 1239/1439/1196 1247/1440/1204
f 1225/1441/1182 1241/1442/1198 1249/1443/1206
f 1226/1444/1183 1242/1445/1199 1251/1446/1208
f 1222/1422/1179 1243/1434/1200 1246/1447/1203
f 1223/1435/1180 1245/1437/1202 1248/1448/1205
f 1224/1438/1181 1247/1440/1204 1250/1449/1207
f 1225/1441/1182 1249/1443/1206 1252/1450/1209
f 1226/1444/1183 1251/1446/1208 1244/1451/1201
f 1227/1452/1184 1253/1453/1210 1258/1454/1215
f 1228/1455/1185 1254/1456/1211 1260/1457/1217
f 1229/1458/1186 1255/1459/1212 1261/1460/1218
f 1230/1461/1187 1256/1462/1213 1262/1463/1219
f 1231/1464/1188 1257/1465/1214 1259/1466/1216
f 1259/1466/1216 1262/1467/1219 1232/1468/1189
f 1259/1466/1216 1257/1465/1214 1262/1467/1219
f 1257/1465/1214 1230/1461/1187 1262/1467/1219
f 1262/1463/1219 1261/1469/1218 1232/1470/1189
f 1262/1463/1219 1256/1462/1213 1261/1469/1218
f 1256/1462/1213 1229/1458/1186 1261/1469/1218
f 1261/1460/1218 1260/1471/1217 1232/1472/1189
f 1261/1460/1218 1255/1459/1212 1260/1471/1217
f 1255/1459/1212 1228/1473/1185 1260/1471/1217
f 1260/1457/1217 1258/1474/1215 1232/1475/1189
f 1260/1457/1217 1254/1456/1211 1258/1474/1215
f 1254/1456/1211 1227/1452/1184 1258/1474/1215
f 1258/1454/1215 1259/1476/1216 1232/1477/1189
f 1258/1454/1215 1253/1453/1210 1259/1476/1216
f 1253/1453/1210 1231/1464/1188 1259/1476/1216
f 1244/1451/1201 1257/1465/1214 1231/1464/1188
f 1244/1451/1201 1251/1446/1208 1257/1465/1214
f 1251/1446/1208 1230/1461/1187 1257/1465/1214
f 1252/1450/1209 1256/1462/1213 1230/1461/1187
f 1252/1450/1209 1249/1443/1206 1256/1462/1213
f 1249/1443/1206 1229/1458/1186 1256/1462/1213
f 1250/1449/1207 1255/1459/1212 1229/1458/1186
f 1250/1449/1207 1247/1440/1204 1255/1459/1212
f 1247/1440/1204 1228/1473/1185 1255/1459/1212
f 1248/1448/1205 1254/1456/1211 1228/1455/1185
f 1248/1448/1205 1245/1437/1202 1254/1456/1211
f 1245/1437/1202 1227/1452/1184 1254/1456/1211
f 1246/1447/1203 1253/1453/1210 1227/1452/1184
f 1246/1447/1203 1243/1434/1200 1253/1453/1210
f 1243/1434/1200 1231/1464/1188 1253/1453/1210
f 1251/1446/1208 1252/1450/1209 1230/1461/1187
f 1251/1446/1208 1242/1445/1199 1252/1450/1209
f 1242/1445/1199 1225/1441/1182 1252/1450/1209
f 1249/1443/1206 1250/1449/1207 1229/1458/1186
f 1249/1443/1206 1241/1442/1198 1250/1449/1207
f 1241/1442/1198 1224/1438/1181 1250/1449/1207
f 1247/1440/1204 1248/1478/1205 1228/1473/1185
f 1247/1440/1204 1239/1439/1196 1248/1478/1205
f 1239/1439/1196 1223/1479/1180 1248/1478/1205
f 1245/1437/1202 1246/1447/1203 1227/1452/1184
f 1245/1437/1202 1235/1436/1192 1246/1447/1203
f 1235/1436/1192 1222/1422/1179 1246/1447/1203
f 1243/1434/1200 1244/1451/1201 1231/1464/1188
f 1243/1434/1200 1236/1424/1193 1244/1451/1201
f 1236/1424/1193 1226/1444/1183 1244/1451/1201
f 1237/1433/1194 1242/1445/1199 1226/1444/1183
f 1237/1433/1194 1240/1432/1197 1242/1445/1199
f 1240/1432/1197 1225/1441/1182 1242/1445/1199
f 1240/1430/1197 1241/1442/1198 1225/1441/1182
f 1240/1430/1197 1238/1429/1195 1241/1442/1198
f 1238/1429/1195 1224/1438/1181 1241/1442/1198
f 1238/1427/1195 1239/1439/1196 1224/1438/1181
f 1238/1427/1195 1233/1426/1190 1239/1439/1196
f 1233/1426/1190 1223/1479/1180 1239/1439/1196
f 1236/1424/1193 1237/1480/1194 1226/1444/1183
f 1236/1424/1193 1234/1423/1191 1237/1480/1194
f 1234/1423/1191 1221/1481/1178 1237/1480/1194
f 1233/1421/1190 1235/1436/1192 1223/1435/1180
f 1233/1421/1190 1234/1420/1191 1235/1436/1192
f 1234/1420/1191 1222/1422/1179 1235/1436/1192
o Cylinder
v 0.000000 0.240000 1.008000
v 0.000000 1.360000 1.008000
v -0.294000 0.240000 0.929223
v -0.294000 1.360000 0.929223
v -0.509223 0.240000 0.714000
v -0.509223 1.360000 0.714000
v -0.588000 0.240000 0.420000
v -0.588000 1.360000 0.420000
v -0.509223 0.240000 0.126000
v -0.509223 1.360000 0.126000
v -0.294000 0.240000 -0.089223
v -0.294000 1.360000 -0.089223
v 0.000000 0.240000 -0.168000
v 0.000000 1.360000 -0.168000
v 0.294000 0.240000 -0.089223
v 0.294000 1.360000 -0.089223
v 0.509223 0.240000 0.126000
v 0.509223 1.360000 0.126000
v 0.588000 0.240000 0.420000
v 0.588000 1.360000 0.420000
v 0.509223 0.240000 0.714000
v 0.509223 1.360000 0.714000
v 0.294000 0.240000 0.929223
v 0.294000 1.360000 0.929223
vn -0.0000 -0.6532 0.7572
vn -0.0000 0.6532 0.7572
vn -0.3786 -0.6532 0.6557
vn -0.3786 0.6532 0.6557
vn -0.6557 -0.6532 0.3786
vn -0.6557 0.6532 0.3786
vn -0.7572 -0.6532 -0.0000
vn -0.7572 0.6532 -0.0000
vn -0.6557 -0.6532 -0.3786
vn -0.6557 0.6532 -0.3786
vn -0.3786 -0.6532 -0.6557
vn -0.3786 0.6532 -0.6557
vn -0.0000 -0.6532 -0.7572
vn -0.0000 0.6532 -0.7572
vn 0.3786 -0.6532 -0.6557
vn 0.3786 0.6532 -0.6557
vn 0.6557 -0.6532 -0.3786
vn 0.6557 0.6532 -0.3786
vn 0.7572 -0.6532 -0.0000
vn 0.7572 0.6532 -0.0000
vn 0.6557 -0.6532 0.3786
vn 0.6557 0.6532 0.3786
vn 0.3786 -0.6532 0.6557
vn 0.3786 0.6532 0.6557
vt 1.000000 0.500000
vt 1.000000 1.000000
vt 0.916667 1.000000
vt 0.916667 0.500000
vt 0.833333 1.000000
vt 0.833333 0.500000
vt 0.750000 1.000000
vt 0.750000 0.500000
vt 0.666667 1.000000
vt 0.666667 0.500000
vt 0.583333 1.000000
vt 0.583333 0.500000
vt 0.500000 1.000000
vt 0.500000 0.500000
vt 0.416667 1.000000
vt 0.416667 0.500000
vt 0.333333 1.000000
vt 0.333333 0.500000
vt 0.250000 1.000000
vt 0.250000 0.500000
vt 0.166667 1.000000
vt 0.166667 0.500000
vt 0.370000 0.457846
vt 0.250000 0.490000
vt 0.130000 0.457846
vt 0.042154 0.370000
vt 0.010000 0.250000
vt 0.042154 0.130000
vt 0.130000 0.042154
vt 0.250000 0.010000
vt 0.370000 0.042154
vt 0.457846 0.130000
vt 0.490000 0.250000
vt 0.457846 0.370000
vt 0.083333 1.000000
vt 0.083333 0.500000
vt 0.000000 1.000000
vt 0.000000 0.500000
vt 0.750000 0.490000
vt 0.870000 0.457846
vt 0.957846 0.370000
vt 0.990000 0.250000
vt 0.957846 0.130000
vt 0.870000 0.042154
vt 0.750000 0.010000
vt 0.630000 0.042154
vt 0.542154 0.130000
vt 0.510000 0.250000
vt 0.542154 0.370000
vt 0.630000 0.457846
s 1
usemtl IglooDoor
f 1263/1482/1220 1264/1483/1221 1266/1484/1223 1265/1485/1222
f 1265/1485/1222 1266/1484/1223 1268/1486/1225 1267/1487/1224
f 1267/1487/1224 1268/1486/1225 1270/1488/1227 1269/1489/1226
f 1269/1489/1226 1270/1488/1227 1272/1490/1229 1271/1491/1228
f 1271/1491/1228 1272/1490/1229 1274/1492/1231 1273/1493/1230
f 1273/1493/1230 1274/1492/1231 1276/1494/1233 1275/1495/1232
f 1275/1495/1232 1276/1494/1233 1278/1496/1235 1277/1497/1234
f 1277/1497/1234 1278/1496/1235 1280/1498/1237 1279/1499/1236
f 1279/1499/1236 1280/1498/1237 1282/1500/1239 1281/1501/1238
f 1281/1501/1238 1282/1500/1239 1284/1502/1241 1283/1503/1240
f 1266/1504/1223 1264/1505/1221 1286/1506/1243 1284/1507/1241 1282/1508/1239 1280/1509/1237 1278/1510/1235 1276/1511/1233 1274/1512/1231 1272/1513/1229 1270/1514/1227 1268/1515/1225
f 1283/1503/1240 1284/1502/1241 1286/1516/1243 1285/1517/1242
f 1285/1517/1242 1286/1516/1243 1264/1518/1221 1263/1519/1220
f 1263/1520/1220 1265/1521/1222 1267/1522/1224 1269/1523/1226 1271/1524/1228 1273/1525/1230 1275/1526/1232 1277/1527/1234 1279/1528/1236 1281/1529/1238 1283/1530/1240 1285/1531/1242
o Icosphere.001
v 3.600000 1.600000 0.000000
v 3.165835 1.915435 0.331668
v 3.765833 2.110390 0.331668
v 4.136656 1.600000 0.331671
v 3.765833 1.089610 0.331668
v 3.165835 1.284565 0.331668
v 3.434167 2.110390 0.868332
v 4.034164 1.915435 0.868332
v 4.034164 1.284565 0.868332
v 3.434167 1.089610 0.868332
v 3.063344 1.600000 0.868329
v 3.600000 1.600000 1.200000
v 3.697473 1.899997 0.089607
v 3.344806 1.785407 0.089607
v 3.442279 2.085407 0.284557
v 3.089611 1.600000 0.284558
v 3.344806 1.414593 0.089607
v 3.915438 1.600000 0.089609
v 4.012914 1.899998 0.284558
v 3.697473 1.300003 0.089607
v 4.012914 1.300002 0.284558
v 3.442279 1.114593 0.284557
v 3.029365 1.785408 0.600000
v 3.029365 1.414593 0.600000
v 3.600000 2.200000 0.600000
v 3.247329 2.085410 0.600000
v 4.170635 1.785408 0.600000
v 3.952671 2.085410 0.600000
v 3.952671 1.114590 0.600000
v 4.170635 1.414593 0.600000
v 3.247329 1.114590 0.600000
v 3.600000 1.000000 0.600000
v 3.187086 1.899998 0.915442
v 3.757721 2.085407 0.915443
v 4.110389 1.600000 0.915442
v 3.757721 1.114593 0.915443
v 3.187086 1.300002 0.915442
v 3.502527 1.899997 1.110393
v 3.284562 1.600000 1.110391
v 3.855194 1.785407 1.110393
v 3.855194 1.414593 1.110393
v 3.502527 1.300003 1.110393
vn -0.0000 -0.0000 -1.0000
vn -0.7236 0.5257 -0.4472
vn 0.2764 0.8506 -0.4472
vn 0.8944 -0.0000 -0.4472
vn 0.2764 -0.8506 -0.4472
vn -0.7236 -0.5257 -0.4472
vn -0.2764 0.8506 0.4472
vn 0.7236 0.5257 0.4472
vn 0.7236 -0.5257 0.4472
vn -0.2764 -0.8506 0.4472
vn -0.8944 -0.0000 0.4472
vn -0.0000 -0.0000 1.0000
vn 0.1625 0.5000 -0.8507
vn -0.4253 0.3090 -0.8507
vn -0.2629 0.8090 -0.5257
vn -0.8506 -0.0000 -0.5257
vn -0.4253 -0.3090 -0.8507
vn 0.5257 -0.0000 -0.8507
vn 0.6882 0.5000 -0.5257
vn 0.1625 -0.5000 -0.8507
vn 0.6882 -0.5000 -0.5257
vn -0.2629 -0.8090 -0.5257
vn -0.9511 0.3090 -0.0000
vn -0.9511 -0.3090 -0.0000
vn -0.0000 1.0000 -0.0000
vn -0.5878 0.8090 -0.0000
vn 0.9511 0.3090 -0.0000
vn 0.5878 0.8090 -0.0000
vn 0.5878 -0.8090 -0.0000
vn 0.9511 -0.3090 -0.0000
vn -0.5878 -0.8090 -0.0000
vn -0.0000 -1.0000 -0.0000
vn -0.6882 0.5000 0.5257
vn 0.2629 0.8090 0.5257
vn 0.8506 -0.0000 0.5257
vn 0.2629 -0.8090 0.5257
vn -0.6882 -0.5000 0.5257
vn -0.1625 0.5000 0.8507
vn -0.5257 -0.0000 0.8507
vn 0.4253 0.3090 0.8507
vn 0.4253 -0.3090 0.8507
vn -0.1625 -0.5000 0.8507
vt 0.181819 0.000000
vt 0.227273 0.078731
vt 0.136365 0.078731
vt 0.272728 0.157461
vt 0.318182 0.078731
vt 0.363637 0.157461
vt 0.909091 0.000000
vt 0.954545 0.078731
vt 0.863636 0.078731
vt 0.727273 0.000000
vt 0.772727 0.078731
vt 0.681818 0.078731
vt 0.545455 0.000000
vt 0.590909 0.078731
vt 0.500000 0.078731
vt 0.318182 0.236191
vt 0.090910 0.157461
vt 0.181819 0.157461
vt 0.136365 0.236191
vt 0.818182 0.157461
vt 0.909091 0.157461
vt 0.863636 0.236191
vt 0.636364 0.157461
vt 0.727273 0.157461
vt 0.681818 0.236191
vt 0.454546 0.157461
vt 0.545455 0.157461
vt 0.500000 0.236191
vt 0.227273 0.236191
vt 0.045455 0.236191
vt 0.772727 0.236191
vt 0.590909 0.236191
vt 0.409092 0.236191
vt 0.181819 0.314921
vt 0.272728 0.314921
vt 0.227273 0.393651
vt 0.000000 0.314921
vt 0.090910 0.314921
vt 0.045455 0.393651
vt 0.727273 0.314921
vt 0.818182 0.314921
vt 0.772727 0.393651
vt 0.545455 0.314921
vt 0.636364 0.314921
vt 0.590909 0.393651
vt 0.363637 0.314921
vt 0.454546 0.314921
vt 0.409092 0.393651
vt 0.500000 0.393651
vt 0.454546 0.472382
vt 0.681818 0.393651
vt 0.636364 0.472382
vt 0.863636 0.393651
vt 0.818182 0.472382
vt 0.909091 0.314921
vt 0.136365 0.393651
vt 0.090910 0.472382
vt 0.318182 0.393651
vt 0.272728 0.472382
vt 0.954545 0.236191
vt 1.000000 0.157461
vt 0.409092 0.078731
vt 0.363637 0.000000
s 1
usemtl SnowBall
f 1287/1532/1244 1300/1533/1257 1299/1534/1256
f 1288/1535/1245 1300/1536/1257 1302/1537/1259
f 1287/1538/1244 1299/1539/1256 1304/1540/1261
f 1287/1541/1244 1304/1542/1261 1306/1543/1263
f 1287/1544/1244 1306/1545/1263 1303/1546/1260
f 1288/1535/1245 1302/1537/1259 1309/1547/1266
f 1289/1548/1246 1301/1549/1258 1311/1550/1268
f 1290/1551/1247 1305/1552/1262 1313/1553/1270
f 1291/1554/1248 1307/1555/1264 1315/1556/1272
f 1292/1557/1249 1308/1558/1265 1317/1559/1274
f 1288/1535/1245 1309/1547/1266 1312/1560/1269
f 1289/1548/1246 1311/1550/1268 1314/1561/1271
f 1290/1551/1247 1313/1553/1270 1316/1562/1273
f 1291/1554/1248 1315/1556/1272 1318/1563/1275
f 1292/1557/1249 1317/1559/1274 1310/1564/1267
f 1293/1565/1250 1319/1566/1276 1324/1567/1281
f 1294/1568/1251 1320/1569/1277 1326/1570/1283
f 1295/1571/1252 1321/1572/1278 1327/1573/1284
f 1296/1574/1253 1322/1575/1279 1328/1576/1285
f 1297/1577/1254 1323/1578/1280 1325/1579/1282
f 1325/1579/1282 1328/1580/1285 1298/1581/1255
f 1325/1579/1282 1323/1578/1280 1328/1580/1285
f 1323/1578/1280 1296/1574/1253 1328/1580/1285
f 1328/1576/1285 1327/1582/1284 1298/1583/1255
f 1328/1576/1285 1322/1575/1279 1327/1582/1284
f 1322/1575/1279 1295/1571/1252 1327/1582/1284
f 1327/1573/1284 1326/1584/1283 1298/1585/1255
f 1327/1573/1284 1321/1572/1278 1326/1584/1283
f 1321/1572/1278 1294/1586/1251 1326/1584/1283
f 1326/1570/1283 1324/1587/1281 1298/1588/1255
f 1326/1570/1283 1320/1569/1277 1324/1587/1281
f 1320/1569/1277 1293/1565/1250 1324/1587/1281
f 1324/1567/1281 1325/1589/1282 1298/1590/1255
f 1324/1567/1281 1319/1566/1276 1325/1589/1282
f 1319/1566/1276 1297/1577/1254 1325/1589/1282
f 1310/1564/1267 1323/1578/1280 1297/1577/1254
f 1310/1564/1267 1317/1559/1274 1323/1578/1280
f 1317/1559/1274 1296/1574/1253 1323/1578/1280
f 1318/1563/1275 1322/1575/1279 1296/1574/1253
f 1318/1563/1275 1315/1556/1272 1322/1575/1279
f 1315/1556/1272 1295/1571/1252 1322/1575/1279
f 1316/1562/1273 1321/1572/1278 1295/1571/1252
f 1316/1562/1273 1313/1553/1270 1321/1572/1278
f 1313/1553/1270 1294/1586/1251 1321/1572/1278
f 1314/1561/1271 1320/1569/1277 1294/1568/1251
f 1314/1561/1271 1311/1550/1268 1320/1569/1277
f 1311/1550/1268 1293/1565/1250 1320/1569/1277
f 1312/1560/1269 1319/1566/1276 1293/1565/1250
f 1312/1560/1269 1309/1547/1266 1319/1566/1276
f 1309/1547/1266 1297/1577/1254 1319/1566/1276
f 1317/1559/1274 1318/1563/1275 1296/1574/1253
f 1317/1559/1274 1308/1558/1265 1318/1563/1275
f 1308/1558/1265 1291/1554/1248 1318/1563/1275
f 1315/1556/1272 1316/1562/1273 1295/1571/1252
f 1315/1556/1272 1307/1555/1264 1316/1562/1273
f 1307/1555/1264 1290/1551/1247 1316/1562/1273
f 1313/1553/1270 1314/1591/1271 1294/1586/1251
f 1313/1553/1270 1305/1552/1262 1314/1591/1271
f 1305/1552/1262 1289/1592/1246 1314/1591/1271
f 1311/1550/1268 1312/1560/1269 1293/1565/1250
f 1311/1550/1268 1301/1549/1258 1312/1560/1269
f 1301/1549/1258 1288/1535/1245 1312/1560/1269
f 1309/1547/1266 1310/1564/1267 1297/1577/1254
f 1309/1547/1266 1302/1537/1259 1310/1564/1267
f 1302/1537/1259 1292/1557/1249 1310/1564/1267
f 1303/1546/1260 1308/1558/1265 1292/1557/1249
f 1303/1546/1260 1306/1545/1263 1308/1558/1265
f 1306/1545/1263 1291/1554/1248 1308/1558/1265
f 1306/1543/1263 1307/1555/1264 1291/1554/1248
f 1306/1543/1263 1304/1542/1261 1307/1555/1264
f 1304/1542/1261 1290/1551/1247 1307/1555/1264
f 1304/1540/1261 1305/1552/1262 1290/1551/1247
f 1304/1540/1261 1299/1539/1256 1305/1552/1262
f 1299/1539/1256 1289/1592/1246 1305/1552/1262
f 1302/1537/1259 1303/1593/1260 1292/1557/1249
f 1302/1537/1259 1300/1536/1257 1303/1593/1260
f 1300/1536/1257 1287/1594/1244 1303/1593/1260
f 1299/1534/1256 1301/1549/1258 1289/1548/1246
f 1299/1534/1256 1300/1533/1257 1301/1549/1258
f 1300/1533/1257 1288/1535/1245 1301/1549/1258
o Icosphere.002
v 3.600000 1.600000 0.950000
v 3.274377 1.836576 1.198751
v 3.724375 1.982792 1.198751
v 4.002491 1.600000 1.198753
v 3.724375 1.217208 1.198751
v 3.274377 1.363424 1.198751
v 3.475625 1.982792 1.601249
v 3.925623 1.836576 1.601249
v 3.925623 1.363424 1.601249
v 3.475625 1.217208 1.601249
v 3.197508 1.600000 1.601247
v 3.600000 1.600000 1.850000
v 3.673105 1.824998 1.017205
v 3.408605 1.739055 1.017206
v 3.481709 1.964055 1.163418
v 3.217208 1.600000 1.163419
v 3.408605 1.460945 1.017206
v 3.836578 1.600000 1.017207
v 3.909685 1.824999 1.163419
v 3.673105 1.375002 1.017205
v 3.909685 1.375001 1.163419
v 3.481709 1.235945 1.163418
v 3.172024 1.739056 1.400000
v 3.172024 1.460944 1.400000
v 3.600000 2.050000 1.400000
v 3.335496 1.964058 1.400000
v 4.027976 1.739056 1.400000
v 3.864503 1.964058 1.400000
v 3.864503 1.235942 1.400000
v 4.027976 1.460944 1.400000
v 3.335496 1.235942 1.400000
v 3.600000 1.150000 1.400000
v 3.290315 1.824999 1.636581
v 3.718291 1.964055 1.636582
v 3.982791 1.600000 1.636581
v 3.718291 1.235945 1.636582
v 3.290315 1.375001 1.636581
v 3.526895 1.824998 1.782794
v 3.363421 1.600000 1.782793
v 3.791395 1.739055 1.782794
v 3.791395 1.460945 1.782794
v 3.526895 1.375002 1.782794
vn -0.0000 -0.0000 -1.0000
vn -0.7236 0.5257 -0.4472
vn 0.2764 0.8506 -0.4472
vn 0.8944 -0.0000 -0.4472
vn 0.2764 -0.8506 -0.4472
vn -0.7236 -0.5257 -0.4472
vn -0.2764 0.8506 0.4472
vn 0.7236 0.5257 0.4472
vn 0.7236 -0.5257 0.4472
vn -0.2764 -0.8506 0.4472
vn -0.8944 -0.0000 0.4472
vn -0.0000 -0.0000 1.0000
vn 0.1625 0.5000 -0.8507
vn -0.4253 0.3090 -0.8507
vn -0.2629 0.8090 -0.5257
vn -0.8506 -0.0000 -0.5257
vn -0.4253 -0.3090 -0.8507
vn 0.5257 -0.0000 -0.8507
vn 0.6882 0.5000 -0.5257
vn 0.1625 -0.5000 -0.8507
vn 0.6882 -0.5000 -0.5257
vn -0.2629 -0.8090 -0.5257
vn -0.9511 0.3090 -0.0000
vn -0.9511 -0.3090 -0.0000
vn -0.0000 1.0000 -0.0000
vn -0.5878 0.8090 -0.0000
vn 0.9511 0.3090 -0.0000
vn 0.5878 0.8090 -0.0000
vn 0.5878 -0.8090 -0.0000
vn 0.9511 -0.3090 -0.0000
vn -0.5878 -0.8090 -0.0000
vn -0.0000 -1.0000 -0.0000
vn -0.6882 0.5000 0.5257
vn 0.2629 0.8090 0.5257
vn 0.8506 -0.0000 0.5257
vn 0.2629 -0.8090 0.5257
vn -0.6882 -0.5000 0.5257
vn -0.1625 0.5000 0.8507
vn -0.5257 -0.0000 0.8507
vn 0.4253 0.3090 0.8507
vn 0.4253 -0.3090 0.8507
vn -0.1625 -0.5000 0.8507
vt 0.181819 0.000000
vt 0.227273 0.078731
vt 0.136365 0.078731
vt 0.272728 0.157461
vt 0.318182 0.078731
vt 0.363637 0.157461
vt 0.909091 0.000000
vt 0.954545 0.078731
vt 0.863636 0.078731
vt 0.727273 0.000000
vt 0.772727 0.078731
vt 0.681818 0.078731
vt 0.545455 0.000000
vt 0.590909 0.078731
vt 0.500000 0.078731
vt 0.318182 0.236191
vt 0.090910 0.157461
vt 0.181819 0.157461
vt 0.136365 0.236191
vt 0.818182 0.157461
vt 0.909091 0.157461
vt 0.863636 0.236191
vt 0.636364 0.157461
vt 0.727273 0.157461
vt 0.681818 0.236191
vt 0.454546 0.157461
vt 0.545455 0.157461
vt 0.500000 0.236191
vt 0.227273 0.236191
vt 0.045455 0.236191
vt 0.772727 0.236191
vt 0.590909 0.236191
vt 0.409092 0.236191
vt 0.181819 0.314921
vt 0.272728 0.314921
vt 0.227273 0.393651
vt 0.000000 0.314921
vt 0.090910 0.314921
vt 0.045455 0.393651
vt 0.727273 0.314921
vt 0.818182 0.314921
vt 0.772727 0.393651
vt 0.545455 0.314921
vt 0.636364 0.314921
vt 0.590909 0.393651
vt 0.363637 0.314921
vt 0.454546 0.314921
vt 0.409092 0.393651
vt 0.500000 0.393651
vt 0.454546 0.472382
vt 0.681818 0.393651
vt 0.636364 0.472382
vt 0.863636 0.393651
vt 0.818182 0.472382
vt 0.909091 0.314921
vt 0.136365 0.393651
vt 0.090910 0.472382
vt 0.318182 0.393651
vt 0.272728 0.472382
vt 0.954545 0.236191
vt 1.000000 0.157461
vt 0.409092 0.078731
vt 0.363637 0.000000
s 1
usemtl SnowBall.001
f 1329/1595/1286 1342/1596/1299 1341/1597/1298
f 1330/1598/1287 1342/1599/1299 1344/1600/1301
f 1329/1601/1286 1341/1602/1298 1346/1603/1303
f 1329/1604/1286 1346/1605/1303 1348/1606/1305
f 1329/1607/1286 1348/1608/1305 1345/1609/1302
f 1330/1598/1287 1344/1600/1301 1351/1610/1308
f 1331/1611/1288 1343/1612/1300 1353/1613/1310
f 1332/1614/1289 1347/1615/1304 1355/1616/1312
f 1333/1617/1290 1349/1618/1306 1357/1619/1314
f 1334/1620/1291 1350/1621/1307 1359/1622/1316
f 1330/1598/1287 1351/1610/1308 1354/1623/1311
f 1331/1611/1288 1353/1613/1310 1356/1624/1313
f 1332/1614/1289 1355/1616/1312 1358/1625/1315
f 1333/1617/1290 1357/1619/1314 1360/1626/1317
f 1334/1620/1291 1359/1622/1316 1352/1627/1309
f 1335/1628/1292 1361/1629/1318 1366/1630/1323
f 1336/1631/1293 1362/1632/1319 1368/1633/1325
f 1337/1634/1294 1363/1635/1320 1369/1636/1326
f 1338/1637/1295 1364/1638/1321 1370/1639/1327
f 1339/1640/1296 1365/1641/1322 1367/1642/1324
f 1367/1642/1324 1370/1643/1327 1340/1644/1297
f 1367/1642/1324 1365/1641/1322 1370/1643/1327
f 1365/1641/1322 1338/1637/1295 1370/1643/1327
f 1370/1639/1327 1369/1645/1326 1340/1646/1297
f 1370/1639/1327 1364/1638/1321 1369/1645/1326
f 1364/1638/1321 1337/1634/1294 1369/1645/1326
f 1369/1636/1326 1368/1647/1325 1340/1648/1297
f 1369/1636/1326 1363/1635/1320 1368/1647/1325
f 1363/1635/1320 1336/1649/1293 1368/1647/1325
f 1368/1633/1325 1366/1650/1323 1340/1651/1297
f 1368/1633/1325 1362/1632/1319 1366/1650/1323
f 1362/1632/1319 1335/1628/1292 1366/1650/1323
f 1366/1630/1323 1367/1652/1324 1340/1653/1297
f 1366/1630/1323 1361/1629/1318 1367/1652/1324
f 1361/1629/1318 1339/1640/1296 1367/1652/1324
f 1352/1627/1309 1365/1641/1322 1339/1640/1296
f 1352/1627/1309 1359/1622/1316 1365/1641/1322
f 1359/1622/1316 1338/1637/1295 1365/1641/1322
f 1360/1626/1317 1364/1638/1321 1338/1637/1295
f 1360/1626/1317 1357/1619/1314 1364/1638/1321
f 1357/1619/1314 1337/1634/1294 1364/1638/1321
f 1358/1625/1315 1363/1635/1320 1337/1634/1294
f 1358/1625/1315 1355/1616/1312 1363/1635/1320
f 1355/1616/1312 1336/1649/1293 1363/1635/1320
f 1356/1624/1313 1362/1632/1319 1336/1631/1293
f 1356/1624/1313 1353/1613/1310 1362/1632/1319
f 1353/1613/1310 1335/1628/1292 1362/1632/1319
f 1354/1623/1311 1361/1629/1318 1335/1628/1292
f 1354/1623/1311 1351/1610/1308 1361/1629/1318
f 1351/1610/1308 1339/1640/1296 1361/1629/1318
f 1359/1622/1316 1360/1626/1317 1338/1637/1295
f 1359/1622/1316 1350/1621/1307 1360/1626/1317
f 1350/1621/1307 1333/1617/1290 1360/1626/1317
f 1357/1619/1314 1358/1625/1315 1337/1634/1294
f 1357/1619/1314 1349/1618/1306 1358/1625/1315
f 1349/1618/1306 1332/1614/1289 1358/1625/1315
f 1355/1616/1312 1356/1654/1313 1336/1649/1293
f 1355/1616/1312 1347/1615/1304 1356/1654/1313
f 1347/1615/1304 1331/1655/1288 1356/1654/1313
f 1353/1613/1310 1354/1623/1311 1335/1628/1292
f 1353/1613/1310 1343/1612/1300 1354/1623/1311
f 1343/1612/1300 1330/1598/1287 1354/1623/1311
f 1351/1610/1308 1352/1627/1309 1339/1640/1296
f 1351/1610/1308 1344/1600/1301 1352/1627/1309
f 1344/1600/1301 1334/1620/1291 1352/1627/1309
f 1345/1609/1302 1350/1621/1307 1334/1620/1291
f 1345/1609/1302 1348/1608/1305 1350/1621/1307
f 1348/1608/1305 1333/1617/1290 1350/1621/1307
f 1348/1606/1305 1349/1618/1306 1333/1617/1290
f 1348/1606/1305 1346/1605/1303 1349/1618/1306
f 1346/1605/1303 1332/1614/1289 1349/1618/1306
f 1346/1603/1303 1347/1615/1304 1332/1614/1289
f 1346/1603/1303 1341/1602/1298 1347/1615/1304
f 1341/1602/1298 1331/1655/1288 1347/1615/1304
f 1344/1600/1301 1345/1656/1302 1334/1620/1291
f 1344/1600/1301 1342/1599/1299 1345/1656/1302
f 1342/1599/1299 1329/1657/1286 1345/1656/1302
f 1341/1597/1298 1343/1612/1300 1331/1611/1288
f 1341/1597/1298 1342/1596/1299 1343/1612/1300
f 1342/1596/1299 1330/1598/1287 1343/1612/1300
o Icosphere.003
v 3.600000 1.600000 1.730000
v 3.368446 1.768232 1.906890
v 3.688444 1.872208 1.906890
v 3.886216 1.600000 1.906891
v 3.688444 1.327792 1.906890
v 3.368446 1.431768 1.906890
v 3.511556 1.872208 2.193110
v 3.831554 1.768232 2.193110
v 3.831554 1.431768 2.193110
v 3.511556 1.327792 2.193110
v 3.313784 1.600000 2.193109
v 3.600000 1.600000 2.370000
v 3.651986 1.759999 1.777791
v 3.463897 1.698884 1.777791
v 3.515882 1.858884 1.881764
v 3.327793 1.600000 1.881764
v 3.463897 1.501116 1.777791
v 3.768234 1.600000 1.777792
v 3.820220 1.759999 1.881764
v 3.651986 1.440001 1.777791
v 3.820220 1.440001 1.881764
v 3.515882 1.341116 1.881764
v 3.295661 1.698884 2.050000
v 3.295661 1.501116 2.050000
v 3.600000 1.920000 2.050000
v 3.411909 1.858885 2.050000
v 3.904338 1.698884 2.050000
v 3.788091 1.858885 2.050000
v 3.788091 1.341115 2.050000
v 3.904338 1.501116 2.050000
v 3.411909 1.341115 2.050000
v 3.600000 1.280000 2.050000
v 3.379779 1.759999 2.218235
v 3.684118 1.858884 2.218236
v 3.872207 1.600000 2.218235
v 3.684118 1.341116 2.218236
v 3.379779 1.440001 2.218235
v 3.548014 1.759999 2.322209
v 3.431766 1.600000 2.322208
v 3.736103 1.698884 2.322209
v 3.736103 1.501116 2.322209
v 3.548014 1.440001 2.322209
vn -0.0000 -0.0000 -1.0000
vn -0.7236 0.5257 -0.4472
vn 0.2764 0.8506 -0.4472
vn 0.8944 -0.0000 -0.4472
vn 0.2764 -0.8506 -0.4472
vn -0.7236 -0.5257 -0.4472
vn -0.2764 0.8506 0.4472
vn 0.7236 0.5257 0.4472
vn 0.7236 -0.5257 0.4472
vn -0.2764 -0.8506 0.4472
vn -0.8944 -0.0000 0.4472
vn -0.0000 -0.0000 1.0000
vn 0.1625 0.5000 -0.8507
vn -0.4253 0.3090 -0.8507
vn -0.2629 0.8090 -0.5257
vn -0.8506 -0.0000 -0.5257
vn -0.4253 -0.3090 -0.8507
vn 0.5257 -0.0000 -0.8507
vn 0.6882 0.5000 -0.5257
vn 0.1625 -0.5000 -0.8507
vn 0.6882 -0.5000 -0.5257
vn -0.2629 -0.8090 -0.5257
vn -0.9511 0.3090 -0.0000
vn -0.9511 -0.3090 -0.0000
vn -0.0000 1.0000 -0.0000
vn -0.5878 0.8090 -0.0000
vn 0.9511 0.3090 -0.0000
vn 0.5878 0.8090 -0.0000
vn 0.5878 -0.8090 -0.0000
vn 0.9511 -0.3090 -0.0000
vn -0.5878 -0.8090 -0.0000
vn -0.0000 -1.0000 -0.0000
vn -0.6882 0.5000 0.5257
vn 0.2629 0.8090 0.5257
vn 0.8506 -0.0000 0.5257
vn 0.2629 -0.8090 0.5257
vn -0.6882 -0.5000 0.5257
vn -0.1625 0.5000 0.8507
vn -0.5257 -0.0000 0.8507
vn 0.4253 0.3090 0.8507
vn 0.4253 -0.3090 0.8507
vn -0.1625 -0.5000 0.8507
vt 0.181819 0.000000
vt 0.227273 0.078731
vt 0.136365 0.078731
vt 0.272728 0.157461
vt 0.318182 0.078731
vt 0.363637 0.157461
vt 0.909091 0.000000
vt 0.954545 0.078731
vt 0.863636 0.078731
vt 0.727273 0.000000
vt 0.772727 0.078731
vt 0.681818 0.078731
vt 0.545455 0.000000
vt 0.590909 0.078731
vt 0.500000 0.078731
vt 0.318182 0.236191
vt 0.090910 0.157461
vt 0.181819 0.157461
vt 0.136365 0.236191
vt 0.818182 0.157461
vt 0.909091 0.157461
vt 0.863636 0.236191
vt 0.636364 0.157461
vt 0.727273 0.157461
vt 0.681818 0.236191
vt 0.454546 0.157461
vt 0.545455 0.157461
vt 0.500000 0.236191
vt 0.227273 0.236191
vt 0.045455 0.236191
vt 0.772727 0.236191
vt 0.590909 0.236191
vt 0.409092 0.236191
vt 0.181819 0.314921
vt 0.272728 0.314921
vt 0.227273 0.393651
vt 0.000000 0.314921
vt 0.090910 0.314921
vt 0.045455 0.393651
vt 0.727273 0.314921
vt 0.818182 0.314921
vt 0.772727 0.393651
vt 0.545455 0.314921
vt 0.636364 0.314921
vt 0.590909 0.393651
vt 0.363637 0.314921
vt 0.454546 0.314921
vt 0.409092 0.393651
vt 0.500000 0.393651
vt 0.454546 0.472382
vt 0.681818 0.393651
vt 0.636364 0.472382
vt 0.863636 0.393651
vt 0.818182 0.472382
vt 0.909091 0.314921
vt 0.136365 0.393651
vt 0.090910 0.472382
vt 0.318182 0.393651
vt 0.272728 0.472382
vt 0.954545 0.236191
vt 1.000000 0.157461
vt 0.409092 0.078731
vt 0.363637 0.000000
s 1
usemtl SnowBall.002
f 1371/1658/1328 1384/1659/1341 1383/1660/1340
f 1372/1661/1329 1384/1662/1341 1386/1663/1343
f 1371/1664/1328 1383/1665/1340 1388/1666/1345
f 1371/1667/1328 1388/1668/1345 1390/1669/1347
f 1371/1670/1328 1390/1671/1347 1387/1672/1344
f 1372/1661/1329 1386/1663/1343 1393/1673/1350
f 1373/1674/1330 1385/1675/1342 1395/1676/1352
f 1374/1677/1331 1389/1678/1346 1397/1679/1354
f 1375/1680/1332 1391/1681/1348 1399/1682/1356
f 1376/1683/1333 1392/1684/1349 1401/1685/1358
f 1372/1661/1329 1393/1673/1350 1396/1686/1353
f 1373/1674/1330 1395/1676/1352 1398/1687/1355
f 1374/1677/1331 1397/1679/1354 1400/1688/1357
f 1375/1680/1332 1399/1682/1356 1402/1689/1359
f 1376/1683/1333 1401/1685/1358 1394/1690/1351
f 1377/1691/1334 1403/1692/1360 1408/1693/1365
f 1378/1694/1335 1404/1695/1361 1410/1696/1367
f 1379/1697/1336 1405/1698/1362 1411/1699/1368
f 1380/1700/1337 1406/1701/1363 1412/1702/1369
f 1381/1703/1338 1407/1704/1364 1409/1705/1366
f 1409/1705/1366 1412/1706/1369 1382/1707/1339
f 1409/1705/1366 1407/1704/1364 1412/1706/1369
f 1407/1704/1364 1380/1700/1337 1412/1706/1369
f 1412/1702/1369 1411/1708/1368 1382/1709/1339
f 1412/1702/1369 1406/1701/1363 1411/1708/1368
f 1406/1701/1363 1379/1697/1336 1411/1708/1368
f 1411/1699/1368 1410/1710/1367 1382/1711/1339
f 1411/1699/1368 1405/1698/1362 1410/1710/1367
f 1405/1698/1362 1378/1712/1335 1410/1710/1367
f 1410/1696/1367 1408/1713/1365 1382/1714/1339
f 1410/1696/1367 1404/1695/1361 1408/1713/1365
f 1404/1695/1361 1377/1691/1334 1408/1713/1365
f 1408/1693/1365 1409/1715/1366 1382/1716/1339
f 1408/1693/1365 1403/1692/1360 1409/1715/1366
f 1403/1692/1360 1381/1703/1338 1409/1715/1366
f 1394/1690/1351 1407/1704/1364 1381/1703/1338
f 1394/1690/1351 1401/1685/1358 1407/1704/1364
f 1401/1685/1358 1380/1700/1337 1407/1704/1364
f 1402/1689/1359 1406/1701/1363 1380/1700/1337
f 1402/1689/1359 1399/1682/1356 1406/1701/1363
f 1399/1682/1356 1379/1697/1336 1406/1701/1363
f 1400/1688/1357 1405/1698/1362 1379/1697/1336
f 1400/1688/1357 1397/1679/1354 1405/1698/1362
f 1397/1679/1354 1378/1712/1335 1405/1698/1362
f 1398/1687/1355 1404/1695/1361 1378/1694/1335
f 1398/1687/1355 1395/1676/1352 1404/1695/1361
f 1395/1676/1352 1377/1691/1334 1404/1695/1361
f 1396/1686/1353 1403/1692/1360 1377/1691/1334
f 1396/1686/1353 1393/1673/1350 1403/1692/1360
f 1393/1673/1350 1381/1703/1338 1403/1692/1360
f 1401/1685/1358 1402/1689/1359 1380/1700/1337
f 1401/1685/1358 1392/1684/1349 1402/1689/1359
f 1392/1684/1349 1375/1680/1332 1402/1689/1359
f 1399/1682/1356 1400/1688/1357 1379/1697/1336
f 1399/1682/1356 1391/1681/1348 1400/1688/1357
f 1391/1681/1348 1374/1677/1331 1400/1688/1357
f 1397/1679/1354 1398/1717/1355 1378/1712/1335
f 1397/1679/1354 1389/1678/1346 1398/1717/1355
f 1389/1678/1346 1373/1718/1330 1398/1717/1355
f 1395/1676/1352 1396/1686/1353 1377/1691/1334
f 1395/1676/1352 1385/1675/1342 1396/1686/1353
f 1385/1675/1342 1372/1661/1329 1396/1686/1353
f 1393/1673/1350 1394/1690/1351 1381/1703/1338
f 1393/1673/1350 1386/1663/1343 1394/1690/1351
f 1386/1663/1343 1376/1683/1333 1394/1690/1351
f 1387/1672/1344 1392/1684/1349 1376/1683/1333
f 1387/1672/1344 1390/1671/1347 1392/1684/1349
f 1390/1671/1347 1375/1680/1332 1392/1684/1349
f 1390/1669/1347 1391/1681/1348 1375/1680/1332
f 1390/1669/1347 1388/1668/1345 1391/1681/1348
f 1388/1668/1345 1374/1677/1331 1391/1681/1348
f 1388/1666/1345 1389/1678/1346 1374/1677/1331
f 1388/1666/1345 1383/1665/1340 1389/1678/1346
f 1383/1665/1340 1373/1718/1330 1389/1678/1346
f 1386/1663/1343 1387/1719/1344 1376/1683/1333
f 1386/1663/1343 1384/1662/1341 1387/1719/1344
f 1384/1662/1341 1371/1720/1328 1387/1719/1344
f 1383/1660/1340 1385/1675/1342 1373/1674/1330
f 1383/1660/1340 1384/1659/1341 1385/1675/1342
f 1384/1659/1341 1372/1661/1329 1385/1675/1342
o Cone
v 3.600000 1.720000 2.150000
v 3.541221 1.720000 2.130902
v 3.504894 1.720000 2.080902
v 3.504894 1.720000 2.019098
v 3.541221 1.720000 1.969098
v 3.600000 1.720000 1.950000
v 3.658778 1.720000 1.969098
v 3.695106 1.720000 2.019098
v 3.695106 1.720000 2.080902
v 3.658778 1.720000 2.130902
v 3.600000 2.120000 2.050000
vn -0.0000 -0.5496 0.8354
vn -0.4910 -0.5496 0.6759
vn -0.7945 -0.5496 0.2582
vn -0.7945 -0.5496 -0.2582
vn -0.4910 -0.5496 -0.6759
vn -0.0000 -0.5496 -0.8354
vn 0.4910 -0.5496 -0.6759
vn 0.7945 -0.5496 -0.2582
vn 0.7945 -0.5496 0.2582
vn 0.4910 -0.5496 0.6759
vn -0.0000 1.0000 -0.0000
vt 0.250000 0.490000
vt 0.250000 0.250000
vt 0.391068 0.444164
vt 0.478254 0.324164
vt 0.478254 0.175836
vt 0.391068 0.055836
vt 0.250000 0.010000
vt 0.108932 0.055836
vt 0.021746 0.175836
vt 0.021746 0.324164
vt 0.750000 0.490000
vt 0.891068 0.444164
vt 0.978254 0.324164
vt 0.978254 0.175836
vt 0.891068 0.055836
vt 0.750000 0.010000
vt 0.608932 0.055836
vt 0.521746 0.175836
vt 0.521746 0.324164
vt 0.608932 0.444164
vt 0.108932 0.444164
s 1
usemtl Carrot
f 1413/1721/1370 1423/1722/1380 1414/1723/1371
f 1414/1723/1371 1423/1722/1380 1415/1724/1372
f 1415/1724/1372 1423/1722/1380 1416/1725/1373
f 1416/1725/1373 1423/1722/1380 1417/1726/1374
f 1417/1726/1374 1423/1722/1380 1418/1727/1375
f 1418/1727/1375 1423/1722/1380 1419/1728/1376
f 1419/1728/1376 1423/1722/1380 1420/1729/1377
f 1420/1729/1377 1423/1722/1380 1421/1730/1378
f 1413/1731/1370 1414/1732/1371 1415/1733/1372 1416/1734/1373 1417/1735/1374 1418/1736/1375 1419/1737/1376 1420/1738/1377 1421/1739/1378 1422/1740/1379
f 1421/1730/1378 1423/1722/1380 1422/1741/1379
f 1422/1741/1379 1423/1722/1380 1413/1721/1370
o Icosphere.004
v -3.900000 -1.700000 0.000000
v -4.247332 -1.447652 0.265335
v -3.767334 -1.291688 0.265334
v -3.470675 -1.700000 0.265337
v -3.767334 -2.108312 0.265334
v -4.247332 -1.952348 0.265335
v -4.032666 -1.291688 0.694665
v -3.552669 -1.447652 0.694665
v -3.552669 -1.952348 0.694665
v -4.032666 -2.108312 0.694665
v -4.329325 -1.700000 0.694663
v -3.900000 -1.700000 0.960000
v -3.822021 -1.460002 0.071686
v -4.104155 -1.551675 0.071686
v -4.026177 -1.311674 0.227646
v -4.308311 -1.700000 0.227647
v -4.104155 -1.848325 0.071686
v -3.647650 -1.700000 0.071687
v -3.569669 -1.460002 0.227647
v -3.822021 -1.939998 0.071686
v -3.569669 -1.939999 0.227647
v -4.026177 -2.088326 0.227646
v -4.356508 -1.551674 0.480000
v -4.356508 -1.848326 0.480000
v -3.900000 -1.220000 0.480000
v -4.182137 -1.311672 0.480000
v -3.443492 -1.551674 0.480000
v -3.617863 -1.311672 0.480000
v -3.617863 -2.088328 0.480000
v -3.443492 -1.848326 0.480000
v -4.182137 -2.088328 0.480000
v -3.900000 -2.180000 0.480000
v -4.230331 -1.460002 0.732353
v -3.773823 -1.311674 0.732354
v -3.491689 -1.700000 0.732353
v -3.773823 -2.088326 0.732354
v -4.230331 -1.939999 0.732353
v -3.977979 -1.460002 0.888314
v -4.152350 -1.700000 0.888313
v -3.695845 -1.551675 0.888314
v -3.695845 -1.848325 0.888314
v -3.977979 -1.939998 0.888314
vn -0.0000 -0.0000 -1.0000
vn -0.7236 0.5257 -0.4472
vn 0.2764 0.8506 -0.4472
vn 0.8944 -0.0000 -0.4472
vn 0.2764 -0.8506 -0.4472
vn -0.7236 -0.5257 -0.4472
vn -0.2764 0.8506 0.4472
vn 0.7236 0.5257 0.4472
vn 0.7236 -0.5257 0.4472
vn -0.2764 -0.8506 0.4472
vn -0.8944 -0.0000 0.4472
vn -0.0000 -0.0000 1.0000
vn 0.1625 0.5000 -0.8507
vn -0.4253 0.3090 -0.8507
vn -0.2629 0.8090 -0.5257
vn -0.8506 -0.0000 -0.5257
vn -0.4253 -0.3090 -0.8507
vn 0.5257 -0.0000 -0.8507
vn 0.6882 0.5000 -0.5257
vn 0.1625 -0.5000 -0.8507
vn 0.6882 -0.5000 -0.5257
vn -0.2629 -0.8090 -0.5257
vn -0.9511 0.3090 -0.0000
vn -0.9511 -0.3090 -0.0000
vn -0.0000 1.0000 -0.0000
vn -0.5878 0.8090 -0.0000
vn 0.9511 0.3090 -0.0000
vn 0.5878 0.8090 -0.0000
vn 0.5878 -0.8090 -0.0000
vn 0.9511 -0.3090 -0.0000
vn -0.5878 -0.8090 -0.0000
vn -0.0000 -1.0000 -0.0000
vn -0.6882 0.5000 0.5257
vn 0.2629 0.8090 0.5257
vn 0.8506 -0.0000 0.5257
vn 0.2629 -0.8090 0.5257
vn -0.6882 -0.5000 0.5257
vn -0.1625 0.5000 0.8507
vn -0.5257 -0.0000 0.8507
vn 0.4253 0.3090 0.8507
vn 0.4253 -0.3090 0.8507
vn -0.1625 -0.5000 0.8507
vt 0.181819 0.000000
vt 0.227273 0.078731
vt 0.136365 0.078731
vt 0.272728 0.157461
vt 0.318182 0.078731
vt 0.363637 0.157461
vt 0.909091 0.000000
vt 0.954545 0.078731
vt 0.863636 0.078731
vt 0.727273 0.000000
vt 0.772727 0.078731
vt 0.681818 0.078731
vt 0.545455 0.000000
vt 0.590909 0.078731
vt 0.500000 0.078731
vt 0.318182 0.236191
vt 0.090910 0.157461
vt 0.181819 0.157461
vt 0.136365 0.236191
vt 0.818182 0.157461
vt 0.909091 0.157461
vt 0.863636 0.236191
vt 0.636364 0.157461
vt 0.727273 0.157461
vt 0.681818 0.236191
vt 0.454546 0.157461
vt 0.545455 0.157461
vt 0.500000 0.236191
vt 0.227273 0.236191
vt 0.045455 0.236191
vt 0.772727 0.236191
vt 0.590909 0.236191
vt 0.409092 0.236191
vt 0.181819 0.314921
vt 0.272728 0.314921
vt 0.227273 0.393651
vt 0.000000 0.314921
vt 0.090910 0.314921
vt 0.045455 0.393651
vt 0.727273 0.314921
vt 0.818182 0.314921
vt 0.772727 0.393651
vt 0.545455 0.314921
vt 0.636364 0.314921
vt 0.590909 0.393651
vt 0.363637 0.314921
vt 0.454546 0.314921
vt 0.409092 0.393651
vt 0.500000 0.393651
vt 0.454546 0.472382
vt 0.681818 0.393651
vt 0.636364 0.472382
vt 0.863636 0.393651
vt 0.818182 0.472382
vt 0.909091 0.314921
vt 0.136365 0.393651
vt 0.090910 0.472382
vt 0.318182 0.393651
vt 0.272728 0.472382
vt 0.954545 0.236191
vt 1.000000 0.157461
vt 0.409092 0.078731
vt 0.363637 0.000000
s 1
usemtl SnowBall.003
f 1424/1742/1381 1437/1743/1394 1436/1744/1393
f 1425/1745/1382 1437/1746/1394 1439/1747/1396
f 1424/1748/1381 1436/1749/1393 1441/1750/1398
f 1424/1751/1381 1441/1752/1398 1443/1753/1400
f 1424/1754/1381 1443/1755/1400 1440/1756/1397
f 1425/1745/1382 1439/1747/1396 1446/1757/1403
f 1426/1758/1383 1438/1759/1395 1448/1760/1405
f 1427/1761/1384 1442/1762/1399 1450/1763/1407
f 1428/1764/1385 1444/1765/1401 1452/1766/1409
f 1429/1767/1386 1445/1768/1402 1454/1769/1411
f 1425/1745/1382 1446/1757/1403 1449/1770/1406
f 1426/1758/1383 1448/1760/1405 1451/1771/1408
f 1427/1761/1384 1450/1763/1407 1453/1772/1410
f 1428/1764/1385 1452/1766/1409 1455/1773/1412
f 1429/1767/1386 1454/1769/1411 1447/1774/1404
f 1430/1775/1387 1456/1776/1413 1461/1777/1418
f 1431/1778/1388 1457/1779/1414 1463/1780/1420
f 1432/1781/1389 1458/1782/1415 1464/1783/1421
f 1433/1784/1390 1459/1785/1416 1465/1786/1422
f 1434/1787/1391 1460/1788/1417 1462/1789/1419
f 1462/1789/1419 1465/1790/1422 1435/1791/1392
f 1462/1789/1419 1460/1788/1417 1465/1790/1422
f 1460/1788/1417 1433/1784/1390 1465/1790/1422
f 1465/1786/1422 1464/1792/1421 1435/1793/1392
f 1465/1786/1422 1459/1785/1416 1464/1792/1421
f 1459/1785/1416 1432/1781/1389 1464/1792/1421
f 1464/1783/1421 1463/1794/1420 1435/1795/1392
f 1464/1783/1421 1458/1782/1415 1463/1794/1420
f 1458/1782/1415 1431/1796/1388 1463/1794/1420
f 1463/1780/1420 1461/1797/1418 1435/1798/1392
f 1463/1780/1420 1457/1779/1414 1461/1797/1418
f 1457/1779/1414 1430/1775/1387 1461/1797/1418
f 1461/1777/1418 1462/1799/1419 1435/1800/1392
f 1461/1777/1418 1456/1776/1413 1462/1799/1419
f 1456/1776/1413 1434/1787/1391 1462/1799/1419
f 1447/1774/1404 1460/1788/1417 1434/1787/1391
f 1447/1774/1404 1454/1769/1411 1460/1788/1417
f 1454/1769/1411 1433/1784/1390 1460/1788/1417
f 1455/1773/1412 1459/1785/1416 1433/1784/1390
f 1455/1773/1412 1452/1766/1409 1459/1785/1416
f 1452/1766/1409 1432/1781/1389 1459/1785/1416
f 1453/1772/1410 1458/1782/1415 1432/1781/1389
f 1453/1772/1410 1450/1763/1407 1458/1782/1415
f 1450/1763/1407 1431/1796/1388 1458/1782/1415
f 1451/1771/1408 1457/1779/1414 1431/1778/1388
f 1451/1771/1408 1448/1760/1405 1457/1779/1414
f 1448/1760/1405 1430/1775/1387 1457/1779/1414
f 1449/1770/1406 1456/1776/1413 1430/1775/1387
f 1449/1770/1406 1446/1757/1403 1456/1776/1413
f 1446/1757/1403 1434/1787/1391 1456/1776/1413
f 1454/1769/1411 1455/1773/1412 1433/1784/1390
f 1454/1769/1411 1445/1768/1402 1455/1773/1412
f 1445/1768/1402 1428/1764/1385 1455/1773/1412
f 1452/1766/1409 1453/1772/1410 1432/1781/1389
f 1452/1766/1409 1444/1765/1401 1453/1772/1410
f 1444/1765/1401 1427/1761/1384 1453/1772/1410
f 1450/1763/1407 1451/1801/1408 1431/1796/1388
f 1450/1763/1407 1442/1762/1399 1451/1801/1408
f 1442/1762/1399 1426/1802/1383 1451/1801/1408
f 1448/1760/1405 1449/1770/1406 1430/1775/1387
f 1448/1760/1405 1438/1759/1395 1449/1770/1406
f 1438/1759/1395 1425/1745/1382 1449/1770/1406
f 1446/1757/1403 1447/1774/1404 1434/1787/1391
f 1446/1757/1403 1439/1747/1396 1447/1774/1404
f 1439/1747/1396 1429/1767/1386 1447/1774/1404
f 1440/1756/1397 1445/1768/1402 1429/1767/1386
f 1440/1756/1397 1443/1755/1400 1445/1768/1402
f 1443/1755/1400 1428/1764/1385 1445/1768/1402
f 1443/1753/1400 1444/1765/1401 1428/1764/1385
f 1443/1753/1400 1441/1752/1398 1444/1765/1401
f 1441/1752/1398 1427/1761/1384 1444/1765/1401
f 1441/1750/1398 1442/1762/1399 1427/1761/1384
f 1441/1750/1398 1436/1749/1393 1442/1762/1399
f 1436/1749/1393 1426/1802/1383 1442/1762/1399
f 1439/1747/1396 1440/1803/1397 1429/1767/1386
f 1439/1747/1396 1437/1746/1394 1440/1803/1397
f 1437/1746/1394 1424/1804/1381 1440/1803/1397
f 1436/1744/1393 1438/1759/1395 1426/1758/1383
f 1436/1744/1393 1437/1743/1394 1438/1759/1395
f 1437/1743/1394 1425/1745/1382 1438/1759/1395
o Icosphere.005
v -3.900000 -1.700000 0.760000
v -4.160499 -1.510739 0.959001
v -3.800500 -1.393766 0.959001
v -3.578007 -1.700000 0.959002
v -3.800500 -2.006234 0.959001
v -4.160499 -1.889261 0.959001
v -3.999500 -1.393766 1.280999
v -3.639501 -1.510739 1.280999
v -3.639501 -1.889261 1.280999
v -3.999500 -2.006234 1.280999
v -4.221993 -1.700000 1.280998
v -3.900000 -1.700000 1.480000
v -3.841516 -1.520002 0.813764
v -4.053116 -1.588756 0.813764
v -3.994633 -1.408756 0.930734
v -4.206234 -1.700000 0.930735
v -4.053116 -1.811244 0.813764
v -3.710737 -1.700000 0.813765
v -3.652252 -1.520001 0.930735
v -3.841516 -1.879998 0.813764
v -3.652252 -1.879999 0.930735
v -3.994633 -1.991244 0.930734
v -4.242381 -1.588755 1.120000
v -4.242381 -1.811245 1.120000
v -3.900000 -1.340000 1.120000
v -4.111603 -1.408754 1.120000
v -3.557619 -1.588755 1.120000
v -3.688397 -1.408754 1.120000
v -3.688397 -1.991246 1.120000
v -3.557619 -1.811245 1.120000
v -4.111603 -1.991246 1.120000
v -3.900000 -2.060000 1.120000
v -4.147748 -1.520001 1.309265
v -3.805367 -1.408756 1.309266
v -3.593767 -1.700000 1.309265
v -3.805367 -1.991244 1.309266
v -4.147748 -1.879999 1.309265
v -3.958484 -1.520002 1.426236
v -4.089263 -1.700000 1.426235
v -3.746884 -1.588756 1.426236
v -3.746884 -1.811244 1.426236
v -3.958484 -1.879998 1.426236
vn -0.0000 -0.0000 -1.0000
vn -0.7236 0.5257 -0.4472
vn 0.2764 0.8506 -0.4472
vn 0.8944 -0.0000 -0.4472
vn 0.2764 -0.8506 -0.4472
vn -0.7236 -0.5257 -0.4472
vn -0.2764 0.8506 0.4472
vn 0.7236 0.5257 0.4472
vn 0.7236 -0.5257 0.4472
vn -0.2764 -0.8506 0.4472
vn -0.8944 -0.0000 0.4472
vn -0.0000 -0.0000 1.0000
vn 0.1625 0.5000 -0.8507
vn -0.4253 0.3090 -0.8507
vn -0.2629 0.8090 -0.5257
vn -0.8506 -0.0000 -0.5257
vn -0.4253 -0.3090 -0.8507
vn 0.5257 -0.0000 -0.8507
vn 0.6882 0.5000 -0.5257
vn 0.1625 -0.5000 -0.8507
vn 0.6882 -0.5000 -0.5257
vn -0.2629 -0.8090 -0.5257
vn -0.9511 0.3090 -0.0000
vn -0.9511 -0.3090 -0.0000
vn -0.0000 1.0000 -0.0000
vn -0.5878 0.8090 -0.0000
vn 0.9511 0.3090 -0.0000
vn 0.5878 0.8090 -0.0000
vn 0.5878 -0.8090 -0.0000
vn 0.9511 -0.3090 -0.0000
vn -0.5878 -0.8090 -0.0000
vn -0.0000 -1.0000 -0.0000
vn -0.6882 0.5000 0.5257
vn 0.2629 0.8090 0.5257
vn 0.8506 -0.0000 0.5257
vn 0.2629 -0.8090 0.5257
vn -0.6882 -0.5000 0.5257
vn -0.1625 0.5000 0.8507
vn -0.5257 -0.0000 0.8507
vn 0.4253 0.3090 0.8507
vn 0.4253 -0.3090 0.8507
vn -0.1625 -0.5000 0.8507
vt 0.181819 0.000000
vt 0.227273 0.078731
vt 0.136365 0.078731
vt 0.272728 0.157461
vt 0.318182 0.078731
vt 0.363637 0.157461
vt 0.909091 0.000000
vt 0.954545 0.078731
vt 0.863636 0.078731
vt 0.727273 0.000000
vt 0.772727 0.078731
vt 0.681818 0.078731
vt 0.545455 0.000000
vt 0.590909 0.078731
vt 0.500000 0.078731
vt 0.318182 0.236191
vt 0.090910 0.157461
vt 0.181819 0.157461
vt 0.136365 0.236191
vt 0.818182 0.157461
vt 0.909091 0.157461
vt 0.863636 0.236191
vt 0.636364 0.157461
vt 0.727273 0.157461
vt 0.681818 0.236191
vt 0.454546 0.157461
vt 0.545455 0.157461
vt 0.500000 0.236191
vt 0.227273 0.236191
vt 0.045455 0.236191
vt 0.772727 0.236191
vt 0.590909 0.236191
vt 0.409092 0.236191
vt 0.181819 0.314921
vt 0.272728 0.314921
vt 0.227273 0.393651
vt 0.000000 0.314921
vt 0.090910 0.314921
vt 0.045455 0.393651
vt 0.727273 0.314921
vt 0.818182 0.314921
vt 0.772727 0.393651
vt 0.545455 0.314921
vt 0.636364 0.314921
vt 0.590909 0.393651
vt 0.363637 0.314921
vt 0.454546 0.314921
vt 0.409092 0.393651
vt 0.500000 0.393651
vt 0.454546 0.472382
vt 0.681818 0.393651
vt 0.636364 0.472382
vt 0.863636 0.393651
vt 0.818182 0.472382
vt 0.909091 0.314921
vt 0.136365 0.393651
vt 0.090910 0.472382
vt 0.318182 0.393651
vt 0.272728 0.472382
vt 0.954545 0.236191
vt 1.000000 0.157461
vt 0.409092 0.078731
vt 0.363637 0.000000
s 1
usemtl SnowBall.004
f 1466/1805/1423 1479/1806/1436 1478/1807/1435
f 1467/1808/1424 1479/1809/1436 1481/1810/1438
f 1466/1811/1423 1478/1812/1435 1483/1813/1440
f 1466/1814/1423 1483/1815/1440 1485/1816/1442
f 1466/1817/1423 1485/1818/1442 1482/1819/1439
f 1467/1808/1424 1481/1810/1438 1488/1820/1445
f 1468/1821/1425 1480/1822/1437 1490/1823/1447
f 1469/1824/1426 1484/1825/1441 1492/1826/1449
f 1470/1827/1427 1486/1828/1443 1494/1829/1451
f 1471/1830/1428 1487/1831/1444 1496/1832/1453
f 1467/1808/1424 1488/1820/1445 1491/1833/1448
f 1468/1821/1425 1490/1823/1447 1493/1834/1450
f 1469/1824/1426 1492/1826/1449 1495/1835/1452
f 1470/1827/1427 1494/1829/1451 1497/1836/1454
f 1471/1830/1428 1496/1832/1453 1489/1837/1446
f 1472/1838/1429 1498/1839/1455 1503/1840/1460
f 1473/1841/1430 1499/1842/1456 1505/1843/1462
f 1474/1844/1431 1500/1845/1457 1506/1846/1463
f 1475/1847/1432 1501/1848/1458 1507/1849/1464
f 1476/1850/1433 1502/1851/1459 1504/1852/1461
f 1504/1852/1461 1507/1853/1464 1477/1854/1434
f 1504/1852/1461 1502/1851/1459 1507/1853/1464
f 1502/1851/1459 1475/1847/1432 1507/1853/1464
f 1507/1849/1464 1506/1855/1463 1477/1856/1434
f 1507/1849/1464 1501/1848/1458 1506/1855/1463
f 1501/1848/1458 1474/1844/1431 1506/1855/1463
f 1506/1846/1463 1505/1857/1462 1477/1858/1434
f 1506/1846/1463 1500/1845/1457 1505/1857/1462
f 1500/1845/1457 1473/1859/1430 1505/1857/1462
f 1505/1843/1462 1503/1860/1460 1477/1861/1434
f 1505/1843/1462 1499/1842/1456 1503/1860/1460
f 1499/1842/1456 1472/1838/1429 1503/1860/1460
f 1503/1840/1460 1504/1862/1461 1477/1863/1434
f 1503/1840/1460 1498/1839/1455 1504/1862/1461
f 1498/1839/1455 1476/1850/1433 1504/1862/1461
f 1489/1837/1446 1502/1851/1459 1476/1850/1433
f 1489/1837/1446 1496/1832/1453 1502/1851/1459
f 1496/1832/1453 1475/1847/1432 1502/1851/1459
f 1497/1836/1454 1501/1848/1458 1475/1847/1432
f 1497/1836/1454 1494/1829/1451 1501/1848/1458
f 1494/1829/1451 1474/1844/1431 1501/1848/1458
f 1495/1835/1452 1500/1845/1457 1474/1844/1431
f 1495/1835/1452 1492/1826/1449 1500/1845/1457
f 1492/1826/1449 1473/1859/1430 1500/1845/1457
f 1493/1834/1450 1499/1842/1456 1473/1841/1430
f 1493/1834/1450 1490/1823/1447 1499/1842/1456
f 1490/1823/1447 1472/1838/1429 1499/1842/1456
f 1491/1833/1448 1498/1839/1455 1472/1838/1429
f 1491/1833/1448 1488/1820/1445 1498/1839/1455
f 1488/1820/1445 1476/1850/1433 1498/1839/1455
f 1496/1832/1453 1497/1836/1454 1475/1847/1432
f 1496/1832/1453 1487/1831/1444 1497/1836/1454
f 1487/1831/1444 1470/1827/1427 1497/1836/1454
f 1494/1829/1451 1495/1835/1452 1474/1844/1431
f 1494/1829/1451 1486/1828/1443 1495/1835/1452
f 1486/1828/1443 1469/1824/1426 1495/1835/1452
f 1492/1826/1449 1493/1864/1450 1473/1859/1430
f 1492/1826/1449 1484/1825/1441 1493/1864/1450
f 1484/1825/1441 1468/1865/1425 1493/1864/1450
f 1490/1823/1447 1491/1833/1448 1472/1838/1429
f 1490/1823/1447 1480/1822/1437 1491/1833/1448
f 1480/1822/1437 1467/1808/1424 1491/1833/1448
f 1488/1820/1445 1489/1837/1446 1476/1850/1433
f 1488/1820/1445 1481/1810/1438 1489/1837/1446
f 1481/1810/1438 1471/1830/1428 1489/1837/1446
f 1482/1819/1439 1487/1831/1444 1471/1830/1428
f 1482/1819/1439 1485/1818/1442 1487/1831/1444
f 1485/1818/1442 1470/1827/1427 1487/1831/1444
f 1485/1816/1442 1486/1828/1443 1470/1827/1427
f 1485/1816/1442 1483/1815/1440 1486/1828/1443
f 1483/1815/1440 1469/1824/1426 1486/1828/1443
f 1483/1813/1440 1484/1825/1441 1469/1824/1426
f 1483/1813/1440 1478/1812/1435 1484/1825/1441
f 1478/1812/1435 1468/1865/1425 1484/1825/1441
f 1481/1810/1438 1482/1866/1439 1471/1830/1428
f 1481/1810/1438 1479/1809/1436 1482/1866/1439
f 1479/1809/1436 1466/1867/1423 1482/1866/1439
f 1478/1807/1435 1480/1822/1437 1468/1821/1425
f 1478/1807/1435 1479/1806/1436 1480/1822/1437
f 1479/1806/1436 1467/1808/1424 1480/1822/1437
o Icosphere.006
v -3.900000 -1.700000 1.384000
v -4.085244 -1.565414 1.525512
v -3.829245 -1.482234 1.525512
v -3.671027 -1.700000 1.525513
v -3.829245 -1.917766 1.525512
v -4.085244 -1.834586 1.525512
v -3.970755 -1.482234 1.754488
v -3.714756 -1.565414 1.754488
v -3.714756 -1.834586 1.754488
v -3.970755 -1.917766 1.754488
v -4.128973 -1.700000 1.754487
v -3.900000 -1.700000 1.896000
v -3.858412 -1.572001 1.422232
v -4.008883 -1.620893 1.422233
v -3.967294 -1.492893 1.505411
v -4.117766 -1.700000 1.505412
v -4.008883 -1.779107 1.422233
v -3.765413 -1.700000 1.422233
v -3.723824 -1.572001 1.505412
v -3.858412 -1.827999 1.422232
v -3.723824 -1.827999 1.505412
v -3.967294 -1.907107 1.505411
v -4.143471 -1.620893 1.640000
v -4.143471 -1.779107 1.640000
v -3.900000 -1.444000 1.640000
v -4.050473 -1.492892 1.640000
v -3.656529 -1.620893 1.640000
v -3.749527 -1.492892 1.640000
v -3.749527 -1.907108 1.640000
v -3.656529 -1.779107 1.640000
v -4.050473 -1.907108 1.640000
v -3.900000 -1.956000 1.640000
v -4.076177 -1.572001 1.774588
v -3.832706 -1.492893 1.774589
v -3.682234 -1.700000 1.774588
v -3.832706 -1.907107 1.774589
v -4.076177 -1.827999 1.774588
v -3.941589 -1.572001 1.857768
v -4.034587 -1.700000 1.857767
v -3.791117 -1.620893 1.857767
v -3.791117 -1.779107 1.857767
v -3.941589 -1.827999 1.857768
vn -0.0000 -0.0000 -1.0000
vn -0.7236 0.5257 -0.4472
vn 0.2764 0.8506 -0.4472
vn 0.8944 -0.0000 -0.4472
vn 0.2764 -0.8506 -0.4472
vn -0.7236 -0.5257 -0.4472
vn -0.2764 0.8506 0.4472
vn 0.7236 0.5257 0.4472
vn 0.7236 -0.5257 0.4472
vn -0.2764 -0.8506 0.4472
vn -0.8944 -0.0000 0.4472
vn -0.0000 -0.0000 1.0000
vn 0.1625 0.5000 -0.8507
vn -0.4253 0.3090 -0.8507
vn -0.2629 0.8090 -0.5257
vn -0.8506 -0.0000 -0.5257
vn -0.4253 -0.3090 -0.8507
vn 0.5257 -0.0000 -0.8507
vn 0.6882 0.5000 -0.5257
vn 0.1625 -0.5000 -0.8507
vn 0.6882 -0.5000 -0.5257
vn -0.2629 -0.8090 -0.5257
vn -0.9511 0.3090 -0.0000
vn -0.9511 -0.3090 -0.0000
vn -0.0000 1.0000 -0.0000
vn -0.5878 0.8090 -0.0000
vn 0.9511 0.3090 -0.0000
vn 0.5878 0.8090 -0.0000
vn 0.5878 -0.8090 -0.0000
vn 0.9511 -0.3090 -0.0000
vn -0.5878 -0.8090 -0.0000
vn -0.0000 -1.0000 -0.0000
vn -0.6882 0.5000 0.5257
vn 0.2629 0.8090 0.5257
vn 0.8506 -0.0000 0.5257
vn 0.2629 -0.8090 0.5257
vn -0.6882 -0.5000 0.5257
vn -0.1625 0.5000 0.8507
vn -0.5257 -0.0000 0.8507
vn 0.4253 0.3090 0.8507
vn 0.4253 -0.3090 0.8507
vn -0.1625 -0.5000 0.8507
vt 0.181819 0.000000
vt 0.227273 0.078731
vt 0.136365 0.078731
vt 0.272728 0.157461
vt 0.318182 0.078731
vt 0.363637 0.157461
vt 0.909091 0.000000
vt 0.954545 0.078731
vt 0.863636 0.078731
vt 0.727273 0.000000
vt 0.772727 0.078731
vt 0.681818 0.078731
vt 0.545455 0.000000
vt 0.590909 0.078731
vt 0.500000 0.078731
vt 0.318182 0.236191
vt 0.090910 0.157461
vt 0.181819 0.157461
vt 0.136365 0.236191
vt 0.818182 0.157461
vt 0.909091 0.157461
vt 0.863636 0.236191
vt 0.636364 0.157461
vt 0.727273 0.157461
vt 0.681818 0.236191
vt 0.454546 0.157461
vt 0.545455 0.157461
vt 0.500000 0.236191
vt 0.227273 0.236191
vt 0.045455 0.236191
vt 0.772727 0.236191
vt 0.590909 0.236191
vt 0.409092 0.236191
vt 0.181819 0.314921
vt 0.272728 0.314921
vt 0.227273 0.393651
vt 0.000000 0.314921
vt 0.090910 0.314921
vt 0.045455 0.393651
vt 0.727273 0.314921
vt 0.818182 0.314921
vt 0.772727 0.393651
vt 0.545455 0.314921
vt 0.636364 0.314921
vt 0.590909 0.393651
vt 0.363637 0.314921
vt 0.454546 0.314921
vt 0.409092 0.393651
vt 0.500000 0.393651
vt 0.454546 0.472382
vt 0.681818 0.393651
vt 0.636364 0.472382
vt 0.863636 0.393651
vt 0.818182 0.472382
vt 0.909091 0.314921
vt 0.136365 0.393651
vt 0.090910 0.472382
vt 0.318182 0.393651
vt 0.272728 0.472382
vt 0.954545 0.236191
vt 1.000000 0.157461
vt 0.409092 0.078731
vt 0.363637 0.000000
s 1
usemtl SnowBall.005
f 1508/1868/1465 1521/1869/1478 1520/1870/1477
f 1509/1871/1466 1521/1872/1478 1523/1873/1480
f 1508/1874/1465 1520/1875/1477 1525/1876/1482
f 1508/1877/1465 1525/1878/1482 1527/1879/1484
f 1508/1880/1465 1527/1881/1484 1524/1882/1481
f 1509/1871/1466 1523/1873/1480 1530/1883/1487
f 1510/1884/1467 1522/1885/1479 1532/1886/1489
f 1511/1887/1468 1526/1888/1483 1534/1889/1491
f 1512/1890/1469 1528/1891/1485 1536/1892/1493
f 1513/1893/1470 1529/1894/1486 1538/1895/1495
f 1509/1871/1466 1530/1883/1487 1533/1896/1490
f 1510/1884/1467 1532/1886/1489 1535/1897/1492
f 1511/1887/1468 1534/1889/1491 1537/1898/1494
f 1512/1890/1469 1536/1892/1493 1539/1899/1496
f 1513/1893/1470 1538/1895/1495 1531/1900/1488
f 1514/1901/1471 1540/1902/1497 1545/1903/1502
f 1515/1904/1472 1541/1905/1498 1547/1906/1504
f 1516/1907/1473 1542/1908/1499 1548/1909/1505
f 1517/1910/1474 1543/1911/1500 1549/1912/1506
f 1518/1913/1475 1544/1914/1501 1546/1915/1503
f 1546/1915/1503 1549/1916/1506 1519/1917/1476
f 1546/1915/1503 1544/1914/1501 1549/1916/1506
f 1544/1914/1501 1517/1910/1474 1549/1916/1506
f 1549/1912/1506 1548/1918/1505 1519/1919/1476
f 1549/1912/1506 1543/1911/1500 1548/1918/1505
f 1543/1911/1500 1516/1907/1473 1548/1918/1505
f 1548/1909/1505 1547/1920/1504 1519/1921/1476
f 1548/1909/1505 1542/1908/1499 1547/1920/1504
f 1542/1908/1499 1515/1922/1472 1547/1920/1504
f 1547/1906/1504 1545/1923/1502 1519/1924/1476
f 1547/1906/1504 1541/1905/1498 1545/1923/1502
f 1541/1905/1498 1514/1901/1471 1545/1923/1502
f 1545/1903/1502 1546/1925/1503 1519/1926/1476
f 1545/1903/1502 1540/1902/1497 1546/1925/1503
f 1540/1902/1497 1518/1913/1475 1546/1925/1503
f 1531/1900/1488 1544/1914/1501 1518/1913/1475
f 1531/1900/1488 1538/1895/1495 1544/1914/1501
f 1538/1895/1495 1517/1910/1474 1544/1914/1501
f 1539/1899/1496 1543/1911/1500 1517/1910/1474
f 1539/1899/1496 1536/1892/1493 1543/1911/1500
f 1536/1892/1493 1516/1907/1473 1543/1911/1500
f 1537/1898/1494 1542/1908/1499 1516/1907/1473
f 1537/1898/1494 1534/1889/1491 1542/1908/1499
f 1534/1889/1491 1515/1922/1472 1542/1908/1499
f 1535/1897/1492 1541/1905/1498 1515/1904/1472
f 1535/1897/1492 1532/1886/1489 1541/1905/1498
f 1532/1886/1489 1514/1901/1471 1541/1905/1498
f 1533/1896/1490 1540/1902/1497 1514/1901/1471
f 1533/1896/1490 1530/1883/1487 1540/1902/1497
f 1530/1883/1487 1518/1913/1475 1540/1902/1497
f 1538/1895/1495 1539/1899/1496 1517/1910/1474
f 1538/1895/1495 1529/1894/1486 1539/1899/1496
f 1529/1894/1486 1512/1890/1469 1539/1899/1496
f 1536/1892/1493 1537/1898/1494 1516/1907/1473
f 1536/1892/1493 1528/1891/1485 1537/1898/1494
f 1528/1891/1485 1511/1887/1468 1537/1898/1494
f 1534/1889/1491 1535/1927/1492 1515/1922/1472
f 1534/1889/1491 1526/1888/1483 1535/1927/1492
f 1526/1888/1483 1510/1928/1467 1535/1927/1492
f 1532/1886/1489 1533/1896/1490 1514/1901/1471
f 1532/1886/1489 1522/1885/1479 1533/1896/1490
f 1522/1885/1479 1509/1871/1466 1533/1896/1490
f 1530/1883/1487 1531/1900/1488 1518/1913/1475
f 1530/1883/1487 1523/1873/1480 1531/1900/1488
f 1523/1873/1480 1513/1893/1470 1531/1900/1488
f 1524/1882/1481 1529/1894/1486 1513/1893/1470
f 1524/1882/1481 1527/1881/1484 1529/1894/1486
f 1527/1881/1484 1512/1890/1469 1529/1894/1486
f 1527/1879/1484 1528/1891/1485 1512/1890/1469
f 1527/1879/1484 1525/1878/1482 1528/1891/1485
f 1525/1878/1482 1511/1887/1468 1528/1891/1485
f 1525/1876/1482 1526/1888/1483 1511/1887/1468
f 1525/1876/1482 1520/1875/1477 1526/1888/1483
f 1520/1875/1477 1510/1928/1467 1526/1888/1483
f 1523/1873/1480 1524/1929/1481 1513/1893/1470
f 1523/1873/1480 1521/1872/1478 1524/1929/1481
f 1521/1872/1478 1508/1930/1465 1524/1929/1481
f 1520/1870/1477 1522/1885/1479 1510/1884/1467
f 1520/1870/1477 1521/1869/1478 1522/1885/1479
f 1521/1869/1478 1509/1871/1466 1522/1885/1479
o Cone.001
v -3.900000 -1.604000 1.720000
v -3.947023 -1.604000 1.704721
v -3.976085 -1.604000 1.664721
v -3.976085 -1.604000 1.615279
v -3.947023 -1.604000 1.575279
v -3.900000 -1.604000 1.560000
v -3.852977 -1.604000 1.575279
v -3.823915 -1.604000 1.615279
v -3.823915 -1.604000 1.664721
v -3.852977 -1.604000 1.704721
v -3.900000 -1.284000 1.640000
vn -0.0000 -0.5496 0.8354
vn -0.4910 -0.5496 0.6759
vn -0.7945 -0.5496 0.2582
vn -0.7945 -0.5496 -0.2582
vn -0.4910 -0.5496 -0.6759
vn -0.0000 -0.5496 -0.8354
vn 0.4910 -0.5496 -0.6759
vn 0.7945 -0.5496 -0.2582
vn 0.7945 -0.5496 0.2582
vn 0.4910 -0.5496 0.6759
vn -0.0000 1.0000 -0.0000
vt 0.250000 0.490000
vt 0.250000 0.250000
vt 0.391068 0.444164
vt 0.478254 0.324164
vt 0.478254 0.175836
vt 0.391068 0.055836
vt 0.250000 0.010000
vt 0.108932 0.055836
vt 0.021746 0.175836
vt 0.021746 0.324164
vt 0.750000 0.490000
vt 0.891068 0.444164
vt 0.978254 0.324164
vt 0.978254 0.175836
vt 0.891068 0.055836
vt 0.750000 0.010000
vt 0.608932 0.055836
vt 0.521746 0.175836
vt 0.521746 0.324164
vt 0.608932 0.444164
vt 0.108932 0.444164
s 1
usemtl Carrot.001
f 1550/1931/1507 1560/1932/1517 1551/1933/1508
f 1551/1933/1508 1560/1932/1517 1552/1934/1509
f 1552/1934/1509 1560/1932/1517 1553/1935/1510
f 1553/1935/1510 1560/1932/1517 1554/1936/1511
f 1554/1936/1511 1560/1932/1517 1555/1937/1512
f 1555/1937/1512 1560/1932/1517 1556/1938/1513
f 1556/1938/1513 1560/1932/1517 1557/1939/1514
f 1557/1939/1514 1560/1932/1517 1558/1940/1515
f 1550/1941/1507 1551/1942/1508 1552/1943/1509 1553/1944/1510 1554/1945/1511 1555/1946/1512 1556/1947/1513 1557/1948/1514 1558/1949/1515 1559/1950/1516
f 1558/1940/1515 1560/1932/1517 1559/1951/1516
f 1559/1951/1516 1560/1932/1517 1550/1931/1507
o Cylinder.001
v 12.000000 -6.176000 0.000000
v 12.000000 -6.176000 0.990000
v 11.875549 -6.124451 0.000000
v 11.875549 -6.124451 0.990000
v 11.824000 -6.000000 0.000000
v 11.824000 -6.000000 0.990000
v 11.875549 -5.875549 0.000000
v 11.875549 -5.875549 0.990000
v 12.000000 -5.824000 0.000000
v 12.000000 -5.824000 0.990000
v 12.124451 -5.875549 0.000000
v 12.124451 -5.875549 0.990000
v 12.176000 -6.000000 0.000000
v 12.176000 -6.000000 0.990000
v 12.124451 -6.124451 0.000000
v 12.124451 -6.124451 0.990000
vn -0.0000 -0.7764 -0.6303
vn -0.0000 -0.7764 0.6303
vn -0.5490 -0.5490 -0.6303
vn -0.5490 -0.5490 0.6303
vn -0.7764 -0.0000 -0.6303
vn -0.7764 -0.0000 0.6303
vn -0.5490 0.5490 -0.6303
vn -0.5490 0.5490 0.6303
vn -0.0000 0.7764 -0.6303
vn -0.0000 0.7764 0.6303
vn 0.5490 0.5490 -0.6303
vn 0.5490 0.5490 0.6303
vn 0.7764 -0.0000 -0.6303
vn 0.7764 -0.0000 0.6303
vn 0.5490 -0.5490 -0.6303
vn 0.5490 -0.5490 0.6303
vt 1.000000 0.500000
vt 1.000000 1.000000
vt 0.875000 1.000000
vt 0.875000 0.500000
vt 0.750000 1.000000
vt 0.750000 0.500000
vt 0.625000 1.000000
vt 0.625000 0.500000
vt 0.500000 1.000000
vt 0.500000 0.500000
vt 0.375000 1.000000
vt 0.375000 0.500000
vt 0.250000 1.000000
vt 0.250000 0.500000
vt 0.419706 0.419706
vt 0.250000 0.490000
vt 0.080294 0.419706
vt 0.010000 0.250000
vt 0.080294 0.080294
vt 0.250000 0.010000
vt 0.419706 0.080294
vt 0.490000 0.250000
vt 0.125000 1.000000
vt 0.125000 0.500000
vt 0.000000 1.000000
vt 0.000000 0.500000
vt 0.750000 0.490000
vt 0.919706 0.419706
vt 0.990000 0.250000
vt 0.919706 0.080294
vt 0.750000 0.010000
vt 0.580294 0.080294
vt 0.510000 0.250000
vt 0.580294 0.419706
s 1
usemtl Trunk
f 1561/1952/1518 1562/1953/1519 1564/1954/1521 1563/1955/1520
f 1563/1955/1520 1564/1954/1521 1566/1956/1523 1565/1957/1522
f 1565/1957/1522 1566/1956/1523 1568/1958/1525 1567/1959/1524
f 1567/1959/1524 1568/1958/1525 1570/1960/1527 1569/1961/1526
f 1569/1961/1526 1570/1960/1527 1572/1962/1529 1571/1963/1528
f 1571/1963/1528 1572/1962/1529 1574/1964/1531 1573/1965/1530
f 1564/1966/1521 1562/1967/1519 1576/1968/1533 1574/1969/1531 1572/1970/1529 1570/1971/1527 1568/1972/1525 1566/1973/1523
f 1573/1965/1530 1574/1964/1531 1576/1974/1533 1575/1975/1532
f 1575/1975/1532 1576/1974/1533 1562/1976/1519 1561/1977/1518
f 1561/1978/1518 1563/1979/1520 1565/1980/1522 1567/1981/1524 1569/1982/1526 1571/1983/1528 1573/1984/1530 1575/1985/1532
o Cone.002
v 12.000000 -7.100000 0.715000
v 11.292933 -6.842649 0.715000
v 10.916712 -6.191013 0.715000
v 11.047372 -5.450000 0.715000
v 11.623777 -4.966338 0.715000
v 12.376223 -4.966338 0.715000
v 12.952628 -5.450000 0.715000
v 13.083288 -6.191013 0.715000
v 12.707067 -6.842649 0.715000
v 12.000000 -6.000000 1.815000
vn -0.0000 -0.9453 -0.3261
vn -0.6077 -0.7242 -0.3261
vn -0.9310 -0.1642 -0.3261
vn -0.8187 0.4727 -0.3261
vn -0.3233 0.8883 -0.3261
vn 0.3233 0.8883 -0.3261
vn 0.8187 0.4727 -0.3261
vn 0.9310 -0.1642 -0.3261
vn 0.6077 -0.7242 -0.3261
vn -0.0000 -0.0000 1.0000
vt 0.250000 0.490000
vt 0.250000 0.250000
vt 0.404269 0.433851
vt 0.486354 0.291676
vt 0.457846 0.130000
vt 0.332085 0.024474
vt 0.167915 0.024474
vt 0.042154 0.130000
vt 0.013646 0.291676
vt 0.750000 0.490000
vt 0.904269 0.433851
vt 0.986354 0.291676
vt 0.957846 0.130000
vt 0.832085 0.024474
vt 0.667915 0.024474
vt 0.542154 0.130000
vt 0.513646 0.291676
vt 0.595731 0.433851
vt 0.095731 0.433851
s 1
usemtl Leaf
f 1577/1986/1534 1586/1987/1543 1578/1988/1535
f 1578/1988/1535 1586/1987/1543 1579/1989/1536
f 1579/1989/1536 1586/1987/1543 1580/1990/1537
f 1580/1990/1537 1586/1987/1543 1581/1991/1538
f 1581/1991/1538 1586/1987/1543 1582/1992/1539
f 1582/1992/1539 1586/1987/1543 1583/1993/1540
f 1583/1993/1540 1586/1987/1543 1584/1994/1541
f 1577/1995/1534 1578/1996/1535 1579/1997/1536 1580/1998/1537 1581/1999/1538 1582/2000/1539 1583/2001/1540 1584/2002/1541 1585/2003/1542
f 1584/1994/1541 1586/1987/1543 1585/2004/1542
f 1585/2004/1542 1586/1987/1543 1577/1986/1534
o Cone.003
v 12.000000 -6.858000 1.375000
v 11.448488 -6.657266 1.375000
v 11.155035 -6.148990 1.375000
v 11.256950 -5.571000 1.375000
v 11.706547 -5.193744 1.375000
v 12.293453 -5.193744 1.375000
v 12.743050 -5.571000 1.375000
v 12.844965 -6.148990 1.375000
v 12.551512 -6.657266 1.375000
v 12.000000 -6.000000 2.475000
vn -0.0000 -0.9265 -0.3764
vn -0.5955 -0.7097 -0.3764
vn -0.9124 -0.1609 -0.3764
vn -0.8023 0.4632 -0.3764
vn -0.3169 0.8706 -0.3764
vn 0.3169 0.8706 -0.3764
vn 0.8023 0.4632 -0.3764
vn 0.9124 -0.1609 -0.3764
vn 0.5955 -0.7097 -0.3764
vn -0.0000 -0.0000 1.0000
vt 0.250000 0.490000
vt 0.250000 0.250000
vt 0.404269 0.433851
vt 0.486354 0.291676
vt 0.457846 0.130000
vt 0.332085 0.024474
vt 0.167915 0.024474
vt 0.042154 0.130000
vt 0.013646 0.291676
vt 0.750000 0.490000
vt 0.904269 0.433851
vt 0.986354 0.291676
vt 0.957846 0.130000
vt 0.832085 0.024474
vt 0.667915 0.024474
vt 0.542154 0.130000
vt 0.513646 0.291676
vt 0.595731 0.433851
vt 0.095731 0.433851
s 1
usemtl Leaf.001
f 1587/2005/1544 1596/2006/1553 1588/2007/1545
f 1588/2007/1545 1596/2006/1553 1589/2008/1546
f 1589/2008/1546 1596/2006/1553 1590/2009/1547
f 1590/2009/1547 1596/2006/1553 1591/2010/1548
f 1591/2010/1548 1596/2006/1553 1592/2011/1549
f 1592/2011/1549 1596/2006/1553 1593/2012/1550
f 1593/2012/1550 1596/2006/1553 1594/2013/1551
f 1587/2014/1544 1588/2015/1545 1589/2016/1546 1590/2017/1547 1591/2018/1548 1592/2019/1549 1593/2020/1550 1594/2021/1551 1595/2022/1552
f 1594/2013/1551 1596/2006/1553 1595/2023/1552
f 1595/2023/1552 1596/2006/1553 1587/2005/1544
o Cone.004
v 12.000000 -6.550000 1.980000
v 11.646467 -6.421324 1.980000
v 11.458356 -6.095507 1.980000
v 11.523686 -5.725000 1.980000
v 11.811889 -5.483169 1.980000
v 12.188111 -5.483169 1.980000
v 12.476314 -5.725000 1.980000
v 12.541644 -6.095507 1.980000
v 12.353533 -6.421324 1.980000
v 12.000000 -6.000000 3.080000
vn -0.0000 -0.8896 -0.4568
vn -0.5718 -0.6814 -0.4568
vn -0.8760 -0.1545 -0.4568
vn -0.7704 0.4448 -0.4568
vn -0.3042 0.8359 -0.4568
vn 0.3042 0.8359 -0.4568
vn 0.7704 0.4448 -0.4568
vn 0.8760 -0.1545 -0.4568
vn 0.5718 -0.6814 -0.4568
vn -0.0000 -0.0000 1.0000
vt 0.250000 0.490000
vt 0.250000 0.250000
vt 0.404269 0.433851
vt 0.486354 0.291676
vt 0.457846 0.130000
vt 0.332085 0.024474
vt 0.167915 0.024474
vt 0.042154 0.130000
vt 0.013646 0.291676
vt 0.750000 0.490000
vt 0.904269 0.433851
vt 0.986354 0.291676
vt 0.957846 0.130000
vt 0.832085 0.024474
vt 0.667915 0.024474
vt 0.542154 0.130000
vt 0.513646 0.291676
vt 0.595731 0.433851
vt 0.095731 0.433851
s 1
usemtl Leaf.002
f 1597/2024/1554 1606/2025/1563 1598/2026/1555
f 1598/2026/1555 1606/2025/1563 1599/2027/1556
f 1599/2027/1556 1606/2025/1563 1600/2028/1557
f 1600/2028/1557 1606/2025/1563 1601/2029/1558
f 1601/2029/1558 1606/2025/1563 1602/2030/1559
f 1602/2030/1559 1606/2025/1563 1603/2031/1560
f 1603/2031/1560 1606/2025/1563 1604/2032/1561
f 1597/2033/1554 1598/2034/1555 1599/2035/1556 1600/2036/1557 1601/2037/1558 1602/2038/1559 1603/2039/1560 1604/2040/1561 1605/2041/1562
f 1604/2032/1561 1606/2025/1563 1605/2042/1562
f 1605/2042/1562 1606/2025/1563 1597/2024/1554
o Cylinder.002
v -11.500000 -6.660000 0.000000
v -11.500000 -6.660000 0.900000
v -11.613137 -6.613137 0.000000
v -11.613137 -6.613137 0.900000
v -11.660000 -6.500000 0.000000
v -11.660000 -6.500000 0.900000
v -11.613137 -6.386863 0.000000
v -11.613137 -6.386863 0.900000
v -11.500000 -6.340000 0.000000
v -11.500000 -6.340000 0.900000
v -11.386863 -6.386863 0.000000
v -11.386863 -6.386863 0.900000
v -11.340000 -6.500000 0.000000
v -11.340000 -6.500000 0.900000
v -11.386863 -6.613137 0.000000
v -11.386863 -6.613137 0.900000
vn -0.0000 -0.7764 -0.6303
vn -0.0000 -0.7764 0.6303
vn -0.5490 -0.5490 -0.6303
vn -0.5490 -0.5490 0.6303
vn -0.7764 -0.0000 -0.6303
vn -0.7764 -0.0000 0.6303
vn -0.5490 0.5490 -0.6303
vn -0.5490 0.5490 0.6303
vn -0.0000 0.7764 -0.6303
vn -0.0000 0.7764 0.6303
vn 0.5490 0.5490 -0.6303
vn 0.5490 0.5490 0.6303
vn 0.7764 -0.0000 -0.6303
vn 0.7764 -0.0000 0.6303
vn 0.5490 -0.5490 -0.6303
vn 0.5490 -0.5490 0.6303
vt 1.000000 0.500000
vt 1.000000 1.000000
vt 0.875000 1.000000
vt 0.875000 0.500000
vt 0.750000 1.000000
vt 0.750000 0.500000
vt 0.625000 1.000000
vt 0.625000 0.500000
vt 0.500000 1.000000
vt 0.500000 0.500000
vt 0.375000 1.000000
vt 0.375000 0.500000
vt 0.250000 1.000000
vt 0.250000 0.500000
vt 0.419706 0.419706
vt 0.250000 0.490000
vt 0.080294 0.419706
vt 0.010000 0.250000
vt 0.080294 0.080294
vt 0.250000 0.010000
vt 0.419706 0.080294
vt 0.490000 0.250000
vt 0.125000 1.000000
vt 0.125000 0.500000
vt 0.000000 1.000000
vt 0.000000 0.500000
vt 0.750000 0.490000
vt 0.919706 0.419706
vt 0.990000 0.250000
vt 0.919706 0.080294
vt 0.750000 0.010000
vt 0.580294 0.080294
vt 0.510000 0.250000
vt 0.580294 0.419706
s 1
usemtl Trunk.001
f 1607/2043/1564 1608/2044/1565 1610/2045/1567 1609/2046/1566
f 1609/2046/1566 1610/2045/1567 1612/2047/1569 1611/2048/1568
f 1611/2048/1568 1612/2047/1569 1614/2049/1571 1613/2050/1570
f 1613/2050/1570 1614/2049/1571 1616/2051/1573 1615/2052/1572
f 1615/2052/1572 1616/2051/1573 1618/2053/1575 1617/2054/1574
f 1617/2054/1574 1618/2053/1575 1620/2055/1577 1619/2056/1576
f 1610/2057/1567 1608/2058/1565 1622/2059/1579 1620/2060/1577 1618/2061/1575 1616/2062/1573 1614/2063/1571 1612/2064/1569
f 1619/2056/1576 1620/2055/1577 1622/2065/1579 1621/2066/1578
f 1621/2066/1578 1622/2065/1579 1608/2067/1565 1607/2068/1564
f 1607/2069/1564 1609/2070/1566 1611/2071/1568 1613/2072/1570 1615/2073/1572 1617/2074/1574 1619/2075/1576 1621/2076/1578
o Cone.005
v -11.500000 -7.500000 0.650000
v -12.142788 -7.266045 0.650000
v -12.484808 -6.673648 0.650000
v -12.366025 -6.000000 0.650000
v -11.842020 -5.560308 0.650000
v -11.157980 -5.560308 0.650000
v -10.633975 -6.000000 0.650000
v -10.515192 -6.673648 0.650000
v -10.857212 -7.266045 0.650000
v -11.500000 -6.500000 1.650000
vn -0.0000 -0.9453 -0.3261
vn -0.6077 -0.7242 -0.3261
vn -0.9310 -0.1642 -0.3261
vn -0.8187 0.4727 -0.3261
vn -0.3233 0.8883 -0.3261
vn 0.3233 0.8883 -0.3261
vn 0.8187 0.4727 -0.3261
vn 0.9310 -0.1642 -0.3261
vn 0.6077 -0.7242 -0.3261
vn -0.0000 -0.0000 1.0000
vt 0.250000 0.490000
vt 0.250000 0.250000
vt 0.404269 0.433851
vt 0.486354 0.291676
vt 0.457846 0.130000
vt 0.332085 0.024474
vt 0.167915 0.024474
vt 0.042154 0.130000
vt 0.013646 0.291676
vt 0.750000 0.490000
vt 0.904269 0.433851
vt 0.986354 0.291676
vt 0.957846 0.130000
vt 0.832085 0.024474
vt 0.667915 0.024474
vt 0.542154 0.130000
vt 0.513646 0.291676
vt 0.595731 0.433851
vt 0.095731 0.433851
s 1
usemtl Leaf.003
f 1623/2077/1580 1632/2078/1589 1624/2079/1581
f 1624/2079/1581 1632/2078/1589 1625/2080/1582
f 1625/2080/1582 1632/2078/1589 1626/2081/1583
f 1626/2081/1583 1632/2078/1589 1627/2082/1584
f 1627/2082/1584 1632/2078/1589 1628/2083/1585
f 1628/2083/1585 1632/2078/1589 1629/2084/1586
f 1629/2084/1586 1632/2078/1589 1630/2085/1587
f 1623/2086/1580 1624/2087/1581 1625/2088/1582 1626/2089/1583 1627/2090/1584 1628/2091/1585 1629/2092/1586 1630/2093/1587 1631/2094/1588
f 1630/2085/1587 1632/2078/1589 1631/2095/1588
f 1631/2095/1588 1632/2078/1589 1623/2077/1580
o Cone.006
v -11.500000 -7.280000 1.250000
v -12.001374 -7.097515 1.250000
v -12.268150 -6.635446 1.250000
v -12.175500 -6.110000 1.250000
v -11.766776 -5.767040 1.250000
v -11.233224 -5.767040 1.250000
v -10.824500 -6.110000 1.250000
v -10.731850 -6.635446 1.250000
v -10.998626 -7.097515 1.250000
v -11.500000 -6.500000 2.250000
vn -0.0000 -0.9265 -0.3764
vn -0.5955 -0.7097 -0.3764
vn -0.9124 -0.1609 -0.3764
vn -0.8023 0.4632 -0.3764
vn -0.3169 0.8706 -0.3764
vn 0.3169 0.8706 -0.3764
vn 0.8023 0.4632 -0.3764
vn 0.9124 -0.1609 -0.3764
vn 0.5955 -0.7097 -0.3764
vn -0.0000 -0.0000 1.0000
vt 0.250000 0.490000
vt 0.250000 0.250000
vt 0.404269 0.433851
vt 0.486354 0.291676
vt 0.457846 0.130000
vt 0.332085 0.024474
vt 0.167915 0.024474
vt 0.042154 0.130000
vt 0.013646 0.291676
vt 0.750000 0.490000
vt 0.904269 0.433851
vt 0.986354 0.291676
vt 0.957846 0.130000
vt 0.832085 0.024474
vt 0.667915 0.024474
vt 0.542154 0.130000
vt 0.513646 0.291676
vt 0.595731 0.433851
vt 0.095731 0.433851
s 1
usemtl Leaf.004
f 1633/2096/1590 1642/2097/1599 1634/2098/1591
f 1634/2098/1591 1642/2097/1599 1635/2099/1592
f 1635/2099/1592 1642/2097/1599 1636/2100/1593
f 1636/2100/1593 1642/2097/1599 1637/2101/1594
f 1637/2101/1594 1642/2097/1599 1638/2102/1595
f 1638/2102/1595 1642/2097/1599 1639/2103/1596
f 1639/2103/1596 1642/2097/1599 1640/2104/1597
f 1633/2105/1590 1634/2106/1591 1635/2107/1592 1636/2108/1593 1637/2109/1594 1638/2110/1595 1639/2111/1596 1640/2112/1597 1641/2113/1598
f 1640/2104/1597 1642/2097/1599 1641/2114/1598
f 1641/2114/1598 1642/2097/1599 1633/2096/1590
o Cone.007
v -11.500000 -7.000000 1.800000
v -11.821394 -6.883022 1.800000
v -11.992404 -6.586824 1.800000
v -11.933013 -6.250000 1.800000
v -11.671010 -6.030154 1.800000
v -11.328990 -6.030154 1.800000
v -11.066987 -6.250000 1.800000
v -11.007596 -6.586824 1.800000
v -11.178606 -6.883022 1.800000
v -11.500000 -6.500000 2.800000
vn -0.0000 -0.8896 -0.4568
vn -0.5718 -0.6814 -0.4568
vn -0.8760 -0.1545 -0.4568
vn -0.7704 0.4448 -0.4568
vn -0.3042 0.8359 -0.4568
vn 0.3042 0.8359 -0.4568
vn 0.7704 0.4448 -0.4568
vn 0.8760 -0.1545 -0.4568
vn 0.5718 -0.6814 -0.4568
vn -0.0000 -0.0000 1.0000
vt 0.250000 0.490000
vt 0.250000 0.250000
vt 0.404269 0.433851
vt 0.486354 0.291676
vt 0.457846 0.130000
vt 0.332085 0.024474
vt 0.167915 0.024474
vt 0.042154 0.130000
vt 0.013646 0.291676
vt 0.750000 0.490000
vt 0.904269 0.433851
vt 0.986354 0.291676
vt 0.957846 0.130000
vt 0.832085 0.024474
vt 0.667915 0.024474
vt 0.542154 0.130000
vt 0.513646 0.291676
vt 0.595731 0.433851
vt 0.095731 0.433851
s 1
usemtl Leaf.005
f 1643/2115/1600 1652/2116/1609 1644/2117/1601
f 1644/2117/1601 1652/2116/1609 1645/2118/1602
f 1645/2118/1602 1652/2116/1609 1646/2119/1603
f 1646/2119/1603 1652/2116/1609 1647/2120/1604
f 1647/2120/1604 1652/2116/1609 1648/2121/1605
f 1648/2121/1605 1652/2116/1609 1649/2122/1606
f 1649/2122/1606 1652/2116/1609 1650/2123/1607
f 1643/2124/1600 1644/2125/1601 1645/2126/1602 1646/2127/1603 1647/2128/1604 1648/2129/1605 1649/2130/1606 1650/2131/1607 1651/2132/1608
f 1650/2123/1607 1652/2116/1609 1651/2133/1608
f 1651/2133/1608 1652/2116/1609 1643/2115/1600
o Cylinder.003
v -12.000000 5.824000 0.000000
v -12.000000 5.824000 0.990000
v -12.124451 5.875549 0.000000
v -12.124451 5.875549 0.990000
v -12.176000 6.000000 0.000000
v -12.176000 6.000000 0.990000
v -12.124451 6.124451 0.000000
v -12.124451 6.124451 0.990000
v -12.000000 6.176000 0.000000
v -12.000000 6.176000 0.990000
v -11.875549 6.124451 0.000000
v -11.875549 6.124451 0.990000
v -11.824000 6.000000 0.000000
v -11.824000 6.000000 0.990000
v -11.875549 5.875549 0.000000
v -11.875549 5.875549 0.990000
vn -0.0000 -0.7764 -0.6303
vn -0.0000 -0.7764 0.6303
vn -0.5490 -0.5490 -0.6303
vn -0.5490 -0.5490 0.6303
vn -0.7764 -0.0000 -0.6303
vn -0.7764 -0.0000 0.6303
vn -0.5490 0.5490 -0.6303
vn -0.5490 0.5490 0.6303
vn -0.0000 0.7764 -0.6303
vn -0.0000 0.7764 0.6303
vn 0.5490 0.5490 -0.6303
vn 0.5490 0.5490 0.6303
vn 0.7764 -0.0000 -0.6303
vn 0.7764 -0.0000 0.6303
vn 0.5490 -0.5490 -0.6303
vn 0.5490 -0.5490 0.6303
vt 1.000000 0.500000
vt 1.000000 1.000000
vt 0.875000 1.000000
vt 0.875000 0.500000
vt 0.750000 1.000000
vt 0.750000 0.500000
vt 0.625000 1.000000
vt 0.625000 0.500000
vt 0.500000 1.000000
vt 0.500000 0.500000
vt 0.375000 1.000000
vt 0.375000 0.500000
vt 0.250000 1.000000
vt 0.250000 0.500000
vt 0.419706 0.419706
vt 0.250000 0.490000
vt 0.080294 0.419706
vt 0.010000 0.250000
vt 0.080294 0.080294
vt 0.250000 0.010000
vt 0.419706 0.080294
vt 0.490000 0.250000
vt 0.125000 1.000000
vt 0.125000 0.500000
vt 0.000000 1.000000
vt 0.000000 0.500000
vt 0.750000 0.490000
vt 0.919706 0.419706
vt 0.990000 0.250000
vt 0.919706 0.080294
vt 0.750000 0.010000
vt 0.580294 0.080294
vt 0.510000 0.250000
vt 0.580294 0.419706
s 1
usemtl Trunk.002
f 1653/2134/1610 1654/2135/1611 1656/2136/1613 1655/2137/1612
f 1655/2137/1612 1656/2136/1613 1658/2138/1615 1657/2139/1614
f 1657/2139/1614 1658/2138/1615 1660/2140/1617 1659/2141/1616
f 1659/2141/1616 1660/2140/1617 1662/2142/1619 1661/2143/1618
f 1661/2143/1618 1662/2142/1619 1664/2144/1621 1663/2145/1620
f 1663/2145/1620 1664/2144/1621 1666/2146/1623 1665/2147/1622
f 1656/2148/1613 1654/2149/1611 1668/2150/1625 1666/2151/1623 1664/2152/1621 1662/2153/1619 1660/2154/1617 1658/2155/1615
f 1665/2147/1622 1666/2146/1623 1668/2156/1625 1667/2157/1624
f 1667/2157/1624 1668/2156/1625 1654/2158/1611 1653/2159/1610
f 1653/2160/1610 1655/2161/1612 1657/2162/1614 1659/2163/1616 1661/2164/1618 1663/2165/1620 1665/2166/1622 1667/2167/1624
o Cone.008
v -12.000000 4.900000 0.715000
v -12.707067 5.157351 0.715000
v -13.083288 5.808987 0.715000
v -12.952628 6.550000 0.715000
v -12.376223 7.033662 0.715000
v -11.623777 7.033662 0.715000
v -11.047372 6.550000 0.715000
v -10.916712 5.808987 0.715000
v -11.292933 5.157351 0.715000
v -12.000000 6.000000 1.815000
vn -0.0000 -0.9453 -0.3261
vn -0.6077 -0.7242 -0.3261
vn -0.9310 -0.1642 -0.3261
vn -0.8187 0.4727 -0.3261
vn -0.3233 0.8883 -0.3261
vn 0.3233 0.8883 -0.3261
vn 0.8187 0.4727 -0.3261
vn 0.9310 -0.1642 -0.3261
vn 0.6077 -0.7242 -0.3261
vn -0.0000 -0.0000 1.0000
vt 0.250000 0.490000
vt 0.250000 0.250000
vt 0.404269 0.433851
vt 0.486354 0.291676
vt 0.457846 0.130000
vt 0.332085 0.024474
vt 0.167915 0.024474
vt 0.042154 0.130000
vt 0.013646 0.291676
vt 0.750000 0.490000
vt 0.904269 0.433851
vt 0.986354 0.291676
vt 0.957846 0.130000
vt 0.832085 0.024474
vt 0.667915 0.024474
vt 0.542154 0.130000
vt 0.513646 0.291676
vt 0.595731 0.433851
vt 0.095731 0.433851
s 1
usemtl Leaf.006
f 1669/2168/1626 1678/2169/1635 1670/2170/1627
f 1670/2170/1627 1678/2169/1635 1671/2171/1628
f 1671/2171/1628 1678/2169/1635 1672/2172/1629
f 1672/2172/1629 1678/2169/1635 1673/2173/1630
f 1673/2173/1630 1678/2169/1635 1674/2174/1631
f 1674/2174/1631 1678/2169/1635 1675/2175/1632
f 1675/2175/1632 1678/2169/1635 1676/2176/1633
f 1669/2177/1626 1670/2178/1627 1671/2179/1628 1672/2180/1629 1673/2181/1630 1674/2182/1631 1675/2183/1632 1676/2184/1633 1677/2185/1634
f 1676/2176/1633 1678/2169/1635 1677/2186/1634
f 1677/2186/1634 1678/2169/1635 1669/2168/1626
o Cone.009
v -12.000000 5.142000 1.375000
v -12.551512 5.342734 1.375000
v -12.844965 5.851010 1.375000
v -12.743050 6.429000 1.375000
v -12.293453 6.806256 1.375000
v -11.706547 6.806256 1.375000
v -11.256950 6.429000 1.375000
v -11.155035 5.851010 1.375000
v -11.448488 5.342734 1.375000
v -12.000000 6.000000 2.475000
vn -0.0000 -0.9265 -0.3764
vn -0.5955 -0.7097 -0.3764
vn -0.9124 -0.1609 -0.3764
vn -0.8023 0.4632 -0.3764
vn -0.3169 0.8706 -0.3764
vn 0.3169 0.8706 -0.3764
vn 0.8023 0.4632 -0.3764
vn 0.9124 -0.1609 -0.3764
vn 0.5955 -0.7097 -0.3764
vn -0.0000 -0.0000 1.0000
vt 0.250000 0.490000
vt 0.250000 0.250000
vt 0.404269 0.433851
vt 0.486354 0.291676
vt 0.457846 0.130000
vt 0.332085 0.024474
vt 0.167915 0.024474
vt 0.042154 0.130000
vt 0.013646 0.291676
vt 0.750000 0.490000
vt 0.904269 0.433851
vt 0.986354 0.291676
vt 0.957846 0.130000
vt 0.832085 0.024474
vt 0.667915 0.024474
vt 0.542154 0.130000
vt 0.513646 0.291676
vt 0.595731 0.433851
vt 0.095731 0.433851
s 1
usemtl Leaf.007
f 1679/2187/1636 1688/2188/1645 1680/2189/1637
f 1680/2189/1637 1688/2188/1645 1681/2190/1638
f 1681/2190/1638 1688/2188/1645 1682/2191/1639
f 1682/2191/1639 1688/2188/1645 1683/2192/1640
f 1683/2192/1640 1688/2188/1645 1684/2193/1641
f 1684/2193/1641 1688/2188/1645 1685/2194/1642
f 1685/2194/1642 1688/2188/1645 1686/2195/1643
f 1679/2196/1636 1680/2197/1637 1681/2198/1638 1682/2199/1639 1683/2200/1640 1684/2201/1641 1685/2202/1642 1686/2203/1643 1687/2204/1644
f 1686/2195/1643 1688/2188/1645 1687/2205/1644
f 1687/2205/1644 1688/2188/1645 1679/2187/1636
o Cone.010
v -12.000000 5.450000 1.980000
v -12.353533 5.578676 1.980000
v -12.541644 5.904493 1.980000
v -12.476314 6.275000 1.980000
v -12.188111 6.516831 1.980000
v -11.811889 6.516831 1.980000
v -11.523686 6.275000 1.980000
v -11.458356 5.904493 1.980000
v -11.646467 5.578676 1.980000
v -12.000000 6.000000 3.080000
vn -0.0000 -0.8896 -0.4568
vn -0.5718 -0.6814 -0.4568
vn -0.8760 -0.1545 -0.4568
vn -0.7704 0.4448 -0.4568
vn -0.3042 0.8359 -0.4568
vn 0.3042 0.8359 -0.4568
vn 0.7704 0.4448 -0.4568
vn 0.8760 -0.1545 -0.4568
vn 0.5718 -0.6814 -0.4568
vn -0.0000 -0.0000 1.0000
vt 0.250000 0.490000
vt 0.250000 0.250000
vt 0.404269 0.433851
vt 0.486354 0.291676
vt 0.457846 0.130000
vt 0.332085 0.024474
vt 0.167915 0.024474
vt 0.042154 0.130000
vt 0.013646 0.291676
vt 0.750000 0.490000
vt 0.904269 0.433851
vt 0.986354 0.291676
vt 0.957846 0.130000
vt 0.832085 0.024474
vt 0.667915 0.024474
vt 0.542154 0.130000
vt 0.513646 0.291676
vt 0.595731 0.433851
vt 0.095731 0.433851
s 1
usemtl Leaf.008
f 1689/2206/1646 1698/2207/1655 1690/2208/1647
f 1690/2208/1647 1698/2207/1655 1691/2209/1648
f 1691/2209/1648 1698/2207/1655 1692/2210/1649
f 1692/2210/1649 1698/2207/1655 1693/2211/1650
f 1693/2211/1650 1698/2207/1655 1694/2212/1651
f 1694/2212/1651 1698/2207/1655 1695/2213/1652
f 1695/2213/1652 1698/2207/1655 1696/2214/1653
f 1689/2215/1646 1690/2216/1647 1691/2217/1648 1692/2218/1649 1693/2219/1650 1694/2220/1651 1695/2221/1652 1696/2222/1653 1697/2223/1654
f 1696/2214/1653 1698/2207/1655 1697/2224/1654
f 1697/2224/1654 1698/2207/1655 1689/2206/1646
o Cylinder.004
v 11.500000 5.840000 0.000000
v 11.500000 5.840000 0.900000
v 11.386863 5.886863 0.000000
v 11.386863 5.886863 0.900000
v 11.340000 6.000000 0.000000
v 11.340000 6.000000 0.900000
v 11.386863 6.113137 0.000000
v 11.386863 6.113137 0.900000
v 11.500000 6.160000 0.000000
v 11.500000 6.160000 0.900000
v 11.613137 6.113137 0.000000
v 11.613137 6.113137 0.900000
v 11.660000 6.000000 0.000000
v 11.660000 6.000000 0.900000
v 11.613137 5.886863 0.000000
v 11.613137 5.886863 0.900000
vn -0.0000 -0.7764 -0.6303
vn -0.0000 -0.7764 0.6303
vn -0.5490 -0.5490 -0.6303
vn -0.5490 -0.5490 0.6303
vn -0.7764 -0.0000 -0.6303
vn -0.7764 -0.0000 0.6303
vn -0.5490 0.5490 -0.6303
vn -0.5490 0.5490 0.6303
vn -0.0000 0.7764 -0.6303
vn -0.0000 0.7764 0.6303
vn 0.5490 0.5490 -0.6303
vn 0.5490 0.5490 0.6303
vn 0.7764 -0.0000 -0.6303
vn 0.7764 -0.0000 0.6303
vn 0.5490 -0.5490 -0.6303
vn 0.5490 -0.5490 0.6303
vt 1.000000 0.500000
vt 1.000000 1.000000
vt 0.875000 1.000000
vt 0.875000 0.500000
vt 0.750000 1.000000
vt 0.750000 0.500000
vt 0.625000 1.000000
vt 0.625000 0.500000
vt 0.500000 1.000000
vt 0.500000 0.500000
vt 0.375000 1.000000
vt 0.375000 0.500000
vt 0.250000 1.000000
vt 0.250000 0.500000
vt 0.419706 0.419706
vt 0.250000 0.490000
vt 0.080294 0.419706
vt 0.010000 0.250000
vt 0.080294 0.080294
vt 0.250000 0.010000
vt 0.419706 0.080294
vt 0.490000 0.250000
vt 0.125000 1.000000
vt 0.125000 0.500000
vt 0.000000 1.000000
vt 0.000000 0.500000
vt 0.750000 0.490000
vt 0.919706 0.419706
vt 0.990000 0.250000
vt 0.919706 0.080294
vt 0.750000 0.010000
vt 0.580294 0.080294
vt 0.510000 0.250000
vt 0.580294 0.419706
s 1
usemtl Trunk.003
f 1699/2225/1656 1700/2226/1657 1702/2227/1659 1701/2228/1658
f 1701/2228/1658 1702/2227/1659 1704/2229/1661 1703/2230/1660
f 1703/2230/1660 1704/2229/1661 1706/2231/1663 1705/2232/1662
f 1705/2232/1662 1706/2231/1663 1708/2233/1665 1707/2234/1664
f 1707/2234/1664 1708/2233/1665 1710/2235/1667 1709/2236/1666
f 1709/2236/1666 1710/2235/1667 1712/2237/1669 1711/2238/1668
f 1702/2239/1659 1700/2240/1657 1714/2241/1671 1712/2242/1669 1710/2243/1667 1708/2244/1665 1706/2245/1663 1704/2246/1661
f 1711/2238/1668 1712/2237/1669 1714/2247/1671 1713/2248/1670
f 1713/2248/1670 1714/2247/1671 1700/2249/1657 1699/2250/1656
f 1699/2251/1656 1701/2252/1658 1703/2253/1660 1705/2254/1662 1707/2255/1664 1709/2256/1666 1711/2257/1668 1713/2258/1670
o Cone.011
v 11.500000 5.000000 0.650000
v 10.857212 5.233955 0.650000
v 10.515192 5.826352 0.650000
v 10.633975 6.500000 0.650000
v 11.157980 6.939692 0.650000
v 11.842020 6.939692 0.650000
v 12.366025 6.500000 0.650000
v 12.484808 5.826352 0.650000
v 12.142788 5.233955 0.650000
v 11.500000 6.000000 1.650000
vn -0.0000 -0.9453 -0.3261
vn -0.6077 -0.7242 -0.3261
vn -0.9310 -0.1642 -0.3261
vn -0.8187 0.4727 -0.3261
vn -0.3233 0.8883 -0.3261
vn 0.3233 0.8883 -0.3261
vn 0.8187 0.4727 -0.3261
vn 0.9310 -0.1642 -0.3261
vn 0.6077 -0.7242 -0.3261
vn -0.0000 -0.0000 1.0000
vt 0.250000 0.490000
vt 0.250000 0.250000
vt 0.404269 0.433851
vt 0.486354 0.291676
vt 0.457846 0.130000
vt 0.332085 0.024474
vt 0.167915 0.024474
vt 0.042154 0.130000
vt 0.013646 0.291676
vt 0.750000 0.490000
vt 0.904269 0.433851
vt 0.986354 0.291676
vt 0.957846 0.130000
vt 0.832085 0.024474
vt 0.667915 0.024474
vt 0.542154 0.130000
vt 0.513646 0.291676
vt 0.595731 0.433851
vt 0.095731 0.433851
s 1
usemtl Leaf.009
f 1715/2259/1672 1724/2260/1681 1716/2261/1673
f 1716/2261/1673 1724/2260/1681 1717/2262/1674
f 1717/2262/1674 1724/2260/1681 1718/2263/1675
f 1718/2263/1675 1724/2260/1681 1719/2264/1676
f 1719/2264/1676 1724/2260/1681 1720/2265/1677
f 1720/2265/1677 1724/2260/1681 1721/2266/1678
f 1721/2266/1678 1724/2260/1681 1722/2267/1679
f 1715/2268/1672 1716/2269/1673 1717/2270/1674 1718/2271/1675 1719/2272/1676 1720/2273/1677 1721/2274/1678 1722/2275/1679 1723/2276/1680
f 1722/2267/1679 1724/2260/1681 1723/2277/1680
f 1723/2277/1680 1724/2260/1681 1715/2259/1672
o Cone.012
v 11.500000 5.220000 1.250000
v 10.998626 5.402485 1.250000
v 10.731850 5.864554 1.250000
v 10.824500 6.390000 1.250000
v 11.233224 6.732960 1.250000
v 11.766776 6.732960 1.250000
v 12.175500 6.390000 1.250000
v 12.268150 5.864554 1.250000
v 12.001374 5.402485 1.250000
v 11.500000 6.000000 2.250000
vn -0.0000 -0.9265 -0.3764
vn -0.5955 -0.7097 -0.3764
vn -0.9124 -0.1609 -0.3764
vn -0.8023 0.4632 -0.3764
vn -0.3169 0.8706 -0.3764
vn 0.3169 0.8706 -0.3764
vn 0.8023 0.4632 -0.3764
vn 0.9124 -0.1609 -0.3764
vn 0.5955 -0.7097 -0.3764
vn -0.0000 -0.0000 1.0000
vt 0.250000 0.490000
vt 0.250000 0.250000
vt 0.404269 0.433851
vt 0.486354 0.291676
vt 0.457846 0.130000
vt 0.332085 0.024474
vt 0.167915 0.024474
vt 0.042154 0.130000
vt 0.013646 0.291676
vt 0.750000 0.490000
vt 0.904269 0.433851
vt 0.986354 0.291676
vt 0.957846 0.130000
vt 0.832085 0.024474
vt 0.667915 0.024474
vt 0.542154 0.130000
vt 0.513646 0.291676
vt 0.595731 0.433851
vt 0.095731 0.433851
s 1
usemtl Leaf.010
f 1725/2278/1682 1734/2279/1691 1726/2280/1683
f 1726/2280/1683 1734/2279/1691 1727/2281/1684
f 1727/2281/1684 1734/2279/1691 1728/2282/1685
f 1728/2282/1685 1734/2279/1691 1729/2283/1686
f 1729/2283/1686 1734/2279/1691 1730/2284/1687
f 1730/2284/1687 1734/2279/1691 1731/2285/1688
f 1731/2285/1688 1734/2279/1691 1732/2286/1689
f 1725/2287/1682 1726/2288/1683 1727/2289/1684 1728/2290/1685 1729/2291/1686 1730/2292/1687 1731/2293/1688 1732/2294/1689 1733/2295/1690
f 1732/2286/1689 1734/2279/1691 1733/2296/1690
f 1733/2296/1690 1734/2279/1691 1725/2278/1682
o Cone.013
v 11.500000 5.500000 1.800000
v 11.178606 5.616978 1.800000
v 11.007596 5.913176 1.800000
v 11.066987 6.250000 1.800000
v 11.328990 6.469846 1.800000
v 11.671010 6.469846 1.800000
v 11.933013 6.250000 1.800000
v 11.992404 5.913176 1.800000
v 11.821394 5.616978 1.800000
v 11.500000 6.000000 2.800000
vn -0.0000 -0.8896 -0.4568
vn -0.5718 -0.6814 -0.4568
vn -0.8760 -0.1545 -0.4568
vn -0.7704 0.4448 -0.4568
vn -0.3042 0.8359 -0.4568
vn 0.3042 0.8359 -0.4568
vn 0.7704 0.4448 -0.4568
vn 0.8760 -0.1545 -0.4568
vn 0.5718 -0.6814 -0.4568
vn -0.0000 -0.0000 1.0000
vt 0.250000 0.490000
vt 0.250000 0.250000
vt 0.404269 0.433851
vt 0.486354 0.291676
vt 0.457846 0.130000
vt 0.332085 0.024474
vt 0.167915 0.024474
vt 0.042154 0.130000
vt 0.013646 0.291676
vt 0.750000 0.490000
vt 0.904269 0.433851
vt 0.986354 0.291676
vt 0.957846 0.130000
vt 0.832085 0.024474
vt 0.667915 0.024474
vt 0.542154 0.130000
vt 0.513646 0.291676
vt 0.595731 0.433851
vt 0.095731 0.433851
s 1
usemtl Leaf.011
f 1735/2297/1692 1744/2298/1701 1736/2299/1693
f 1736/2299/1693 1744/2298/1701 1737/2300/1694
f 1737/2300/1694 1744/2298/1701 1738/2301/1695
f 1738/2301/1695 1744/2298/1701 1739/2302/1696
f 1739/2302/1696 1744/2298/1701 1740/2303/1697
f 1740/2303/1697 1744/2298/1701 1741/2304/1698
f 1741/2304/1698 1744/2298/1701 1742/2305/1699
f 1735/2306/1692 1736/2307/1693 1737/2308/1694 1738/2309/1695 1739/2310/1696 1740/2311/1697 1741/2312/1698 1742/2313/1699 1743/2314/1700
f 1742/2305/1699 1744/2298/1701 1743/2315/1700
f 1743/2315/1700 1744/2298/1701 1735/2297/1692
o Cylinder.005
v 0.000000 -8.792001 0.000000
v 0.000000 -8.792001 1.080000
v -0.135764 -8.735765 0.000000
v -0.135764 -8.735765 1.080000
v -0.192000 -8.600000 0.000000
v -0.192000 -8.600000 1.080000
v -0.135764 -8.464236 0.000000
v -0.135764 -8.464236 1.080000
v 0.000000 -8.408000 0.000000
v 0.000000 -8.408000 1.080000
v 0.135764 -8.464236 0.000000
v 0.135764 -8.464236 1.080000
v 0.192000 -8.600000 0.000000
v 0.192000 -8.600000 1.080000
v 0.135764 -8.735765 0.000000
v 0.135764 -8.735765 1.080000
vn -0.0000 -0.7764 -0.6303
vn -0.0000 -0.7764 0.6303
vn -0.5490 -0.5490 -0.6303
vn -0.5490 -0.5490 0.6303
vn -0.7764 -0.0000 -0.6303
vn -0.7764 -0.0000 0.6303
vn -0.5490 0.5490 -0.6303
vn -0.5490 0.5490 0.6303
vn -0.0000 0.7764 -0.6303
vn -0.0000 0.7764 0.6303
vn 0.5490 0.5490 -0.6303
vn 0.5490 0.5490 0.6303
vn 0.7764 -0.0000 -0.6303
vn 0.7764 -0.0000 0.6303
vn 0.5490 -0.5490 -0.6303
vn 0.5490 -0.5490 0.6303
vt 1.000000 0.500000
vt 1.000000 1.000000
vt 0.875000 1.000000
vt 0.875000 0.500000
vt 0.750000 1.000000
vt 0.750000 0.500000
vt 0.625000 1.000000
vt 0.625000 0.500000
vt 0.500000 1.000000
vt 0.500000 0.500000
vt 0.375000 1.000000
vt 0.375000 0.500000
vt 0.250000 1.000000
vt 0.250000 0.500000
vt 0.419706 0.419706
vt 0.250000 0.490000
vt 0.080294 0.419706
vt 0.010000 0.250000
vt 0.080294 0.080294
vt 0.250000 0.010000
vt 0.419706 0.080294
vt 0.490000 0.250000
vt 0.125000 1.000000
vt 0.125000 0.500000
vt 0.000000 1.000000
vt 0.000000 0.500000
vt 0.750000 0.490000
vt 0.919706 0.419706
vt 0.990000 0.250000
vt 0.919706 0.080294
vt 0.750000 0.010000
vt 0.580294 0.080294
vt 0.510000 0.250000
vt 0.580294 0.419706
s 1
usemtl Trunk.004
f 1745/2316/1702 1746/2317/1703 1748/2318/1705 1747/2319/1704
f 1747/2319/1704 1748/2318/1705 1750/2320/1707 1749/2321/1706
f 1749/2321/1706 1750/2320/1707 1752/2322/1709 1751/2323/1708
f 1751/2323/1708 1752/2322/1709 1754/2324/1711 1753/2325/1710
f 1753/2325/1710 1754/2324/1711 1756/2326/1713 1755/2327/1712
f 1755/2327/1712 1756/2326/1713 1758/2328/1715 1757/2329/1714
f 1748/2330/1705 1746/2331/1703 1760/2332/1717 1758/2333/1715 1756/2334/1713 1754/2335/1711 1752/2336/1709 1750/2337/1707
f 1757/2329/1714 1758/2328/1715 1760/2338/1717 1759/2339/1716
f 1759/2339/1716 1760/2338/1717 1746/2340/1703 1745/2341/1702
f 1745/2342/1702 1747/2343/1704 1749/2344/1706 1751/2345/1708 1753/2346/1710 1755/2347/1712 1757/2348/1714 1759/2349/1716
o Cone.014
v 0.000000 -9.800000 0.780000
v -0.771345 -9.519254 0.780000
v -1.181769 -8.808378 0.780000
v -1.039230 -8.000000 0.780000
v -0.410424 -7.472369 0.780000
v 0.410424 -7.472369 0.780000
v 1.039230 -8.000000 0.780000
v 1.181769 -8.808378 0.780000
v 0.771345 -9.519254 0.780000
v 0.000000 -8.600000 1.980000
vn -0.0000 -0.9453 -0.3261
vn -0.6077 -0.7242 -0.3261
vn -0.9310 -0.1642 -0.3261
vn -0.8187 0.4727 -0.3261
vn -0.3233 0.8883 -0.3261
vn 0.3233 0.8883 -0.3261
vn 0.8187 0.4727 -0.3261
vn 0.9310 -0.1642 -0.3261
vn 0.6077 -0.7242 -0.3261
vn -0.0000 -0.0000 1.0000
vt 0.250000 0.490000
vt 0.250000 0.250000
vt 0.404269 0.433851
vt 0.486354 0.291676
vt 0.457846 0.130000
vt 0.332085 0.024474
vt 0.167915 0.024474
vt 0.042154 0.130000
vt 0.013646 0.291676
vt 0.750000 0.490000
vt 0.904269 0.433851
vt 0.986354 0.291676
vt 0.957846 0.130000
vt 0.832085 0.024474
vt 0.667915 0.024474
vt 0.542154 0.130000
vt 0.513646 0.291676
vt 0.595731 0.433851
vt 0.095731 0.433851
s 1
usemtl Leaf.012
f 1761/2350/1718 1770/2351/1727 1762/2352/1719
f 1762/2352/1719 1770/2351/1727 1763/2353/1720
f 1763/2353/1720 1770/2351/1727 1764/2354/1721
f 1764/2354/1721 1770/2351/1727 1765/2355/1722
f 1765/2355/1722 1770/2351/1727 1766/2356/1723
f 1766/2356/1723 1770/2351/1727 1767/2357/1724
f 1767/2357/1724 1770/2351/1727 1768/2358/1725
f 1761/2359/1718 1762/2360/1719 1763/2361/1720 1764/2362/1721 1765/2363/1722 1766/2364/1723 1767/2365/1724 1768/2366/1725 1769/2367/1726
f 1768/2358/1725 1770/2351/1727 1769/2368/1726
f 1769/2368/1726 1770/2351/1727 1761/2350/1718
o Cone.015
v 0.000000 -9.536000 1.500000
v -0.601649 -9.317018 1.500000
v -0.921780 -8.762535 1.500000
v -0.810600 -8.132000 1.500000
v -0.320131 -7.720448 1.500000
v 0.320131 -7.720448 1.500000
v 0.810600 -8.132000 1.500000
v 0.921780 -8.762535 1.500000
v 0.601649 -9.317018 1.500000
v 0.000000 -8.600000 2.700000
vn -0.0000 -0.9265 -0.3764
vn -0.5955 -0.7097 -0.3764
vn -0.9124 -0.1609 -0.3764
vn -0.8023 0.4632 -0.3764
vn -0.3169 0.8706 -0.3764
vn 0.3169 0.8706 -0.3764
vn 0.8023 0.4632 -0.3764
vn 0.9124 -0.1609 -0.3764
vn 0.5955 -0.7097 -0.3764
vn -0.0000 -0.0000 1.0000
vt 0.250000 0.490000
vt 0.250000 0.250000
vt 0.404269 0.433851
vt 0.486354 0.291676
vt 0.457846 0.130000
vt 0.332085 0.024474
vt 0.167915 0.024474
vt 0.042154 0.130000
vt 0.013646 0.291676
vt 0.750000 0.490000
vt 0.904269 0.433851
vt 0.986354 0.291676
vt 0.957846 0.130000
vt 0.832085 0.024474
vt 0.667915 0.024474
vt 0.542154 0.130000
vt 0.513646 0.291676
vt 0.595731 0.433851
vt 0.095731 0.433851
s 1
usemtl Leaf.013
f 1771/2369/1728 1780/2370/1737 1772/2371/1729
f 1772/2371/1729 1780/2370/1737 1773/2372/1730
f 1773/2372/1730 1780/2370/1737 1774/2373/1731
f 1774/2373/1731 1780/2370/1737 1775/2374/1732
f 1775/2374/1732 1780/2370/1737 1776/2375/1733
f 1776/2375/1733 1780/2370/1737 1777/2376/1734
f 1777/2376/1734 1780/2370/1737 1778/2377/1735
f 1771/2378/1728 1772/2379/1729 1773/2380/1730 1774/2381/1731 1775/2382/1732 1776/2383/1733 1777/2384/1734 1778/2385/1735 1779/2386/1736
f 1778/2377/1735 1780/2370/1737 1779/2387/1736
f 1779/2387/1736 1780/2370/1737 1771/2369/1728
o Cone.016
v 0.000000 -9.200001 2.160000
v -0.385673 -9.059628 2.160000
v -0.590885 -8.704189 2.160000
v -0.519615 -8.300000 2.160000
v -0.205212 -8.036184 2.160000
v 0.205212 -8.036184 2.160000
v 0.519615 -8.300000 2.160000
v 0.590885 -8.704189 2.160000
v 0.385673 -9.059628 2.160000
v 0.000000 -8.600000 3.360000
vn -0.0000 -0.8896 -0.4568
vn -0.5718 -0.6814 -0.4568
vn -0.8760 -0.1545 -0.4568
vn -0.7704 0.4448 -0.4568
vn -0.3042 0.8359 -0.4568
vn 0.3042 0.8359 -0.4568
vn 0.7704 0.4448 -0.4568
vn 0.8760 -0.1545 -0.4568
vn 0.5718 -0.6814 -0.4568
vn -0.0000 -0.0000 1.0000
vt 0.250000 0.490000
vt 0.250000 0.250000
vt 0.404269 0.433851
vt 0.486354 0.291676
vt 0.457846 0.130000
vt 0.332085 0.024474
vt 0.167915 0.024474
vt 0.042154 0.130000
vt 0.013646 0.291676
vt 0.750000 0.490000
vt 0.904269 0.433851
vt 0.986354 0.291676
vt 0.957846 0.130000
vt 0.832085 0.024474
vt 0.667915 0.024474
vt 0.542154 0.130000
vt 0.513646 0.291676
vt 0.595731 0.433851
vt 0.095731 0.433851
s 1
usemtl Leaf.014
f 1781/2388/1738 1790/2389/1747 1782/2390/1739
f 1782/2390/1739 1790/2389/1747 1783/2391/1740
f 1783/2391/1740 1790/2389/1747 1784/2392/1741
f 1784/2392/1741 1790/2389/1747 1785/2393/1742
f 1785/2393/1742 1790/2389/1747 1786/2394/1743
f 1786/2394/1743 1790/2389/1747 1787/2395/1744
f 1787/2395/1744 1790/2389/1747 1788/2396/1745
f 1781/2397/1738 1782/2398/1739 1783/2399/1740 1784/2400/1741 1785/2401/1742 1786/2402/1743 1787/2403/1744 1788/2404/1745 1789/2405/1746
f 1788/2396/1745 1790/2389/1747 1789/2406/1746
f 1789/2406/1746 1790/2389/1747 1781/2388/1738
o Cylinder.006
v 7.000000 -8.344000 0.000000
v 7.000000 -8.344000 0.810000
v 6.898177 -8.301824 0.000000
v 6.898177 -8.301824 0.810000
v 6.856000 -8.200000 0.000000
v 6.856000 -8.200000 0.810000
v 6.898177 -8.098176 0.000000
v 6.898177 -8.098176 0.810000
v 7.000000 -8.056000 0.000000
v 7.000000 -8.056000 0.810000
v 7.101823 -8.098176 0.000000
v 7.101823 -8.098176 0.810000
v 7.144000 -8.200000 0.000000
v 7.144000 -8.200000 0.810000
v 7.101823 -8.301824 0.000000
v 7.101823 -8.301824 0.810000
vn -0.0000 -0.7764 -0.6303
vn -0.0000 -0.7764 0.6303
vn -0.5490 -0.5490 -0.6303
vn -0.5490 -0.5490 0.6303
vn -0.7764 -0.0000 -0.6303
vn -0.7764 -0.0000 0.6303
vn -0.5490 0.5490 -0.6303
vn -0.5490 0.5490 0.6303
vn -0.0000 0.7764 -0.6303
vn -0.0000 0.7764 0.6303
vn 0.5490 0.5490 -0.6303
vn 0.5490 0.5490 0.6303
vn 0.7764 -0.0000 -0.6303
vn 0.7764 -0.0000 0.6303
vn 0.5490 -0.5490 -0.6303
vn 0.5490 -0.5490 0.6303
vt 1.000000 0.500000
vt 1.000000 1.000000
vt 0.875000 1.000000
vt 0.875000 0.500000
vt 0.750000 1.000000
vt 0.750000 0.500000
vt 0.625000 1.000000
vt 0.625000 0.500000
vt 0.500000 1.000000
vt 0.500000 0.500000
vt 0.375000 1.000000
vt 0.375000 0.500000
vt 0.250000 1.000000
vt 0.250000 0.500000
vt 0.419706 0.419706
vt 0.250000 0.490000
vt 0.080294 0.419706
vt 0.010000 0.250000
vt 0.080294 0.080294
vt 0.250000 0.010000
vt 0.419706 0.080294
vt 0.490000 0.250000
vt 0.125000 1.000000
vt 0.125000 0.500000
vt 0.000000 1.000000
vt 0.000000 0.500000
vt 0.750000 0.490000
vt 0.919706 0.419706
vt 0.990000 0.250000
vt 0.919706 0.080294
vt 0.750000 0.010000
vt 0.580294 0.080294
vt 0.510000 0.250000
vt 0.580294 0.419706
s 1
usemtl Trunk.005
f 1791/2407/1748 1792/2408/1749 1794/2409/1751 1793/2410/1750
f 1793/2410/1750 1794/2409/1751 1796/2411/1753 1795/2412/1752
f 1795/2412/1752 1796/2411/1753 1798/2413/1755 1797/2414/1754
f 1797/2414/1754 1798/2413/1755 1800/2415/1757 1799/2416/1756
f 1799/2416/1756 1800/2415/1757 1802/2417/1759 1801/2418/1758
f 1801/2418/1758 1802/2417/1759 1804/2419/1761 1803/2420/1760
f 1794/2421/1751 1792/2422/1749 1806/2423/1763 1804/2424/1761 1802/2425/1759 1800/2426/1757 1798/2427/1755 1796/2428/1753
f 1803/2420/1760 1804/2419/1761 1806/2429/1763 1805/2430/1762
f 1805/2430/1762 1806/2429/1763 1792/2431/1749 1791/2432/1748
f 1791/2433/1748 1793/2434/1750 1795/2435/1752 1797/2436/1754 1799/2437/1756 1801/2438/1758 1803/2439/1760 1805/2440/1762
o Cone.017
v 7.000000 -9.099999 0.585000
v 6.421491 -8.889440 0.585000
v 6.113673 -8.356283 0.585000
v 6.220577 -7.750000 0.585000
v 6.692182 -7.354277 0.585000
v 7.307818 -7.354277 0.585000
v 7.779423 -7.750000 0.585000
v 7.886327 -8.356283 0.585000
v 7.578509 -8.889440 0.585000
v 7.000000 -8.200000 1.485000
vn -0.0000 -0.9453 -0.3261
vn -0.6077 -0.7242 -0.3261
vn -0.9310 -0.1642 -0.3261
vn -0.8187 0.4727 -0.3261
vn -0.3233 0.8883 -0.3261
vn 0.3233 0.8883 -0.3261
vn 0.8187 0.4727 -0.3261
vn 0.9310 -0.1642 -0.3261
vn 0.6077 -0.7242 -0.3261
vn -0.0000 -0.0000 1.0000
vt 0.250000 0.490000
vt 0.250000 0.250000
vt 0.404269 0.433851
vt 0.486354 0.291676
vt 0.457846 0.130000
vt 0.332085 0.024474
vt 0.167915 0.024474
vt 0.042154 0.130000
vt 0.013646 0.291676
vt 0.750000 0.490000
vt 0.904269 0.433851
vt 0.986354 0.291676
vt 0.957846 0.130000
vt 0.832085 0.024474
vt 0.667915 0.024474
vt 0.542154 0.130000
vt 0.513646 0.291676
vt 0.595731 0.433851
vt 0.095731 0.433851
s 1
usemtl Leaf.015
f 1807/2441/1764 1816/2442/1773 1808/2443/1765
f 1808/2443/1765 1816/2442/1773 1809/2444/1766
f 1809/2444/1766 1816/2442/1773 1810/2445/1767
f 1810/2445/1767 1816/2442/1773 1811/2446/1768
f 1811/2446/1768 1816/2442/1773 1812/2447/1769
f 1812/2447/1769 1816/2442/1773 1813/2448/1770
f 1813/2448/1770 1816/2442/1773 1814/2449/1771
f 1807/2450/1764 1808/2451/1765 1809/2452/1766 1810/2453/1767 1811/2454/1768 1812/2455/1769 1813/2456/1770 1814/2457/1771 1815/2458/1772
f 1814/2449/1771 1816/2442/1773 1815/2459/1772
f 1815/2459/1772 1816/2442/1773 1807/2441/1764
o Cone.018
v 7.000000 -8.901999 1.125000
v 6.548763 -8.737763 1.125000
v 6.308665 -8.321901 1.125000
v 6.392050 -7.849000 1.125000
v 6.759902 -7.540336 1.125000
v 7.240098 -7.540336 1.125000
v 7.607950 -7.849000 1.125000
v 7.691335 -8.321901 1.125000
v 7.451237 -8.737763 1.125000
v 7.000000 -8.200000 2.025000
vn -0.0000 -0.9265 -0.3764
vn -0.5955 -0.7097 -0.3764
vn -0.9124 -0.1609 -0.3764
vn -0.8023 0.4632 -0.3764
vn -0.3169 0.8706 -0.3764
vn 0.3169 0.8706 -0.3764
vn 0.8023 0.4632 -0.3764
vn 0.9124 -0.1609 -0.3764
vn 0.5955 -0.7097 -0.3764
vn -0.0000 -0.0000 1.0000
vt 0.250000 0.490000
vt 0.250000 0.250000
vt 0.404269 0.433851
vt 0.486354 0.291676
vt 0.457846 0.130000
vt 0.332085 0.024474
vt 0.167915 0.024474
vt 0.042154 0.130000
vt 0.013646 0.291676
vt 0.750000 0.490000
vt 0.904269 0.433851
vt 0.986354 0.291676
vt 0.957846 0.130000
vt 0.832085 0.024474
vt 0.667915 0.024474
vt 0.542154 0.130000
vt 0.513646 0.291676
vt 0.595731 0.433851
vt 0.095731 0.433851
s 1
usemtl Leaf.016
f 1817/2460/1774 1826/2461/1783 1818/2462/1775
f 1818/2462/1775 1826/2461/1783 1819/2463/1776
f 1819/2463/1776 1826/2461/1783 1820/2464/1777
f 1820/2464/1777 1826/2461/1783 1821/2465/1778
f 1821/2465/1778 1826/2461/1783 1822/2466/1779
f 1822/2466/1779 1826/2461/1783 1823/2467/1780
f 1823/2467/1780 1826/2461/1783 1824/2468/1781
f 1817/2469/1774 1818/2470/1775 1819/2471/1776 1820/2472/1777 1821/2473/1778 1822/2474/1779 1823/2475/1780 1824/2476/1781 1825/2477/1782
f 1824/2468/1781 1826/2461/1783 1825/2478/1782
f 1825/2478/1782 1826/2461/1783 1817/2460/1774
o Cone.019
v 7.000000 -8.650000 1.620000
v 6.710746 -8.544720 1.620000
v 6.556837 -8.278141 1.620000
v 6.610289 -7.975000 1.620000
v 6.846091 -7.777138 1.620000
v 7.153909 -7.777138 1.620000
v 7.389711 -7.975000 1.620000
v 7.443163 -8.278141 1.620000
v 7.289254 -8.544720 1.620000
v 7.000000 -8.200000 2.520000
vn -0.0000 -0.8896 -0.4568
vn -0.5718 -0.6814 -0.4568
vn -0.8760 -0.1545 -0.4568
vn -0.7704 0.4448 -0.4568
vn -0.3042 0.8359 -0.4568
vn 0.3042 0.8359 -0.4568
vn 0.7704 0.4448 -0.4568
vn 0.8760 -0.1545 -0.4568
vn 0.5718 -0.6814 -0.4568
vn -0.0000 -0.0000 1.0000
vt 0.250000 0.490000
vt 0.250000 0.250000
vt 0.404269 0.433851
vt 0.486354 0.291676
vt 0.457846 0.130000
vt 0.332085 0.024474
vt 0.167915 0.024474
vt 0.042154 0.130000
vt 0.013646 0.291676
vt 0.750000 0.490000
vt 0.904269 0.433851
vt 0.986354 0.291676
vt 0.957846 0.130000
vt 0.832085 0.024474
vt 0.667915 0.024474
vt 0.542154 0.130000
vt 0.513646 0.291676
vt 0.595731 0.433851
vt 0.095731 0.433851
s 1
usemtl Leaf.017
f 1827/2479/1784 1836/2480/1793 1828/2481/1785
f 1828/2481/1785 1836/2480/1793 1829/2482/1786
f 1829/2482/1786 1836/2480/1793 1830/2483/1787
f 1830/2483/1787 1836/2480/1793 1831/2484/1788
f 1831/2484/1788 1836/2480/1793 1832/2485/1789
f 1832/2485/1789 1836/2480/1793 1833/2486/1790
f 1833/2486/1790 1836/2480/1793 1834/2487/1791
f 1827/2488/1784 1828/2489/1785 1829/2490/1786 1830/2491/1787 1831/2492/1788 1832/2493/1789 1833/2494/1790 1834/2495/1791 1835/2496/1792
f 1834/2487/1791 1836/2480/1793 1835/2497/1792
f 1835/2497/1792 1836/2480/1793 1827/2479/1784
o Cylinder.007
v -7.500000 -8.559999 0.000000
v -7.500000 -8.559999 0.900000
v -7.613137 -8.513137 0.000000
v -7.613137 -8.513137 0.900000
v -7.660000 -8.400000 0.000000
v -7.660000 -8.400000 0.900000
v -7.613137 -8.286862 0.000000
v -7.613137 -8.286862 0.900000
v -7.500000 -8.240000 0.000000
v -7.500000 -8.240000 0.900000
v -7.386863 -8.286862 0.000000
v -7.386863 -8.286862 0.900000
v -7.340000 -8.400000 0.000000
v -7.340000 -8.400000 0.900000
v -7.386863 -8.513137 0.000000
v -7.386863 -8.513137 0.900000
vn -0.0000 -0.7764 -0.6303
vn -0.0000 -0.7764 0.6303
vn -0.5490 -0.5490 -0.6303
vn -0.5490 -0.5490 0.6303
vn -0.7764 -0.0000 -0.6303
vn -0.7764 -0.0000 0.6303
vn -0.5490 0.5490 -0.6303
vn -0.5490 0.5490 0.6303
vn -0.0000 0.7764 -0.6303
vn -0.0000 0.7764 0.6303
vn 0.5490 0.5490 -0.6303
vn 0.5490 0.5490 0.6303
vn 0.7764 -0.0000 -0.6303
vn 0.7764 -0.0000 0.6303
vn 0.5490 -0.5490 -0.6303
vn 0.5490 -0.5490 0.6303
vt 1.000000 0.500000
vt 1.000000 1.000000
vt 0.875000 1.000000
vt 0.875000 0.500000
vt 0.750000 1.000000
vt 0.750000 0.500000
vt 0.625000 1.000000
vt 0.625000 0.500000
vt 0.500000 1.000000
vt 0.500000 0.500000
vt 0.375000 1.000000
vt 0.375000 0.500000
vt 0.250000 1.000000
vt 0.250000 0.500000
vt 0.419706 0.419706
vt 0.250000 0.490000
vt 0.080294 0.419706
vt 0.010000 0.250000
vt 0.080294 0.080294
vt 0.250000 0.010000
vt 0.419706 0.080294
vt 0.490000 0.250000
vt 0.125000 1.000000
vt 0.125000 0.500000
vt 0.000000 1.000000
vt 0.000000 0.500000
vt 0.750000 0.490000
vt 0.919706 0.419706
vt 0.990000 0.250000
vt 0.919706 0.080294
vt 0.750000 0.010000
vt 0.580294 0.080294
vt 0.510000 0.250000
vt 0.580294 0.419706
s 1
usemtl Trunk.006
f 1837/2498/1794 1838/2499/1795 1840/2500/1797 1839/2501/1796
f 1839/2501/1796 1840/2500/1797 1842/2502/1799 1841/2503/1798
f 1841/2503/1798 1842/2502/1799 1844/2504/1801 1843/2505/1800
f 1843/2505/1800 1844/2504/1801 1846/2506/1803 1845/2507/1802
f 1845/2507/1802 1846/2506/1803 1848/2508/1805 1847/2509/1804
f 1847/2509/1804 1848/2508/1805 1850/2510/1807 1849/2511/1806
f 1840/2512/1797 1838/2513/1795 1852/2514/1809 1850/2515/1807 1848/2516/1805 1846/2517/1803 1844/2518/1801 1842/2519/1799
f 1849/2511/1806 1850/2510/1807 1852/2520/1809 1851/2521/1808
f 1851/2521/1808 1852/2520/1809 1838/2522/1795 1837/2523/1794
f 1837/2524/1794 1839/2525/1796 1841/2526/1798 1843/2527/1800 1845/2528/1802 1847/2529/1804 1849/2530/1806 1851/2531/1808
o Cone.020
v -7.500000 -9.400000 0.650000
v -8.142788 -9.166044 0.650000
v -8.484808 -8.573647 0.650000
v -8.366025 -7.900000 0.650000
v -7.842020 -7.460307 0.650000
v -7.157980 -7.460307 0.650000
v -6.633975 -7.900000 0.650000
v -6.515192 -8.573647 0.650000
v -6.857213 -9.166044 0.650000
v -7.500000 -8.400000 1.650000
vn -0.0000 -0.9453 -0.3261
vn -0.6077 -0.7242 -0.3261
vn -0.9310 -0.1642 -0.3261
vn -0.8187 0.4727 -0.3261
vn -0.3233 0.8883 -0.3261
vn 0.3233 0.8883 -0.3261
vn 0.8187 0.4727 -0.3261
vn 0.9310 -0.1642 -0.3261
vn 0.6077 -0.7242 -0.3261
vn -0.0000 -0.0000 1.0000
vt 0.250000 0.490000
vt 0.250000 0.250000
vt 0.404269 0.433851
vt 0.486354 0.291676
vt 0.457846 0.130000
vt 0.332085 0.024474
vt 0.167915 0.024474
vt 0.042154 0.130000
vt 0.013646 0.291676
vt 0.750000 0.490000
vt 0.904269 0.433851
vt 0.986354 0.291676
vt 0.957846 0.130000
vt 0.832085 0.024474
vt 0.667915 0.024474
vt 0.542154 0.130000
vt 0.513646 0.291676
vt 0.595731 0.433851
vt 0.095731 0.433851
s 1
usemtl Leaf.018
f 1853/2532/1810 1862/2533/1819 1854/2534/1811
f 1854/2534/1811 1862/2533/1819 1855/2535/1812
f 1855/2535/1812 1862/2533/1819 1856/2536/1813
f 1856/2536/1813 1862/2533/1819 1857/2537/1814
f 1857/2537/1814 1862/2533/1819 1858/2538/1815
f 1858/2538/1815 1862/2533/1819 1859/2539/1816
f 1859/2539/1816 1862/2533/1819 1860/2540/1817
f 1853/2541/1810 1854/2542/1811 1855/2543/1812 1856/2544/1813 1857/2545/1814 1858/2546/1815 1859/2547/1816 1860/2548/1817 1861/2549/1818
f 1860/2540/1817 1862/2533/1819 1861/2550/1818
f 1861/2550/1818 1862/2533/1819 1853/2532/1810
o Cone.021
v -7.500000 -9.179999 1.250000
v -8.001374 -8.997515 1.250000
v -8.268150 -8.535445 1.250000
v -8.175500 -8.009999 1.250000
v -7.766776 -7.667039 1.250000
v -7.233224 -7.667039 1.250000
v -6.824500 -8.009999 1.250000
v -6.731850 -8.535445 1.250000
v -6.998626 -8.997515 1.250000
v -7.500000 -8.400000 2.250000
vn -0.0000 -0.9265 -0.3764
vn -0.5955 -0.7097 -0.3764
vn -0.9124 -0.1609 -0.3764
vn -0.8023 0.4632 -0.3764
vn -0.3169 0.8706 -0.3764
vn 0.3169 0.8706 -0.3764
vn 0.8023 0.4632 -0.3764
vn 0.9124 -0.1609 -0.3764
vn 0.5955 -0.7097 -0.3764
vn -0.0000 -0.0000 1.0000
vt 0.250000 0.490000
vt 0.250000 0.250000
vt 0.404269 0.433851
vt 0.486354 0.291676
vt 0.457846 0.130000
vt 0.332085 0.024474
vt 0.167915 0.024474
vt 0.042154 0.130000
vt 0.013646 0.291676
vt 0.750000 0.490000
vt 0.904269 0.433851
vt 0.986354 0.291676
vt 0.957846 0.130000
vt 0.832085 0.024474
vt 0.667915 0.024474
vt 0.542154 0.130000
vt 0.513646 0.291676
vt 0.595731 0.433851
vt 0.095731 0.433851
s 1
usemtl Leaf.019
f 1863/2551/1820 1872/2552/1829 1864/2553/1821
f 1864/2553/1821 1872/2552/1829 1865/2554/1822
f 1865/2554/1822 1872/2552/1829 1866/2555/1823
f 1866/2555/1823 1872/2552/1829 1867/2556/1824
f 1867/2556/1824 1872/2552/1829 1868/2557/1825
f 1868/2557/1825 1872/2552/1829 1869/2558/1826
f 1869/2558/1826 1872/2552/1829 1870/2559/1827
f 1863/2560/1820 1864/2561/1821 1865/2562/1822 1866/2563/1823 1867/2564/1824 1868/2565/1825 1869/2566/1826 1870/2567/1827 1871/2568/1828
f 1870/2559/1827 1872/2552/1829 1871/2569/1828
f 1871/2569/1828 1872/2552/1829 1863/2551/1820
o Cone.022
v -7.500000 -8.900000 1.800000
v -7.821394 -8.783022 1.800000
v -7.992404 -8.486824 1.800000
v -7.933012 -8.150000 1.800000
v -7.671010 -7.930153 1.800000
v -7.328990 -7.930153 1.800000
v -7.066988 -8.150000 1.800000
v -7.007596 -8.486824 1.800000
v -7.178606 -8.783022 1.800000
v -7.500000 -8.400000 2.800000
vn -0.0000 -0.8896 -0.4568
vn -0.5718 -0.6814 -0.4568
vn -0.8760 -0.1545 -0.4568
vn -0.7704 0.4448 -0.4568
vn -0.3042 0.8359 -0.4568
vn 0.3042 0.8359 -0.4568
vn 0.7704 0.4448 -0.4568
vn 0.8760 -0.1545 -0.4568
vn 0.5718 -0.6814 -0.4568
vn -0.0000 -0.0000 1.0000
vt 0.250000 0.490000
vt 0.250000 0.250000
vt 0.404269 0.433851
vt 0.486354 0.291676
vt 0.457846 0.130000
vt 0.332085 0.024474
vt 0.167915 0.024474
vt 0.042154 0.130000
vt 0.013646 0.291676
vt 0.750000 0.490000
vt 0.904269 0.433851
vt 0.986354 0.291676
vt 0.957846 0.130000
vt 0.832085 0.024474
vt 0.667915 0.024474
vt 0.542154 0.130000
vt 0.513646 0.291676
vt 0.595731 0.433851
vt 0.095731 0.433851
s 1
usemtl Leaf.020
f 1873/2570/1830 1882/2571/1839 1874/2572/1831
f 1874/2572/1831 1882/2571/1839 1875/2573/1832
f 1875/2573/1832 1882/2571/1839 1876/2574/1833
f 1876/2574/1833 1882/2571/1839 1877/2575/1834
f 1877/2575/1834 1882/2571/1839 1878/2576/1835
f 1878/2576/1835 1882/2571/1839 1879/2577/1836
f 1879/2577/1836 1882/2571/1839 1880/2578/1837
f 1873/2579/1830 1874/2580/1831 1875/2581/1832 1876/2582/1833 1877/2583/1834 1878/2584/1835 1879/2585/1836 1880/2586/1837 1881/2587/1838
f 1880/2578/1837 1882/2571/1839 1881/2588/1838
f 1881/2588/1838 1882/2571/1839 1873/2570/1830
o Icosphere.007
v -8.500000 7.000000 -0.120000
v -9.006520 7.294403 0.112170
v -8.306531 7.476358 0.112170
v -7.873902 7.000000 0.112170
v -8.306531 6.523642 0.112170
v -9.006520 6.705597 0.112170
v -8.693469 7.476358 0.487830
v -7.993480 7.294403 0.487830
v -7.993480 6.705597 0.487830
v -8.693469 6.523642 0.487830
v -9.126098 7.000000 0.487830
v -8.500000 7.000000 0.720000
vn -0.0008 -0.0000 -1.0000
vn -0.6876 0.5442 -0.4807
vn 0.2482 0.8457 -0.4725
vn 0.8763 -0.0000 -0.4817
vn 0.2482 -0.8457 -0.4725
vn -0.6876 -0.5442 -0.4807
vn -0.2482 0.8457 0.4725
vn 0.6876 0.5442 0.4807
vn 0.6876 -0.5442 0.4807
vn -0.2482 -0.8457 0.4725
vn -0.8763 -0.0000 0.4817
vn 0.0008 -0.0000 1.0000
vt 0.181819 0.000000
vt 0.272728 0.157461
vt 0.090910 0.157461
vt 0.363637 0.000000
vt 0.454546 0.157461
vt 0.909091 0.000000
vt 1.000000 0.157461
vt 0.818182 0.157461
vt 0.727273 0.000000
vt 0.636364 0.157461
vt 0.545455 0.000000
vt 0.363637 0.314921
vt 0.181819 0.314921
vt 0.909091 0.314921
vt 0.727273 0.314921
vt 0.545455 0.314921
vt 0.000000 0.314921
vt 0.272728 0.472382
vt 0.090910 0.472382
vt 0.818182 0.472382
vt 0.636364 0.472382
vt 0.454546 0.472382
s 1
usemtl Rock
f 1883/2589/1840 1884/2590/1841 1885/2591/1842
f 1884/2590/1841 1883/2592/1840 1888/2593/1845
f 1883/2594/1840 1885/2595/1842 1886/2596/1843
f 1883/2597/1840 1886/2596/1843 1887/2598/1844
f 1883/2599/1840 1887/2598/1844 1888/2593/1845
f 1884/2590/1841 1888/2593/1845 1893/2600/1850
f 1885/2591/1842 1884/2590/1841 1889/2601/1846
f 1886/2596/1843 1885/2595/1842 1890/2602/1847
f 1887/2598/1844 1886/2596/1843 1891/2603/1848
f 1888/2593/1845 1887/2598/1844 1892/2604/1849
f 1884/2590/1841 1893/2600/1850 1889/2601/1846
f 1885/2591/1842 1889/2601/1846 1890/2605/1847
f 1886/2596/1843 1890/2602/1847 1891/2603/1848
f 1887/2598/1844 1891/2603/1848 1892/2604/1849
f 1888/2593/1845 1892/2604/1849 1893/2600/1850
f 1889/2601/1846 1893/2600/1850 1894/2606/1851
f 1890/2605/1847 1889/2601/1846 1894/2607/1851
f 1891/2603/1848 1890/2602/1847 1894/2608/1851
f 1892/2604/1849 1891/2603/1848 1894/2609/1851
f 1893/2600/1850 1892/2604/1849 1894/2610/1851
