# Blender 5.1.2
# www.blender.org
mtllib carthabot_map_garden.mtl
o MatRim
v 14.309999 10.309999 -0.190000
v 14.309999 10.400000 -0.100000
v 14.400000 10.309999 -0.100000
v 14.309999 10.354940 -0.177976
v 14.354939 10.309999 -0.177976
v 14.353038 10.353039 -0.166297
v 14.354939 10.387976 -0.100000
v 14.309999 10.387976 -0.144941
v 14.353038 10.376296 -0.143039
v 14.387975 10.309999 -0.144941
v 14.387975 10.354940 -0.100000
v 14.376295 10.353039 -0.143039
v 14.309999 10.400000 -0.100000
v 14.309999 10.309999 -0.010000
v 14.400000 10.309999 -0.100000
v 14.309999 10.387976 -0.055059
v 14.354939 10.387976 -0.100000
v 14.353038 10.376296 -0.056961
v 14.354939 10.309999 -0.022024
v 14.309999 10.354940 -0.022024
v 14.353038 10.353039 -0.033703
v 14.387975 10.354940 -0.100000
v 14.387975 10.309999 -0.055059
v 14.376295 10.353039 -0.056961
v 14.309999 -10.309999 -0.190000
v 14.400000 -10.309999 -0.100000
v 14.309999 -10.400000 -0.100000
v 14.354939 -10.309999 -0.177976
v 14.309999 -10.354940 -0.177976
v 14.353038 -10.353039 -0.166297
v 14.387975 -10.354940 -0.100000
v 14.387975 -10.309999 -0.144941
v 14.376295 -10.353039 -0.143039
v 14.309999 -10.387976 -0.144941
v 14.354939 -10.387976 -0.100000
v 14.353038 -10.376296 -0.143039
v 14.309999 -10.309999 -0.010000
v 14.309999 -10.400000 -0.100000
v 14.400000 -10.309999 -0.100000
v 14.309999 -10.354940 -0.022024
v 14.354939 -10.309999 -0.022024
v 14.353038 -10.353039 -0.033703
v 14.354939 -10.387976 -0.100000
v 14.309999 -10.387976 -0.055059
v 14.353038 -10.376296 -0.056961
v 14.387975 -10.309999 -0.055059
v 14.387975 -10.354940 -0.100000
v 14.376295 -10.353039 -0.056961
v -14.309999 10.309999 -0.190000
v -14.400000 10.309999 -0.100000
v -14.309999 10.400000 -0.100000
v -14.354939 10.309999 -0.177976
v -14.309999 10.354940 -0.177976
v -14.353038 10.353039 -0.166297
v -14.387975 10.354940 -0.100000
v -14.387975 10.309999 -0.144941
v -14.376295 10.353039 -0.143039
v -14.309999 10.387976 -0.144941
v -14.354939 10.387976 -0.100000
v -14.353038 10.376296 -0.143039
v -14.309999 10.309999 -0.010000
v -14.309999 10.400000 -0.100000
v -14.400000 10.309999 -0.100000
v -14.309999 10.354940 -0.022024
v -14.354939 10.309999 -0.022024
v -14.353038 10.353039 -0.033703
v -14.354939 10.387976 -0.100000
v -14.309999 10.387976 -0.055059
v -14.353038 10.376296 -0.056961
v -14.387975 10.309999 -0.055059
v -14.387975 10.354940 -0.100000
v -14.376295 10.353039 -0.056961
v -14.309999 -10.309999 -0.190000
v -14.309999 -10.400000 -0.100000
v -14.400000 -10.309999 -0.100000
v -14.309999 -10.354940 -0.177976
v -14.354939 -10.309999 -0.177976
v -14.353038 -10.353039 -0.166297
v -14.354939 -10.387976 -0.100000
v -14.309999 -10.387976 -0.144941
v -14.353038 -10.376296 -0.143039
v -14.387975 -10.309999 -0.144941
v -14.387975 -10.354940 -0.100000
v -14.376295 -10.353039 -0.143039
v -14.309999 -10.309999 -0.010000
v -14.400000 -10.309999 -0.100000
v -14.309999 -10.400000 -0.100000
v -14.354939 -10.309999 -0.022024
v -14.309999 -10.354940 -0.022024
v -14.353038 -10.353039 -0.033703
v -14.387975 -10.354940 -0.100000
v -14.387975 -10.309999 -0.055059
v -14.376295 -10.353039 -0.056961
v -14.309999 -10.387976 -0.055059
v -14.354939 -10.387976 -0.100000
v -14.353038 -10.376296 -0.056961
vn 0.1296 0.1296 -0.9831
vn 0.0630 0.9896 -0.1293
vn 0.7749 0.1024 0.6238
vn 0.1216 0.4916 -0.8623
vn 0.4915 0.1216 -0.8623
vn 0.4474 0.4474 -0.7744
vn 0.3186 0.9274 0.1959
vn 0.1216 0.8623 -0.4916
vn 0.4474 0.7744 -0.4473
vn 0.8623 0.1216 -0.4916
vn 0.6618 0.3723 0.6507
vn 0.7744 0.4473 -0.4474
vn 0.0630 0.9896 0.1293
vn 0.1296 0.1296 0.9831
vn 0.5941 0.0785 0.8006
vn 0.1216 0.8623 0.4916
vn 0.2863 0.8334 0.4727
vn 0.4473 0.7744 0.4473
vn 0.4915 0.1216 0.8623
vn 0.1216 0.4916 0.8623
vn 0.4473 0.4474 0.7744
vn 0.5152 0.2898 0.8066
vn 0.8623 0.1216 0.4916
vn 0.7744 0.4474 0.4474
vn 0.1296 -0.1296 -0.9831
vn 0.7749 -0.1025 0.6238
vn 0.0630 -0.9896 -0.1293
vn 0.4915 -0.1216 -0.8623
vn 0.1216 -0.4915 -0.8623
vn 0.4474 -0.4473 -0.7744
vn 0.6618 -0.3723 0.6507
vn 0.8623 -0.1216 -0.4916
vn 0.7744 -0.4474 -0.4474
vn 0.1216 -0.8623 -0.4916
vn 0.3186 -0.9274 0.1959
vn 0.4474 -0.7744 -0.4474
vn 0.1296 -0.1296 0.9831
vn 0.0630 -0.9896 0.1293
vn 0.5941 -0.0785 0.8006
vn 0.1216 -0.4916 0.8623
vn 0.4915 -0.1216 0.8623
vn 0.4473 -0.4474 0.7744
vn 0.2863 -0.8334 0.4727
vn 0.1216 -0.8623 0.4916
vn 0.4473 -0.7744 0.4473
vn 0.8623 -0.1216 0.4916
vn 0.5152 -0.2898 0.8066
vn 0.7744 -0.4474 0.4473
vn -0.1296 0.1296 -0.9831
vn -0.7749 0.1025 0.6238
vn -0.0630 0.9896 -0.1293
vn -0.4915 0.1216 -0.8623
vn -0.1216 0.4915 -0.8623
vn -0.4474 0.4473 -0.7744
vn -0.6618 0.3723 0.6507
vn -0.8623 0.1216 -0.4916
vn -0.7744 0.4474 -0.4474
vn -0.1216 0.8623 -0.4916
vn -0.3186 0.9274 0.1959
vn -0.4474 0.7744 -0.4474
vn -0.1296 0.1296 0.9831
vn -0.0630 0.9896 0.1293
vn -0.5941 0.0785 0.8006
vn -0.1216 0.4916 0.8623
vn -0.4915 0.1216 0.8623
vn -0.4473 0.4474 0.7744
vn -0.2863 0.8334 0.4727
vn -0.1216 0.8623 0.4916
vn -0.4473 0.7744 0.4473
vn -0.8623 0.1216 0.4916
vn -0.5152 0.2898 0.8066
vn -0.7744 0.4474 0.4473
vn -0.1296 -0.1296 -0.9831
vn -0.0630 -0.9896 -0.1293
vn -0.7749 -0.1024 0.6238
vn -0.1216 -0.4916 -0.8623
vn -0.4915 -0.1216 -0.8623
vn -0.4474 -0.4474 -0.7744
vn -0.3186 -0.9274 0.1959
vn -0.1216 -0.8623 -0.4916
vn -0.4474 -0.7744 -0.4473
vn -0.8623 -0.1216 -0.4916
vn -0.6618 -0.3723 0.6507
vn -0.7744 -0.4473 -0.4474
vn -0.1296 -0.1296 0.9831
vn -0.5941 -0.0785 0.8006
vn -0.0630 -0.9896 0.1293
vn -0.4915 -0.1216 0.8623
vn -0.1216 -0.4916 0.8623
vn -0.4473 -0.4474 0.7744
vn -0.5152 -0.2898 0.8066
vn -0.8623 -0.1216 0.4916
vn -0.7744 -0.4474 0.4474
vn -0.1216 -0.8623 0.4916
vn -0.2863 -0.8334 0.4727
vn -0.4473 -0.7744 0.4473
vt 0.125781 0.748918
vt 0.125781 0.749458
vt 0.125408 0.749436
vt 0.125391 0.748918
vt 0.125781 0.750000
vt 0.125408 0.750000
vt 0.500000 0.999219
vt 0.500000 1.000000
vt 0.375000 0.999592
vt 0.375000 0.999219
vt 0.500000 0.000000
vt 0.500000 0.000542
vt 0.375000 0.000564
vt 0.375000 0.000000
vt 0.500000 0.001082
vt 0.375000 0.001082
vt 0.125000 0.748918
vt 0.125000 0.749436
vt 0.500000 0.999219
vt 0.562418 0.999219
vt 0.559776 1.000000
vt 0.625000 0.999219
vt 0.625000 1.000000
vt 0.874219 0.748918
vt 0.875000 0.748918
vt 0.875000 0.749436
vt 0.874219 0.750000
vt 0.625000 0.001082
vt 0.562418 0.001082
vt 0.559776 0.000564
vt 0.625000 0.000564
vt 0.559776 0.000000
vt 0.125781 0.501082
vt 0.125391 0.501082
vt 0.125408 0.500564
vt 0.125781 0.500542
vt 0.125000 0.501082
vt 0.125000 0.500564
vt 0.500000 0.248918
vt 0.500000 0.249458
vt 0.375000 0.249436
vt 0.375000 0.248918
vt 0.500000 0.250391
vt 0.375000 0.250408
vt 0.500000 0.250781
vt 0.375000 0.250781
vt 0.125781 0.500000
vt 0.125408 0.500000
vt 0.874219 0.501082
vt 0.874219 0.500000
vt 0.875000 0.500564
vt 0.875000 0.501082
vt 0.625000 0.250781
vt 0.562418 0.250781
vt 0.559776 0.250235
vt 0.625000 0.249624
vt 0.559776 0.249436
vt 0.562418 0.248918
vt 0.625000 0.248918
vt 0.374219 0.748918
vt 0.374609 0.748918
vt 0.374592 0.749435
vt 0.374219 0.749458
vt 0.437582 0.748918
vt 0.423866 0.749436
vt 0.500000 0.748918
vt 0.500000 0.749458
vt 0.500000 0.750391
vt 0.374796 0.750204
vt 0.500000 0.750781
vt 0.374609 0.750391
vt 0.625781 0.748918
vt 0.625391 0.750391
vt 0.625204 0.750204
vt 0.625391 0.748918
vt 0.562418 0.750781
vt 0.559776 0.750408
vt 0.559776 0.749628
vt 0.562418 0.748918
vt 0.374219 0.501082
vt 0.374219 0.500542
vt 0.374592 0.500564
vt 0.374609 0.501082
vt 0.374609 0.499609
vt 0.374796 0.499796
vt 0.500000 0.499219
vt 0.500000 0.499609
vt 0.500000 0.500542
vt 0.423866 0.500564
vt 0.500000 0.501082
vt 0.437582 0.501082
vt 0.625781 0.501082
vt 0.625391 0.501082
vt 0.625204 0.499796
vt 0.625391 0.499609
vt 0.562418 0.501082
vt 0.559776 0.500372
vt 0.559776 0.499592
vt 0.500000 0.499219
vt 0.562418 0.499219
s 1
usemtl Rim
f 1/1/1 4/2/4 6/3/6 5/4/5
f 4/2/4 8/5/8 9/6/9 6/3/6
f 2/7/2 7/8/7 9/9/9 8/10/8
f 7/11/7 11/12/11 12/13/12 9/14/9
f 3/15/3 10/16/10 12/13/12 11/12/11
f 10/17/10 5/4/5 6/3/6 12/18/12
f 6/3/6 9/6/9 12/18/12
f 13/19/13 16/20/16 18/21/18 17/8/17
f 16/20/16 20/22/20 21/23/21 18/21/18
f 14/24/14 19/25/19 21/26/21 20/27/20
f 19/28/19 23/29/23 24/30/24 21/31/21
f 15/15/15 22/12/22 24/30/24 23/29/23
f 22/12/22 17/11/17 18/32/18 24/30/24
f 18/32/18 21/31/21 24/30/24
f 25/33/25 28/34/28 30/35/30 29/36/29
f 28/34/28 32/37/32 33/38/33 30/35/30
f 26/39/26 31/40/31 33/41/33 32/42/32
f 31/40/31 35/43/35 36/44/36 33/41/33
f 27/45/27 34/46/34 36/44/36 35/43/35
f 34/47/34 29/36/29 30/35/30 36/48/36
f 30/35/30 33/38/33 36/48/36
f 37/49/37 40/50/40 42/51/42 41/52/41
f 40/53/40 44/54/44 45/55/45 42/56/42
f 38/45/38 43/43/43 45/55/45 44/54/44
f 43/43/43 47/40/47 48/57/48 45/55/45
f 39/39/39 46/58/46 48/57/48 47/40/47
f 46/58/46 41/59/41 42/56/42 48/57/48
f 42/56/42 45/55/45 48/57/48
f 49/60/49 52/61/52 54/62/54 53/63/53
f 52/61/52 56/64/56 57/65/57 54/62/54
f 50/66/50 55/67/55 57/65/57 56/64/56
f 55/67/55 59/68/59 60/69/60 57/65/57
f 51/70/51 58/71/58 60/69/60 59/68/59
f 58/71/58 53/63/53 54/62/54 60/69/60
f 54/62/54 57/65/57 60/69/60
f 61/72/61 64/73/64 66/74/66 65/75/65
f 64/73/64 68/76/68 69/77/69 66/74/66
f 62/70/62 67/68/67 69/77/69 68/76/68
f 67/68/67 71/67/71 72/78/72 69/77/69
f 63/66/63 70/79/70 72/78/72 71/67/71
f 70/79/70 65/75/65 66/74/66 72/78/72
f 66/74/66 69/77/69 72/78/72
f 73/80/73 76/81/76 78/82/78 77/83/77
f 76/81/76 80/84/80 81/85/81 78/82/78
f 74/86/74 79/87/79 81/85/81 80/84/80
f 79/87/79 83/88/83 84/89/84 81/85/81
f 75/90/75 82/91/82 84/89/84 83/88/83
f 82/91/82 77/83/77 78/82/78 84/89/84
f 78/82/78 81/85/81 84/89/84
f 85/92/85 88/93/88 90/94/90 89/95/89
f 88/93/88 92/96/92 93/97/93 90/94/90
f 86/90/86 91/88/91 93/97/93 92/96/92
f 91/88/91 95/87/95 96/98/96 93/97/93
f 87/99/87 94/100/94 96/98/96 95/87/95
f 94/100/94 89/95/89 90/94/90 96/98/96
f 90/94/90 93/97/93 96/98/96
f 25/33/25 1/1/1 5/4/5 28/34/28
f 28/34/28 5/4/5 10/17/10 32/37/32
f 32/42/32 10/16/10 3/15/3 26/39/26
f 2/7/2 13/19/13 17/8/17 7/8/7
f 7/11/7 17/11/17 22/12/22 11/12/11
f 11/12/11 22/12/22 15/15/15 3/15/3
f 14/24/14 37/49/37 41/52/41 19/25/19
f 19/28/19 41/59/41 46/58/46 23/29/23
f 23/29/23 46/58/46 39/39/39 15/15/15
f 38/45/38 27/45/27 35/43/35 43/43/43
f 43/43/43 35/43/35 31/40/31 47/40/47
f 47/40/47 31/40/31 26/39/26 39/39/39
f 73/80/73 25/33/25 29/36/29 76/81/76
f 76/81/76 29/36/29 34/47/34 80/84/80
f 80/84/80 34/46/34 27/45/27 74/86/74
f 37/49/37 85/92/85 89/95/89 40/50/40
f 40/53/40 89/95/89 94/100/94 44/54/44
f 44/54/44 94/100/94 87/99/87 38/45/38
f 86/90/86 75/90/75 83/88/83 91/88/91
f 91/88/91 83/88/83 79/87/79 95/87/95
f 95/87/95 79/87/79 74/86/74 87/99/87
f 49/60/49 73/80/73 77/83/77 52/61/52
f 52/61/52 77/83/77 82/91/82 56/64/56
f 56/64/56 82/91/82 75/90/75 50/66/50
f 85/92/85 61/72/61 65/75/65 88/93/88
f 88/93/88 65/75/65 70/79/70 92/96/92
f 92/96/92 70/79/70 63/66/63 86/90/86
f 62/70/62 51/70/51 59/68/59 67/68/67
f 67/68/67 59/68/59 55/67/55 71/67/71
f 71/67/71 55/67/55 50/66/50 63/66/63
f 1/1/1 49/60/49 53/63/53 4/2/4
f 4/2/4 53/63/53 58/71/58 8/5/8
f 8/10/8 58/71/58 51/70/51 2/7/2
f 61/72/61 14/24/14 20/27/20 64/73/64
f 64/73/64 20/22/20 16/20/16 68/76/68
f 68/76/68 16/20/16 13/19/13 62/70/62
f 25/33/25 73/80/73 49/60/49 1/1/1
f 3/15/3 15/15/15 39/39/39 26/39/26
f 51/70/51 62/70/62 13/19/13 2/7/2
f 85/92/85 37/49/37 14/24/14 61/72/61
f 27/45/27 38/45/38 87/99/87 74/86/74
f 75/90/75 86/90/86 63/66/63 50/66/50
o PlayMat
v 14.000000 10.000000 0.000000
v -14.000000 10.000000 0.000000
v 14.000000 -10.000000 0.000000
v -14.000000 -10.000000 0.000000
vn -0.0000 -0.0000 1.0000
vt 0.000000 0.000000
vt 1.000000 0.000000
vt 1.000000 1.000000
vt 0.000000 1.000000
s 1
usemtl MatColor
f 97/101/97 98/102/97 100/103/97 99/104/97
o LineLoop
v -8.919098 0.000000 0.108778
v -8.969098 0.000000 0.145106
v -9.030902 0.000000 0.145106
v -9.080902 0.000000 0.108779
v -9.100000 -0.000000 0.050000
v -9.080902 -0.000000 -0.008779
v -9.030902 -0.000000 -0.045106
v -8.969098 -0.000000 -0.045106
v -8.919098 0.000000 -0.008778
v -8.900000 0.000000 0.050000
v -8.829537 -0.778883 0.108778
v -8.878273 -0.790057 0.145106
v -8.938513 -0.803869 0.145106
v -8.987248 -0.815043 0.108779
v -9.005864 -0.819311 0.050000
v -8.987248 -0.815043 -0.008779
v -8.938513 -0.803869 -0.045106
v -8.878273 -0.790057 -0.045106
v -8.829537 -0.778883 -0.008778
v -8.810922 -0.774615 0.050000
v -8.562178 -1.543377 0.108778
v -8.607454 -1.564591 0.145106
v -8.663420 -1.590813 0.145106
v -8.708696 -1.612027 0.108779
v -8.725990 -1.620130 0.050000
v -8.708696 -1.612027 -0.008779
v -8.663420 -1.590813 -0.045106
v -8.607454 -1.564591 -0.045106
v -8.562178 -1.543377 -0.008778
v -8.544884 -1.535274 0.050000
v -8.121325 -2.278652 0.108779
v -8.161721 -2.308115 0.145106
v -8.211656 -2.344533 0.145106
v -8.252052 -2.373996 0.108779
v -8.267483 -2.385250 0.050000
v -8.252052 -2.373996 -0.008779
v -8.211656 -2.344533 -0.045106
v -8.161721 -2.308115 -0.045106
v -8.121325 -2.278652 -0.008778
v -8.105894 -2.267398 0.050000
v -7.514848 -2.969621 0.108779
v -7.549726 -3.005447 0.145106
v -7.592838 -3.049730 0.145106
v -7.627716 -3.085557 0.108779
v -7.641038 -3.099241 0.050000
v -7.627716 -3.085557 -0.008779
v -7.592838 -3.049730 -0.045106
v -7.549726 -3.005447 -0.045106
v -7.514848 -2.969621 -0.008778
v -7.501525 -2.955936 0.050000
v -6.754409 -3.601614 0.108779
v -6.783665 -3.642161 0.145106
v -6.819828 -3.692280 0.145106
v -6.849084 -3.732827 0.108779
v -6.860259 -3.748314 0.050000
v -6.849084 -3.732827 -0.008779
v -6.819828 -3.692280 -0.045106
v -6.783665 -3.642161 -0.045106
v -6.754409 -3.601614 -0.008778
v -6.743234 -3.586126 0.050000
v -5.855227 -4.161055 0.108779
v -5.879033 -4.205024 0.145106
v -5.908460 -4.259372 0.145106
v -5.932266 -4.303340 0.108778
v -5.941360 -4.320135 0.050000
v -5.932266 -4.303340 -0.008779
v -5.908460 -4.259372 -0.045106
v -5.879033 -4.205024 -0.045106
v -5.855227 -4.161055 -0.008778
v -5.846133 -4.144260 0.050000
v -4.835630 -4.635941 0.108779
v -4.854256 -4.682343 0.145106
v -4.877279 -4.739697 0.145106
v -4.895905 -4.786099 0.108779
v -4.903018 -4.803823 0.050000
v -4.895905 -4.786099 -0.008779
v -4.877279 -4.739697 -0.045106
v -4.854256 -4.682343 -0.045106
v -4.835630 -4.635941 -0.008778
v -4.828516 -4.618217 0.050000
v -3.716550 -5.016139 0.108779
v -3.730261 -5.064222 0.145106
v -3.747209 -5.123656 0.145106
v -3.760920 -5.171740 0.108779
v -3.766157 -5.190106 0.050000
v -3.760920 -5.171740 -0.008779
v -3.747209 -5.123656 -0.045106
v -3.730261 -5.064222 -0.045106
v -3.716550 -5.016139 -0.008779
v -3.711313 -4.997773 0.050000
v -2.521007 -5.293585 0.108779
v -2.530021 -5.342765 0.145106
v -2.541165 -5.403556 0.145106
v -2.550179 -5.452737 0.108779
v -2.553623 -5.471522 0.050000
v -2.550179 -5.452737 -0.008779
v -2.541165 -5.403556 -0.045106
v -2.530021 -5.342765 -0.045106
v -2.521007 -5.293585 -0.008779
v -2.517563 -5.274800 0.050000
v -1.273602 -5.462422 0.108779
v -1.278071 -5.512222 0.145106
v -1.283596 -5.573778 0.145106
v -1.288065 -5.623578 0.108779
v -1.289772 -5.642600 0.050000
v -1.288065 -5.623578 -0.008779
v -1.283596 -5.573778 -0.045106
v -1.278071 -5.512222 -0.045106
v -1.273602 -5.462422 -0.008778
v -1.271895 -5.443400 0.050000
v 0.000000 -5.519098 0.108779
v 0.000000 -5.569098 0.145106
v -0.000000 -5.630902 0.145106
v -0.000000 -5.680902 0.108779
v -0.000000 -5.700000 0.050000
v -0.000000 -5.680902 -0.008779
v -0.000000 -5.630901 -0.045106
v 0.000000 -5.569098 -0.045106
v 0.000000 -5.519098 -0.008779
v 0.000000 -5.500000 0.050000
v 1.273602 -5.462422 0.108779
v 1.278071 -5.512222 0.145106
v 1.283596 -5.573778 0.145106
v 1.288065 -5.623578 0.108778
v 1.289772 -5.642600 0.050000
v 1.288065 -5.623578 -0.008779
v 1.283596 -5.573778 -0.045106
v 1.278071 -5.512222 -0.045106
v 1.273602 -5.462422 -0.008778
v 1.271895 -5.443400 0.050000
v 2.521007 -5.293585 0.108779
v 2.530021 -5.342765 0.145106
v 2.541165 -5.403556 0.145106
v 2.550179 -5.452737 0.108779
v 2.553623 -5.471522 0.050000
v 2.550179 -5.452737 -0.008779
v 2.541165 -5.403556 -0.045106
v 2.530021 -5.342765 -0.045106
v 2.521007 -5.293585 -0.008778
v 2.517563 -5.274800 0.050000
v 3.716550 -5.016139 0.108779
v 3.730261 -5.064222 0.145106
v 3.747209 -5.123656 0.145106
v 3.760920 -5.171740 0.108779
v 3.766157 -5.190106 0.050000
v 3.760920 -5.171740 -0.008779
v 3.747209 -5.123656 -0.045106
v 3.730261 -5.064222 -0.045106
v 3.716550 -5.016139 -0.008778
v 3.711313 -4.997773 0.050000
v 4.835630 -4.635941 0.108778
v 4.854256 -4.682343 0.145106
v 4.877279 -4.739697 0.145106
v 4.895905 -4.786099 0.108778
v 4.903018 -4.803823 0.050000
v 4.895905 -4.786099 -0.008779
v 4.877279 -4.739697 -0.045106
v 4.854256 -4.682343 -0.045106
v 4.835630 -4.635941 -0.008778
v 4.828516 -4.618217 0.050000
v 5.855227 -4.161055 0.108779
v 5.879033 -4.205024 0.145106
v 5.908460 -4.259372 0.145106
v 5.932266 -4.303340 0.108779
v 5.941360 -4.320135 0.050000
v 5.932266 -4.303340 -0.008779
v 5.908460 -4.259372 -0.045106
v 5.879033 -4.205024 -0.045106
v 5.855227 -4.161055 -0.008779
v 5.846133 -4.144260 0.050000
v 6.754409 -3.601614 0.108779
v 6.783665 -3.642161 0.145106
v 6.819828 -3.692280 0.145106
v 6.849084 -3.732827 0.108779
v 6.860259 -3.748314 0.050000
v 6.849084 -3.732827 -0.008779
v 6.819828 -3.692280 -0.045106
v 6.783665 -3.642161 -0.045106
v 6.754409 -3.601614 -0.008778
v 6.743234 -3.586126 0.050000
v 7.514848 -2.969621 0.108779
v 7.549726 -3.005447 0.145106
v 7.592838 -3.049730 0.145106
v 7.627716 -3.085557 0.108779
v 7.641038 -3.099241 0.050000
v 7.627716 -3.085557 -0.008779
v 7.592838 -3.049730 -0.045106
v 7.549726 -3.005447 -0.045106
v 7.514848 -2.969621 -0.008779
v 7.501525 -2.955936 0.050000
v 8.121325 -2.278652 0.108779
v 8.161721 -2.308115 0.145106
v 8.211656 -2.344533 0.145106
v 8.252052 -2.373996 0.108779
v 8.267483 -2.385250 0.050000
v 8.252052 -2.373996 -0.008779
v 8.211656 -2.344533 -0.045106
v 8.161721 -2.308115 -0.045106
v 8.121325 -2.278652 -0.008779
v 8.105894 -2.267398 0.050000
v 8.562178 -1.543377 0.108779
v 8.607454 -1.564591 0.145106
v 8.663420 -1.590813 0.145106
v 8.708696 -1.612027 0.108779
v 8.725990 -1.620130 0.050000
v 8.708696 -1.612027 -0.008779
v 8.663420 -1.590813 -0.045106
v 8.607454 -1.564591 -0.045106
v 8.562178 -1.543377 -0.008779
v 8.544884 -1.535274 0.050000
v 8.829537 -0.778883 0.108778
v 8.878273 -0.790057 0.145106
v 8.938513 -0.803869 0.145106
v 8.987248 -0.815043 0.108779
v 9.005864 -0.819311 0.050000
v 8.987248 -0.815043 -0.008779
v 8.938513 -0.803869 -0.045106
v 8.878273 -0.790057 -0.045106
v 8.829537 -0.778883 -0.008779
v 8.810922 -0.774615 0.050000
v 8.919098 0.000000 0.108779
v 8.969098 -0.000000 0.145106
v 9.030902 -0.000000 0.145106
v 9.080902 -0.000000 0.108779
v 9.100000 -0.000000 0.050000
v 9.080902 -0.000000 -0.008779
v 9.030902 0.000000 -0.045106
v 8.969098 0.000000 -0.045106
v 8.919098 0.000000 -0.008779
v 8.900000 0.000000 0.050000
v 8.829537 0.778883 0.108779
v 8.878273 0.790057 0.145106
v 8.938513 0.803869 0.145106
v 8.987248 0.815043 0.108779
v 9.005864 0.819311 0.050000
v 8.987248 0.815043 -0.008779
v 8.938513 0.803869 -0.045106
v 8.878273 0.790057 -0.045106
v 8.829537 0.778883 -0.008779
v 8.810922 0.774615 0.050000
v 8.562178 1.543377 0.108779
v 8.607454 1.564591 0.145106
v 8.663420 1.590813 0.145106
v 8.708696 1.612027 0.108779
v 8.725990 1.620130 0.050000
v 8.708696 1.612027 -0.008779
v 8.663420 1.590813 -0.045106
v 8.607454 1.564591 -0.045106
v 8.562178 1.543377 -0.008779
v 8.544884 1.535274 0.050000
v 8.121325 2.278652 0.108779
v 8.161721 2.308115 0.145106
v 8.211656 2.344533 0.145106
v 8.252052 2.373996 0.108779
v 8.267483 2.385250 0.050000
v 8.252052 2.373996 -0.008779
v 8.211656 2.344533 -0.045106
v 8.161721 2.308115 -0.045106
v 8.121325 2.278652 -0.008779
v 8.105894 2.267398 0.050000
v 7.514848 2.969621 0.108779
v 7.549726 3.005447 0.145106
v 7.592838 3.049730 0.145106
v 7.627716 3.085557 0.108779
v 7.641038 3.099241 0.050000
v 7.627716 3.085557 -0.008779
v 7.592838 3.049730 -0.045106
v 7.549726 3.005447 -0.045106
v 7.514848 2.969621 -0.008779
v 7.501525 2.955936 0.050000
v 6.754409 3.601614 0.108778
v 6.783665 3.642161 0.145106
v 6.819828 3.692280 0.145106
v 6.849084 3.732827 0.108779
v 6.860259 3.748314 0.050000
v 6.849084 3.732827 -0.008779
v 6.819828 3.692280 -0.045106
v 6.783665 3.642161 -0.045106
v 6.754409 3.601614 -0.008779
v 6.743234 3.586126 0.050000
v 5.855227 4.161055 0.108778
v 5.879033 4.205024 0.145106
v 5.908460 4.259372 0.145106
v 5.932266 4.303340 0.108779
v 5.941360 4.320135 0.050000
v 5.932266 4.303340 -0.008779
v 5.908460 4.259372 -0.045106
v 5.879033 4.205024 -0.045106
v 5.855227 4.161055 -0.008779
v 5.846133 4.144260 0.050000
v 4.835630 4.635941 0.108778
v 4.854256 4.682343 0.145106
v 4.877279 4.739697 0.145106
v 4.895905 4.786099 0.108779
v 4.903019 4.803823 0.050000
v 4.895905 4.786099 -0.008779
v 4.877279 4.739697 -0.045106
v 4.854256 4.682343 -0.045106
v 4.835630 4.635941 -0.008779
v 4.828516 4.618217 0.050000
v 3.716550 5.016139 0.108778
v 3.730261 5.064222 0.145106
v 3.747209 5.123656 0.145106
v 3.760920 5.171740 0.108779
v 3.766157 5.190106 0.050000
v 3.760920 5.171740 -0.008779
v 3.747209 5.123656 -0.045106
v 3.730261 5.064222 -0.045106
v 3.716550 5.016139 -0.008778
v 3.711313 4.997773 0.050000
v 2.521007 5.293585 0.108778
v 2.530021 5.342765 0.145106
v 2.541165 5.403556 0.145106
v 2.550179 5.452737 0.108779
v 2.553623 5.471522 0.050000
v 2.550179 5.452737 -0.008779
v 2.541165 5.403556 -0.045106
v 2.530021 5.342765 -0.045106
v 2.521007 5.293585 -0.008779
v 2.517563 5.274800 0.050000
v 1.273602 5.462422 0.108778
v 1.278071 5.512222 0.145106
v 1.283596 5.573778 0.145106
v 1.288065 5.623578 0.108779
v 1.289772 5.642600 0.050000
v 1.288065 5.623578 -0.008779
v 1.283596 5.573778 -0.045106
v 1.278071 5.512222 -0.045106
v 1.273602 5.462422 -0.008779
v 1.271895 5.443400 0.050000
v -0.000000 5.519098 0.108778
v -0.000000 5.569098 0.145106
v 0.000000 5.630902 0.145106
v 0.000000 5.680902 0.108779
v 0.000000 5.700000 0.050000
v 0.000000 5.680902 -0.008779
v 0.000000 5.630902 -0.045106
v -0.000000 5.569098 -0.045106
v -0.000000 5.519098 -0.008779
v -0.000000 5.500000 0.050000
v -1.273602 5.462422 0.108779
v -1.278071 5.512222 0.145106
v -1.283596 5.573778 0.145106
v -1.288065 5.623578 0.108779
v -1.289772 5.642600 0.050000
v -1.288065 5.623578 -0.008779
v -1.283596 5.573778 -0.045106
v -1.278071 5.512222 -0.045106
v -1.273602 5.462422 -0.008779
v -1.271895 5.443400 0.050000
v -2.521007 5.293585 0.108779
v -2.530021 5.342765 0.145106
v -2.541165 5.403556 0.145106
v -2.550179 5.452737 0.108779
v -2.553623 5.471522 0.050000
v -2.550179 5.452737 -0.008779
v -2.541165 5.403556 -0.045106
v -2.530021 5.342765 -0.045106
v -2.521007 5.293585 -0.008779
v -2.517563 5.274800 0.050000
v -3.716550 5.016139 0.108778
v -3.730261 5.064222 0.145106
v -3.747209 5.123656 0.145106
v -3.760920 5.171740 0.108779
v -3.766157 5.190106 0.050000
v -3.760920 5.171740 -0.008779
v -3.747209 5.123656 -0.045106
v -3.730261 5.064222 -0.045106
v -3.716550 5.016139 -0.008779
v -3.711313 4.997773 0.050000
v -4.835630 4.635941 0.108778
v -4.854256 4.682343 0.145106
v -4.877279 4.739697 0.145106
v -4.895905 4.786099 0.108779
v -4.903018 4.803823 0.050000
v -4.895905 4.786099 -0.008779
v -4.877279 4.739697 -0.045106
v -4.854256 4.682343 -0.045106
v -4.835630 4.635941 -0.008779
v -4.828516 4.618217 0.050000
v -5.855227 4.161055 0.108778
v -5.879033 4.205024 0.145106
v -5.908460 4.259372 0.145106
v -5.932266 4.303340 0.108779
v -5.941360 4.320135 0.050000
v -5.932266 4.303340 -0.008779
v -5.908460 4.259372 -0.045106
v -5.879033 4.205024 -0.045106
v -5.855227 4.161055 -0.008779
v -5.846133 4.144260 0.050000
v -6.754409 3.601614 0.108779
v -6.783665 3.642161 0.145106
v -6.819828 3.692280 0.145106
v -6.849084 3.732827 0.108779
v -6.860259 3.748314 0.050000
v -6.849084 3.732827 -0.008779
v -6.819828 3.692280 -0.045106
v -6.783665 3.642161 -0.045106
v -6.754409 3.601614 -0.008779
v -6.743234 3.586126 0.050000
v -7.514848 2.969621 0.108778
v -7.549726 3.005447 0.145106
v -7.592838 3.049730 0.145106
v -7.627716 3.085557 0.108779
v -7.641038 3.099241 0.050000
v -7.627716 3.085557 -0.008779
v -7.592838 3.049730 -0.045106
v -7.549726 3.005447 -0.045106
v -7.514848 2.969621 -0.008779
v -7.501525 2.955936 0.050000
v -8.121325 2.278652 0.108779
v -8.161721 2.308115 0.145106
v -8.211656 2.344533 0.145106
v -8.252052 2.373996 0.108779
v -8.267483 2.385250 0.050000
v -8.252052 2.373996 -0.008779
v -8.211656 2.344533 -0.045106
v -8.161721 2.308115 -0.045106
v -8.121325 2.278652 -0.008779
v -8.105894 2.267398 0.050000
v -8.562178 1.543377 0.108778
v -8.607454 1.564591 0.145106
v -8.663420 1.590813 0.145106
v -8.708696 1.612027 0.108779
v -8.725990 1.620130 0.050000
v -8.708696 1.612027 -0.008779
v -8.663420 1.590813 -0.045106
v -8.607454 1.564591 -0.045106
v -8.562178 1.543377 -0.008779
v -8.544884 1.535274 0.050000
v -8.829537 0.778883 0.108779
v -8.878273 0.790057 0.145106
v -8.938513 0.803869 0.145106
v -8.987248 0.815043 0.108779
v -9.005864 0.819311 0.050000
v -8.987248 0.815043 -0.008779
v -8.938513 0.803869 -0.045106
v -8.878273 0.790057 -0.045106
v -8.829537 0.778883 -0.008779
v -8.810922 0.774615 0.050000
vn 0.8009 -0.0000 0.5988
vn 0.2883 -0.0000 0.9575
vn -0.3290 -0.0000 0.9443
vn -0.8165 -0.0000 0.5774
vn -1.0000 -0.0000 -0.0000
vn -0.8165 -0.0000 -0.5774
vn -0.3290 -0.0000 -0.9443
vn 0.2883 -0.0000 -0.9575
vn 0.8009 -0.0000 -0.5988
vn 1.0000 -0.0000 -0.0000
vn 0.7809 0.1791 0.5984
vn 0.2817 0.0646 0.9573
vn -0.3201 -0.0734 0.9445
vn -0.7956 -0.1824 0.5777
vn -0.9747 -0.2234 -0.0000
vn -0.7956 -0.1824 -0.5777
vn -0.3201 -0.0734 -0.9445
vn 0.2817 0.0646 -0.9573
vn 0.7809 0.1791 -0.5984
vn 0.9747 0.2236 -0.0000
vn 0.7261 0.3403 0.5975
vn 0.2632 0.1233 0.9568
vn -0.2960 -0.1387 0.9451
vn -0.7387 -0.3460 0.5785
vn -0.9056 -0.4242 -0.0000
vn -0.7387 -0.3460 -0.5785
vn -0.2960 -0.1387 -0.9451
vn 0.2632 0.1233 -0.9568
vn 0.7261 0.3403 -0.5975
vn 0.9055 0.4244 -0.0000
vn 0.6485 0.4731 0.5963
vn 0.2366 0.1726 0.9562
vn -0.2625 -0.1914 0.9458
vn -0.6585 -0.4802 0.5795
vn -0.8080 -0.5892 -0.0000
vn -0.6585 -0.4802 -0.5795
vn -0.2625 -0.1914 -0.9458
vn 0.2366 0.1726 -0.9562
vn 0.6485 0.4731 -0.5963
vn 0.8079 0.5893 -0.0000
vn 0.5605 0.5758 0.5952
vn 0.2057 0.2113 0.9555
vn -0.2252 -0.2313 0.9464
vn -0.5680 -0.5834 0.5805
vn -0.6976 -0.7165 -0.0000
vn -0.5680 -0.5834 -0.5805
vn -0.2252 -0.2313 -0.9464
vn 0.2057 0.2113 -0.9555
vn 0.5605 0.5758 -0.5952
vn 0.6975 0.7166 -0.0000
vn 0.4706 0.6522 0.5942
vn 0.1736 0.2407 0.9550
vn -0.1879 -0.2604 0.9470
vn -0.4761 -0.6597 0.5815
vn -0.5852 -0.8109 -0.0000
vn -0.4761 -0.6597 -0.5815
vn -0.1879 -0.2604 -0.9470
vn 0.1736 0.2407 -0.9550
vn 0.4706 0.6522 -0.5942
vn 0.5851 0.8110 -0.0000
vn 0.3832 0.7078 0.5935
vn 0.1420 0.2622 0.9545
vn -0.1522 -0.2811 0.9475
vn -0.3871 -0.7150 0.5822
vn -0.4762 -0.8794 -0.0000
vn -0.3871 -0.7150 -0.5822
vn -0.1522 -0.2811 -0.9475
vn 0.1420 0.2622 -0.9545
vn 0.3832 0.7078 -0.5935
vn 0.4761 0.8794 -0.0000
vn 0.3000 0.7473 0.5929
vn 0.1115 0.2778 0.9542
vn -0.1187 -0.2957 0.9479
vn -0.3027 -0.7541 0.5828
vn -0.3725 -0.9280 -0.0000
vn -0.3027 -0.7541 -0.5828
vn -0.1187 -0.2957 -0.9479
vn 0.1115 0.2778 -0.9542
vn 0.3000 0.7473 -0.5929
vn 0.3725 0.9280 -0.0000
vn 0.2209 0.7747 0.5925
vn 0.0823 0.2886 0.9539
vn -0.0872 -0.3056 0.9482
vn -0.2228 -0.7812 0.5832
vn -0.2742 -0.9617 -0.0000
vn -0.2228 -0.7812 -0.5832
vn -0.0872 -0.3056 -0.9482
vn 0.0823 0.2886 -0.9539
vn 0.2209 0.7747 -0.5925
vn 0.2742 0.9617 -0.0000
vn 0.1453 0.7926 0.5922
vn 0.0542 0.2957 0.9537
vn -0.0572 -0.3121 0.9483
vn -0.1464 -0.7988 0.5835
vn -0.1803 -0.9836 -0.0000
vn -0.1464 -0.7988 -0.5835
vn -0.0572 -0.3121 -0.9483
vn 0.0542 0.2957 -0.9537
vn 0.1453 0.7926 -0.5922
vn 0.1803 0.9836 -0.0000
vn 0.0720 0.8027 0.5920
vn 0.0269 0.2998 0.9536
vn -0.0283 -0.3157 0.9484
vn -0.0726 -0.8088 0.5836
vn -0.0894 -0.9960 -0.0000
vn -0.0726 -0.8088 -0.5836
vn -0.0283 -0.3157 -0.9484
vn 0.0269 0.2998 -0.9536
vn 0.0720 0.8027 -0.5920
vn 0.0894 0.9960 -0.0000
vn -0.0000 0.8060 0.5920
vn -0.0000 0.3011 0.9536
vn -0.0000 -0.3169 0.9485
vn -0.0000 -0.8120 0.5837
vn -0.0000 -1.0000 -0.0000
vn -0.0000 -0.8120 -0.5837
vn -0.0000 -0.3169 -0.9485
vn -0.0000 0.3011 -0.9536
vn -0.0000 0.8060 -0.5920
vn -0.0000 1.0000 -0.0000
vn -0.0720 0.8027 0.5920
vn -0.0269 0.2998 0.9536
vn 0.0283 -0.3157 0.9484
vn 0.0726 -0.8088 0.5836
vn 0.0894 -0.9960 -0.0000
vn 0.0726 -0.8088 -0.5836
vn 0.0283 -0.3157 -0.9484
vn -0.0269 0.2998 -0.9536
vn -0.0720 0.8027 -0.5920
vn -0.0894 0.9960 -0.0000
vn -0.1453 0.7926 0.5922
vn -0.0542 0.2957 0.9537
vn 0.0572 -0.3121 0.9483
vn 0.1464 -0.7988 0.5835
vn 0.1803 -0.9836 -0.0000
vn 0.1464 -0.7988 -0.5835
vn 0.0572 -0.3121 -0.9483
vn -0.0542 0.2957 -0.9537
vn -0.1453 0.7926 -0.5922
vn -0.1803 0.9836 -0.0000
vn -0.2209 0.7747 0.5925
vn -0.0823 0.2886 0.9539
vn 0.0872 -0.3056 0.9482
vn 0.2228 -0.7812 0.5832
vn 0.2742 -0.9617 -0.0000
vn 0.2228 -0.7812 -0.5832
vn 0.0872 -0.3056 -0.9482
vn -0.0823 0.2886 -0.9539
vn -0.2209 0.7747 -0.5925
vn -0.2742 0.9617 -0.0000
vn -0.3000 0.7473 0.5929
vn -0.1115 0.2778 0.9542
vn 0.1187 -0.2957 0.9479
vn 0.3027 -0.7541 0.5828
vn 0.3725 -0.9280 -0.0000
vn 0.3027 -0.7541 -0.5828
vn 0.1187 -0.2957 -0.9479
vn -0.1115 0.2778 -0.9542
vn -0.3000 0.7473 -0.5929
vn -0.3725 0.9280 -0.0000
vn -0.3832 0.7078 0.5935
vn -0.1420 0.2622 0.9545
vn 0.1522 -0.2811 0.9475
vn 0.3871 -0.7150 0.5822
vn 0.4762 -0.8794 -0.0000
vn 0.3871 -0.7150 -0.5822
vn 0.1522 -0.2811 -0.9475
vn -0.1420 0.2622 -0.9545
vn -0.3832 0.7078 -0.5935
vn -0.4761 0.8794 -0.0000
vn -0.4706 0.6522 0.5942
vn -0.1736 0.2407 0.9550
vn 0.1879 -0.2604 0.9470
vn 0.4761 -0.6597 0.5815
vn 0.5852 -0.8109 -0.0000
vn 0.4761 -0.6597 -0.5815
vn 0.1879 -0.2604 -0.9470
vn -0.1736 0.2407 -0.9550
vn -0.4706 0.6522 -0.5942
vn -0.5851 0.8110 -0.0000
vn -0.5605 0.5758 0.5952
vn -0.2057 0.2113 0.9555
vn 0.2252 -0.2313 0.9464
vn 0.5680 -0.5834 0.5805
vn 0.6976 -0.7165 -0.0000
vn 0.5680 -0.5834 -0.5805
vn 0.2252 -0.2313 -0.9464
vn -0.2057 0.2113 -0.9555
vn -0.5605 0.5758 -0.5952
vn -0.6975 0.7166 -0.0000
vn -0.6485 0.4731 0.5963
vn -0.2366 0.1726 0.9562
vn 0.2625 -0.1914 0.9458
vn 0.6585 -0.4802 0.5795
vn 0.8080 -0.5892 -0.0000
vn 0.6585 -0.4802 -0.5795
vn 0.2625 -0.1914 -0.9458
vn -0.2366 0.1726 -0.9562
vn -0.6485 0.4731 -0.5963
vn -0.8079 0.5893 -0.0000
vn -0.7261 0.3403 0.5975
vn -0.2632 0.1233 0.9568
vn 0.2960 -0.1387 0.9451
vn 0.7387 -0.3460 0.5785
vn 0.9056 -0.4242 -0.0000
vn 0.7387 -0.3460 -0.5785
vn 0.2960 -0.1387 -0.9451
vn -0.2632 0.1233 -0.9568
vn -0.7261 0.3403 -0.5975
vn -0.9055 0.4244 -0.0000
vn -0.7809 0.1791 0.5984
vn -0.2817 0.0646 0.9573
vn 0.3201 -0.0734 0.9445
vn 0.7956 -0.1824 0.5777
vn 0.9747 -0.2234 -0.0000
vn 0.7956 -0.1824 -0.5777
vn 0.3201 -0.0734 -0.9445
vn -0.2817 0.0646 -0.9573
vn -0.7809 0.1791 -0.5984
vn -0.9747 0.2236 -0.0000
vn -0.8009 -0.0000 0.5988
vn -0.2883 -0.0000 0.9575
vn 0.3290 -0.0000 0.9443
vn 0.8165 -0.0000 0.5774
vn 0.8165 -0.0000 -0.5774
vn 0.3290 -0.0000 -0.9443
vn -0.2883 -0.0000 -0.9575
vn -0.8009 -0.0000 -0.5988
vn -0.7809 -0.1791 0.5984
vn -0.2817 -0.0646 0.9573
vn 0.3201 0.0734 0.9445
vn 0.7956 0.1824 0.5777
vn 0.9747 0.2234 -0.0000
vn 0.7956 0.1824 -0.5777
vn 0.3201 0.0734 -0.9445
vn -0.2817 -0.0646 -0.9573
vn -0.7809 -0.1791 -0.5984
vn -0.9747 -0.2236 -0.0000
vn -0.7261 -0.3403 0.5975
vn -0.2632 -0.1233 0.9568
vn 0.2960 0.1387 0.9451
vn 0.7387 0.3460 0.5785
vn 0.9056 0.4242 -0.0000
vn 0.7387 0.3460 -0.5785
vn 0.2960 0.1387 -0.9451
vn -0.2632 -0.1233 -0.9568
vn -0.7261 -0.3403 -0.5975
vn -0.9055 -0.4244 -0.0000
vn -0.6485 -0.4731 0.5963
vn -0.2366 -0.1726 0.9562
vn 0.2625 0.1914 0.9458
vn 0.6585 0.4802 0.5795
vn 0.8080 0.5892 -0.0000
vn 0.6585 0.4802 -0.5795
vn 0.2625 0.1914 -0.9458
vn -0.2366 -0.1726 -0.9562
vn -0.6485 -0.4731 -0.5963
vn -0.8079 -0.5893 -0.0000
vn -0.5605 -0.5758 0.5952
vn -0.2057 -0.2113 0.9555
vn 0.2252 0.2313 0.9464
vn 0.5680 0.5834 0.5805
vn 0.6976 0.7165 -0.0000
vn 0.5680 0.5834 -0.5805
vn 0.2252 0.2313 -0.9464
vn -0.2057 -0.2113 -0.9555
vn -0.5605 -0.5758 -0.5952
vn -0.6975 -0.7166 -0.0000
vn -0.4706 -0.6522 0.5942
vn -0.1736 -0.2407 0.9550
vn 0.1879 0.2604 0.9470
vn 0.4761 0.6597 0.5815
vn 0.5852 0.8109 -0.0000
vn 0.4761 0.6597 -0.5815
vn 0.1879 0.2604 -0.9470
vn -0.1736 -0.2407 -0.9550
vn -0.4706 -0.6522 -0.5942
vn -0.5851 -0.8110 -0.0000
vn -0.3832 -0.7078 0.5935
vn -0.1420 -0.2622 0.9545
vn 0.1522 0.2811 0.9475
vn 0.3871 0.7150 0.5822
vn 0.4762 0.8794 -0.0000
vn 0.3871 0.7150 -0.5822
vn 0.1522 0.2811 -0.9475
vn -0.1420 -0.2622 -0.9545
vn -0.3832 -0.7078 -0.5935
vn -0.4761 -0.8794 -0.0000
vn -0.3000 -0.7473 0.5929
vn -0.1115 -0.2778 0.9542
vn 0.1187 0.2957 0.9479
vn 0.3027 0.7541 0.5828
vn 0.3027 0.7541 -0.5828
vn 0.1187 0.2957 -0.9479
vn -0.1115 -0.2778 -0.9542
vn -0.3000 -0.7473 -0.5929
vn -0.2209 -0.7747 0.5925
vn -0.0823 -0.2886 0.9539
vn 0.0872 0.3056 0.9482
vn 0.2228 0.7812 0.5832
vn 0.2228 0.7812 -0.5832
vn 0.0872 0.3056 -0.9482
vn -0.0823 -0.2886 -0.9539
vn -0.2209 -0.7747 -0.5925
vn -0.1453 -0.7926 0.5922
vn -0.0542 -0.2957 0.9537
vn 0.0572 0.3121 0.9483
vn 0.1464 0.7988 0.5835
vn 0.1464 0.7988 -0.5835
vn 0.0572 0.3121 -0.9483
vn -0.0542 -0.2957 -0.9537
vn -0.1453 -0.7926 -0.5922
vn -0.0720 -0.8027 0.5920
vn -0.0269 -0.2998 0.9536
vn 0.0283 0.3157 0.9484
vn 0.0726 0.8088 0.5836
vn 0.0726 0.8088 -0.5836
vn 0.0283 0.3157 -0.9484
vn -0.0269 -0.2998 -0.9536
vn -0.0720 -0.8027 -0.5920
vn -0.0000 -0.8060 0.5920
vn -0.0000 -0.3011 0.9536
vn -0.0000 0.3169 0.9485
vn -0.0000 0.8120 0.5837
vn -0.0000 0.8120 -0.5837
vn -0.0000 0.3169 -0.9485
vn -0.0000 -0.3011 -0.9536
vn -0.0000 -0.8060 -0.5920
vn 0.0720 -0.8027 0.5920
vn 0.0269 -0.2998 0.9536
vn -0.0283 0.3157 0.9484
vn -0.0726 0.8088 0.5836
vn -0.0726 0.8088 -0.5836
vn -0.0283 0.3157 -0.9484
vn 0.0269 -0.2998 -0.9536
vn 0.0720 -0.8027 -0.5920
vn 0.1453 -0.7926 0.5922
vn 0.0542 -0.2957 0.9537
vn -0.0572 0.3121 0.9483
vn -0.1464 0.7988 0.5835
vn -0.1464 0.7988 -0.5835
vn -0.0572 0.3121 -0.9483
vn 0.0542 -0.2957 -0.9537
vn 0.1453 -0.7926 -0.5922
vn 0.2209 -0.7747 0.5925
vn 0.0823 -0.2886 0.9539
vn -0.0872 0.3056 0.9482
vn -0.2228 0.7812 0.5832
vn -0.2228 0.7812 -0.5832
vn -0.0872 0.3056 -0.9482
vn 0.0823 -0.2886 -0.9539
vn 0.2209 -0.7747 -0.5925
vn 0.3000 -0.7473 0.5929
vn 0.1115 -0.2778 0.9542
vn -0.1187 0.2957 0.9479
vn -0.3027 0.7541 0.5828
vn -0.3027 0.7541 -0.5828
vn -0.1187 0.2957 -0.9479
vn 0.1115 -0.2778 -0.9542
vn 0.3000 -0.7473 -0.5929
vn 0.3832 -0.7078 0.5935
vn 0.1420 -0.2622 0.9545
vn -0.1522 0.2811 0.9475
vn -0.3871 0.7150 0.5822
vn -0.4762 0.8794 -0.0000
vn -0.3871 0.7150 -0.5822
vn -0.1522 0.2811 -0.9475
vn 0.1420 -0.2622 -0.9545
vn 0.3832 -0.7078 -0.5935
vn 0.4761 -0.8794 -0.0000
vn 0.4706 -0.6522 0.5942
vn 0.1736 -0.2407 0.9550
vn -0.1879 0.2604 0.9470
vn -0.4761 0.6597 0.5815
vn -0.5852 0.8109 -0.0000
vn -0.4761 0.6597 -0.5815
vn -0.1879 0.2604 -0.9470
vn 0.1736 -0.2407 -0.9550
vn 0.4706 -0.6522 -0.5942
vn 0.5851 -0.8110 -0.0000
vn 0.5605 -0.5758 0.5952
vn 0.2057 -0.2113 0.9555
vn -0.2252 0.2313 0.9464
vn -0.5680 0.5834 0.5805
vn -0.6976 0.7165 -0.0000
vn -0.5680 0.5834 -0.5805
vn -0.2252 0.2313 -0.9464
vn 0.2057 -0.2113 -0.9555
vn 0.5605 -0.5758 -0.5952
vn 0.6975 -0.7166 -0.0000
vn 0.6485 -0.4731 0.5963
vn 0.2366 -0.1726 0.9562
vn -0.2625 0.1914 0.9458
vn -0.6585 0.4802 0.5795
vn -0.8080 0.5892 -0.0000
vn -0.6585 0.4802 -0.5795
vn -0.2625 0.1914 -0.9458
vn 0.2366 -0.1726 -0.9562
vn 0.6485 -0.4731 -0.5963
vn 0.8079 -0.5893 -0.0000
vn 0.7261 -0.3403 0.5975
vn 0.2632 -0.1233 0.9568
vn -0.2960 0.1387 0.9451
vn -0.7387 0.3460 0.5785
vn -0.9056 0.4242 -0.0000
vn -0.7387 0.3460 -0.5785
vn -0.2960 0.1387 -0.9451
vn 0.2632 -0.1233 -0.9568
vn 0.7261 -0.3403 -0.5975
vn 0.9055 -0.4244 -0.0000
vn 0.7809 -0.1791 0.5984
vn 0.2817 -0.0646 0.9573
vn -0.3201 0.0734 0.9445
vn -0.7956 0.1824 0.5777
vn -0.9747 0.2234 -0.0000
vn -0.7956 0.1824 -0.5777
vn -0.3201 0.0734 -0.9445
vn 0.2817 -0.0646 -0.9573
vn 0.7809 -0.1791 -0.5984
vn 0.9747 -0.2236 -0.0000
vt 0.000000 1.000000
vt 0.022727 1.000000
vt 0.022727 0.900000
vt 0.000000 0.900000
vt 0.000000 0.100000
vt 0.022727 0.100000
vt 0.022727 0.000000
vt 0.000000 0.000000
vt 0.000000 0.200000
vt 0.022727 0.200000
vt 0.000000 0.300000
vt 0.022727 0.300000
vt 0.000000 0.400000
vt 0.022727 0.400000
vt 0.000000 0.500000
vt 0.022727 0.500000
vt 0.000000 0.600000
vt 0.022727 0.600000
vt 0.000000 0.700000
vt 0.022727 0.700000
vt 0.000000 0.800000
vt 0.022727 0.800000
vt 0.045455 1.000000
vt 0.045455 0.900000
vt 0.045455 0.100000
vt 0.045455 0.000000
vt 0.045455 0.200000
vt 0.045455 0.300000
vt 0.045455 0.400000
vt 0.045455 0.500000
vt 0.045455 0.600000
vt 0.045455 0.700000
vt 0.045455 0.800000
vt 0.068182 1.000000
vt 0.068182 0.900000
vt 0.068182 0.100000
vt 0.068182 0.000000
vt 0.068182 0.200000
vt 0.068182 0.300000
vt 0.068182 0.400000
vt 0.068182 0.500000
vt 0.068182 0.600000
vt 0.068182 0.700000
vt 0.068182 0.800000
vt 0.090909 1.000000
vt 0.090909 0.900000
vt 0.090909 0.100000
vt 0.090909 0.000000
vt 0.090909 0.200000
vt 0.090909 0.300000
vt 0.090909 0.400000
vt 0.090909 0.500000
vt 0.090909 0.600000
vt 0.090909 0.700000
vt 0.090909 0.800000
vt 0.113636 1.000000
vt 0.113636 0.900000
vt 0.113636 0.100000
vt 0.113636 0.000000
vt 0.113636 0.200000
vt 0.113636 0.300000
vt 0.113636 0.400000
vt 0.113636 0.500000
vt 0.113636 0.600000
vt 0.113636 0.700000
vt 0.113636 0.800000
vt 0.136364 1.000000
vt 0.136364 0.900000
vt 0.136364 0.100000
vt 0.136364 0.000000
vt 0.136364 0.200000
vt 0.136364 0.300000
vt 0.136364 0.400000
vt 0.136364 0.500000
vt 0.136364 0.600000
vt 0.136364 0.700000
vt 0.136364 0.800000
vt 0.159091 1.000000
vt 0.159091 0.900000
vt 0.159091 0.100000
vt 0.159091 0.000000
vt 0.159091 0.200000
vt 0.159091 0.300000
vt 0.159091 0.400000
vt 0.159091 0.500000
vt 0.159091 0.600000
vt 0.159091 0.700000
vt 0.159091 0.800000
vt 0.181818 1.000000
vt 0.181818 0.900000
vt 0.181818 0.100000
vt 0.181818 0.000000
vt 0.181818 0.200000
vt 0.181818 0.300000
vt 0.181818 0.400000
vt 0.181818 0.500000
vt 0.181818 0.600000
vt 0.181818 0.700000
vt 0.181818 0.800000
vt 0.204545 1.000000
vt 0.204545 0.900000
vt 0.204545 0.100000
vt 0.204545 0.000000
vt 0.204545 0.200000
vt 0.204545 0.300000
vt 0.204545 0.400000
vt 0.204545 0.500000
vt 0.204545 0.600000
vt 0.204545 0.700000
vt 0.204545 0.800000
vt 0.227273 1.000000
vt 0.227273 0.900000
vt 0.227273 0.100000
vt 0.227273 0.000000
vt 0.227273 0.200000
vt 0.227273 0.300000
vt 0.227273 0.400000
vt 0.227273 0.500000
vt 0.227273 0.600000
vt 0.227273 0.700000
vt 0.227273 0.800000
vt 0.250000 1.000000
vt 0.250000 0.900000
vt 0.250000 0.100000
vt 0.250000 0.000000
vt 0.250000 0.200000
vt 0.250000 0.300000
vt 0.250000 0.400000
vt 0.250000 0.500000
vt 0.250000 0.600000
vt 0.250000 0.700000
vt 0.250000 0.800000
vt 0.272727 1.000000
vt 0.272727 0.900000
vt 0.272727 0.100000
vt 0.272727 0.000000
vt 0.272727 0.200000
vt 0.272727 0.300000
vt 0.272727 0.400000
vt 0.272727 0.500000
vt 0.272727 0.600000
vt 0.272727 0.700000
vt 0.272727 0.800000
vt 0.295455 1.000000
vt 0.295455 0.900000
vt 0.295455 0.100000
vt 0.295455 0.000000
vt 0.295455 0.200000
vt 0.295455 0.300000
vt 0.295455 0.400000
vt 0.295455 0.500000
vt 0.295455 0.600000
vt 0.295455 0.700000
vt 0.295455 0.800000
vt 0.318182 1.000000
vt 0.318182 0.900000
vt 0.318182 0.100000
vt 0.318182 0.000000
vt 0.318182 0.200000
vt 0.318182 0.300000
vt 0.318182 0.400000
vt 0.318182 0.500000
vt 0.318182 0.600000
vt 0.318182 0.700000
vt 0.318182 0.800000
vt 0.340909 1.000000
vt 0.340909 0.900000
vt 0.340909 0.100000
vt 0.340909 0.000000
vt 0.340909 0.200000
vt 0.340909 0.300000
vt 0.340909 0.400000
vt 0.340909 0.500000
vt 0.340909 0.600000
vt 0.340909 0.700000
vt 0.340909 0.800000
vt 0.363636 1.000000
vt 0.363636 0.900000
vt 0.363636 0.100000
vt 0.363636 0.000000
vt 0.363636 0.200000
vt 0.363636 0.300000
vt 0.363636 0.400000
vt 0.363636 0.500000
vt 0.363636 0.600000
vt 0.363636 0.700000
vt 0.363636 0.800000
vt 0.386364 1.000000
vt 0.386364 0.900000
vt 0.386364 0.100000
vt 0.386364 0.000000
vt 0.386364 0.200000
vt 0.386364 0.300000
vt 0.386364 0.400000
vt 0.386364 0.500000
vt 0.386364 0.600000
vt 0.386364 0.700000
vt 0.386364 0.800000
vt 0.409091 1.000000
vt 0.409091 0.900000
vt 0.409091 0.100000
vt 0.409091 0.000000
vt 0.409091 0.200000
vt 0.409091 0.300000
vt 0.409091 0.400000
vt 0.409091 0.500000
vt 0.409091 0.600000
vt 0.409091 0.700000
vt 0.409091 0.800000
vt 0.431818 1.000000
vt 0.431818 0.900000
vt 0.431818 0.100000
vt 0.431818 0.000000
vt 0.431818 0.200000
vt 0.431818 0.300000
vt 0.431818 0.400000
vt 0.431818 0.500000
vt 0.431818 0.600000
vt 0.431818 0.700000
vt 0.431818 0.800000
vt 0.454545 1.000000
vt 0.454545 0.900000
vt 0.454545 0.100000
vt 0.454545 0.000000
vt 0.454545 0.200000
vt 0.454545 0.300000
vt 0.454545 0.400000
vt 0.454545 0.500000
vt 0.454545 0.600000
vt 0.454545 0.700000
vt 0.454545 0.800000
vt 0.477273 1.000000
vt 0.477273 0.900000
vt 0.477273 0.100000
vt 0.477273 0.000000
vt 0.477273 0.200000
vt 0.477273 0.300000
vt 0.477273 0.400000
vt 0.477273 0.500000
vt 0.477273 0.600000
vt 0.477273 0.700000
vt 0.477273 0.800000
vt 0.500000 1.000000
vt 0.500000 0.900000
vt 0.500000 0.100000
vt 0.500000 0.000000
vt 0.500000 0.200000
vt 0.500000 0.300000
vt 0.500000 0.400000
vt 0.500000 0.500000
vt 0.500000 0.600000
vt 0.500000 0.700000
vt 0.500000 0.800000
vt 0.522727 1.000000
vt 0.522727 0.900000
vt 0.522727 0.100000
vt 0.522727 0.000000
vt 0.522727 0.200000
vt 0.522727 0.300000
vt 0.522727 0.400000
vt 0.522727 0.500000
vt 0.522727 0.600000
vt 0.522727 0.700000
vt 0.522727 0.800000
vt 0.545455 1.000000
vt 0.545455 0.900000
vt 0.545455 0.100000
vt 0.545455 0.000000
vt 0.545455 0.200000
vt 0.545455 0.300000
vt 0.545455 0.400000
vt 0.545455 0.500000
vt 0.545455 0.600000
vt 0.545455 0.700000
vt 0.545455 0.800000
vt 0.568182 1.000000
vt 0.568182 0.900000
vt 0.568182 0.100000
vt 0.568182 0.000000
vt 0.568182 0.200000
vt 0.568182 0.300000
vt 0.568182 0.400000
vt 0.568182 0.500000
vt 0.568182 0.600000
vt 0.568182 0.700000
vt 0.568182 0.800000
vt 0.590909 1.000000
vt 0.590909 0.900000
vt 0.590909 0.100000
vt 0.590909 0.000000
vt 0.590909 0.200000
vt 0.590909 0.300000
vt 0.590909 0.400000
vt 0.590909 0.500000
vt 0.590909 0.600000
vt 0.590909 0.700000
vt 0.590909 0.800000
vt 0.613636 1.000000
vt 0.613636 0.900000
vt 0.613636 0.100000
vt 0.613636 0.000000
vt 0.613636 0.200000
vt 0.613636 0.300000
vt 0.613636 0.400000
vt 0.613636 0.500000
vt 0.613636 0.600000
vt 0.613636 0.700000
vt 0.613636 0.800000
vt 0.636364 1.000000
vt 0.636364 0.900000
vt 0.636364 0.100000
vt 0.636364 0.000000
vt 0.636364 0.200000
vt 0.636364 0.300000
vt 0.636364 0.400000
vt 0.636364 0.500000
vt 0.636364 0.600000
vt 0.636364 0.700000
vt 0.636364 0.800000
vt 0.659091 1.000000
vt 0.659091 0.900000
vt 0.659091 0.100000
vt 0.659091 0.000000
vt 0.659091 0.200000
vt 0.659091 0.300000
vt 0.659091 0.400000
vt 0.659091 0.500000
vt 0.659091 0.600000
vt 0.659091 0.700000
vt 0.659091 0.800000
vt 0.681818 1.000000
vt 0.681818 0.900000
vt 0.681818 0.100000
vt 0.681818 0.000000
vt 0.681818 0.200000
vt 0.681818 0.300000
vt 0.681818 0.400000
vt 0.681818 0.500000
vt 0.681818 0.600000
vt 0.681818 0.700000
vt 0.681818 0.800000
vt 0.704545 1.000000
vt 0.704545 0.900000
vt 0.704545 0.100000
vt 0.704545 0.000000
vt 0.704545 0.200000
vt 0.704545 0.300000
vt 0.704545 0.400000
vt 0.704545 0.500000
vt 0.704545 0.600000
vt 0.704545 0.700000
vt 0.704545 0.800000
vt 0.727273 1.000000
vt 0.727273 0.900000
vt 0.727273 0.100000
vt 0.727273 0.000000
vt 0.727273 0.200000
vt 0.727273 0.300000
vt 0.727273 0.400000
vt 0.727273 0.500000
vt 0.727273 0.600000
vt 0.727273 0.700000
vt 0.727273 0.800000
vt 0.750000 1.000000
vt 0.750000 0.900000
vt 0.750000 0.100000
vt 0.750000 0.000000
vt 0.750000 0.200000
vt 0.750000 0.300000
vt 0.750000 0.400000
vt 0.750000 0.500000
vt 0.750000 0.600000
vt 0.750000 0.700000
vt 0.750000 0.800000
vt 0.772727 1.000000
vt 0.772727 0.900000
vt 0.772727 0.100000
vt 0.772727 0.000000
vt 0.772727 0.200000
vt 0.772727 0.300000
vt 0.772727 0.400000
vt 0.772727 0.500000
vt 0.772727 0.600000
vt 0.772727 0.700000
vt 0.772727 0.800000
vt 0.795455 1.000000
vt 0.795455 0.900000
vt 0.795455 0.100000
vt 0.795455 0.000000
vt 0.795455 0.200000
vt 0.795455 0.300000
vt 0.795455 0.400000
vt 0.795455 0.500000
vt 0.795455 0.600000
vt 0.795455 0.700000
vt 0.795455 0.800000
vt 0.818182 1.000000
vt 0.818182 0.900000
vt 0.818182 0.100000
vt 0.818182 0.000000
vt 0.818182 0.200000
vt 0.818182 0.300000
vt 0.818182 0.400000
vt 0.818182 0.500000
vt 0.818182 0.600000
vt 0.818182 0.700000
vt 0.818182 0.800000
vt 0.840909 1.000000
vt 0.840909 0.900000
vt 0.840909 0.100000
vt 0.840909 0.000000
vt 0.840909 0.200000
vt 0.840909 0.300000
vt 0.840909 0.400000
vt 0.840909 0.500000
vt 0.840909 0.600000
vt 0.840909 0.700000
vt 0.840909 0.800000
vt 0.863636 1.000000
vt 0.863636 0.900000
vt 0.863636 0.100000
vt 0.863636 0.000000
vt 0.863636 0.200000
vt 0.863636 0.300000
vt 0.863636 0.400000
vt 0.863636 0.500000
vt 0.863636 0.600000
vt 0.863636 0.700000
vt 0.863636 0.800000
vt 0.886364 1.000000
vt 0.886364 0.900000
vt 0.886364 0.100000
vt 0.886364 0.000000
vt 0.886364 0.200000
vt 0.886364 0.300000
vt 0.886364 0.400000
vt 0.886364 0.500000
vt 0.886364 0.600000
vt 0.886364 0.700000
vt 0.886364 0.800000
vt 0.909091 1.000000
vt 0.909091 0.900000
vt 0.909091 0.100000
vt 0.909091 0.000000
vt 0.909091 0.200000
vt 0.909091 0.300000
vt 0.909091 0.400000
vt 0.909091 0.500000
vt 0.909091 0.600000
vt 0.909091 0.700000
vt 0.909091 0.800000
vt 0.931818 1.000000
vt 0.931818 0.900000
vt 0.931818 0.100000
vt 0.931818 0.000000
vt 0.931818 0.200000
vt 0.931818 0.300000
vt 0.931818 0.400000
vt 0.931818 0.500000
vt 0.931818 0.600000
vt 0.931818 0.700000
vt 0.931818 0.800000
vt 0.954545 1.000000
vt 0.954545 0.900000
vt 0.954545 0.100000
vt 0.954545 0.000000
vt 0.954545 0.200000
vt 0.954545 0.300000
vt 0.954545 0.400000
vt 0.954545 0.500000
vt 0.954545 0.600000
vt 0.954545 0.700000
vt 0.954545 0.800000
vt 0.977273 1.000000
vt 0.977273 0.900000
vt 0.977273 0.100000
vt 0.977273 0.000000
vt 0.977273 0.200000
vt 0.977273 0.300000
vt 0.977273 0.400000
vt 0.977273 0.500000
vt 0.977273 0.600000
vt 0.977273 0.700000
vt 0.977273 0.800000
vt 1.000000 1.000000
vt 1.000000 0.900000
vt 1.000000 0.100000
vt 1.000000 0.000000
vt 1.000000 0.200000
vt 1.000000 0.300000
vt 1.000000 0.400000
vt 1.000000 0.500000
vt 1.000000 0.600000
vt 1.000000 0.700000
vt 1.000000 0.800000
s 1
usemtl Track
f 101/105/98 111/106/108 120/107/117 110/108/107
f 102/109/99 112/110/109 111/111/108 101/112/98
f 103/113/100 113/114/110 112/110/109 102/109/99
f 104/115/101 114/116/111 113/114/110 103/113/100
f 105/117/102 115/118/112 114/116/111 104/115/101
f 106/119/103 116/120/113 115/118/112 105/117/102
f 107/121/104 117/122/114 116/120/113 106/119/103
f 108/123/105 118/124/115 117/122/114 107/121/104
f 109/125/106 119/126/116 118/124/115 108/123/105
f 110/108/107 120/107/117 119/126/116 109/125/106
f 111/106/108 121/127/118 130/128/127 120/107/117
f 112/110/109 122/129/119 121/130/118 111/111/108
f 113/114/110 123/131/120 122/129/119 112/110/109
f 114/116/111 124/132/121 123/131/120 113/114/110
f 115/118/112 125/133/122 124/132/121 114/116/111
f 116/120/113 126/134/123 125/133/122 115/118/112
f 117/122/114 127/135/124 126/134/123 116/120/113
f 118/124/115 128/136/125 127/135/124 117/122/114
f 119/126/116 129/137/126 128/136/125 118/124/115
f 120/107/117 130/128/127 129/137/126 119/126/116
f 121/127/118 131/138/128 140/139/137 130/128/127
f 122/129/119 132/140/129 131/141/128 121/130/118
f 123/131/120 133/142/130 132/140/129 122/129/119
f 124/132/121 134/143/131 133/142/130 123/131/120
f 125/133/122 135/144/132 134/143/131 124/132/121
f 126/134/123 136/145/133 135/144/132 125/133/122
f 127/135/124 137/146/134 136/145/133 126/134/123
f 128/136/125 138/147/135 137/146/134 127/135/124
f 129/137/126 139/148/136 138/147/135 128/136/125
f 130/128/127 140/139/137 139/148/136 129/137/126
f 131/138/128 141/149/138 150/150/147 140/139/137
f 132/140/129 142/151/139 141/152/138 131/141/128
f 133/142/130 143/153/140 142/151/139 132/140/129
f 134/143/131 144/154/141 143/153/140 133/142/130
f 135/144/132 145/155/142 144/154/141 134/143/131
f 136/145/133 146/156/143 145/155/142 135/144/132
f 137/146/134 147/157/144 146/156/143 136/145/133
f 138/147/135 148/158/145 147/157/144 137/146/134
f 139/148/136 149/159/146 148/158/145 138/147/135
f 140/139/137 150/150/147 149/159/146 139/148/136
f 141/149/138 151/160/148 160/161/157 150/150/147
f 142/151/139 152/162/149 151/163/148 141/152/138
f 143/153/140 153/164/150 152/162/149 142/151/139
f 144/154/141 154/165/151 153/164/150 143/153/140
f 145/155/142 155/166/152 154/165/151 144/154/141
f 146/156/143 156/167/153 155/166/152 145/155/142
f 147/157/144 157/168/154 156/167/153 146/156/143
f 148/158/145 158/169/155 157/168/154 147/157/144
f 149/159/146 159/170/156 158/169/155 148/158/145
f 150/150/147 160/161/157 159/170/156 149/159/146
f 151/160/148 161/171/158 170/172/167 160/161/157
f 152/162/149 162/173/159 161/174/158 151/163/148
f 153/164/150 163/175/160 162/173/159 152/162/149
f 154/165/151 164/176/161 163/175/160 153/164/150
f 155/166/152 165/177/162 164/176/161 154/165/151
f 156/167/153 166/178/163 165/177/162 155/166/152
f 157/168/154 167/179/164 166/178/163 156/167/153
f 158/169/155 168/180/165 167/179/164 157/168/154
f 159/170/156 169/181/166 168/180/165 158/169/155
f 160/161/157 170/172/167 169/181/166 159/170/156
f 161/171/158 171/182/168 180/183/177 170/172/167
f 162/173/159 172/184/169 171/185/168 161/174/158
f 163/175/160 173/186/170 172/184/169 162/173/159
f 164/176/161 174/187/171 173/186/170 163/175/160
f 165/177/162 175/188/172 174/187/171 164/176/161
f 166/178/163 176/189/173 175/188/172 165/177/162
f 167/179/164 177/190/174 176/189/173 166/178/163
f 168/180/165 178/191/175 177/190/174 167/179/164
f 169/181/166 179/192/176 178/191/175 168/180/165
f 170/172/167 180/183/177 179/192/176 169/181/166
f 171/182/168 181/193/178 190/194/187 180/183/177
f 172/184/169 182/195/179 181/196/178 171/185/168
f 173/186/170 183/197/180 182/195/179 172/184/169
f 174/187/171 184/198/181 183/197/180 173/186/170
f 175/188/172 185/199/182 184/198/181 174/187/171
f 176/189/173 186/200/183 185/199/182 175/188/172
f 177/190/174 187/201/184 186/200/183 176/189/173
f 178/191/175 188/202/185 187/201/184 177/190/174
f 179/192/176 189/203/186 188/202/185 178/191/175
f 180/183/177 190/194/187 189/203/186 179/192/176
f 181/193/178 191/204/188 200/205/197 190/194/187
f 182/195/179 192/206/189 191/207/188 181/196/178
f 183/197/180 193/208/190 192/206/189 182/195/179
f 184/198/181 194/209/191 193/208/190 183/197/180
f 185/199/182 195/210/192 194/209/191 184/198/181
f 186/200/183 196/211/193 195/210/192 185/199/182
f 187/201/184 197/212/194 196/211/193 186/200/183
f 188/202/185 198/213/195 197/212/194 187/201/184
f 189/203/186 199/214/196 198/213/195 188/202/185
f 190/194/187 200/205/197 199/214/196 189/203/186
f 191/204/188 201/215/198 210/216/207 200/205/197
f 192/206/189 202/217/199 201/218/198 191/207/188
f 193/208/190 203/219/200 202/217/199 192/206/189
f 194/209/191 204/220/201 203/219/200 193/208/190
f 195/210/192 205/221/202 204/220/201 194/209/191
f 196/211/193 206/222/203 205/221/202 195/210/192
f 197/212/194 207/223/204 206/222/203 196/211/193
f 198/213/195 208/224/205 207/223/204 197/212/194
f 199/214/196 209/225/206 208/224/205 198/213/195
f 200/205/197 210/216/207 209/225/206 199/214/196
f 201/215/198 211/226/208 220/227/217 210/216/207
f 202/217/199 212/228/209 211/229/208 201/218/198
f 203/219/200 213/230/210 212/228/209 202/217/199
f 204/220/201 214/231/211 213/230/210 203/219/200
f 205/221/202 215/232/212 214/231/211 204/220/201
f 206/222/203 216/233/213 215/232/212 205/221/202
f 207/223/204 217/234/214 216/233/213 206/222/203
f 208/224/205 218/235/215 217/234/214 207/223/204
f 209/225/206 219/236/216 218/235/215 208/224/205
f 210/216/207 220/227/217 219/236/216 209/225/206
f 211/226/208 221/237/218 230/238/227 220/227/217
f 212/228/209 222/239/219 221/240/218 211/229/208
f 213/230/210 223/241/220 222/239/219 212/228/209
f 214/231/211 224/242/221 223/241/220 213/230/210
f 215/232/212 225/243/222 224/242/221 214/231/211
f 216/233/213 226/244/223 225/243/222 215/232/212
f 217/234/214 227/245/224 226/244/223 216/233/213
f 218/235/215 228/246/225 227/245/224 217/234/214
f 219/236/216 229/247/226 228/246/225 218/235/215
f 220/227/217 230/238/227 229/247/226 219/236/216
f 221/237/218 231/248/228 240/249/237 230/238/227
f 222/239/219 232/250/229 231/251/228 221/240/218
f 223/241/220 233/252/230 232/250/229 222/239/219
f 224/242/221 234/253/231 233/252/230 223/241/220
f 225/243/222 235/254/232 234/253/231 224/242/221
f 226/244/223 236/255/233 235/254/232 225/243/222
f 227/245/224 237/256/234 236/255/233 226/244/223
f 228/246/225 238/257/235 237/256/234 227/245/224
f 229/247/226 239/258/236 238/257/235 228/246/225
f 230/238/227 240/249/237 239/258/236 229/247/226
f 231/248/228 241/259/238 250/260/247 240/249/237
f 232/250/229 242/261/239 241/262/238 231/251/228
f 233/252/230 243/263/240 242/261/239 232/250/229
f 234/253/231 244/264/241 243/263/240 233/252/230
f 235/254/232 245/265/242 244/264/241 234/253/231
f 236/255/233 246/266/243 245/265/242 235/254/232
f 237/256/234 247/267/244 246/266/243 236/255/233
f 238/257/235 248/268/245 247/267/244 237/256/234
f 239/258/236 249/269/246 248/268/245 238/257/235
f 240/249/237 250/260/247 249/269/246 239/258/236
f 241/259/238 251/270/248 260/271/257 250/260/247
f 242/261/239 252/272/249 251/273/248 241/262/238
f 243/263/240 253/274/250 252/272/249 242/261/239
f 244/264/241 254/275/251 253/274/250 243/263/240
f 245/265/242 255/276/252 254/275/251 244/264/241
f 246/266/243 256/277/253 255/276/252 245/265/242
f 247/267/244 257/278/254 256/277/253 246/266/243
f 248/268/245 258/279/255 257/278/254 247/267/244
f 249/269/246 259/280/256 258/279/255 248/268/245
f 250/260/247 260/271/257 259/280/256 249/269/246
f 251/270/248 261/281/258 270/282/267 260/271/257
f 252/272/249 262/283/259 261/284/258 251/273/248
f 253/274/250 263/285/260 262/283/259 252/272/249
f 254/275/251 264/286/261 263/285/260 253/274/250
f 255/276/252 265/287/262 264/286/261 254/275/251
f 256/277/253 266/288/263 265/287/262 255/276/252
f 257/278/254 267/289/264 266/288/263 256/277/253
f 258/279/255 268/290/265 267/289/264 257/278/254
f 259/280/256 269/291/266 268/290/265 258/279/255
f 260/271/257 270/282/267 269/291/266 259/280/256
f 261/281/258 271/292/268 280/293/277 270/282/267
f 262/283/259 272/294/269 271/295/268 261/284/258
f 263/285/260 273/296/270 272/294/269 262/283/259
f 264/286/261 274/297/271 273/296/270 263/285/260
f 265/287/262 275/298/272 274/297/271 264/286/261
f 266/288/263 276/299/273 275/298/272 265/287/262
f 267/289/264 277/300/274 276/299/273 266/288/263
f 268/290/265 278/301/275 277/300/274 267/289/264
f 269/291/266 279/302/276 278/301/275 268/290/265
f 270/282/267 280/293/277 279/302/276 269/291/266
f 271/292/268 281/303/278 290/304/287 280/293/277
f 272/294/269 282/305/279 281/306/278 271/295/268
f 273/296/270 283/307/280 282/305/279 272/294/269
f 274/297/271 284/308/281 283/307/280 273/296/270
f 275/298/272 285/309/282 284/308/281 274/297/271
f 276/299/273 286/310/283 285/309/282 275/298/272
f 277/300/274 287/311/284 286/310/283 276/299/273
f 278/301/275 288/312/285 287/311/284 277/300/274
f 279/302/276 289/313/286 288/312/285 278/301/275
f 280/293/277 290/304/287 289/313/286 279/302/276
f 281/303/278 291/314/288 300/315/297 290/304/287
f 282/305/279 292/316/289 291/317/288 281/306/278
f 283/307/280 293/318/290 292/316/289 282/305/279
f 284/308/281 294/319/291 293/318/290 283/307/280
f 285/309/282 295/320/292 294/319/291 284/308/281
f 286/310/283 296/321/293 295/320/292 285/309/282
f 287/311/284 297/322/294 296/321/293 286/310/283
f 288/312/285 298/323/295 297/322/294 287/311/284
f 289/313/286 299/324/296 298/323/295 288/312/285
f 290/304/287 300/315/297 299/324/296 289/313/286
f 291/314/288 301/325/298 310/326/307 300/315/297
f 292/316/289 302/327/299 301/328/298 291/317/288
f 293/318/290 303/329/300 302/327/299 292/316/289
f 294/319/291 304/330/301 303/329/300 293/318/290
f 295/320/292 305/331/302 304/330/301 294/319/291
f 296/321/293 306/332/303 305/331/302 295/320/292
f 297/322/294 307/333/304 306/332/303 296/321/293
f 298/323/295 308/334/305 307/333/304 297/322/294
f 299/324/296 309/335/306 308/334/305 298/323/295
f 300/315/297 310/326/307 309/335/306 299/324/296
f 301/325/298 311/336/308 320/337/317 310/326/307
f 302/327/299 312/338/309 311/339/308 301/328/298
f 303/329/300 313/340/310 312/338/309 302/327/299
f 304/330/301 314/341/311 313/340/310 303/329/300
f 305/331/302 315/342/312 314/341/311 304/330/301
f 306/332/303 316/343/313 315/342/312 305/331/302
f 307/333/304 317/344/314 316/343/313 306/332/303
f 308/334/305 318/345/315 317/344/314 307/333/304
f 309/335/306 319/346/316 318/345/315 308/334/305
f 310/326/307 320/337/317 319/346/316 309/335/306
f 311/336/308 321/347/318 330/348/102 320/337/317
f 312/338/309 322/349/319 321/350/318 311/339/308
f 313/340/310 323/351/320 322/349/319 312/338/309
f 314/341/311 324/352/321 323/351/320 313/340/310
f 315/342/312 325/353/107 324/352/321 314/341/311
f 316/343/313 326/354/322 325/353/107 315/342/312
f 317/344/314 327/355/323 326/354/322 316/343/313
f 318/345/315 328/356/324 327/355/323 317/344/314
f 319/346/316 329/357/325 328/356/324 318/345/315
f 320/337/317 330/348/102 329/357/325 319/346/316
f 321/347/318 331/358/326 340/359/335 330/348/102
f 322/349/319 332/360/327 331/361/326 321/350/318
f 323/351/320 333/362/328 332/360/327 322/349/319
f 324/352/321 334/363/329 333/362/328 323/351/320
f 325/353/107 335/364/330 334/363/329 324/352/321
f 326/354/322 336/365/331 335/364/330 325/353/107
f 327/355/323 337/366/332 336/365/331 326/354/322
f 328/356/324 338/367/333 337/366/332 327/355/323
f 329/357/325 339/368/334 338/367/333 328/356/324
f 330/348/102 340/359/335 339/368/334 329/357/325
f 331/358/326 341/369/336 350/370/345 340/359/335
f 332/360/327 342/371/337 341/372/336 331/361/326
f 333/362/328 343/373/338 342/371/337 332/360/327
f 334/363/329 344/374/339 343/373/338 333/362/328
f 335/364/330 345/375/340 344/374/339 334/363/329
f 336/365/331 346/376/341 345/375/340 335/364/330
f 337/366/332 347/377/342 346/376/341 336/365/331
f 338/367/333 348/378/343 347/377/342 337/366/332
f 339/368/334 349/379/344 348/378/343 338/367/333
f 340/359/335 350/370/345 349/379/344 339/368/334
f 341/369/336 351/380/346 360/381/355 350/370/345
f 342/371/337 352/382/347 351/383/346 341/372/336
f 343/373/338 353/384/348 352/382/347 342/371/337
f 344/374/339 354/385/349 353/384/348 343/373/338
f 345/375/340 355/386/350 354/385/349 344/374/339
f 346/376/341 356/387/351 355/386/350 345/375/340
f 347/377/342 357/388/352 356/387/351 346/376/341
f 348/378/343 358/389/353 357/388/352 347/377/342
f 349/379/344 359/390/354 358/389/353 348/378/343
f 350/370/345 360/381/355 359/390/354 349/379/344
f 351/380/346 361/391/356 370/392/365 360/381/355
f 352/382/347 362/393/357 361/394/356 351/383/346
f 353/384/348 363/395/358 362/393/357 352/382/347
f 354/385/349 364/396/359 363/395/358 353/384/348
f 355/386/350 365/397/360 364/396/359 354/385/349
f 356/387/351 366/398/361 365/397/360 355/386/350
f 357/388/352 367/399/362 366/398/361 356/387/351
f 358/389/353 368/400/363 367/399/362 357/388/352
f 359/390/354 369/401/364 368/400/363 358/389/353
f 360/381/355 370/392/365 369/401/364 359/390/354
f 361/391/356 371/402/366 380/403/375 370/392/365
f 362/393/357 372/404/367 371/405/366 361/394/356
f 363/395/358 373/406/368 372/404/367 362/393/357
f 364/396/359 374/407/369 373/406/368 363/395/358
f 365/397/360 375/408/370 374/407/369 364/396/359
f 366/398/361 376/409/371 375/408/370 365/397/360
f 367/399/362 377/410/372 376/409/371 366/398/361
f 368/400/363 378/411/373 377/410/372 367/399/362
f 369/401/364 379/412/374 378/411/373 368/400/363
f 370/392/365 380/403/375 379/412/374 369/401/364
f 371/402/366 381/413/376 390/414/385 380/403/375
f 372/404/367 382/415/377 381/416/376 371/405/366
f 373/406/368 383/417/378 382/415/377 372/404/367
f 374/407/369 384/418/379 383/417/378 373/406/368
f 375/408/370 385/419/380 384/418/379 374/407/369
f 376/409/371 386/420/381 385/419/380 375/408/370
f 377/410/372 387/421/382 386/420/381 376/409/371
f 378/411/373 388/422/383 387/421/382 377/410/372
f 379/412/374 389/423/384 388/422/383 378/411/373
f 380/403/375 390/414/385 389/423/384 379/412/374
f 381/413/376 391/424/386 400/425/172 390/414/385
f 382/415/377 392/426/387 391/427/386 381/416/376
f 383/417/378 393/428/388 392/426/387 382/415/377
f 384/418/379 394/429/389 393/428/388 383/417/378
f 385/419/380 395/430/177 394/429/389 384/418/379
f 386/420/381 396/431/390 395/430/177 385/419/380
f 387/421/382 397/432/391 396/431/390 386/420/381
f 388/422/383 398/433/392 397/432/391 387/421/382
f 389/423/384 399/434/393 398/433/392 388/422/383
f 390/414/385 400/425/172 399/434/393 389/423/384
f 391/424/386 401/435/394 410/436/182 400/425/172
f 392/426/387 402/437/395 401/438/394 391/427/386
f 393/428/388 403/439/396 402/437/395 392/426/387
f 394/429/389 404/440/397 403/439/396 393/428/388
f 395/430/177 405/441/187 404/440/397 394/429/389
f 396/431/390 406/442/398 405/441/187 395/430/177
f 397/432/391 407/443/399 406/442/398 396/431/390
f 398/433/392 408/444/400 407/443/399 397/432/391
f 399/434/393 409/445/401 408/444/400 398/433/392
f 400/425/172 410/436/182 409/445/401 399/434/393
f 401/435/394 411/446/402 420/447/192 410/436/182
f 402/437/395 412/448/403 411/449/402 401/438/394
f 403/439/396 413/450/404 412/448/403 402/437/395
f 404/440/397 414/451/405 413/450/404 403/439/396
f 405/441/187 415/452/197 414/451/405 404/440/397
f 406/442/398 416/453/406 415/452/197 405/441/187
f 407/443/399 417/454/407 416/453/406 406/442/398
f 408/444/400 418/455/408 417/454/407 407/443/399
f 409/445/401 419/456/409 418/455/408 408/444/400
f 410/436/182 420/447/192 419/456/409 409/445/401
f 411/446/402 421/457/410 430/458/202 420/447/192
f 412/448/403 422/459/411 421/460/410 411/449/402
f 413/450/404 423/461/412 422/459/411 412/448/403
f 414/451/405 424/462/413 423/461/412 413/450/404
f 415/452/197 425/463/207 424/462/413 414/451/405
f 416/453/406 426/464/414 425/463/207 415/452/197
f 417/454/407 427/465/415 426/464/414 416/453/406
f 418/455/408 428/466/416 427/465/415 417/454/407
f 419/456/409 429/467/417 428/466/416 418/455/408
f 420/447/192 430/458/202 429/467/417 419/456/409
f 421/457/410 431/468/418 440/469/212 430/458/202
f 422/459/411 432/470/419 431/471/418 421/460/410
f 423/461/412 433/472/420 432/470/419 422/459/411
f 424/462/413 434/473/421 433/472/420 423/461/412
f 425/463/207 435/474/217 434/473/421 424/462/413
f 426/464/414 436/475/422 435/474/217 425/463/207
f 427/465/415 437/476/423 436/475/422 426/464/414
f 428/466/416 438/477/424 437/476/423 427/465/415
f 429/467/417 439/478/425 438/477/424 428/466/416
f 430/458/202 440/469/212 439/478/425 429/467/417
f 431/468/418 441/479/426 450/480/222 440/469/212
f 432/470/419 442/481/427 441/482/426 431/471/418
f 433/472/420 443/483/428 442/481/427 432/470/419
f 434/473/421 444/484/429 443/483/428 433/472/420
f 435/474/217 445/485/227 444/484/429 434/473/421
f 436/475/422 446/486/430 445/485/227 435/474/217
f 437/476/423 447/487/431 446/486/430 436/475/422
f 438/477/424 448/488/432 447/487/431 437/476/423
f 439/478/425 449/489/433 448/488/432 438/477/424
f 440/469/212 450/480/222 449/489/433 439/478/425
f 441/479/426 451/490/434 460/491/232 450/480/222
f 442/481/427 452/492/435 451/493/434 441/482/426
f 443/483/428 453/494/436 452/492/435 442/481/427
f 444/484/429 454/495/437 453/494/436 443/483/428
f 445/485/227 455/496/237 454/495/437 444/484/429
f 446/486/430 456/497/438 455/496/237 445/485/227
f 447/487/431 457/498/439 456/497/438 446/486/430
f 448/488/432 458/499/440 457/498/439 447/487/431
f 449/489/433 459/500/441 458/499/440 448/488/432
f 450/480/222 460/491/232 459/500/441 449/489/433
f 451/490/434 461/501/442 470/502/242 460/491/232
f 452/492/435 462/503/443 461/504/442 451/493/434
f 453/494/436 463/505/444 462/503/443 452/492/435
f 454/495/437 464/506/445 463/505/444 453/494/436
f 455/496/237 465/507/247 464/506/445 454/495/437
f 456/497/438 466/508/446 465/507/247 455/496/237
f 457/498/439 467/509/447 466/508/446 456/497/438
f 458/499/440 468/510/448 467/509/447 457/498/439
f 459/500/441 469/511/449 468/510/448 458/499/440
f 460/491/232 470/502/242 469/511/449 459/500/441
f 461/501/442 471/512/450 480/513/252 470/502/242
f 462/503/443 472/514/451 471/515/450 461/504/442
f 463/505/444 473/516/452 472/514/451 462/503/443
f 464/506/445 474/517/453 473/516/452 463/505/444
f 465/507/247 475/518/257 474/517/453 464/506/445
f 466/508/446 476/519/454 475/518/257 465/507/247
f 467/509/447 477/520/455 476/519/454 466/508/446
f 468/510/448 478/521/456 477/520/455 467/509/447
f 469/511/449 479/522/457 478/521/456 468/510/448
f 470/502/242 480/513/252 479/522/457 469/511/449
f 471/512/450 481/523/458 490/524/467 480/513/252
f 472/514/451 482/525/459 481/526/458 471/515/450
f 473/516/452 483/527/460 482/525/459 472/514/451
f 474/517/453 484/528/461 483/527/460 473/516/452
f 475/518/257 485/529/462 484/528/461 474/517/453
f 476/519/454 486/530/463 485/529/462 475/518/257
f 477/520/455 487/531/464 486/530/463 476/519/454
f 478/521/456 488/532/465 487/531/464 477/520/455
f 479/522/457 489/533/466 488/532/465 478/521/456
f 480/513/252 490/524/467 489/533/466 479/522/457
f 481/523/458 491/534/468 500/535/477 490/524/467
f 482/525/459 492/536/469 491/537/468 481/526/458
f 483/527/460 493/538/470 492/536/469 482/525/459
f 484/528/461 494/539/471 493/538/470 483/527/460
f 485/529/462 495/540/472 494/539/471 484/528/461
f 486/530/463 496/541/473 495/540/472 485/529/462
f 487/531/464 497/542/474 496/541/473 486/530/463
f 488/532/465 498/543/475 497/542/474 487/531/464
f 489/533/466 499/544/476 498/543/475 488/532/465
f 490/524/467 500/535/477 499/544/476 489/533/466
f 491/534/468 501/545/478 510/546/487 500/535/477
f 492/536/469 502/547/479 501/548/478 491/537/468
f 493/538/470 503/549/480 502/547/479 492/536/469
f 494/539/471 504/550/481 503/549/480 493/538/470
f 495/540/472 505/551/482 504/550/481 494/539/471
f 496/541/473 506/552/483 505/551/482 495/540/472
f 497/542/474 507/553/484 506/552/483 496/541/473
f 498/543/475 508/554/485 507/553/484 497/542/474
f 499/544/476 509/555/486 508/554/485 498/543/475
f 500/535/477 510/546/487 509/555/486 499/544/476
f 501/545/478 511/556/488 520/557/497 510/546/487
f 502/547/479 512/558/489 511/559/488 501/548/478
f 503/549/480 513/560/490 512/558/489 502/547/479
f 504/550/481 514/561/491 513/560/490 503/549/480
f 505/551/482 515/562/492 514/561/491 504/550/481
f 506/552/483 516/563/493 515/562/492 505/551/482
f 507/553/484 517/564/494 516/563/493 506/552/483
f 508/554/485 518/565/495 517/564/494 507/553/484
f 509/555/486 519/566/496 518/565/495 508/554/485
f 510/546/487 520/557/497 519/566/496 509/555/486
f 511/556/488 521/567/498 530/568/507 520/557/497
f 512/558/489 522/569/499 521/570/498 511/559/488
f 513/560/490 523/571/500 522/569/499 512/558/489
f 514/561/491 524/572/501 523/571/500 513/560/490
f 515/562/492 525/573/502 524/572/501 514/561/491
f 516/563/493 526/574/503 525/573/502 515/562/492
f 517/564/494 527/575/504 526/574/503 516/563/493
f 518/565/495 528/576/505 527/575/504 517/564/494
f 519/566/496 529/577/506 528/576/505 518/565/495
f 520/557/497 530/568/507 529/577/506 519/566/496
f 521/567/498 531/578/508 540/579/517 530/568/507
f 522/569/499 532/580/509 531/581/508 521/570/498
f 523/571/500 533/582/510 532/580/509 522/569/499
f 524/572/501 534/583/511 533/582/510 523/571/500
f 525/573/502 535/584/512 534/583/511 524/572/501
f 526/574/503 536/585/513 535/584/512 525/573/502
f 527/575/504 537/586/514 536/585/513 526/574/503
f 528/576/505 538/587/515 537/586/514 527/575/504
f 529/577/506 539/588/516 538/587/515 528/576/505
f 530/568/507 540/579/517 539/588/516 529/577/506
f 531/578/508 101/589/98 110/590/107 540/579/517
f 532/580/509 102/591/99 101/592/98 531/581/508
f 533/582/510 103/593/100 102/591/99 532/580/509
f 534/583/511 104/594/101 103/593/100 533/582/510
f 535/584/512 105/595/102 104/594/101 534/583/511
f 536/585/513 106/596/103 105/595/102 535/584/512
f 537/586/514 107/597/104 106/596/103 536/585/513
f 538/587/515 108/598/105 107/597/104 537/586/514
f 539/588/516 109/599/106 108/598/105 538/587/515
f 540/579/517 110/590/107 109/599/106 539/588/516
o LineLoop
v -8.919098 0.000000 0.108778
v -8.969098 0.000000 0.145106
v -9.030902 0.000000 0.145106
v -9.080902 0.000000 0.108779
v -9.100000 -0.000000 0.050000
v -9.080902 -0.000000 -0.008779
v -9.030902 -0.000000 -0.045106
v -8.969098 -0.000000 -0.045106
v -8.919098 0.000000 -0.008778
v -8.900000 0.000000 0.050000
v -8.829537 -0.778883 0.108778
v -8.878273 -0.790057 0.145106
v -8.938513 -0.803869 0.145106
v -8.987248 -0.815043 0.108779
v -9.005864 -0.819311 0.050000
v -8.987248 -0.815043 -0.008779
v -8.938513 -0.803869 -0.045106
v -8.878273 -0.790057 -0.045106
v -8.829537 -0.778883 -0.008778
v -8.810922 -0.774615 0.050000
v -8.562178 -1.543377 0.108778
v -8.607454 -1.564591 0.145106
v -8.663420 -1.590813 0.145106
v -8.708696 -1.612027 0.108779
v -8.725990 -1.620130 0.050000
v -8.708696 -1.612027 -0.008779
v -8.663420 -1.590813 -0.045106
v -8.607454 -1.564591 -0.045106
v -8.562178 -1.543377 -0.008778
v -8.544884 -1.535274 0.050000
v -8.121325 -2.278652 0.108779
v -8.161721 -2.308115 0.145106
v -8.211656 -2.344533 0.145106
v -8.252052 -2.373996 0.108779
v -8.267483 -2.385250 0.050000
v -8.252052 -2.373996 -0.008779
v -8.211656 -2.344533 -0.045106
v -8.161721 -2.308115 -0.045106
v -8.121325 -2.278652 -0.008778
v -8.105894 -2.267398 0.050000
v -7.514848 -2.969621 0.108779
v -7.549726 -3.005447 0.145106
v -7.592838 -3.049730 0.145106
v -7.627716 -3.085557 0.108779
v -7.641038 -3.099241 0.050000
v -7.627716 -3.085557 -0.008779
v -7.592838 -3.049730 -0.045106
v -7.549726 -3.005447 -0.045106
v -7.514848 -2.969621 -0.008778
v -7.501525 -2.955936 0.050000
v -6.754409 -3.601614 0.108779
v -6.783665 -3.642161 0.145106
v -6.819828 -3.692280 0.145106
v -6.849084 -3.732827 0.108779
v -6.860259 -3.748314 0.050000
v -6.849084 -3.732827 -0.008779
v -6.819828 -3.692280 -0.045106
v -6.783665 -3.642161 -0.045106
v -6.754409 -3.601614 -0.008778
v -6.743234 -3.586126 0.050000
v -5.855227 -4.161055 0.108779
v -5.879033 -4.205024 0.145106
v -5.908460 -4.259372 0.145106
v -5.932266 -4.303340 0.108778
v -5.941360 -4.320135 0.050000
v -5.932266 -4.303340 -0.008779
v -5.908460 -4.259372 -0.045106
v -5.879033 -4.205024 -0.045106
v -5.855227 -4.161055 -0.008778
v -5.846133 -4.144260 0.050000
v -4.835630 -4.635941 0.108779
v -4.854256 -4.682343 0.145106
v -4.877279 -4.739697 0.145106
v -4.895905 -4.786099 0.108779
v -4.903018 -4.803823 0.050000
v -4.895905 -4.786099 -0.008779
v -4.877279 -4.739697 -0.045106
v -4.854256 -4.682343 -0.045106
v -4.835630 -4.635941 -0.008778
v -4.828516 -4.618217 0.050000
v -3.716550 -5.016139 0.108779
v -3.730261 -5.064222 0.145106
v -3.747209 -5.123656 0.145106
v -3.760920 -5.171740 0.108779
v -3.766157 -5.190106 0.050000
v -3.760920 -5.171740 -0.008779
v -3.747209 -5.123656 -0.045106
v -3.730261 -5.064222 -0.045106
v -3.716550 -5.016139 -0.008779
v -3.711313 -4.997773 0.050000
v -2.521007 -5.293585 0.108779
v -2.530021 -5.342765 0.145106
v -2.541165 -5.403556 0.145106
v -2.550179 -5.452737 0.108779
v -2.553623 -5.471522 0.050000
v -2.550179 -5.452737 -0.008779
v -2.541165 -5.403556 -0.045106
v -2.530021 -5.342765 -0.045106
v -2.521007 -5.293585 -0.008779
v -2.517563 -5.274800 0.050000
v -1.273602 -5.462422 0.108779
v -1.278071 -5.512222 0.145106
v -1.283596 -5.573778 0.145106
v -1.288065 -5.623578 0.108779
v -1.289772 -5.642600 0.050000
v -1.288065 -5.623578 -0.008779
v -1.283596 -5.573778 -0.045106
v -1.278071 -5.512222 -0.045106
v -1.273602 -5.462422 -0.008778
v -1.271895 -5.443400 0.050000
v 0.000000 -5.519098 0.108779
v 0.000000 -5.569098 0.145106
v -0.000000 -5.630902 0.145106
v -0.000000 -5.680902 0.108779
v -0.000000 -5.700000 0.050000
v -0.000000 -5.680902 -0.008779
v -0.000000 -5.630901 -0.045106
v 0.000000 -5.569098 -0.045106
v 0.000000 -5.519098 -0.008779
v 0.000000 -5.500000 0.050000
v 1.273602 -5.462422 0.108779
v 1.278071 -5.512222 0.145106
v 1.283596 -5.573778 0.145106
v 1.288065 -5.623578 0.108778
v 1.289772 -5.642600 0.050000
v 1.288065 -5.623578 -0.008779
v 1.283596 -5.573778 -0.045106
v 1.278071 -5.512222 -0.045106
v 1.273602 -5.462422 -0.008778
v 1.271895 -5.443400 0.050000
v 2.521007 -5.293585 0.108779
v 2.530021 -5.342765 0.145106
v 2.541165 -5.403556 0.145106
v 2.550179 -5.452737 0.108779
v 2.553623 -5.471522 0.050000
v 2.550179 -5.452737 -0.008779
v 2.541165 -5.403556 -0.045106
v 2.530021 -5.342765 -0.045106
v 2.521007 -5.293585 -0.008778
v 2.517563 -5.274800 0.050000
v 3.716550 -5.016139 0.108779
v 3.730261 -5.064222 0.145106
v 3.747209 -5.123656 0.145106
v 3.760920 -5.171740 0.108779
v 3.766157 -5.190106 0.050000
v 3.760920 -5.171740 -0.008779
v 3.747209 -5.123656 -0.045106
v 3.730261 -5.064222 -0.045106
v 3.716550 -5.016139 -0.008778
v 3.711313 -4.997773 0.050000
v 4.835630 -4.635941 0.108778
v 4.854256 -4.682343 0.145106
v 4.877279 -4.739697 0.145106
v 4.895905 -4.786099 0.108778
v 4.903018 -4.803823 0.050000
v 4.895905 -4.786099 -0.008779
v 4.877279 -4.739697 -0.045106
v 4.854256 -4.682343 -0.045106
v 4.835630 -4.635941 -0.008778
v 4.828516 -4.618217 0.050000
v 5.855227 -4.161055 0.108779
v 5.879033 -4.205024 0.145106
v 5.908460 -4.259372 0.145106
v 5.932266 -4.303340 0.108779
v 5.941360 -4.320135 0.050000
v 5.932266 -4.303340 -0.008779
v 5.908460 -4.259372 -0.045106
v 5.879033 -4.205024 -0.045106
v 5.855227 -4.161055 -0.008779
v 5.846133 -4.144260 0.050000
v 6.754409 -3.601614 0.108779
v 6.783665 -3.642161 0.145106
v 6.819828 -3.692280 0.145106
v 6.849084 -3.732827 0.108779
v 6.860259 -3.748314 0.050000
v 6.849084 -3.732827 -0.008779
v 6.819828 -3.692280 -0.045106
v 6.783665 -3.642161 -0.045106
v 6.754409 -3.601614 -0.008778
v 6.743234 -3.586126 0.050000
v 7.514848 -2.969621 0.108779
v 7.549726 -3.005447 0.145106
v 7.592838 -3.049730 0.145106
v 7.627716 -3.085557 0.108779
v 7.641038 -3.099241 0.050000
v 7.627716 -3.085557 -0.008779
v 7.592838 -3.049730 -0.045106
v 7.549726 -3.005447 -0.045106
v 7.514848 -2.969621 -0.008779
v 7.501525 -2.955936 0.050000
v 8.121325 -2.278652 0.108779
v 8.161721 -2.308115 0.145106
v 8.211656 -2.344533 0.145106
v 8.252052 -2.373996 0.108779
v 8.267483 -2.385250 0.050000
v 8.252052 -2.373996 -0.008779
v 8.211656 -2.344533 -0.045106
v 8.161721 -2.308115 -0.045106
v 8.121325 -2.278652 -0.008779
v 8.105894 -2.267398 0.050000
v 8.562178 -1.543377 0.108779
v 8.607454 -1.564591 0.145106
v 8.663420 -1.590813 0.145106
v 8.708696 -1.612027 0.108779
v 8.725990 -1.620130 0.050000
v 8.708696 -1.612027 -0.008779
v 8.663420 -1.590813 -0.045106
v 8.607454 -1.564591 -0.045106
v 8.562178 -1.543377 -0.008779
v 8.544884 -1.535274 0.050000
v 8.829537 -0.778883 0.108778
v 8.878273 -0.790057 0.145106
v 8.938513 -0.803869 0.145106
v 8.987248 -0.815043 0.108779
v 9.005864 -0.819311 0.050000
v 8.987248 -0.815043 -0.008779
v 8.938513 -0.803869 -0.045106
v 8.878273 -0.790057 -0.045106
v 8.829537 -0.778883 -0.008779
v 8.810922 -0.774615 0.050000
v 8.919098 0.000000 0.108779
v 8.969098 -0.000000 0.145106
v 9.030902 -0.000000 0.145106
v 9.080902 -0.000000 0.108779
v 9.100000 -0.000000 0.050000
v 9.080902 -0.000000 -0.008779
v 9.030902 0.000000 -0.045106
v 8.969098 0.000000 -0.045106
v 8.919098 0.000000 -0.008779
v 8.900000 0.000000 0.050000
v 8.829537 0.778883 0.108779
v 8.878273 0.790057 0.145106
v 8.938513 0.803869 0.145106
v 8.987248 0.815043 0.108779
v 9.005864 0.819311 0.050000
v 8.987248 0.815043 -0.008779
v 8.938513 0.803869 -0.045106
v 8.878273 0.790057 -0.045106
v 8.829537 0.778883 -0.008779
v 8.810922 0.774615 0.050000
v 8.562178 1.543377 0.108779
v 8.607454 1.564591 0.145106
v 8.663420 1.590813 0.145106
v 8.708696 1.612027 0.108779
v 8.725990 1.620130 0.050000
v 8.708696 1.612027 -0.008779
v 8.663420 1.590813 -0.045106
v 8.607454 1.564591 -0.045106
v 8.562178 1.543377 -0.008779
v 8.544884 1.535274 0.050000
v 8.121325 2.278652 0.108779
v 8.161721 2.308115 0.145106
v 8.211656 2.344533 0.145106
v 8.252052 2.373996 0.108779
v 8.267483 2.385250 0.050000
v 8.252052 2.373996 -0.008779
v 8.211656 2.344533 -0.045106
v 8.161721 2.308115 -0.045106
v 8.121325 2.278652 -0.008779
v 8.105894 2.267398 0.050000
v 7.514848 2.969621 0.108779
v 7.549726 3.005447 0.145106
v 7.592838 3.049730 0.145106
v 7.627716 3.085557 0.108779
v 7.641038 3.099241 0.050000
v 7.627716 3.085557 -0.008779
v 7.592838 3.049730 -0.045106
v 7.549726 3.005447 -0.045106
v 7.514848 2.969621 -0.008779
v 7.501525 2.955936 0.050000
v 6.754409 3.601614 0.108778
v 6.783665 3.642161 0.145106
v 6.819828 3.692280 0.145106
v 6.849084 3.732827 0.108779
v 6.860259 3.748314 0.050000
v 6.849084 3.732827 -0.008779
v 6.819828 3.692280 -0.045106
v 6.783665 3.642161 -0.045106
v 6.754409 3.601614 -0.008779
v 6.743234 3.586126 0.050000
v 5.855227 4.161055 0.108778
v 5.879033 4.205024 0.145106
v 5.908460 4.259372 0.145106
v 5.932266 4.303340 0.108779
v 5.941360 4.320135 0.050000
v 5.932266 4.303340 -0.008779
v 5.908460 4.259372 -0.045106
v 5.879033 4.205024 -0.045106
v 5.855227 4.161055 -0.008779
v 5.846133 4.144260 0.050000
v 4.835630 4.635941 0.108778
v 4.854256 4.682343 0.145106
v 4.877279 4.739697 0.145106
v 4.895905 4.786099 0.108779
v 4.903019 4.803823 0.050000
v 4.895905 4.786099 -0.008779
v 4.877279 4.739697 -0.045106
v 4.854256 4.682343 -0.045106
v 4.835630 4.635941 -0.008779
v 4.828516 4.618217 0.050000
v 3.716550 5.016139 0.108778
v 3.730261 5.064222 0.145106
v 3.747209 5.123656 0.145106
v 3.760920 5.171740 0.108779
v 3.766157 5.190106 0.050000
v 3.760920 5.171740 -0.008779
v 3.747209 5.123656 -0.045106
v 3.730261 5.064222 -0.045106
v 3.716550 5.016139 -0.008778
v 3.711313 4.997773 0.050000
v 2.521007 5.293585 0.108778
v 2.530021 5.342765 0.145106
v 2.541165 5.403556 0.145106
v 2.550179 5.452737 0.108779
v 2.553623 5.471522 0.050000
v 2.550179 5.452737 -0.008779
v 2.541165 5.403556 -0.045106
v 2.530021 5.342765 -0.045106
v 2.521007 5.293585 -0.008779
v 2.517563 5.274800 0.050000
v 1.273602 5.462422 0.108778
v 1.278071 5.512222 0.145106
v 1.283596 5.573778 0.145106
v 1.288065 5.623578 0.108779
v 1.289772 5.642600 0.050000
v 1.288065 5.623578 -0.008779
v 1.283596 5.573778 -0.045106
v 1.278071 5.512222 -0.045106
v 1.273602 5.462422 -0.008779
v 1.271895 5.443400 0.050000
v -0.000000 5.519098 0.108778
v -0.000000 5.569098 0.145106
v 0.000000 5.630902 0.145106
v 0.000000 5.680902 0.108779
v 0.000000 5.700000 0.050000
v 0.000000 5.680902 -0.008779
v 0.000000 5.630902 -0.045106
v -0.000000 5.569098 -0.045106
v -0.000000 5.519098 -0.008779
v -0.000000 5.500000 0.050000
v -1.273602 5.462422 0.108779
v -1.278071 5.512222 0.145106
v -1.283596 5.573778 0.145106
v -1.288065 5.623578 0.108779
v -1.289772 5.642600 0.050000
v -1.288065 5.623578 -0.008779
v -1.283596 5.573778 -0.045106
v -1.278071 5.512222 -0.045106
v -1.273602 5.462422 -0.008779
v -1.271895 5.443400 0.050000
v -2.521007 5.293585 0.108779
v -2.530021 5.342765 0.145106
v -2.541165 5.403556 0.145106
v -2.550179 5.452737 0.108779
v -2.553623 5.471522 0.050000
v -2.550179 5.452737 -0.008779
v -2.541165 5.403556 -0.045106
v -2.530021 5.342765 -0.045106
v -2.521007 5.293585 -0.008779
v -2.517563 5.274800 0.050000
v -3.716550 5.016139 0.108778
v -3.730261 5.064222 0.145106
v -3.747209 5.123656 0.145106
v -3.760920 5.171740 0.108779
v -3.766157 5.190106 0.050000
v -3.760920 5.171740 -0.008779
v -3.747209 5.123656 -0.045106
v -3.730261 5.064222 -0.045106
v -3.716550 5.016139 -0.008779
v -3.711313 4.997773 0.050000
v -4.835630 4.635941 0.108778
v -4.854256 4.682343 0.145106
v -4.877279 4.739697 0.145106
v -4.895905 4.786099 0.108779
v -4.903018 4.803823 0.050000
v -4.895905 4.786099 -0.008779
v -4.877279 4.739697 -0.045106
v -4.854256 4.682343 -0.045106
v -4.835630 4.635941 -0.008779
v -4.828516 4.618217 0.050000
v -5.855227 4.161055 0.108778
v -5.879033 4.205024 0.145106
v -5.908460 4.259372 0.145106
v -5.932266 4.303340 0.108779
v -5.941360 4.320135 0.050000
v -5.932266 4.303340 -0.008779
v -5.908460 4.259372 -0.045106
v -5.879033 4.205024 -0.045106
v -5.855227 4.161055 -0.008779
v -5.846133 4.144260 0.050000
v -6.754409 3.601614 0.108779
v -6.783665 3.642161 0.145106
v -6.819828 3.692280 0.145106
v -6.849084 3.732827 0.108779
v -6.860259 3.748314 0.050000
v -6.849084 3.732827 -0.008779
v -6.819828 3.692280 -0.045106
v -6.783665 3.642161 -0.045106
v -6.754409 3.601614 -0.008779
v -6.743234 3.586126 0.050000
v -7.514848 2.969621 0.108778
v -7.549726 3.005447 0.145106
v -7.592838 3.049730 0.145106
v -7.627716 3.085557 0.108779
v -7.641038 3.099241 0.050000
v -7.627716 3.085557 -0.008779
v -7.592838 3.049730 -0.045106
v -7.549726 3.005447 -0.045106
v -7.514848 2.969621 -0.008779
v -7.501525 2.955936 0.050000
v -8.121325 2.278652 0.108779
v -8.161721 2.308115 0.145106
v -8.211656 2.344533 0.145106
v -8.252052 2.373996 0.108779
v -8.267483 2.385250 0.050000
v -8.252052 2.373996 -0.008779
v -8.211656 2.344533 -0.045106
v -8.161721 2.308115 -0.045106
v -8.121325 2.278652 -0.008779
v -8.105894 2.267398 0.050000
v -8.562178 1.543377 0.108778
v -8.607454 1.564591 0.145106
v -8.663420 1.590813 0.145106
v -8.708696 1.612027 0.108779
v -8.725990 1.620130 0.050000
v -8.708696 1.612027 -0.008779
v -8.663420 1.590813 -0.045106
v -8.607454 1.564591 -0.045106
v -8.562178 1.543377 -0.008779
v -8.544884 1.535274 0.050000
v -8.829537 0.778883 0.108779
v -8.878273 0.790057 0.145106
v -8.938513 0.803869 0.145106
v -8.987248 0.815043 0.108779
v -9.005864 0.819311 0.050000
v -8.987248 0.815043 -0.008779
v -8.938513 0.803869 -0.045106
v -8.878273 0.790057 -0.045106
v -8.829537 0.778883 -0.008779
v -8.810922 0.774615 0.050000
vn 0.8009 -0.0000 0.5988
vn 0.2883 -0.0000 0.9575
vn -0.3290 -0.0000 0.9443
vn -0.8165 -0.0000 0.5774
vn -1.0000 -0.0000 -0.0000
vn -0.8165 -0.0000 -0.5774
vn -0.3290 -0.0000 -0.9443
vn 0.2883 -0.0000 -0.9575
vn 0.8009 -0.0000 -0.5988
vn 1.0000 -0.0000 -0.0000
vn 0.7809 0.1791 0.5984
vn 0.2817 0.0646 0.9573
vn -0.3201 -0.0734 0.9445
vn -0.7956 -0.1824 0.5777
vn -0.9747 -0.2234 -0.0000
vn -0.7956 -0.1824 -0.5777
vn -0.3201 -0.0734 -0.9445
vn 0.2817 0.0646 -0.9573
vn 0.7809 0.1791 -0.5984
vn 0.9747 0.2236 -0.0000
vn 0.7261 0.3403 0.5975
vn 0.2632 0.1233 0.9568
vn -0.2960 -0.1387 0.9451
vn -0.7387 -0.3460 0.5785
vn -0.9056 -0.4242 -0.0000
vn -0.7387 -0.3460 -0.5785
vn -0.2960 -0.1387 -0.9451
vn 0.2632 0.1233 -0.9568
vn 0.7261 0.3403 -0.5975
vn 0.9055 0.4244 -0.0000
vn 0.6485 0.4731 0.5963
vn 0.2366 0.1726 0.9562
vn -0.2625 -0.1914 0.9458
vn -0.6585 -0.4802 0.5795
vn -0.8080 -0.5892 -0.0000
vn -0.6585 -0.4802 -0.5795
vn -0.2625 -0.1914 -0.9458
vn 0.2366 0.1726 -0.9562
vn 0.6485 0.4731 -0.5963
vn 0.8079 0.5893 -0.0000
vn 0.5605 0.5758 0.5952
vn 0.2057 0.2113 0.9555
vn -0.2252 -0.2313 0.9464
vn -0.5680 -0.5834 0.5805
vn -0.6976 -0.7165 -0.0000
vn -0.5680 -0.5834 -0.5805
vn -0.2252 -0.2313 -0.9464
vn 0.2057 0.2113 -0.9555
vn 0.5605 0.5758 -0.5952
vn 0.6975 0.7166 -0.0000
vn 0.4706 0.6522 0.5942
vn 0.1736 0.2407 0.9550
vn -0.1879 -0.2604 0.9470
vn -0.4761 -0.6597 0.5815
vn -0.5852 -0.8109 -0.0000
vn -0.4761 -0.6597 -0.5815
vn -0.1879 -0.2604 -0.9470
vn 0.1736 0.2407 -0.9550
vn 0.4706 0.6522 -0.5942
vn 0.5851 0.8110 -0.0000
vn 0.3832 0.7078 0.5935
vn 0.1420 0.2622 0.9545
vn -0.1522 -0.2811 0.9475
vn -0.3871 -0.7150 0.5822
vn -0.4762 -0.8794 -0.0000
vn -0.3871 -0.7150 -0.5822
vn -0.1522 -0.2811 -0.9475
vn 0.1420 0.2622 -0.9545
vn 0.3832 0.7078 -0.5935
vn 0.4761 0.8794 -0.0000
vn 0.3000 0.7473 0.5929
vn 0.1115 0.2778 0.9542
vn -0.1187 -0.2957 0.9479
vn -0.3027 -0.7541 0.5828
vn -0.3725 -0.9280 -0.0000
vn -0.3027 -0.7541 -0.5828
vn -0.1187 -0.2957 -0.9479
vn 0.1115 0.2778 -0.9542
vn 0.3000 0.7473 -0.5929
vn 0.3725 0.9280 -0.0000
vn 0.2209 0.7747 0.5925
vn 0.0823 0.2886 0.9539
vn -0.0872 -0.3056 0.9482
vn -0.2228 -0.7812 0.5832
vn -0.2742 -0.9617 -0.0000
vn -0.2228 -0.7812 -0.5832
vn -0.0872 -0.3056 -0.9482
vn 0.0823 0.2886 -0.9539
vn 0.2209 0.7747 -0.5925
vn 0.2742 0.9617 -0.0000
vn 0.1453 0.7926 0.5922
vn 0.0542 0.2957 0.9537
vn -0.0572 -0.3121 0.9483
vn -0.1464 -0.7988 0.5835
vn -0.1803 -0.9836 -0.0000
vn -0.1464 -0.7988 -0.5835
vn -0.0572 -0.3121 -0.9483
vn 0.0542 0.2957 -0.9537
vn 0.1453 0.7926 -0.5922
vn 0.1803 0.9836 -0.0000
vn 0.0720 0.8027 0.5920
vn 0.0269 0.2998 0.9536
vn -0.0283 -0.3157 0.9484
vn -0.0726 -0.8088 0.5836
vn -0.0894 -0.9960 -0.0000
vn -0.0726 -0.8088 -0.5836
vn -0.0283 -0.3157 -0.9484
vn 0.0269 0.2998 -0.9536
vn 0.0720 0.8027 -0.5920
vn 0.0894 0.9960 -0.0000
vn -0.0000 0.8060 0.5920
vn -0.0000 0.3011 0.9536
vn -0.0000 -0.3169 0.9485
vn -0.0000 -0.8120 0.5837
vn -0.0000 -1.0000 -0.0000
vn -0.0000 -0.8120 -0.5837
vn -0.0000 -0.3169 -0.9485
vn -0.0000 0.3011 -0.9536
vn -0.0000 0.8060 -0.5920
vn -0.0000 1.0000 -0.0000
vn -0.0720 0.8027 0.5920
vn -0.0269 0.2998 0.9536
vn 0.0283 -0.3157 0.9484
vn 0.0726 -0.8088 0.5836
vn 0.0894 -0.9960 -0.0000
vn 0.0726 -0.8088 -0.5836
vn 0.0283 -0.3157 -0.9484
vn -0.0269 0.2998 -0.9536
vn -0.0720 0.8027 -0.5920
vn -0.0894 0.9960 -0.0000
vn -0.1453 0.7926 0.5922
vn -0.0542 0.2957 0.9537
vn 0.0572 -0.3121 0.9483
vn 0.1464 -0.7988 0.5835
vn 0.1803 -0.9836 -0.0000
vn 0.1464 -0.7988 -0.5835
vn 0.0572 -0.3121 -0.9483
vn -0.0542 0.2957 -0.9537
vn -0.1453 0.7926 -0.5922
vn -0.1803 0.9836 -0.0000
vn -0.2209 0.7747 0.5925
vn -0.0823 0.2886 0.9539
vn 0.0872 -0.3056 0.9482
vn 0.2228 -0.7812 0.5832
vn 0.2742 -0.9617 -0.0000
vn 0.2228 -0.7812 -0.5832
vn 0.0872 -0.3056 -0.9482
vn -0.0823 0.2886 -0.9539
vn -0.2209 0.7747 -0.5925
vn -0.2742 0.9617 -0.0000
vn -0.3000 0.7473 0.5929
vn -0.1115 0.2778 0.9542
vn 0.1187 -0.2957 0.9479
vn 0.3027 -0.7541 0.5828
vn 0.3725 -0.9280 -0.0000
vn 0.3027 -0.7541 -0.5828
vn 0.1187 -0.2957 -0.9479
vn -0.1115 0.2778 -0.9542
vn -0.3000 0.7473 -0.5929
vn -0.3725 0.9280 -0.0000
vn -0.3832 0.7078 0.5935
vn -0.1420 0.2622 0.9545
vn 0.1522 -0.2811 0.9475
vn 0.3871 -0.7150 0.5822
vn 0.4762 -0.8794 -0.0000
vn 0.3871 -0.7150 -0.5822
vn 0.1522 -0.2811 -0.9475
vn -0.1420 0.2622 -0.9545
vn -0.3832 0.7078 -0.5935
vn -0.4761 0.8794 -0.0000
vn -0.4706 0.6522 0.5942
vn -0.1736 0.2407 0.9550
vn 0.1879 -0.2604 0.9470
vn 0.4761 -0.6597 0.5815
vn 0.5852 -0.8109 -0.0000
vn 0.4761 -0.6597 -0.5815
vn 0.1879 -0.2604 -0.9470
vn -0.1736 0.2407 -0.9550
vn -0.4706 0.6522 -0.5942
vn -0.5851 0.8110 -0.0000
vn -0.5605 0.5758 0.5952
vn -0.2057 0.2113 0.9555
vn 0.2252 -0.2313 0.9464
vn 0.5680 -0.5834 0.5805
vn 0.6976 -0.7165 -0.0000
vn 0.5680 -0.5834 -0.5805
vn 0.2252 -0.2313 -0.9464
vn -0.2057 0.2113 -0.9555
vn -0.5605 0.5758 -0.5952
vn -0.6975 0.7166 -0.0000
vn -0.6485 0.4731 0.5963
vn -0.2366 0.1726 0.9562
vn 0.2625 -0.1914 0.9458
vn 0.6585 -0.4802 0.5795
vn 0.8080 -0.5892 -0.0000
vn 0.6585 -0.4802 -0.5795
vn 0.2625 -0.1914 -0.9458
vn -0.2366 0.1726 -0.9562
vn -0.6485 0.4731 -0.5963
vn -0.8079 0.5893 -0.0000
vn -0.7261 0.3403 0.5975
vn -0.2632 0.1233 0.9568
vn 0.2960 -0.1387 0.9451
vn 0.7387 -0.3460 0.5785
vn 0.9056 -0.4242 -0.0000
vn 0.7387 -0.3460 -0.5785
vn 0.2960 -0.1387 -0.9451
vn -0.2632 0.1233 -0.9568
vn -0.7261 0.3403 -0.5975
vn -0.9055 0.4244 -0.0000
vn -0.7809 0.1791 0.5984
vn -0.2817 0.0646 0.9573
vn 0.3201 -0.0734 0.9445
vn 0.7956 -0.1824 0.5777
vn 0.9747 -0.2234 -0.0000
vn 0.7956 -0.1824 -0.5777
vn 0.3201 -0.0734 -0.9445
vn -0.2817 0.0646 -0.9573
vn -0.7809 0.1791 -0.5984
vn -0.9747 0.2236 -0.0000
vn -0.8009 -0.0000 0.5988
vn -0.2883 -0.0000 0.9575
vn 0.3290 -0.0000 0.9443
vn 0.8165 -0.0000 0.5774
vn 0.8165 -0.0000 -0.5774
vn 0.3290 -0.0000 -0.9443
vn -0.2883 -0.0000 -0.9575
vn -0.8009 -0.0000 -0.5988
vn -0.7809 -0.1791 0.5984
vn -0.2817 -0.0646 0.9573
vn 0.3201 0.0734 0.9445
vn 0.7956 0.1824 0.5777
vn 0.9747 0.2234 -0.0000
vn 0.7956 0.1824 -0.5777
vn 0.3201 0.0734 -0.9445
vn -0.2817 -0.0646 -0.9573
vn -0.7809 -0.1791 -0.5984
vn -0.9747 -0.2236 -0.0000
vn -0.7261 -0.3403 0.5975
vn -0.2632 -0.1233 0.9568
vn 0.2960 0.1387 0.9451
vn 0.7387 0.3460 0.5785
vn 0.9056 0.4242 -0.0000
vn 0.7387 0.3460 -0.5785
vn 0.2960 0.1387 -0.9451
vn -0.2632 -0.1233 -0.9568
vn -0.7261 -0.3403 -0.5975
vn -0.9055 -0.4244 -0.0000
vn -0.6485 -0.4731 0.5963
vn -0.2366 -0.1726 0.9562
vn 0.2625 0.1914 0.9458
vn 0.6585 0.4802 0.5795
vn 0.8080 0.5892 -0.0000
vn 0.6585 0.4802 -0.5795
vn 0.2625 0.1914 -0.9458
vn -0.2366 -0.1726 -0.9562
vn -0.6485 -0.4731 -0.5963
vn -0.8079 -0.5893 -0.0000
vn -0.5605 -0.5758 0.5952
vn -0.2057 -0.2113 0.9555
vn 0.2252 0.2313 0.9464
vn 0.5680 0.5834 0.5805
vn 0.6976 0.7165 -0.0000
vn 0.5680 0.5834 -0.5805
vn 0.2252 0.2313 -0.9464
vn -0.2057 -0.2113 -0.9555
vn -0.5605 -0.5758 -0.5952
vn -0.6975 -0.7166 -0.0000
vn -0.4706 -0.6522 0.5942
vn -0.1736 -0.2407 0.9550
vn 0.1879 0.2604 0.9470
vn 0.4761 0.6597 0.5815
vn 0.5852 0.8109 -0.0000
vn 0.4761 0.6597 -0.5815
vn 0.1879 0.2604 -0.9470
vn -0.1736 -0.2407 -0.9550
vn -0.4706 -0.6522 -0.5942
vn -0.5851 -0.8110 -0.0000
vn -0.3832 -0.7078 0.5935
vn -0.1420 -0.2622 0.9545
vn 0.1522 0.2811 0.9475
vn 0.3871 0.7150 0.5822
vn 0.4762 0.8794 -0.0000
vn 0.3871 0.7150 -0.5822
vn 0.1522 0.2811 -0.9475
vn -0.1420 -0.2622 -0.9545
vn -0.3832 -0.7078 -0.5935
vn -0.4761 -0.8794 -0.0000
vn -0.3000 -0.7473 0.5929
vn -0.1115 -0.2778 0.9542
vn 0.1187 0.2957 0.9479
vn 0.3027 0.7541 0.5828
vn 0.3027 0.7541 -0.5828
vn 0.1187 0.2957 -0.9479
vn -0.1115 -0.2778 -0.9542
vn -0.3000 -0.7473 -0.5929
vn -0.2209 -0.7747 0.5925
vn -0.0823 -0.2886 0.9539
vn 0.0872 0.3056 0.9482
vn 0.2228 0.7812 0.5832
vn 0.2228 0.7812 -0.5832
vn 0.0872 0.3056 -0.9482
vn -0.0823 -0.2886 -0.9539
vn -0.2209 -0.7747 -0.5925
vn -0.1453 -0.7926 0.5922
vn -0.0542 -0.2957 0.9537
vn 0.0572 0.3121 0.9483
vn 0.1464 0.7988 0.5835
vn 0.1464 0.7988 -0.5835
vn 0.0572 0.3121 -0.9483
vn -0.0542 -0.2957 -0.9537
vn -0.1453 -0.7926 -0.5922
vn -0.0720 -0.8027 0.5920
vn -0.0269 -0.2998 0.9536
vn 0.0283 0.3157 0.9484
vn 0.0726 0.8088 0.5836
vn 0.0726 0.8088 -0.5836
vn 0.0283 0.3157 -0.9484
vn -0.0269 -0.2998 -0.9536
vn -0.0720 -0.8027 -0.5920
vn -0.0000 -0.8060 0.5920
vn -0.0000 -0.3011 0.9536
vn -0.0000 0.3169 0.9485
vn -0.0000 0.8120 0.5837
vn -0.0000 0.8120 -0.5837
vn -0.0000 0.3169 -0.9485
vn -0.0000 -0.3011 -0.9536
vn -0.0000 -0.8060 -0.5920
vn 0.0720 -0.8027 0.5920
vn 0.0269 -0.2998 0.9536
vn -0.0283 0.3157 0.9484
vn -0.0726 0.8088 0.5836
vn -0.0726 0.8088 -0.5836
vn -0.0283 0.3157 -0.9484
vn 0.0269 -0.2998 -0.9536
vn 0.0720 -0.8027 -0.5920
vn 0.1453 -0.7926 0.5922
vn 0.0542 -0.2957 0.9537
vn -0.0572 0.3121 0.9483
vn -0.1464 0.7988 0.5835
vn -0.1464 0.7988 -0.5835
vn -0.0572 0.3121 -0.9483
vn 0.0542 -0.2957 -0.9537
vn 0.1453 -0.7926 -0.5922
vn 0.2209 -0.7747 0.5925
vn 0.0823 -0.2886 0.9539
vn -0.0872 0.3056 0.9482
vn -0.2228 0.7812 0.5832
vn -0.2228 0.7812 -0.5832
vn -0.0872 0.3056 -0.9482
vn 0.0823 -0.2886 -0.9539
vn 0.2209 -0.7747 -0.5925
vn 0.3000 -0.7473 0.5929
vn 0.1115 -0.2778 0.9542
vn -0.1187 0.2957 0.9479
vn -0.3027 0.7541 0.5828
vn -0.3027 0.7541 -0.5828
vn -0.1187 0.2957 -0.9479
vn 0.1115 -0.2778 -0.9542
vn 0.3000 -0.7473 -0.5929
vn 0.3832 -0.7078 0.5935
vn 0.1420 -0.2622 0.9545
vn -0.1522 0.2811 0.9475
vn -0.3871 0.7150 0.5822
vn -0.4762 0.8794 -0.0000
vn -0.3871 0.7150 -0.5822
vn -0.1522 0.2811 -0.9475
vn 0.1420 -0.2622 -0.9545
vn 0.3832 -0.7078 -0.5935
vn 0.4761 -0.8794 -0.0000
vn 0.4706 -0.6522 0.5942
vn 0.1736 -0.2407 0.9550
vn -0.1879 0.2604 0.9470
vn -0.4761 0.6597 0.5815
vn -0.5852 0.8109 -0.0000
vn -0.4761 0.6597 -0.5815
vn -0.1879 0.2604 -0.9470
vn 0.1736 -0.2407 -0.9550
vn 0.4706 -0.6522 -0.5942
vn 0.5851 -0.8110 -0.0000
vn 0.5605 -0.5758 0.5952
vn 0.2057 -0.2113 0.9555
vn -0.2252 0.2313 0.9464
vn -0.5680 0.5834 0.5805
vn -0.6976 0.7165 -0.0000
vn -0.5680 0.5834 -0.5805
vn -0.2252 0.2313 -0.9464
vn 0.2057 -0.2113 -0.9555
vn 0.5605 -0.5758 -0.5952
vn 0.6975 -0.7166 -0.0000
vn 0.6485 -0.4731 0.5963
vn 0.2366 -0.1726 0.9562
vn -0.2625 0.1914 0.9458
vn -0.6585 0.4802 0.5795
vn -0.8080 0.5892 -0.0000
vn -0.6585 0.4802 -0.5795
vn -0.2625 0.1914 -0.9458
vn 0.2366 -0.1726 -0.9562
vn 0.6485 -0.4731 -0.5963
vn 0.8079 -0.5893 -0.0000
vn 0.7261 -0.3403 0.5975
vn 0.2632 -0.1233 0.9568
vn -0.2960 0.1387 0.9451
vn -0.7387 0.3460 0.5785
vn -0.9056 0.4242 -0.0000
vn -0.7387 0.3460 -0.5785
vn -0.2960 0.1387 -0.9451
vn 0.2632 -0.1233 -0.9568
vn 0.7261 -0.3403 -0.5975
vn 0.9055 -0.4244 -0.0000
vn 0.7809 -0.1791 0.5984
vn 0.2817 -0.0646 0.9573
vn -0.3201 0.0734 0.9445
vn -0.7956 0.1824 0.5777
vn -0.9747 0.2234 -0.0000
vn -0.7956 0.1824 -0.5777
vn -0.3201 0.0734 -0.9445
vn 0.2817 -0.0646 -0.9573
vn 0.7809 -0.1791 -0.5984
vn 0.9747 -0.2236 -0.0000
vt 0.000000 1.000000
vt 0.022727 1.000000
vt 0.022727 0.900000
vt 0.000000 0.900000
vt 0.000000 0.100000
vt 0.022727 0.100000
vt 0.022727 0.000000
vt 0.000000 0.000000
vt 0.000000 0.200000
vt 0.022727 0.200000
vt 0.000000 0.300000
vt 0.022727 0.300000
vt 0.000000 0.400000
vt 0.022727 0.400000
vt 0.000000 0.500000
vt 0.022727 0.500000
vt 0.000000 0.600000
vt 0.022727 0.600000
vt 0.000000 0.700000
vt 0.022727 0.700000
vt 0.000000 0.800000
vt 0.022727 0.800000
vt 0.045455 1.000000
vt 0.045455 0.900000
vt 0.045455 0.100000
vt 0.045455 0.000000
vt 0.045455 0.200000
vt 0.045455 0.300000
vt 0.045455 0.400000
vt 0.045455 0.500000
vt 0.045455 0.600000
vt 0.045455 0.700000
vt 0.045455 0.800000
vt 0.068182 1.000000
vt 0.068182 0.900000
vt 0.068182 0.100000
vt 0.068182 0.000000
vt 0.068182 0.200000
vt 0.068182 0.300000
vt 0.068182 0.400000
vt 0.068182 0.500000
vt 0.068182 0.600000
vt 0.068182 0.700000
vt 0.068182 0.800000
vt 0.090909 1.000000
vt 0.090909 0.900000
vt 0.090909 0.100000
vt 0.090909 0.000000
vt 0.090909 0.200000
vt 0.090909 0.300000
vt 0.090909 0.400000
vt 0.090909 0.500000
vt 0.090909 0.600000
vt 0.090909 0.700000
vt 0.090909 0.800000
vt 0.113636 1.000000
vt 0.113636 0.900000
vt 0.113636 0.100000
vt 0.113636 0.000000
vt 0.113636 0.200000
vt 0.113636 0.300000
vt 0.113636 0.400000
vt 0.113636 0.500000
vt 0.113636 0.600000
vt 0.113636 0.700000
vt 0.113636 0.800000
vt 0.136364 1.000000
vt 0.136364 0.900000
vt 0.136364 0.100000
vt 0.136364 0.000000
vt 0.136364 0.200000
vt 0.136364 0.300000
vt 0.136364 0.400000
vt 0.136364 0.500000
vt 0.136364 0.600000
vt 0.136364 0.700000
vt 0.136364 0.800000
vt 0.159091 1.000000
vt 0.159091 0.900000
vt 0.159091 0.100000
vt 0.159091 0.000000
vt 0.159091 0.200000
vt 0.159091 0.300000
vt 0.159091 0.400000
vt 0.159091 0.500000
vt 0.159091 0.600000
vt 0.159091 0.700000
vt 0.159091 0.800000
vt 0.181818 1.000000
vt 0.181818 0.900000
vt 0.181818 0.100000
vt 0.181818 0.000000
vt 0.181818 0.200000
vt 0.181818 0.300000
vt 0.181818 0.400000
vt 0.181818 0.500000
vt 0.181818 0.600000
vt 0.181818 0.700000
vt 0.181818 0.800000
vt 0.204545 1.000000
vt 0.204545 0.900000
vt 0.204545 0.100000
vt 0.204545 0.000000
vt 0.204545 0.200000
vt 0.204545 0.300000
vt 0.204545 0.400000
vt 0.204545 0.500000
vt 0.204545 0.600000
vt 0.204545 0.700000
vt 0.204545 0.800000
vt 0.227273 1.000000
vt 0.227273 0.900000
vt 0.227273 0.100000
vt 0.227273 0.000000
vt 0.227273 0.200000
vt 0.227273 0.300000
vt 0.227273 0.400000
vt 0.227273 0.500000
vt 0.227273 0.600000
vt 0.227273 0.700000
vt 0.227273 0.800000
vt 0.250000 1.000000
vt 0.250000 0.900000
vt 0.250000 0.100000
vt 0.250000 0.000000
vt 0.250000 0.200000
vt 0.250000 0.300000
vt 0.250000 0.400000
vt 0.250000 0.500000
vt 0.250000 0.600000
vt 0.250000 0.700000
vt 0.250000 0.800000
vt 0.272727 1.000000
vt 0.272727 0.900000
vt 0.272727 0.100000
vt 0.272727 0.000000
vt 0.272727 0.200000
vt 0.272727 0.300000
vt 0.272727 0.400000
vt 0.272727 0.500000
vt 0.272727 0.600000
vt 0.272727 0.700000
vt 0.272727 0.800000
vt 0.295455 1.000000
vt 0.295455 0.900000
vt 0.295455 0.100000
vt 0.295455 0.000000
vt 0.295455 0.200000
vt 0.295455 0.300000
vt 0.295455 0.400000
vt 0.295455 0.500000
vt 0.295455 0.600000
vt 0.295455 0.700000
vt 0.295455 0.800000
vt 0.318182 1.000000
vt 0.318182 0.900000
vt 0.318182 0.100000
vt 0.318182 0.000000
vt 0.318182 0.200000
vt 0.318182 0.300000
vt 0.318182 0.400000
vt 0.318182 0.500000
vt 0.318182 0.600000
vt 0.318182 0.700000
vt 0.318182 0.800000
vt 0.340909 1.000000
vt 0.340909 0.900000
vt 0.340909 0.100000
vt 0.340909 0.000000
vt 0.340909 0.200000
vt 0.340909 0.300000
vt 0.340909 0.400000
vt 0.340909 0.500000
vt 0.340909 0.600000
vt 0.340909 0.700000
vt 0.340909 0.800000
vt 0.363636 1.000000
vt 0.363636 0.900000
vt 0.363636 0.100000
vt 0.363636 0.000000
vt 0.363636 0.200000
vt 0.363636 0.300000
vt 0.363636 0.400000
vt 0.363636 0.500000
vt 0.363636 0.600000
vt 0.363636 0.700000
vt 0.363636 0.800000
vt 0.386364 1.000000
vt 0.386364 0.900000
vt 0.386364 0.100000
vt 0.386364 0.000000
vt 0.386364 0.200000
vt 0.386364 0.300000
vt 0.386364 0.400000
vt 0.386364 0.500000
vt 0.386364 0.600000
vt 0.386364 0.700000
vt 0.386364 0.800000
vt 0.409091 1.000000
vt 0.409091 0.900000
vt 0.409091 0.100000
vt 0.409091 0.000000
vt 0.409091 0.200000
vt 0.409091 0.300000
vt 0.409091 0.400000
vt 0.409091 0.500000
vt 0.409091 0.600000
vt 0.409091 0.700000
vt 0.409091 0.800000
vt 0.431818 1.000000
vt 0.431818 0.900000
vt 0.431818 0.100000
vt 0.431818 0.000000
vt 0.431818 0.200000
vt 0.431818 0.300000
vt 0.431818 0.400000
vt 0.431818 0.500000
vt 0.431818 0.600000
vt 0.431818 0.700000
vt 0.431818 0.800000
vt 0.454545 1.000000
vt 0.454545 0.900000
vt 0.454545 0.100000
vt 0.454545 0.000000
vt 0.454545 0.200000
vt 0.454545 0.300000
vt 0.454545 0.400000
vt 0.454545 0.500000
vt 0.454545 0.600000
vt 0.454545 0.700000
vt 0.454545 0.800000
vt 0.477273 1.000000
vt 0.477273 0.900000
vt 0.477273 0.100000
vt 0.477273 0.000000
vt 0.477273 0.200000
vt 0.477273 0.300000
vt 0.477273 0.400000
vt 0.477273 0.500000
vt 0.477273 0.600000
vt 0.477273 0.700000
vt 0.477273 0.800000
vt 0.500000 1.000000
vt 0.500000 0.900000
vt 0.500000 0.100000
vt 0.500000 0.000000
vt 0.500000 0.200000
vt 0.500000 0.300000
vt 0.500000 0.400000
vt 0.500000 0.500000
vt 0.500000 0.600000
vt 0.500000 0.700000
vt 0.500000 0.800000
vt 0.522727 1.000000
vt 0.522727 0.900000
vt 0.522727 0.100000
vt 0.522727 0.000000
vt 0.522727 0.200000
vt 0.522727 0.300000
vt 0.522727 0.400000
vt 0.522727 0.500000
vt 0.522727 0.600000
vt 0.522727 0.700000
vt 0.522727 0.800000
vt 0.545455 1.000000
vt 0.545455 0.900000
vt 0.545455 0.100000
vt 0.545455 0.000000
vt 0.545455 0.200000
vt 0.545455 0.300000
vt 0.545455 0.400000
vt 0.545455 0.500000
vt 0.545455 0.600000
vt 0.545455 0.700000
vt 0.545455 0.800000
vt 0.568182 1.000000
vt 0.568182 0.900000
vt 0.568182 0.100000
vt 0.568182 0.000000
vt 0.568182 0.200000
vt 0.568182 0.300000
vt 0.568182 0.400000
vt 0.568182 0.500000
vt 0.568182 0.600000
vt 0.568182 0.700000
vt 0.568182 0.800000
vt 0.590909 1.000000
vt 0.590909 0.900000
vt 0.590909 0.100000
vt 0.590909 0.000000
vt 0.590909 0.200000
vt 0.590909 0.300000
vt 0.590909 0.400000
vt 0.590909 0.500000
vt 0.590909 0.600000
vt 0.590909 0.700000
vt 0.590909 0.800000
vt 0.613636 1.000000
vt 0.613636 0.900000
vt 0.613636 0.100000
vt 0.613636 0.000000
vt 0.613636 0.200000
vt 0.613636 0.300000
vt 0.613636 0.400000
vt 0.613636 0.500000
vt 0.613636 0.600000
vt 0.613636 0.700000
vt 0.613636 0.800000
vt 0.636364 1.000000
vt 0.636364 0.900000
vt 0.636364 0.100000
vt 0.636364 0.000000
vt 0.636364 0.200000
vt 0.636364 0.300000
vt 0.636364 0.400000
vt 0.636364 0.500000
vt 0.636364 0.600000
vt 0.636364 0.700000
vt 0.636364 0.800000
vt 0.659091 1.000000
vt 0.659091 0.900000
vt 0.659091 0.100000
vt 0.659091 0.000000
vt 0.659091 0.200000
vt 0.659091 0.300000
vt 0.659091 0.400000
vt 0.659091 0.500000
vt 0.659091 0.600000
vt 0.659091 0.700000
vt 0.659091 0.800000
vt 0.681818 1.000000
vt 0.681818 0.900000
vt 0.681818 0.100000
vt 0.681818 0.000000
vt 0.681818 0.200000
vt 0.681818 0.300000
vt 0.681818 0.400000
vt 0.681818 0.500000
vt 0.681818 0.600000
vt 0.681818 0.700000
vt 0.681818 0.800000
vt 0.704545 1.000000
vt 0.704545 0.900000
vt 0.704545 0.100000
vt 0.704545 0.000000
vt 0.704545 0.200000
vt 0.704545 0.300000
vt 0.704545 0.400000
vt 0.704545 0.500000
vt 0.704545 0.600000
vt 0.704545 0.700000
vt 0.704545 0.800000
vt 0.727273 1.000000
vt 0.727273 0.900000
vt 0.727273 0.100000
vt 0.727273 0.000000
vt 0.727273 0.200000
vt 0.727273 0.300000
vt 0.727273 0.400000
vt 0.727273 0.500000
vt 0.727273 0.600000
vt 0.727273 0.700000
vt 0.727273 0.800000
vt 0.750000 1.000000
vt 0.750000 0.900000
vt 0.750000 0.100000
vt 0.750000 0.000000
vt 0.750000 0.200000
vt 0.750000 0.300000
vt 0.750000 0.400000
vt 0.750000 0.500000
vt 0.750000 0.600000
vt 0.750000 0.700000
vt 0.750000 0.800000
vt 0.772727 1.000000
vt 0.772727 0.900000
vt 0.772727 0.100000
vt 0.772727 0.000000
vt 0.772727 0.200000
vt 0.772727 0.300000
vt 0.772727 0.400000
vt 0.772727 0.500000
vt 0.772727 0.600000
vt 0.772727 0.700000
vt 0.772727 0.800000
vt 0.795455 1.000000
vt 0.795455 0.900000
vt 0.795455 0.100000
vt 0.795455 0.000000
vt 0.795455 0.200000
vt 0.795455 0.300000
vt 0.795455 0.400000
vt 0.795455 0.500000
vt 0.795455 0.600000
vt 0.795455 0.700000
vt 0.795455 0.800000
vt 0.818182 1.000000
vt 0.818182 0.900000
vt 0.818182 0.100000
vt 0.818182 0.000000
vt 0.818182 0.200000
vt 0.818182 0.300000
vt 0.818182 0.400000
vt 0.818182 0.500000
vt 0.818182 0.600000
vt 0.818182 0.700000
vt 0.818182 0.800000
vt 0.840909 1.000000
vt 0.840909 0.900000
vt 0.840909 0.100000
vt 0.840909 0.000000
vt 0.840909 0.200000
vt 0.840909 0.300000
vt 0.840909 0.400000
vt 0.840909 0.500000
vt 0.840909 0.600000
vt 0.840909 0.700000
vt 0.840909 0.800000
vt 0.863636 1.000000
vt 0.863636 0.900000
vt 0.863636 0.100000
vt 0.863636 0.000000
vt 0.863636 0.200000
vt 0.863636 0.300000
vt 0.863636 0.400000
vt 0.863636 0.500000
vt 0.863636 0.600000
vt 0.863636 0.700000
vt 0.863636 0.800000
vt 0.886364 1.000000
vt 0.886364 0.900000
vt 0.886364 0.100000
vt 0.886364 0.000000
vt 0.886364 0.200000
vt 0.886364 0.300000
vt 0.886364 0.400000
vt 0.886364 0.500000
vt 0.886364 0.600000
vt 0.886364 0.700000
vt 0.886364 0.800000
vt 0.909091 1.000000
vt 0.909091 0.900000
vt 0.909091 0.100000
vt 0.909091 0.000000
vt 0.909091 0.200000
vt 0.909091 0.300000
vt 0.909091 0.400000
vt 0.909091 0.500000
vt 0.909091 0.600000
vt 0.909091 0.700000
vt 0.909091 0.800000
vt 0.931818 1.000000
vt 0.931818 0.900000
vt 0.931818 0.100000
vt 0.931818 0.000000
vt 0.931818 0.200000
vt 0.931818 0.300000
vt 0.931818 0.400000
vt 0.931818 0.500000
vt 0.931818 0.600000
vt 0.931818 0.700000
vt 0.931818 0.800000
vt 0.954545 1.000000
vt 0.954545 0.900000
vt 0.954545 0.100000
vt 0.954545 0.000000
vt 0.954545 0.200000
vt 0.954545 0.300000
vt 0.954545 0.400000
vt 0.954545 0.500000
vt 0.954545 0.600000
vt 0.954545 0.700000
vt 0.954545 0.800000
vt 0.977273 1.000000
vt 0.977273 0.900000
vt 0.977273 0.100000
vt 0.977273 0.000000
vt 0.977273 0.200000
vt 0.977273 0.300000
vt 0.977273 0.400000
vt 0.977273 0.500000
vt 0.977273 0.600000
vt 0.977273 0.700000
vt 0.977273 0.800000
vt 1.000000 1.000000
vt 1.000000 0.900000
vt 1.000000 0.100000
vt 1.000000 0.000000
vt 1.000000 0.200000
vt 1.000000 0.300000
vt 1.000000 0.400000
vt 1.000000 0.500000
vt 1.000000 0.600000
vt 1.000000 0.700000
vt 1.000000 0.800000
s 1
usemtl Track
f 541/600/518 551/601/528 560/602/537 550/603/527
f 542/604/519 552/605/529 551/606/528 541/607/518
f 543/608/520 553/609/530 552/605/529 542/604/519
f 544/610/521 554/611/531 553/609/530 543/608/520
f 545/612/522 555/613/532 554/611/531 544/610/521
f 546/614/523 556/615/533 555/613/532 545/612/522
f 547/616/524 557/617/534 556/615/533 546/614/523
f 548/618/525 558/619/535 557/617/534 547/616/524
f 549/620/526 559/621/536 558/619/535 548/618/525
f 550/603/527 560/602/537 559/621/536 549/620/526
f 551/601/528 561/622/538 570/623/547 560/602/537
f 552/605/529 562/624/539 561/625/538 551/606/528
f 553/609/530 563/626/540 562/624/539 552/605/529
f 554/611/531 564/627/541 563/626/540 553/609/530
f 555/613/532 565/628/542 564/627/541 554/611/531
f 556/615/533 566/629/543 565/628/542 555/613/532
f 557/617/534 567/630/544 566/629/543 556/615/533
f 558/619/535 568/631/545 567/630/544 557/617/534
f 559/621/536 569/632/546 568/631/545 558/619/535
f 560/602/537 570/623/547 569/632/546 559/621/536
f 561/622/538 571/633/548 580/634/557 570/623/547
f 562/624/539 572/635/549 571/636/548 561/625/538
f 563/626/540 573/637/550 572/635/549 562/624/539
f 564/627/541 574/638/551 573/637/550 563/626/540
f 565/628/542 575/639/552 574/638/551 564/627/541
f 566/629/543 576/640/553 575/639/552 565/628/542
f 567/630/544 577/641/554 576/640/553 566/629/543
f 568/631/545 578/642/555 577/641/554 567/630/544
f 569/632/546 579/643/556 578/642/555 568/631/545
f 570/623/547 580/634/557 579/643/556 569/632/546
f 571/633/548 581/644/558 590/645/567 580/634/557
f 572/635/549 582/646/559 581/647/558 571/636/548
f 573/637/550 583/648/560 582/646/559 572/635/549
f 574/638/551 584/649/561 583/648/560 573/637/550
f 575/639/552 585/650/562 584/649/561 574/638/551
f 576/640/553 586/651/563 585/650/562 575/639/552
f 577/641/554 587/652/564 586/651/563 576/640/553
f 578/642/555 588/653/565 587/652/564 577/641/554
f 579/643/556 589/654/566 588/653/565 578/642/555
f 580/634/557 590/645/567 589/654/566 579/643/556
f 581/644/558 591/655/568 600/656/577 590/645/567
f 582/646/559 592/657/569 591/658/568 581/647/558
f 583/648/560 593/659/570 592/657/569 582/646/559
f 584/649/561 594/660/571 593/659/570 583/648/560
f 585/650/562 595/661/572 594/660/571 584/649/561
f 586/651/563 596/662/573 595/661/572 585/650/562
f 587/652/564 597/663/574 596/662/573 586/651/563
f 588/653/565 598/664/575 597/663/574 587/652/564
f 589/654/566 599/665/576 598/664/575 588/653/565
f 590/645/567 600/656/577 599/665/576 589/654/566
f 591/655/568 601/666/578 610/667/587 600/656/577
f 592/657/569 602/668/579 601/669/578 591/658/568
f 593/659/570 603/670/580 602/668/579 592/657/569
f 594/660/571 604/671/581 603/670/580 593/659/570
f 595/661/572 605/672/582 604/671/581 594/660/571
f 596/662/573 606/673/583 605/672/582 595/661/572
f 597/663/574 607/674/584 606/673/583 596/662/573
f 598/664/575 608/675/585 607/674/584 597/663/574
f 599/665/576 609/676/586 608/675/585 598/664/575
f 600/656/577 610/667/587 609/676/586 599/665/576
f 601/666/578 611/677/588 620/678/597 610/667/587
f 602/668/579 612/679/589 611/680/588 601/669/578
f 603/670/580 613/681/590 612/679/589 602/668/579
f 604/671/581 614/682/591 613/681/590 603/670/580
f 605/672/582 615/683/592 614/682/591 604/671/581
f 606/673/583 616/684/593 615/683/592 605/672/582
f 607/674/584 617/685/594 616/684/593 606/673/583
f 608/675/585 618/686/595 617/685/594 607/674/584
f 609/676/586 619/687/596 618/686/595 608/675/585
f 610/667/587 620/678/597 619/687/596 609/676/586
f 611/677/588 621/688/598 630/689/607 620/678/597
f 612/679/589 622/690/599 621/691/598 611/680/588
f 613/681/590 623/692/600 622/690/599 612/679/589
f 614/682/591 624/693/601 623/692/600 613/681/590
f 615/683/592 625/694/602 624/693/601 614/682/591
f 616/684/593 626/695/603 625/694/602 615/683/592
f 617/685/594 627/696/604 626/695/603 616/684/593
f 618/686/595 628/697/605 627/696/604 617/685/594
f 619/687/596 629/698/606 628/697/605 618/686/595
f 620/678/597 630/689/607 629/698/606 619/687/596
f 621/688/598 631/699/608 640/700/617 630/689/607
f 622/690/599 632/701/609 631/702/608 621/691/598
f 623/692/600 633/703/610 632/701/609 622/690/599
f 624/693/601 634/704/611 633/703/610 623/692/600
f 625/694/602 635/705/612 634/704/611 624/693/601
f 626/695/603 636/706/613 635/705/612 625/694/602
f 627/696/604 637/707/614 636/706/613 626/695/603
f 628/697/605 638/708/615 637/707/614 627/696/604
f 629/698/606 639/709/616 638/708/615 628/697/605
f 630/689/607 640/700/617 639/709/616 629/698/606
f 631/699/608 641/710/618 650/711/627 640/700/617
f 632/701/609 642/712/619 641/713/618 631/702/608
f 633/703/610 643/714/620 642/712/619 632/701/609
f 634/704/611 644/715/621 643/714/620 633/703/610
f 635/705/612 645/716/622 644/715/621 634/704/611
f 636/706/613 646/717/623 645/716/622 635/705/612
f 637/707/614 647/718/624 646/717/623 636/706/613
f 638/708/615 648/719/625 647/718/624 637/707/614
f 639/709/616 649/720/626 648/719/625 638/708/615
f 640/700/617 650/711/627 649/720/626 639/709/616
f 641/710/618 651/721/628 660/722/637 650/711/627
f 642/712/619 652/723/629 651/724/628 641/713/618
f 643/714/620 653/725/630 652/723/629 642/712/619
f 644/715/621 654/726/631 653/725/630 643/714/620
f 645/716/622 655/727/632 654/726/631 644/715/621
f 646/717/623 656/728/633 655/727/632 645/716/622
f 647/718/624 657/729/634 656/728/633 646/717/623
f 648/719/625 658/730/635 657/729/634 647/718/624
f 649/720/626 659/731/636 658/730/635 648/719/625
f 650/711/627 660/722/637 659/731/636 649/720/626
f 651/721/628 661/732/638 670/733/647 660/722/637
f 652/723/629 662/734/639 661/735/638 651/724/628
f 653/725/630 663/736/640 662/734/639 652/723/629
f 654/726/631 664/737/641 663/736/640 653/725/630
f 655/727/632 665/738/642 664/737/641 654/726/631
f 656/728/633 666/739/643 665/738/642 655/727/632
f 657/729/634 667/740/644 666/739/643 656/728/633
f 658/730/635 668/741/645 667/740/644 657/729/634
f 659/731/636 669/742/646 668/741/645 658/730/635
f 660/722/637 670/733/647 669/742/646 659/731/636
f 661/732/638 671/743/648 680/744/657 670/733/647
f 662/734/639 672/745/649 671/746/648 661/735/638
f 663/736/640 673/747/650 672/745/649 662/734/639
f 664/737/641 674/748/651 673/747/650 663/736/640
f 665/738/642 675/749/652 674/748/651 664/737/641
f 666/739/643 676/750/653 675/749/652 665/738/642
f 667/740/644 677/751/654 676/750/653 666/739/643
f 668/741/645 678/752/655 677/751/654 667/740/644
f 669/742/646 679/753/656 678/752/655 668/741/645
f 670/733/647 680/744/657 679/753/656 669/742/646
f 671/743/648 681/754/658 690/755/667 680/744/657
f 672/745/649 682/756/659 681/757/658 671/746/648
f 673/747/650 683/758/660 682/756/659 672/745/649
f 674/748/651 684/759/661 683/758/660 673/747/650
f 675/749/652 685/760/662 684/759/661 674/748/651
f 676/750/653 686/761/663 685/760/662 675/749/652
f 677/751/654 687/762/664 686/761/663 676/750/653
f 678/752/655 688/763/665 687/762/664 677/751/654
f 679/753/656 689/764/666 688/763/665 678/752/655
f 680/744/657 690/755/667 689/764/666 679/753/656
f 681/754/658 691/765/668 700/766/677 690/755/667
f 682/756/659 692/767/669 691/768/668 681/757/658
f 683/758/660 693/769/670 692/767/669 682/756/659
f 684/759/661 694/770/671 693/769/670 683/758/660
f 685/760/662 695/771/672 694/770/671 684/759/661
f 686/761/663 696/772/673 695/771/672 685/760/662
f 687/762/664 697/773/674 696/772/673 686/761/663
f 688/763/665 698/774/675 697/773/674 687/762/664
f 689/764/666 699/775/676 698/774/675 688/763/665
f 690/755/667 700/766/677 699/775/676 689/764/666
f 691/765/668 701/776/678 710/777/687 700/766/677
f 692/767/669 702/778/679 701/779/678 691/768/668
f 693/769/670 703/780/680 702/778/679 692/767/669
f 694/770/671 704/781/681 703/780/680 693/769/670
f 695/771/672 705/782/682 704/781/681 694/770/671
f 696/772/673 706/783/683 705/782/682 695/771/672
f 697/773/674 707/784/684 706/783/683 696/772/673
f 698/774/675 708/785/685 707/784/684 697/773/674
f 699/775/676 709/786/686 708/785/685 698/774/675
f 700/766/677 710/777/687 709/786/686 699/775/676
f 701/776/678 711/787/688 720/788/697 710/777/687
f 702/778/679 712/789/689 711/790/688 701/779/678
f 703/780/680 713/791/690 712/789/689 702/778/679
f 704/781/681 714/792/691 713/791/690 703/780/680
f 705/782/682 715/793/692 714/792/691 704/781/681
f 706/783/683 716/794/693 715/793/692 705/782/682
f 707/784/684 717/795/694 716/794/693 706/783/683
f 708/785/685 718/796/695 717/795/694 707/784/684
f 709/786/686 719/797/696 718/796/695 708/785/685
f 710/777/687 720/788/697 719/797/696 709/786/686
f 711/787/688 721/798/698 730/799/707 720/788/697
f 712/789/689 722/800/699 721/801/698 711/790/688
f 713/791/690 723/802/700 722/800/699 712/789/689
f 714/792/691 724/803/701 723/802/700 713/791/690
f 715/793/692 725/804/702 724/803/701 714/792/691
f 716/794/693 726/805/703 725/804/702 715/793/692
f 717/795/694 727/806/704 726/805/703 716/794/693
f 718/796/695 728/807/705 727/806/704 717/795/694
f 719/797/696 729/808/706 728/807/705 718/796/695
f 720/788/697 730/799/707 729/808/706 719/797/696
f 721/798/698 731/809/708 740/810/717 730/799/707
f 722/800/699 732/811/709 731/812/708 721/801/698
f 723/802/700 733/813/710 732/811/709 722/800/699
f 724/803/701 734/814/711 733/813/710 723/802/700
f 725/804/702 735/815/712 734/814/711 724/803/701
f 726/805/703 736/816/713 735/815/712 725/804/702
f 727/806/704 737/817/714 736/816/713 726/805/703
f 728/807/705 738/818/715 737/817/714 727/806/704
f 729/808/706 739/819/716 738/818/715 728/807/705
f 730/799/707 740/810/717 739/819/716 729/808/706
f 731/809/708 741/820/718 750/821/727 740/810/717
f 732/811/709 742/822/719 741/823/718 731/812/708
f 733/813/710 743/824/720 742/822/719 732/811/709
f 734/814/711 744/825/721 743/824/720 733/813/710
f 735/815/712 745/826/722 744/825/721 734/814/711
f 736/816/713 746/827/723 745/826/722 735/815/712
f 737/817/714 747/828/724 746/827/723 736/816/713
f 738/818/715 748/829/725 747/828/724 737/817/714
f 739/819/716 749/830/726 748/829/725 738/818/715
f 740/810/717 750/821/727 749/830/726 739/819/716
f 741/820/718 751/831/728 760/832/737 750/821/727
f 742/822/719 752/833/729 751/834/728 741/823/718
f 743/824/720 753/835/730 752/833/729 742/822/719
f 744/825/721 754/836/731 753/835/730 743/824/720
f 745/826/722 755/837/732 754/836/731 744/825/721
f 746/827/723 756/838/733 755/837/732 745/826/722
f 747/828/724 757/839/734 756/838/733 746/827/723
f 748/829/725 758/840/735 757/839/734 747/828/724
f 749/830/726 759/841/736 758/840/735 748/829/725
f 750/821/727 760/832/737 759/841/736 749/830/726
f 751/831/728 761/842/738 770/843/522 760/832/737
f 752/833/729 762/844/739 761/845/738 751/834/728
f 753/835/730 763/846/740 762/844/739 752/833/729
f 754/836/731 764/847/741 763/846/740 753/835/730
f 755/837/732 765/848/527 764/847/741 754/836/731
f 756/838/733 766/849/742 765/848/527 755/837/732
f 757/839/734 767/850/743 766/849/742 756/838/733
f 758/840/735 768/851/744 767/850/743 757/839/734
f 759/841/736 769/852/745 768/851/744 758/840/735
f 760/832/737 770/843/522 769/852/745 759/841/736
f 761/842/738 771/853/746 780/854/755 770/843/522
f 762/844/739 772/855/747 771/856/746 761/845/738
f 763/846/740 773/857/748 772/855/747 762/844/739
f 764/847/741 774/858/749 773/857/748 763/846/740
f 765/848/527 775/859/750 774/858/749 764/847/741
f 766/849/742 776/860/751 775/859/750 765/848/527
f 767/850/743 777/861/752 776/860/751 766/849/742
f 768/851/744 778/862/753 777/861/752 767/850/743
f 769/852/745 779/863/754 778/862/753 768/851/744
f 770/843/522 780/854/755 779/863/754 769/852/745
f 771/853/746 781/864/756 790/865/765 780/854/755
f 772/855/747 782/866/757 781/867/756 771/856/746
f 773/857/748 783/868/758 782/866/757 772/855/747
f 774/858/749 784/869/759 783/868/758 773/857/748
f 775/859/750 785/870/760 784/869/759 774/858/749
f 776/860/751 786/871/761 785/870/760 775/859/750
f 777/861/752 787/872/762 786/871/761 776/860/751
f 778/862/753 788/873/763 787/872/762 777/861/752
f 779/863/754 789/874/764 788/873/763 778/862/753
f 780/854/755 790/865/765 789/874/764 779/863/754
f 781/864/756 791/875/766 800/876/775 790/865/765
f 782/866/757 792/877/767 791/878/766 781/867/756
f 783/868/758 793/879/768 792/877/767 782/866/757
f 784/869/759 794/880/769 793/879/768 783/868/758
f 785/870/760 795/881/770 794/880/769 784/869/759
f 786/871/761 796/882/771 795/881/770 785/870/760
f 787/872/762 797/883/772 796/882/771 786/871/761
f 788/873/763 798/884/773 797/883/772 787/872/762
f 789/874/764 799/885/774 798/884/773 788/873/763
f 790/865/765 800/876/775 799/885/774 789/874/764
f 791/875/766 801/886/776 810/887/785 800/876/775
f 792/877/767 802/888/777 801/889/776 791/878/766
f 793/879/768 803/890/778 802/888/777 792/877/767
f 794/880/769 804/891/779 803/890/778 793/879/768
f 795/881/770 805/892/780 804/891/779 794/880/769
f 796/882/771 806/893/781 805/892/780 795/881/770
f 797/883/772 807/894/782 806/893/781 796/882/771
f 798/884/773 808/895/783 807/894/782 797/883/772
f 799/885/774 809/896/784 808/895/783 798/884/773
f 800/876/775 810/887/785 809/896/784 799/885/774
f 801/886/776 811/897/786 820/898/795 810/887/785
f 802/888/777 812/899/787 811/900/786 801/889/776
f 803/890/778 813/901/788 812/899/787 802/888/777
f 804/891/779 814/902/789 813/901/788 803/890/778
f 805/892/780 815/903/790 814/902/789 804/891/779
f 806/893/781 816/904/791 815/903/790 805/892/780
f 807/894/782 817/905/792 816/904/791 806/893/781
f 808/895/783 818/906/793 817/905/792 807/894/782
f 809/896/784 819/907/794 818/906/793 808/895/783
f 810/887/785 820/898/795 819/907/794 809/896/784
f 811/897/786 821/908/796 830/909/805 820/898/795
f 812/899/787 822/910/797 821/911/796 811/900/786
f 813/901/788 823/912/798 822/910/797 812/899/787
f 814/902/789 824/913/799 823/912/798 813/901/788
f 815/903/790 825/914/800 824/913/799 814/902/789
f 816/904/791 826/915/801 825/914/800 815/903/790
f 817/905/792 827/916/802 826/915/801 816/904/791
f 818/906/793 828/917/803 827/916/802 817/905/792
f 819/907/794 829/918/804 828/917/803 818/906/793
f 820/898/795 830/909/805 829/918/804 819/907/794
f 821/908/796 831/919/806 840/920/592 830/909/805
f 822/910/797 832/921/807 831/922/806 821/911/796
f 823/912/798 833/923/808 832/921/807 822/910/797
f 824/913/799 834/924/809 833/923/808 823/912/798
f 825/914/800 835/925/597 834/924/809 824/913/799
f 826/915/801 836/926/810 835/925/597 825/914/800
f 827/916/802 837/927/811 836/926/810 826/915/801
f 828/917/803 838/928/812 837/927/811 827/916/802
f 829/918/804 839/929/813 838/928/812 828/917/803
f 830/909/805 840/920/592 839/929/813 829/918/804
f 831/919/806 841/930/814 850/931/602 840/920/592
f 832/921/807 842/932/815 841/933/814 831/922/806
f 833/923/808 843/934/816 842/932/815 832/921/807
f 834/924/809 844/935/817 843/934/816 833/923/808
f 835/925/597 845/936/607 844/935/817 834/924/809
f 836/926/810 846/937/818 845/936/607 835/925/597
f 837/927/811 847/938/819 846/937/818 836/926/810
f 838/928/812 848/939/820 847/938/819 837/927/811
f 839/929/813 849/940/821 848/939/820 838/928/812
f 840/920/592 850/931/602 849/940/821 839/929/813
f 841/930/814 851/941/822 860/942/612 850/931/602
f 842/932/815 852/943/823 851/944/822 841/933/814
f 843/934/816 853/945/824 852/943/823 842/932/815
f 844/935/817 854/946/825 853/945/824 843/934/816
f 845/936/607 855/947/617 854/946/825 844/935/817
f 846/937/818 856/948/826 855/947/617 845/936/607
f 847/938/819 857/949/827 856/948/826 846/937/818
f 848/939/820 858/950/828 857/949/827 847/938/819
f 849/940/821 859/951/829 858/950/828 848/939/820
f 850/931/602 860/942/612 859/951/829 849/940/821
f 851/941/822 861/952/830 870/953/622 860/942/612
f 852/943/823 862/954/831 861/955/830 851/944/822
f 853/945/824 863/956/832 862/954/831 852/943/823
f 854/946/825 864/957/833 863/956/832 853/945/824
f 855/947/617 865/958/627 864/957/833 854/946/825
f 856/948/826 866/959/834 865/958/627 855/947/617
f 857/949/827 867/960/835 866/959/834 856/948/826
f 858/950/828 868/961/836 867/960/835 857/949/827
f 859/951/829 869/962/837 868/961/836 858/950/828
f 860/942/612 870/953/622 869/962/837 859/951/829
f 861/952/830 871/963/838 880/964/632 870/953/622
f 862/954/831 872/965/839 871/966/838 861/955/830
f 863/956/832 873/967/840 872/965/839 862/954/831
f 864/957/833 874/968/841 873/967/840 863/956/832
f 865/958/627 875/969/637 874/968/841 864/957/833
f 866/959/834 876/970/842 875/969/637 865/958/627
f 867/960/835 877/971/843 876/970/842 866/959/834
f 868/961/836 878/972/844 877/971/843 867/960/835
f 869/962/837 879/973/845 878/972/844 868/961/836
f 870/953/622 880/964/632 879/973/845 869/962/837
f 871/963/838 881/974/846 890/975/642 880/964/632
f 872/965/839 882/976/847 881/977/846 871/966/838
f 873/967/840 883/978/848 882/976/847 872/965/839
f 874/968/841 884/979/849 883/978/848 873/967/840
f 875/969/637 885/980/647 884/979/849 874/968/841
f 876/970/842 886/981/850 885/980/647 875/969/637
f 877/971/843 887/982/851 886/981/850 876/970/842
f 878/972/844 888/983/852 887/982/851 877/971/843
f 879/973/845 889/984/853 888/983/852 878/972/844
f 880/964/632 890/975/642 889/984/853 879/973/845
f 881/974/846 891/985/854 900/986/652 890/975/642
f 882/976/847 892/987/855 891/988/854 881/977/846
f 883/978/848 893/989/856 892/987/855 882/976/847
f 884/979/849 894/990/857 893/989/856 883/978/848
f 885/980/647 895/991/657 894/990/857 884/979/849
f 886/981/850 896/992/858 895/991/657 885/980/647
f 887/982/851 897/993/859 896/992/858 886/981/850
f 888/983/852 898/994/860 897/993/859 887/982/851
f 889/984/853 899/995/861 898/994/860 888/983/852
f 890/975/642 900/986/652 899/995/861 889/984/853
f 891/985/854 901/996/862 910/997/662 900/986/652
f 892/987/855 902/998/863 901/999/862 891/988/854
f 893/989/856 903/1000/864 902/998/863 892/987/855
f 894/990/857 904/1001/865 903/1000/864 893/989/856
f 895/991/657 905/1002/667 904/1001/865 894/990/857
f 896/992/858 906/1003/866 905/1002/667 895/991/657
f 897/993/859 907/1004/867 906/1003/866 896/992/858
f 898/994/860 908/1005/868 907/1004/867 897/993/859
f 899/995/861 909/1006/869 908/1005/868 898/994/860
f 900/986/652 910/997/662 909/1006/869 899/995/861
f 901/996/862 911/1007/870 920/1008/672 910/997/662
f 902/998/863 912/1009/871 911/1010/870 901/999/862
f 903/1000/864 913/1011/872 912/1009/871 902/998/863
f 904/1001/865 914/1012/873 913/1011/872 903/1000/864
f 905/1002/667 915/1013/677 914/1012/873 904/1001/865
f 906/1003/866 916/1014/874 915/1013/677 905/1002/667
f 907/1004/867 917/1015/875 916/1014/874 906/1003/866
f 908/1005/868 918/1016/876 917/1015/875 907/1004/867
f 909/1006/869 919/1017/877 918/1016/876 908/1005/868
f 910/997/662 920/1008/672 919/1017/877 909/1006/869
f 911/1007/870 921/1018/878 930/1019/887 920/1008/672
f 912/1009/871 922/1020/879 921/1021/878 911/1010/870
f 913/1011/872 923/1022/880 922/1020/879 912/1009/871
f 914/1012/873 924/1023/881 923/1022/880 913/1011/872
f 915/1013/677 925/1024/882 924/1023/881 914/1012/873
f 916/1014/874 926/1025/883 925/1024/882 915/1013/677
f 917/1015/875 927/1026/884 926/1025/883 916/1014/874
f 918/1016/876 928/1027/885 927/1026/884 917/1015/875
f 919/1017/877 929/1028/886 928/1027/885 918/1016/876
f 920/1008/672 930/1019/887 929/1028/886 919/1017/877
f 921/1018/878 931/1029/888 940/1030/897 930/1019/887
f 922/1020/879 932/1031/889 931/1032/888 921/1021/878
f 923/1022/880 933/1033/890 932/1031/889 922/1020/879
f 924/1023/881 934/1034/891 933/1033/890 923/1022/880
f 925/1024/882 935/1035/892 934/1034/891 924/1023/881
f 926/1025/883 936/1036/893 935/1035/892 925/1024/882
f 927/1026/884 937/1037/894 936/1036/893 926/1025/883
f 928/1027/885 938/1038/895 937/1037/894 927/1026/884
f 929/1028/886 939/1039/896 938/1038/895 928/1027/885
f 930/1019/887 940/1030/897 939/1039/896 929/1028/886
f 931/1029/888 941/1040/898 950/1041/907 940/1030/897
f 932/1031/889 942/1042/899 941/1043/898 931/1032/888
f 933/1033/890 943/1044/900 942/1042/899 932/1031/889
f 934/1034/891 944/1045/901 943/1044/900 933/1033/890
f 935/1035/892 945/1046/902 944/1045/901 934/1034/891
f 936/1036/893 946/1047/903 945/1046/902 935/1035/892
f 937/1037/894 947/1048/904 946/1047/903 936/1036/893
f 938/1038/895 948/1049/905 947/1048/904 937/1037/894
f 939/1039/896 949/1050/906 948/1049/905 938/1038/895
f 940/1030/897 950/1041/907 949/1050/906 939/1039/896
f 941/1040/898 951/1051/908 960/1052/917 950/1041/907
f 942/1042/899 952/1053/909 951/1054/908 941/1043/898
f 943/1044/900 953/1055/910 952/1053/909 942/1042/899
f 944/1045/901 954/1056/911 953/1055/910 943/1044/900
f 945/1046/902 955/1057/912 954/1056/911 944/1045/901
f 946/1047/903 956/1058/913 955/1057/912 945/1046/902
f 947/1048/904 957/1059/914 956/1058/913 946/1047/903
f 948/1049/905 958/1060/915 957/1059/914 947/1048/904
f 949/1050/906 959/1061/916 958/1060/915 948/1049/905
f 950/1041/907 960/1052/917 959/1061/916 949/1050/906
f 951/1051/908 961/1062/918 970/1063/927 960/1052/917
f 952/1053/909 962/1064/919 961/1065/918 951/1054/908
f 953/1055/910 963/1066/920 962/1064/919 952/1053/909
f 954/1056/911 964/1067/921 963/1066/920 953/1055/910
f 955/1057/912 965/1068/922 964/1067/921 954/1056/911
f 956/1058/913 966/1069/923 965/1068/922 955/1057/912
f 957/1059/914 967/1070/924 966/1069/923 956/1058/913
f 958/1060/915 968/1071/925 967/1070/924 957/1059/914
f 959/1061/916 969/1072/926 968/1071/925 958/1060/915
f 960/1052/917 970/1063/927 969/1072/926 959/1061/916
f 961/1062/918 971/1073/928 980/1074/937 970/1063/927
f 962/1064/919 972/1075/929 971/1076/928 961/1065/918
f 963/1066/920 973/1077/930 972/1075/929 962/1064/919
f 964/1067/921 974/1078/931 973/1077/930 963/1066/920
f 965/1068/922 975/1079/932 974/1078/931 964/1067/921
f 966/1069/923 976/1080/933 975/1079/932 965/1068/922
f 967/1070/924 977/1081/934 976/1080/933 966/1069/923
f 968/1071/925 978/1082/935 977/1081/934 967/1070/924
f 969/1072/926 979/1083/936 978/1082/935 968/1071/925
f 970/1063/927 980/1074/937 979/1083/936 969/1072/926
f 971/1073/928 541/1084/518 550/1085/527 980/1074/937
f 972/1075/929 542/1086/519 541/1087/518 971/1076/928
f 973/1077/930 543/1088/520 542/1086/519 972/1075/929
f 974/1078/931 544/1089/521 543/1088/520 973/1077/930
f 975/1079/932 545/1090/522 544/1089/521 974/1078/931
f 976/1080/933 546/1091/523 545/1090/522 975/1079/932
f 977/1081/934 547/1092/524 546/1091/523 976/1080/933
f 978/1082/935 548/1093/525 547/1092/524 977/1081/934
f 979/1083/936 549/1094/526 548/1093/525 978/1082/935
f 980/1074/937 550/1085/527 549/1094/526 979/1083/936
o Bloom_0
v -3.000000 0.000000 -0.300000
v -3.361800 0.262860 -0.023607
v -2.861808 0.425320 -0.023607
v -2.552788 0.000000 -0.023607
v -2.861808 -0.425320 -0.023607
v -3.361800 -0.262860 -0.023607
v -3.138192 0.425320 0.423607
v -2.638200 0.262860 0.423607
v -2.638200 -0.262860 0.423607
v -3.138192 -0.425320 0.423607
v -3.447212 0.000000 0.423607
v -3.000000 0.000000 0.700000
vn -0.0000 -0.0000 -1.0000
vn -0.7236 0.5257 -0.4472
vn 0.2764 0.8507 -0.4472
vn 0.8944 -0.0000 -0.4472
vn 0.2764 -0.8507 -0.4472
vn -0.7236 -0.5257 -0.4472
vn -0.2764 0.8507 0.4472
vn 0.7236 0.5257 0.4472
vn 0.7236 -0.5257 0.4472
vn -0.2764 -0.8507 0.4472
vn -0.8944 -0.0000 0.4472
vn -0.0000 -0.0000 1.0000
vt 0.181819 0.000000
vt 0.272728 0.157461
vt 0.090910 0.157461
vt 0.363637 0.000000
vt 0.454546 0.157461
vt 0.909091 0.000000
vt 1.000000 0.157461
vt 0.818182 0.157461
vt 0.727273 0.000000
vt 0.636364 0.157461
vt 0.545455 0.000000
vt 0.363637 0.314921
vt 0.181819 0.314921
vt 0.909091 0.314921
vt 0.727273 0.314921
vt 0.545455 0.314921
vt 0.000000 0.314921
vt 0.272728 0.472382
vt 0.090910 0.472382
vt 0.818182 0.472382
vt 0.636364 0.472382
vt 0.454546 0.472382
s 1
usemtl Bloom
f 981/1095/938 982/1096/939 983/1097/940
f 982/1096/939 981/1098/938 986/1099/943
f 981/1100/938 983/1101/940 984/1102/941
f 981/1103/938 984/1102/941 985/1104/942
f 981/1105/938 985/1104/942 986/1099/943
f 982/1096/939 986/1099/943 991/1106/948
f 983/1097/940 982/1096/939 987/1107/944
f 984/1102/941 983/1101/940 988/1108/945
f 985/1104/942 984/1102/941 989/1109/946
f 986/1099/943 985/1104/942 990/1110/947
f 982/1096/939 991/1106/948 987/1107/944
f 983/1097/940 987/1107/944 988/1111/945
f 984/1102/941 988/1108/945 989/1109/946
f 985/1104/942 989/1109/946 990/1110/947
f 986/1099/943 990/1110/947 991/1106/948
f 987/1107/944 991/1106/948 992/1112/949
f 988/1111/945 987/1107/944 992/1113/949
f 989/1109/946 988/1108/945 992/1114/949
f 990/1110/947 989/1109/946 992/1115/949
f 991/1106/948 990/1110/947 992/1116/949
o Bloom_30
v -2.598076 -0.900000 -0.300000
v -2.959876 -0.637140 -0.023607
v -2.459884 -0.474680 -0.023607
v -2.150864 -0.900000 -0.023607
v -2.459884 -1.325320 -0.023607
v -2.959876 -1.162860 -0.023607
v -2.736269 -0.474680 0.423607
v -2.236276 -0.637140 0.423607
v -2.236276 -1.162860 0.423607
v -2.736269 -1.325320 0.423607
v -3.045289 -0.900000 0.423607
v -2.598076 -0.900000 0.700000
vn -0.0000 -0.0000 -1.0000
vn -0.7236 0.5257 -0.4472
vn 0.2764 0.8507 -0.4472
vn 0.8944 -0.0000 -0.4472
vn 0.2764 -0.8507 -0.4472
vn -0.7236 -0.5257 -0.4472
vn -0.2764 0.8507 0.4472
vn 0.7236 0.5257 0.4472
vn 0.7236 -0.5257 0.4472
vn -0.2764 -0.8507 0.4472
vn -0.8944 -0.0000 0.4472
vn -0.0000 -0.0000 1.0000
vt 0.181819 0.000000
vt 0.272728 0.157461
vt 0.090910 0.157461
vt 0.363637 0.000000
vt 0.454546 0.157461
vt 0.909091 0.000000
vt 1.000000 0.157461
vt 0.818182 0.157461
vt 0.727273 0.000000
vt 0.636364 0.157461
vt 0.545455 0.000000
vt 0.363637 0.314921
vt 0.181819 0.314921
vt 0.909091 0.314921
vt 0.727273 0.314921
vt 0.545455 0.314921
vt 0.000000 0.314921
vt 0.272728 0.472382
vt 0.090910 0.472382
vt 0.818182 0.472382
vt 0.636364 0.472382
vt 0.454546 0.472382
s 1
usemtl Bloom.001
f 993/1117/950 994/1118/951 995/1119/952
f 994/1118/951 993/1120/950 998/1121/955
f 993/1122/950 995/1123/952 996/1124/953
f 993/1125/950 996/1124/953 997/1126/954
f 993/1127/950 997/1126/954 998/1121/955
f 994/1118/951 998/1121/955 1003/1128/960
f 995/1119/952 994/1118/951 999/1129/956
f 996/1124/953 995/1123/952 1000/1130/957
f 997/1126/954 996/1124/953 1001/1131/958
f 998/1121/955 997/1126/954 1002/1132/959
f 994/1118/951 1003/1128/960 999/1129/956
f 995/1119/952 999/1129/956 1000/1133/957
f 996/1124/953 1000/1130/957 1001/1131/958
f 997/1126/954 1001/1131/958 1002/1132/959
f 998/1121/955 1002/1132/959 1003/1128/960
f 999/1129/956 1003/1128/960 1004/1134/961
f 1000/1133/957 999/1129/956 1004/1135/961
f 1001/1131/958 1000/1130/957 1004/1136/961
f 1002/1132/959 1001/1131/958 1004/1137/961
f 1003/1128/960 1002/1132/959 1004/1138/961
o Bloom_60
v -1.500000 -1.558846 -0.300000
v -1.861800 -1.295986 -0.023607
v -1.361807 -1.133526 -0.023607
v -1.052788 -1.558846 -0.023607
v -1.361807 -1.984166 -0.023607
v -1.861800 -1.821706 -0.023607
v -1.638193 -1.133526 0.423607
v -1.138200 -1.295986 0.423607
v -1.138200 -1.821706 0.423607
v -1.638193 -1.984166 0.423607
v -1.947212 -1.558846 0.423607
v -1.500000 -1.558846 0.700000
vn -0.0000 -0.0000 -1.0000
vn -0.7236 0.5257 -0.4472
vn 0.2764 0.8507 -0.4472
vn 0.8944 -0.0000 -0.4472
vn 0.2764 -0.8507 -0.4472
vn -0.7236 -0.5257 -0.4472
vn -0.2764 0.8507 0.4472
vn 0.7236 0.5257 0.4472
vn 0.7236 -0.5257 0.4472
vn -0.2764 -0.8507 0.4472
vn -0.8944 -0.0000 0.4472
vn -0.0000 -0.0000 1.0000
vt 0.181819 0.000000
vt 0.272728 0.157461
vt 0.090910 0.157461
vt 0.363637 0.000000
vt 0.454546 0.157461
vt 0.909091 0.000000
vt 1.000000 0.157461
vt 0.818182 0.157461
vt 0.727273 0.000000
vt 0.636364 0.157461
vt 0.545455 0.000000
vt 0.363637 0.314921
vt 0.181819 0.314921
vt 0.909091 0.314921
vt 0.727273 0.314921
vt 0.545455 0.314921
vt 0.000000 0.314921
vt 0.272728 0.472382
vt 0.090910 0.472382
vt 0.818182 0.472382
vt 0.636364 0.472382
vt 0.454546 0.472382
s 1
usemtl Bloom.002
f 1005/1139/962 1006/1140/963 1007/1141/964
f 1006/1140/963 1005/1142/962 1010/1143/967
f 1005/1144/962 1007/1145/964 1008/1146/965
f 1005/1147/962 1008/1146/965 1009/1148/966
f 1005/1149/962 1009/1148/966 1010/1143/967
f 1006/1140/963 1010/1143/967 1015/1150/972
f 1007/1141/964 1006/1140/963 1011/1151/968
f 1008/1146/965 1007/1145/964 1012/1152/969
f 1009/1148/966 1008/1146/965 1013/1153/970
f 1010/1143/967 1009/1148/966 1014/1154/971
f 1006/1140/963 1015/1150/972 1011/1151/968
f 1007/1141/964 1011/1151/968 1012/1155/969
f 1008/1146/965 1012/1152/969 1013/1153/970
f 1009/1148/966 1013/1153/970 1014/1154/971
f 1010/1143/967 1014/1154/971 1015/1150/972
f 1011/1151/968 1015/1150/972 1016/1156/973
f 1012/1155/969 1011/1151/968 1016/1157/973
f 1013/1153/970 1012/1152/969 1016/1158/973
f 1014/1154/971 1013/1153/970 1016/1159/973
f 1015/1150/972 1014/1154/971 1016/1160/973
o Bloom_90
v -0.000000 -1.800000 -0.300000
v -0.361800 -1.537140 -0.023607
v 0.138193 -1.374680 -0.023607
v 0.447212 -1.800000 -0.023607
v 0.138193 -2.225320 -0.023607
v -0.361800 -2.062860 -0.023607
v -0.138193 -1.374680 0.423607
v 0.361800 -1.537140 0.423607
v 0.361800 -2.062860 0.423607
v -0.138193 -2.225320 0.423607
v -0.447212 -1.800000 0.423607
v -0.000000 -1.800000 0.700000
vn -0.0000 -0.0000 -1.0000
vn -0.7236 0.5257 -0.4472
vn 0.2764 0.8507 -0.4472
vn 0.8944 -0.0000 -0.4472
vn 0.2764 -0.8507 -0.4472
vn -0.7236 -0.5257 -0.4472
vn -0.2764 0.8507 0.4472
vn 0.7236 0.5257 0.4472
vn 0.7236 -0.5257 0.4472
vn -0.2764 -0.8507 0.4472
vn -0.8944 -0.0000 0.4472
vn -0.0000 -0.0000 1.0000
vt 0.181819 0.000000
vt 0.272728 0.157461
vt 0.090910 0.157461
vt 0.363637 0.000000
vt 0.454546 0.157461
vt 0.909091 0.000000
vt 1.000000 0.157461
vt 0.818182 0.157461
vt 0.727273 0.000000
vt 0.636364 0.157461
vt 0.545455 0.000000
vt 0.363637 0.314921
vt 0.181819 0.314921
vt 0.909091 0.314921
vt 0.727273 0.314921
vt 0.545455 0.314921
vt 0.000000 0.314921
vt 0.272728 0.472382
vt 0.090910 0.472382
vt 0.818182 0.472382
vt 0.636364 0.472382
vt 0.454546 0.472382
s 1
usemtl Bloom.003
f 1017/1161/974 1018/1162/975 1019/1163/976
f 1018/1162/975 1017/1164/974 1022/1165/979
f 1017/1166/974 1019/1167/976 1020/1168/977
f 1017/1169/974 1020/1168/977 1021/1170/978
f 1017/1171/974 1021/1170/978 1022/1165/979
f 1018/1162/975 1022/1165/979 1027/1172/984
f 1019/1163/976 1018/1162/975 1023/1173/980
f 1020/1168/977 1019/1167/976 1024/1174/981
f 1021/1170/978 1020/1168/977 1025/1175/982
f 1022/1165/979 1021/1170/978 1026/1176/983
f 1018/1162/975 1027/1172/984 1023/1173/980
f 1019/1163/976 1023/1173/980 1024/1177/981
f 1020/1168/977 1024/1174/981 1025/1175/982
f 1021/1170/978 1025/1175/982 1026/1176/983
f 1022/1165/979 1026/1176/983 1027/1172/984
f 1023/1173/980 1027/1172/984 1028/1178/985
f 1024/1177/981 1023/1173/980 1028/1179/985
f 1025/1175/982 1024/1174/981 1028/1180/985
f 1026/1176/983 1025/1175/982 1028/1181/985
f 1027/1172/984 1026/1176/983 1028/1182/985
o Bloom_120
v 1.500000 -1.558846 -0.300000
v 1.138200 -1.295986 -0.023607
v 1.638193 -1.133526 -0.023607
v 1.947212 -1.558846 -0.023607
v 1.638193 -1.984166 -0.023607
v 1.138200 -1.821706 -0.023607
v 1.361807 -1.133526 0.423607
v 1.861800 -1.295986 0.423607
v 1.861800 -1.821706 0.423607
v 1.361807 -1.984166 0.423607
v 1.052788 -1.558846 0.423607
v 1.500000 -1.558846 0.700000
vn -0.0000 -0.0000 -1.0000
vn -0.7236 0.5257 -0.4472
vn 0.2764 0.8507 -0.4472
vn 0.8944 -0.0000 -0.4472
vn 0.2764 -0.8507 -0.4472
vn -0.7236 -0.5257 -0.4472
vn -0.2764 0.8507 0.4472
vn 0.7236 0.5257 0.4472
vn 0.7236 -0.5257 0.4472
vn -0.2764 -0.8507 0.4472
vn -0.8944 -0.0000 0.4472
vn -0.0000 -0.0000 1.0000
vt 0.181819 0.000000
vt 0.272728 0.157461
vt 0.090910 0.157461
vt 0.363637 0.000000
vt 0.454546 0.157461
vt 0.909091 0.000000
vt 1.000000 0.157461
vt 0.818182 0.157461
vt 0.727273 0.000000
vt 0.636364 0.157461
vt 0.545455 0.000000
vt 0.363637 0.314921
vt 0.181819 0.314921
vt 0.909091 0.314921
vt 0.727273 0.314921
vt 0.545455 0.314921
vt 0.000000 0.314921
vt 0.272728 0.472382
vt 0.090910 0.472382
vt 0.818182 0.472382
vt 0.636364 0.472382
vt 0.454546 0.472382
s 1
usemtl Bloom.004
f 1029/1183/986 1030/1184/987 1031/1185/988
f 1030/1184/987 1029/1186/986 1034/1187/991
f 1029/1188/986 1031/1189/988 1032/1190/989
f 1029/1191/986 1032/1190/989 1033/1192/990
f 1029/1193/986 1033/1192/990 1034/1187/991
f 1030/1184/987 1034/1187/991 1039/1194/996
f 1031/1185/988 1030/1184/987 1035/1195/992
f 1032/1190/989 1031/1189/988 1036/1196/993
f 1033/1192/990 1032/1190/989 1037/1197/994
f 1034/1187/991 1033/1192/990 1038/1198/995
f 1030/1184/987 1039/1194/996 1035/1195/992
f 1031/1185/988 1035/1195/992 1036/1199/993
f 1032/1190/989 1036/1196/993 1037/1197/994
f 1033/1192/990 1037/1197/994 1038/1198/995
f 1034/1187/991 1038/1198/995 1039/1194/996
f 1035/1195/992 1039/1194/996 1040/1200/997
f 1036/1199/993 1035/1195/992 1040/1201/997
f 1037/1197/994 1036/1196/993 1040/1202/997
f 1038/1198/995 1037/1197/994 1040/1203/997
f 1039/1194/996 1038/1198/995 1040/1204/997
o Bloom_150
v 2.598076 -0.900000 -0.300000
v 2.236276 -0.637140 -0.023607
v 2.736269 -0.474680 -0.023607
v 3.045289 -0.900000 -0.023607
v 2.736269 -1.325320 -0.023607
v 2.236276 -1.162860 -0.023607
v 2.459884 -0.474680 0.423607
v 2.959876 -0.637140 0.423607
v 2.959876 -1.162860 0.423607
v 2.459884 -1.325320 0.423607
v 2.150864 -0.900000 0.423607
v 2.598076 -0.900000 0.700000
vn -0.0000 -0.0000 -1.0000
vn -0.7236 0.5257 -0.4472
vn 0.2764 0.8507 -0.4472
vn 0.8944 -0.0000 -0.4472
vn 0.2764 -0.8507 -0.4472
vn -0.7236 -0.5257 -0.4472
vn -0.2764 0.8507 0.4472
vn 0.7236 0.5257 0.4472
vn 0.7236 -0.5257 0.4472
vn -0.2764 -0.8507 0.4472
vn -0.8944 -0.0000 0.4472
vn -0.0000 -0.0000 1.0000
vt 0.181819 0.000000
vt 0.272728 0.157461
vt 0.090910 0.157461
vt 0.363637 0.000000
vt 0.454546 0.157461
vt 0.909091 0.000000
vt 1.000000 0.157461
vt 0.818182 0.157461
vt 0.727273 0.000000
vt 0.636364 0.157461
vt 0.545455 0.000000
vt 0.363637 0.314921
vt 0.181819 0.314921
vt 0.909091 0.314921
vt 0.727273 0.314921
vt 0.545455 0.314921
vt 0.000000 0.314921
vt 0.272728 0.472382
vt 0.090910 0.472382
vt 0.818182 0.472382
vt 0.636364 0.472382
vt 0.454546 0.472382
s 1
usemtl Bloom.005
f 1041/1205/998 1042/1206/999 1043/1207/1000
f 1042/1206/999 1041/1208/998 1046/1209/1003
f 1041/1210/998 1043/1211/1000 1044/1212/1001
f 1041/1213/998 1044/1212/1001 1045/1214/1002
f 1041/1215/998 1045/1214/1002 1046/1209/1003
f 1042/1206/999 1046/1209/1003 1051/1216/1008
f 1043/1207/1000 1042/1206/999 1047/1217/1004
f 1044/1212/1001 1043/1211/1000 1048/1218/1005
f 1045/1214/1002 1044/1212/1001 1049/1219/1006
f 1046/1209/1003 1045/1214/1002 1050/1220/1007
f 1042/1206/999 1051/1216/1008 1047/1217/1004
f 1043/1207/1000 1047/1217/1004 1048/1221/1005
f 1044/1212/1001 1048/1218/1005 1049/1219/1006
f 1045/1214/1002 1049/1219/1006 1050/1220/1007
f 1046/1209/1003 1050/1220/1007 1051/1216/1008
f 1047/1217/1004 1051/1216/1008 1052/1222/1009
f 1048/1221/1005 1047/1217/1004 1052/1223/1009
f 1049/1219/1006 1048/1218/1005 1052/1224/1009
f 1050/1220/1007 1049/1219/1006 1052/1225/1009
f 1051/1216/1008 1050/1220/1007 1052/1226/1009
o Bloom_180
v 3.000000 -0.000000 -0.300000
v 2.638200 0.262860 -0.023607
v 3.138192 0.425320 -0.023607
v 3.447212 -0.000000 -0.023607
v 3.138192 -0.425320 -0.023607
v 2.638200 -0.262860 -0.023607
v 2.861808 0.425320 0.423607
v 3.361800 0.262860 0.423607
v 3.361800 -0.262860 0.423607
v 2.861808 -0.425320 0.423607
v 2.552788 -0.000000 0.423607
v 3.000000 -0.000000 0.700000
vn -0.0000 -0.0000 -1.0000
vn -0.7236 0.5257 -0.4472
vn 0.2764 0.8507 -0.4472
vn 0.8944 -0.0000 -0.4472
vn 0.2764 -0.8507 -0.4472
vn -0.7236 -0.5257 -0.4472
vn -0.2764 0.8507 0.4472
vn 0.7236 0.5257 0.4472
vn 0.7236 -0.5257 0.4472
vn -0.2764 -0.8507 0.4472
vn -0.8944 -0.0000 0.4472
vn -0.0000 -0.0000 1.0000
vt 0.181819 0.000000
vt 0.272728 0.157461
vt 0.090910 0.157461
vt 0.363637 0.000000
vt 0.454546 0.157461
vt 0.909091 0.000000
vt 1.000000 0.157461
vt 0.818182 0.157461
vt 0.727273 0.000000
vt 0.636364 0.157461
vt 0.545455 0.000000
vt 0.363637 0.314921
vt 0.181819 0.314921
vt 0.909091 0.314921
vt 0.727273 0.314921
vt 0.545455 0.314921
vt 0.000000 0.314921
vt 0.272728 0.472382
vt 0.090910 0.472382
vt 0.818182 0.472382
vt 0.636364 0.472382
vt 0.454546 0.472382
s 1
usemtl Bloom.006
f 1053/1227/1010 1054/1228/1011 1055/1229/1012
f 1054/1228/1011 1053/1230/1010 1058/1231/1015
f 1053/1232/1010 1055/1233/1012 1056/1234/1013
f 1053/1235/1010 1056/1234/1013 1057/1236/1014
f 1053/1237/1010 1057/1236/1014 1058/1231/1015
f 1054/1228/1011 1058/1231/1015 1063/1238/1020
f 1055/1229/1012 1054/1228/1011 1059/1239/1016
f 1056/1234/1013 1055/1233/1012 1060/1240/1017
f 1057/1236/1014 1056/1234/1013 1061/1241/1018
f 1058/1231/1015 1057/1236/1014 1062/1242/1019
f 1054/1228/1011 1063/1238/1020 1059/1239/1016
f 1055/1229/1012 1059/1239/1016 1060/1243/1017
f 1056/1234/1013 1060/1240/1017 1061/1241/1018
f 1057/1236/1014 1061/1241/1018 1062/1242/1019
f 1058/1231/1015 1062/1242/1019 1063/1238/1020
f 1059/1239/1016 1063/1238/1020 1064/1244/1021
f 1060/1243/1017 1059/1239/1016 1064/1245/1021
f 1061/1241/1018 1060/1240/1017 1064/1246/1021
f 1062/1242/1019 1061/1241/1018 1064/1247/1021
f 1063/1238/1020 1062/1242/1019 1064/1248/1021
o Bloom_210
v 2.598076 0.900000 -0.300000
v 2.236276 1.162860 -0.023607
v 2.736269 1.325320 -0.023607
v 3.045289 0.900000 -0.023607
v 2.736269 0.474680 -0.023607
v 2.236276 0.637140 -0.023607
v 2.459884 1.325320 0.423607
v 2.959876 1.162860 0.423607
v 2.959876 0.637140 0.423607
v 2.459884 0.474680 0.423607
v 2.150864 0.900000 0.423607
v 2.598076 0.900000 0.700000
vn -0.0000 -0.0000 -1.0000
vn -0.7236 0.5257 -0.4472
vn 0.2764 0.8507 -0.4472
vn 0.8944 -0.0000 -0.4472
vn 0.2764 -0.8507 -0.4472
vn -0.7236 -0.5257 -0.4472
vn -0.2764 0.8507 0.4472
vn 0.7236 0.5257 0.4472
vn 0.7236 -0.5257 0.4472
vn -0.2764 -0.8507 0.4472
vn -0.8944 -0.0000 0.4472
vn -0.0000 -0.0000 1.0000
vt 0.181819 0.000000
vt 0.272728 0.157461
vt 0.090910 0.157461
vt 0.363637 0.000000
vt 0.454546 0.157461
vt 0.909091 0.000000
vt 1.000000 0.157461
vt 0.818182 0.157461
vt 0.727273 0.000000
vt 0.636364 0.157461
vt 0.545455 0.000000
vt 0.363637 0.314921
vt 0.181819 0.314921
vt 0.909091 0.314921
vt 0.727273 0.314921
vt 0.545455 0.314921
vt 0.000000 0.314921
vt 0.272728 0.472382
vt 0.090910 0.472382
vt 0.818182 0.472382
vt 0.636364 0.472382
vt 0.454546 0.472382
s 1
usemtl Bloom.007
f 1065/1249/1022 1066/1250/1023 1067/1251/1024
f 1066/1250/1023 1065/1252/1022 1070/1253/1027
f 1065/1254/1022 1067/1255/1024 1068/1256/1025
f 1065/1257/1022 1068/1256/1025 1069/1258/1026
f 1065/1259/1022 1069/1258/1026 1070/1253/1027
f 1066/1250/1023 1070/1253/1027 1075/1260/1032
f 1067/1251/1024 1066/1250/1023 1071/1261/1028
f 1068/1256/1025 1067/1255/1024 1072/1262/1029
f 1069/1258/1026 1068/1256/1025 1073/1263/1030
f 1070/1253/1027 1069/1258/1026 1074/1264/1031
f 1066/1250/1023 1075/1260/1032 1071/1261/1028
f 1067/1251/1024 1071/1261/1028 1072/1265/1029
f 1068/1256/1025 1072/1262/1029 1073/1263/1030
f 1069/1258/1026 1073/1263/1030 1074/1264/1031
f 1070/1253/1027 1074/1264/1031 1075/1260/1032
f 1071/1261/1028 1075/1260/1032 1076/1266/1033
f 1072/1265/1029 1071/1261/1028 1076/1267/1033
f 1073/1263/1030 1072/1262/1029 1076/1268/1033
f 1074/1264/1031 1073/1263/1030 1076/1269/1033
f 1075/1260/1032 1074/1264/1031 1076/1270/1033
o Bloom_240
v 1.500000 1.558846 -0.300000
v 1.138200 1.821706 -0.023607
v 1.638193 1.984166 -0.023607
v 1.947212 1.558846 -0.023607
v 1.638193 1.133526 -0.023607
v 1.138200 1.295986 -0.023607
v 1.361807 1.984166 0.423607
v 1.861800 1.821706 0.423607
v 1.861800 1.295986 0.423607
v 1.361807 1.133526 0.423607
v 1.052788 1.558846 0.423607
v 1.500000 1.558846 0.700000
vn -0.0000 -0.0000 -1.0000
vn -0.7236 0.5257 -0.4472
vn 0.2764 0.8507 -0.4472
vn 0.8944 -0.0000 -0.4472
vn 0.2764 -0.8507 -0.4472
vn -0.7236 -0.5257 -0.4472
vn -0.2764 0.8507 0.4472
vn 0.7236 0.5257 0.4472
vn 0.7236 -0.5257 0.4472
vn -0.2764 -0.8507 0.4472
vn -0.8944 -0.0000 0.4472
vn -0.0000 -0.0000 1.0000
vt 0.181819 0.000000
vt 0.272728 0.157461
vt 0.090910 0.157461
vt 0.363637 0.000000
vt 0.454546 0.157461
vt 0.909091 0.000000
vt 1.000000 0.157461
vt 0.818182 0.157461
vt 0.727273 0.000000
vt 0.636364 0.157461
vt 0.545455 0.000000
vt 0.363637 0.314921
vt 0.181819 0.314921
vt 0.909091 0.314921
vt 0.727273 0.314921
vt 0.545455 0.314921
vt 0.000000 0.314921
vt 0.272728 0.472382
vt 0.090910 0.472382
vt 0.818182 0.472382
vt 0.636364 0.472382
vt 0.454546 0.472382
s 1
usemtl Bloom.008
f 1077/1271/1034 1078/1272/1035 1079/1273/1036
f 1078/1272/1035 1077/1274/1034 1082/1275/1039
f 1077/1276/1034 1079/1277/1036 1080/1278/1037
f 1077/1279/1034 1080/1278/1037 1081/1280/1038
f 1077/1281/1034 1081/1280/1038 1082/1275/1039
f 1078/1272/1035 1082/1275/1039 1087/1282/1044
f 1079/1273/1036 1078/1272/1035 1083/1283/1040
f 1080/1278/1037 1079/1277/1036 1084/1284/1041
f 1081/1280/1038 1080/1278/1037 1085/1285/1042
f 1082/1275/1039 1081/1280/1038 1086/1286/1043
f 1078/1272/1035 1087/1282/1044 1083/1283/1040
f 1079/1273/1036 1083/1283/1040 1084/1287/1041
f 1080/1278/1037 1084/1284/1041 1085/1285/1042
f 1081/1280/1038 1085/1285/1042 1086/1286/1043
f 1082/1275/1039 1086/1286/1043 1087/1282/1044
f 1083/1283/1040 1087/1282/1044 1088/1288/1045
f 1084/1287/1041 1083/1283/1040 1088/1289/1045
f 1085/1285/1042 1084/1284/1041 1088/1290/1045
f 1086/1286/1043 1085/1285/1042 1088/1291/1045
f 1087/1282/1044 1086/1286/1043 1088/1292/1045
o Bloom_270
v 0.000000 1.800000 -0.300000
v -0.361800 2.062860 -0.023607
v 0.138193 2.225320 -0.023607
v 0.447212 1.800000 -0.023607
v 0.138193 1.374680 -0.023607
v -0.361800 1.537140 -0.023607
v -0.138193 2.225320 0.423607
v 0.361800 2.062860 0.423607
v 0.361800 1.537140 0.423607
v -0.138193 1.374680 0.423607
v -0.447212 1.800000 0.423607
v 0.000000 1.800000 0.700000
vn -0.0000 -0.0000 -1.0000
vn -0.7236 0.5257 -0.4472
vn 0.2764 0.8507 -0.4472
vn 0.8944 -0.0000 -0.4472
vn 0.2764 -0.8507 -0.4472
vn -0.7236 -0.5257 -0.4472
vn -0.2764 0.8507 0.4472
vn 0.7236 0.5257 0.4472
vn 0.7236 -0.5257 0.4472
vn -0.2764 -0.8507 0.4472
vn -0.8944 -0.0000 0.4472
vn -0.0000 -0.0000 1.0000
vt 0.181819 0.000000
vt 0.272728 0.157461
vt 0.090910 0.157461
vt 0.363637 0.000000
vt 0.454546 0.157461
vt 0.909091 0.000000
vt 1.000000 0.157461
vt 0.818182 0.157461
vt 0.727273 0.000000
vt 0.636364 0.157461
vt 0.545455 0.000000
vt 0.363637 0.314921
vt 0.181819 0.314921
vt 0.909091 0.314921
vt 0.727273 0.314921
vt 0.545455 0.314921
vt 0.000000 0.314921
vt 0.272728 0.472382
vt 0.090910 0.472382
vt 0.818182 0.472382
vt 0.636364 0.472382
vt 0.454546 0.472382
s 1
usemtl Bloom.009
f 1089/1293/1046 1090/1294/1047 1091/1295/1048
f 1090/1294/1047 1089/1296/1046 1094/1297/1051
f 1089/1298/1046 1091/1299/1048 1092/1300/1049
f 1089/1301/1046 1092/1300/1049 1093/1302/1050
f 1089/1303/1046 1093/1302/1050 1094/1297/1051
f 1090/1294/1047 1094/1297/1051 1099/1304/1056
f 1091/1295/1048 1090/1294/1047 1095/1305/1052
f 1092/1300/1049 1091/1299/1048 1096/1306/1053
f 1093/1302/1050 1092/1300/1049 1097/1307/1054
f 1094/1297/1051 1093/1302/1050 1098/1308/1055
f 1090/1294/1047 1099/1304/1056 1095/1305/1052
f 1091/1295/1048 1095/1305/1052 1096/1309/1053
f 1092/1300/1049 1096/1306/1053 1097/1307/1054
f 1093/1302/1050 1097/1307/1054 1098/1308/1055
f 1094/1297/1051 1098/1308/1055 1099/1304/1056
f 1095/1305/1052 1099/1304/1056 1100/1310/1057
f 1096/1309/1053 1095/1305/1052 1100/1311/1057
f 1097/1307/1054 1096/1306/1053 1100/1312/1057
f 1098/1308/1055 1097/1307/1054 1100/1313/1057
f 1099/1304/1056 1098/1308/1055 1100/1314/1057
o Bloom_300
v -1.500000 1.558846 -0.300000
v -1.861800 1.821706 -0.023607
v -1.361807 1.984166 -0.023607
v -1.052788 1.558846 -0.023607
v -1.361807 1.133526 -0.023607
v -1.861800 1.295986 -0.023607
v -1.638193 1.984166 0.423607
v -1.138200 1.821706 0.423607
v -1.138200 1.295986 0.423607
v -1.638193 1.133526 0.423607
v -1.947212 1.558846 0.423607
v -1.500000 1.558846 0.700000
vn -0.0000 -0.0000 -1.0000
vn -0.7236 0.5257 -0.4472
vn 0.2764 0.8507 -0.4472
vn 0.8944 -0.0000 -0.4472
vn 0.2764 -0.8507 -0.4472
vn -0.7236 -0.5257 -0.4472
vn -0.2764 0.8507 0.4472
vn 0.7236 0.5257 0.4472
vn 0.7236 -0.5257 0.4472
vn -0.2764 -0.8507 0.4472
vn -0.8944 -0.0000 0.4472
vn -0.0000 -0.0000 1.0000
vt 0.181819 0.000000
vt 0.272728 0.157461
vt 0.090910 0.157461
vt 0.363637 0.000000
vt 0.454546 0.157461
vt 0.909091 0.000000
vt 1.000000 0.157461
vt 0.818182 0.157461
vt 0.727273 0.000000
vt 0.636364 0.157461
vt 0.545455 0.000000
vt 0.363637 0.314921
vt 0.181819 0.314921
vt 0.909091 0.314921
vt 0.727273 0.314921
vt 0.545455 0.314921
vt 0.000000 0.314921
vt 0.272728 0.472382
vt 0.090910 0.472382
vt 0.818182 0.472382
vt 0.636364 0.472382
vt 0.454546 0.472382
s 1
usemtl Bloom.010
f 1101/1315/1058 1102/1316/1059 1103/1317/1060
f 1102/1316/1059 1101/1318/1058 1106/1319/1063
f 1101/1320/1058 1103/1321/1060 1104/1322/1061
f 1101/1323/1058 1104/1322/1061 1105/1324/1062
f 1101/1325/1058 1105/1324/1062 1106/1319/1063
f 1102/1316/1059 1106/1319/1063 1111/1326/1068
f 1103/1317/1060 1102/1316/1059 1107/1327/1064
f 1104/1322/1061 1103/1321/1060 1108/1328/1065
f 1105/1324/1062 1104/1322/1061 1109/1329/1066
f 1106/1319/1063 1105/1324/1062 1110/1330/1067
f 1102/1316/1059 1111/1326/1068 1107/1327/1064
f 1103/1317/1060 1107/1327/1064 1108/1331/1065
f 1104/1322/1061 1108/1328/1065 1109/1329/1066
f 1105/1324/1062 1109/1329/1066 1110/1330/1067
f 1106/1319/1063 1110/1330/1067 1111/1326/1068
f 1107/1327/1064 1111/1326/1068 1112/1332/1069
f 1108/1331/1065 1107/1327/1064 1112/1333/1069
f 1109/1329/1066 1108/1328/1065 1112/1334/1069
f 1110/1330/1067 1109/1329/1066 1112/1335/1069
f 1111/1326/1068 1110/1330/1067 1112/1336/1069
o Bloom_330
v -2.598076 0.900000 -0.300000
v -2.959876 1.162860 -0.023607
v -2.459884 1.325320 -0.023607
v -2.150864 0.900000 -0.023607
v -2.459884 0.474680 -0.023607
v -2.959876 0.637140 -0.023607
v -2.736269 1.325320 0.423607
v -2.236276 1.162860 0.423607
v -2.236276 0.637140 0.423607
v -2.736269 0.474680 0.423607
v -3.045289 0.900000 0.423607
v -2.598076 0.900000 0.700000
vn -0.0000 -0.0000 -1.0000
vn -0.7236 0.5257 -0.4472
vn 0.2764 0.8507 -0.4472
vn 0.8944 -0.0000 -0.4472
vn 0.2764 -0.8507 -0.4472
vn -0.7236 -0.5257 -0.4472
vn -0.2764 0.8507 0.4472
vn 0.7236 0.5257 0.4472
vn 0.7236 -0.5257 0.4472
vn -0.2764 -0.8507 0.4472
vn -0.8944 -0.0000 0.4472
vn -0.0000 -0.0000 1.0000
vt 0.181819 0.000000
vt 0.272728 0.157461
vt 0.090910 0.157461
vt 0.363637 0.000000
vt 0.454546 0.157461
vt 0.909091 0.000000
vt 1.000000 0.157461
vt 0.818182 0.157461
vt 0.727273 0.000000
vt 0.636364 0.157461
vt 0.545455 0.000000
vt 0.363637 0.314921
vt 0.181819 0.314921
vt 0.909091 0.314921
vt 0.727273 0.314921
vt 0.545455 0.314921
vt 0.000000 0.314921
vt 0.272728 0.472382
vt 0.090910 0.472382
vt 0.818182 0.472382
vt 0.636364 0.472382
vt 0.454546 0.472382
s 1
usemtl Bloom.011
f 1113/1337/1070 1114/1338/1071 1115/1339/1072
f 1114/1338/1071 1113/1340/1070 1118/1341/1075
f 1113/1342/1070 1115/1343/1072 1116/1344/1073
f 1113/1345/1070 1116/1344/1073 1117/1346/1074
f 1113/1347/1070 1117/1346/1074 1118/1341/1075
f 1114/1338/1071 1118/1341/1075 1123/1348/1080
f 1115/1339/1072 1114/1338/1071 1119/1349/1076
f 1116/1344/1073 1115/1343/1072 1120/1350/1077
f 1117/1346/1074 1116/1344/1073 1121/1351/1078
f 1118/1341/1075 1117/1346/1074 1122/1352/1079
f 1114/1338/1071 1123/1348/1080 1119/1349/1076
f 1115/1339/1072 1119/1349/1076 1120/1353/1077
f 1116/1344/1073 1120/1350/1077 1121/1351/1078
f 1117/1346/1074 1121/1351/1078 1122/1352/1079
f 1118/1341/1075 1122/1352/1079 1123/1348/1080
f 1119/1349/1076 1123/1348/1080 1124/1354/1081
f 1120/1353/1077 1119/1349/1076 1124/1355/1081
f 1121/1351/1078 1120/1350/1077 1124/1356/1081
f 1122/1352/1079 1121/1351/1078 1124/1357/1081
f 1123/1348/1080 1122/1352/1079 1124/1358/1081
o StartPad
v 9.000000 -1.059876 0.000000
v 9.000000 -1.100000 0.040000
v 9.000000 -1.088248 0.011716
v 9.000000 -1.059876 0.120000
v 9.000000 -1.100000 0.080000
v 9.000000 -1.088248 0.108284
v 8.834199 -1.046828 0.000000
v 8.827922 -1.086457 0.040000
v 8.829761 -1.074850 0.011716
v 8.834199 -1.046828 0.120000
v 8.827922 -1.086457 0.080000
v 8.829761 -1.074850 0.108284
v 8.672481 -1.008003 0.000000
v 8.660081 -1.046162 0.040000
v 8.663713 -1.034986 0.011716
v 8.672481 -1.008003 0.120000
v 8.660081 -1.046162 0.080000
v 8.663713 -1.034986 0.108284
v 8.518826 -0.944357 0.000000
v 8.500610 -0.980107 0.040000
v 8.505945 -0.969636 0.011716
v 8.518826 -0.944357 0.120000
v 8.500610 -0.980107 0.080000
v 8.505945 -0.969636 0.108284
v 8.377020 -0.857458 0.000000
v 8.353436 -0.889919 0.040000
v 8.360344 -0.880411 0.011716
v 8.377020 -0.857458 0.120000
v 8.353436 -0.889919 0.080000
v 8.360344 -0.880411 0.108284
v 8.250554 -0.749446 0.000000
v 8.222182 -0.777817 0.040000
v 8.230493 -0.769508 0.011716
v 8.250554 -0.749446 0.120000
v 8.222182 -0.777817 0.080000
v 8.230493 -0.769508 0.108284
v 8.142542 -0.622980 0.000000
v 8.110082 -0.646564 0.040000
v 8.119589 -0.639656 0.011716
v 8.142542 -0.622980 0.120000
v 8.110082 -0.646564 0.080000
v 8.119589 -0.639656 0.108284
v 8.055643 -0.481174 0.000000
v 8.019893 -0.499390 0.040000
v 8.030364 -0.494054 0.011716
v 8.055643 -0.481174 0.120000
v 8.019893 -0.499390 0.080000
v 8.030364 -0.494054 0.108284
v 7.991998 -0.327519 0.000000
v 7.953838 -0.339919 0.040000
v 7.965014 -0.336287 0.011716
v 7.991998 -0.327519 0.120000
v 7.953838 -0.339919 0.080000
v 7.965014 -0.336287 0.108284
v 7.953173 -0.165801 0.000000
v 7.913543 -0.172078 0.040000
v 7.925150 -0.170240 0.011716
v 7.953173 -0.165801 0.120000
v 7.913543 -0.172078 0.080000
v 7.925150 -0.170240 0.108284
v 7.940124 0.000000 0.000000
v 7.900000 0.000000 0.040000
v 7.911752 0.000000 0.011716
v 7.940124 0.000000 0.120000
v 7.900000 0.000000 0.080000
v 7.911752 0.000000 0.108284
v 7.953173 0.165801 0.000000
v 7.913543 0.172078 0.040000
v 7.925150 0.170240 0.011716
v 7.953173 0.165801 0.120000
v 7.913543 0.172078 0.080000
v 7.925150 0.170240 0.108284
v 7.991998 0.327519 0.000000
v 7.953838 0.339919 0.040000
v 7.965014 0.336287 0.011716
v 7.991998 0.327519 0.120000
v 7.953838 0.339919 0.080000
v 7.965014 0.336287 0.108284
v 8.055643 0.481174 0.000000
v 8.019893 0.499390 0.040000
v 8.030364 0.494054 0.011716
v 8.055643 0.481174 0.120000
v 8.019893 0.499390 0.080000
v 8.030364 0.494054 0.108284
v 8.142542 0.622980 0.000000
v 8.110082 0.646564 0.040000
v 8.119589 0.639656 0.011716
v 8.142542 0.622980 0.120000
v 8.110082 0.646564 0.080000
v 8.119589 0.639656 0.108284
v 8.250554 0.749446 0.000000
v 8.222182 0.777817 0.040000
v 8.230493 0.769508 0.011716
v 8.250554 0.749446 0.120000
v 8.222182 0.777817 0.080000
v 8.230493 0.769508 0.108284
v 8.377020 0.857458 0.000000
v 8.353436 0.889919 0.040000
v 8.360344 0.880411 0.011716
v 8.377020 0.857458 0.120000
v 8.353436 0.889919 0.080000
v 8.360344 0.880411 0.108284
v 8.518826 0.944357 0.000000
v 8.500610 0.980107 0.040000
v 8.505945 0.969636 0.011716
v 8.518826 0.944357 0.120000
v 8.500610 0.980107 0.080000
v 8.505945 0.969636 0.108284
v 8.672481 1.008003 0.000000
v 8.660081 1.046162 0.040000
v 8.663713 1.034986 0.011716
v 8.672481 1.008003 0.120000
v 8.660081 1.046162 0.080000
v 8.663713 1.034986 0.108284
v 8.834199 1.046828 0.000000
v 8.827922 1.086457 0.040000
v 8.829761 1.074850 0.011716
v 8.834199 1.046828 0.120000
v 8.827922 1.086457 0.080000
v 8.829761 1.074850 0.108284
v 9.000000 1.059876 0.000000
v 9.000000 1.100000 0.040000
v 9.000000 1.088248 0.011716
v 9.000000 1.059876 0.120000
v 9.000000 1.100000 0.080000
v 9.000000 1.088248 0.108284
v 9.165801 1.046828 0.000000
v 9.172078 1.086457 0.040000
v 9.170239 1.074850 0.011716
v 9.165801 1.046828 0.120000
v 9.172078 1.086457 0.080000
v 9.170239 1.074850 0.108284
v 9.327519 1.008003 0.000000
v 9.339919 1.046162 0.040000
v 9.336287 1.034986 0.011716
v 9.327519 1.008003 0.120000
v 9.339919 1.046162 0.080000
v 9.336287 1.034986 0.108284
v 9.481174 0.944357 0.000000
v 9.499390 0.980107 0.040000
v 9.494055 0.969636 0.011716
v 9.481174 0.944357 0.120000
v 9.499390 0.980107 0.080000
v 9.494055 0.969636 0.108284
v 9.622980 0.857458 0.000000
v 9.646564 0.889919 0.040000
v 9.639656 0.880411 0.011716
v 9.622980 0.857458 0.120000
v 9.646564 0.889919 0.080000
v 9.639656 0.880411 0.108284
v 9.749446 0.749446 0.000000
v 9.777818 0.777817 0.040000
v 9.769507 0.769508 0.011716
v 9.749446 0.749446 0.120000
v 9.777818 0.777817 0.080000
v 9.769507 0.769508 0.108284
v 9.857458 0.622980 0.000000
v 9.889918 0.646564 0.040000
v 9.880411 0.639656 0.011716
v 9.857458 0.622980 0.120000
v 9.889918 0.646564 0.080000
v 9.880411 0.639656 0.108284
v 9.944357 0.481174 0.000000
v 9.980107 0.499390 0.040000
v 9.969636 0.494054 0.011716
v 9.944357 0.481174 0.120000
v 9.980107 0.499390 0.080000
v 9.969636 0.494054 0.108284
v 10.008002 0.327519 0.000000
v 10.046163 0.339919 0.040000
v 10.034986 0.336287 0.011716
v 10.008002 0.327519 0.120000
v 10.046163 0.339919 0.080000
v 10.034986 0.336287 0.108284
v 10.046827 0.165801 0.000000
v 10.086457 0.172078 0.040000
v 10.074850 0.170240 0.011716
v 10.046827 0.165801 0.120000
v 10.086457 0.172078 0.080000
v 10.074850 0.170240 0.108284
v 10.059876 0.000000 0.000000
v 10.100000 0.000000 0.040000
v 10.088248 0.000000 0.011716
v 10.059876 0.000000 0.120000
v 10.100000 0.000000 0.080000
v 10.088248 0.000000 0.108284
v 10.046827 -0.165801 0.000000
v 10.086457 -0.172078 0.040000
v 10.074850 -0.170240 0.011716
v 10.046827 -0.165801 0.120000
v 10.086457 -0.172078 0.080000
v 10.074850 -0.170240 0.108284
v 10.008002 -0.327519 0.000000
v 10.046163 -0.339919 0.040000
v 10.034986 -0.336287 0.011716
v 10.008002 -0.327519 0.120000
v 10.046163 -0.339919 0.080000
v 10.034986 -0.336287 0.108284
v 9.944357 -0.481174 0.000000
v 9.980107 -0.499390 0.040000
v 9.969636 -0.494054 0.011716
v 9.944357 -0.481174 0.120000
v 9.980107 -0.499390 0.080000
v 9.969636 -0.494054 0.108284
v 9.857458 -0.622980 0.000000
v 9.889918 -0.646564 0.040000
v 9.880411 -0.639656 0.011716
v 9.857458 -0.622980 0.120000
v 9.889918 -0.646564 0.080000
v 9.880411 -0.639656 0.108284
v 9.749446 -0.749446 0.000000
v 9.777818 -0.777817 0.040000
v 9.769507 -0.769508 0.011716
v 9.749446 -0.749446 0.120000
v 9.777818 -0.777817 0.080000
v 9.769507 -0.769508 0.108284
v 9.622980 -0.857458 0.000000
v 9.646564 -0.889919 0.040000
v 9.639656 -0.880411 0.011716
v 9.622980 -0.857458 0.120000
v 9.646564 -0.889919 0.080000
v 9.639656 -0.880411 0.108284
v 9.481174 -0.944357 0.000000
v 9.499390 -0.980107 0.040000
v 9.494055 -0.969636 0.011716
v 9.481174 -0.944357 0.120000
v 9.499390 -0.980107 0.080000
v 9.494055 -0.969636 0.108284
v 9.327519 -1.008003 0.000000
v 9.339919 -1.046162 0.040000
v 9.336287 -1.034986 0.011716
v 9.327519 -1.008003 0.120000
v 9.339919 -1.046162 0.080000
v 9.336287 -1.034986 0.108284
v 9.165801 -1.046828 0.000000
v 9.172078 -1.086457 0.040000
v 9.170239 -1.074850 0.011716
v 9.165801 -1.046828 0.120000
v 9.172078 -1.086457 0.080000
v 9.170239 -1.074850 0.108284
vn -0.0000 -0.2039 -0.9790
vn -0.0000 -0.9810 -0.1938
vn -0.0000 -0.7157 -0.6984
vn -0.0000 -0.2039 0.9790
vn -0.0000 -0.9810 0.1938
vn -0.0000 -0.7157 0.6984
vn -0.0319 -0.2014 -0.9790
vn -0.1535 -0.9690 -0.1938
vn -0.1120 -0.7069 -0.6984
vn -0.0319 -0.2014 0.9790
vn -0.1535 -0.9690 0.1938
vn -0.1120 -0.7069 0.6984
vn -0.0630 -0.1939 -0.9790
vn -0.3032 -0.9330 -0.1938
vn -0.2212 -0.6806 -0.6984
vn -0.0630 -0.1939 0.9790
vn -0.3032 -0.9330 0.1938
vn -0.2212 -0.6806 0.6984
vn -0.0926 -0.1817 -0.9790
vn -0.4454 -0.8741 -0.1938
vn -0.3249 -0.6377 -0.6984
vn -0.0926 -0.1817 0.9790
vn -0.4454 -0.8741 0.1938
vn -0.3249 -0.6377 0.6984
vn -0.1198 -0.1649 -0.9790
vn -0.5766 -0.7937 -0.1938
vn -0.4207 -0.5790 -0.6984
vn -0.1198 -0.1649 0.9790
vn -0.5766 -0.7937 0.1938
vn -0.4207 -0.5790 0.6984
vn -0.1442 -0.1442 -0.9790
vn -0.6937 -0.6937 -0.1938
vn -0.5060 -0.5060 -0.6984
vn -0.1442 -0.1442 0.9790
vn -0.6937 -0.6937 0.1938
vn -0.5060 -0.5060 0.6984
vn -0.1649 -0.1198 -0.9790
vn -0.7937 -0.5766 -0.1938
vn -0.5790 -0.4207 -0.6984
vn -0.1649 -0.1198 0.9790
vn -0.7937 -0.5766 0.1938
vn -0.5790 -0.4207 0.6984
vn -0.1817 -0.0926 -0.9790
vn -0.8741 -0.4454 -0.1938
vn -0.6377 -0.3249 -0.6984
vn -0.1817 -0.0926 0.9790
vn -0.8741 -0.4454 0.1938
vn -0.6377 -0.3249 0.6984
vn -0.1939 -0.0630 -0.9790
vn -0.9330 -0.3032 -0.1938
vn -0.6806 -0.2212 -0.6984
vn -0.1939 -0.0630 0.9790
vn -0.9330 -0.3032 0.1938
vn -0.6806 -0.2212 0.6984
vn -0.2014 -0.0319 -0.9790
vn -0.9690 -0.1535 -0.1938
vn -0.7068 -0.1120 -0.6984
vn -0.2014 -0.0319 0.9790
vn -0.9690 -0.1535 0.1938
vn -0.7068 -0.1120 0.6984
vn -0.2039 -0.0000 -0.9790
vn -0.9810 -0.0000 -0.1938
vn -0.7157 -0.0000 -0.6984
vn -0.2039 -0.0000 0.9790
vn -0.9810 -0.0000 0.1938
vn -0.7157 -0.0000 0.6984
vn -0.2014 0.0319 -0.9790
vn -0.9690 0.1535 -0.1938
vn -0.7068 0.1120 -0.6984
vn -0.2014 0.0319 0.9790
vn -0.9690 0.1535 0.1938
vn -0.7068 0.1120 0.6984
vn -0.1939 0.0630 -0.9790
vn -0.9330 0.3032 -0.1938
vn -0.6806 0.2212 -0.6984
vn -0.1939 0.0630 0.9790
vn -0.9330 0.3032 0.1938
vn -0.6806 0.2212 0.6984
vn -0.1817 0.0926 -0.9790
vn -0.8741 0.4454 -0.1938
vn -0.6377 0.3249 -0.6984
vn -0.1817 0.0926 0.9790
vn -0.8741 0.4454 0.1938
vn -0.6377 0.3249 0.6984
vn -0.1649 0.1198 -0.9790
vn -0.7937 0.5766 -0.1938
vn -0.5790 0.4207 -0.6984
vn -0.1649 0.1198 0.9790
vn -0.7937 0.5766 0.1938
vn -0.5790 0.4207 0.6984
vn -0.1442 0.1442 -0.9790
vn -0.6937 0.6937 -0.1938
vn -0.5060 0.5060 -0.6984
vn -0.1442 0.1442 0.9790
vn -0.6937 0.6937 0.1938
vn -0.5060 0.5060 0.6984
vn -0.1198 0.1649 -0.9790
vn -0.5766 0.7937 -0.1938
vn -0.4207 0.5790 -0.6984
vn -0.1198 0.1649 0.9790
vn -0.5766 0.7937 0.1938
vn -0.4207 0.5790 0.6984
vn -0.0926 0.1817 -0.9790
vn -0.4454 0.8741 -0.1938
vn -0.3249 0.6377 -0.6984
vn -0.0926 0.1817 0.9790
vn -0.4454 0.8741 0.1938
vn -0.3249 0.6377 0.6984
vn -0.0630 0.1939 -0.9790
vn -0.3032 0.9330 -0.1938
vn -0.2212 0.6806 -0.6984
vn -0.0630 0.1939 0.9790
vn -0.3032 0.9330 0.1938
vn -0.2212 0.6806 0.6984
vn -0.0319 0.2014 -0.9790
vn -0.1535 0.9690 -0.1938
vn -0.1120 0.7069 -0.6984
vn -0.0319 0.2014 0.9790
vn -0.1535 0.9690 0.1938
vn -0.1120 0.7069 0.6984
vn -0.0000 0.2039 -0.9790
vn -0.0000 0.9810 -0.1938
vn -0.0000 0.7157 -0.6984
vn -0.0000 0.2039 0.9790
vn -0.0000 0.9810 0.1938
vn -0.0000 0.7157 0.6984
vn 0.0319 0.2014 -0.9790
vn 0.1535 0.9690 -0.1938
vn 0.1120 0.7069 -0.6984
vn 0.0319 0.2014 0.9790
vn 0.1535 0.9690 0.1938
vn 0.1120 0.7069 0.6984
vn 0.0630 0.1939 -0.9790
vn 0.3032 0.9330 -0.1938
vn 0.2212 0.6806 -0.6984
vn 0.0630 0.1939 0.9790
vn 0.3032 0.9330 0.1938
vn 0.2212 0.6806 0.6984
vn 0.0926 0.1817 -0.9790
vn 0.4454 0.8741 -0.1938
vn 0.3249 0.6377 -0.6984
vn 0.0926 0.1817 0.9790
vn 0.4454 0.8741 0.1938
vn 0.3249 0.6377 0.6984
vn 0.1198 0.1649 -0.9790
vn 0.5766 0.7937 -0.1938
vn 0.4207 0.5790 -0.6984
vn 0.1198 0.1649 0.9790
vn 0.5766 0.7937 0.1938
vn 0.4207 0.5790 0.6984
vn 0.1442 0.1442 -0.9790
vn 0.6937 0.6937 -0.1938
vn 0.5060 0.5060 -0.6984
vn 0.1442 0.1442 0.9790
vn 0.6937 0.6937 0.1938
vn 0.5060 0.5060 0.6984
vn 0.1649 0.1198 -0.9790
vn 0.7937 0.5766 -0.1938
vn 0.5790 0.4207 -0.6984
vn 0.1649 0.1198 0.9790
vn 0.7937 0.5766 0.1938
vn 0.5790 0.4207 0.6984
vn 0.1817 0.0926 -0.9790
vn 0.8741 0.4454 -0.1938
vn 0.6377 0.3249 -0.6984
vn 0.1817 0.0926 0.9790
vn 0.8741 0.4454 0.1938
vn 0.6377 0.3249 0.6984
vn 0.1939 0.0630 -0.9790
vn 0.9330 0.3032 -0.1938
vn 0.6806 0.2212 -0.6984
vn 0.1939 0.0630 0.9790
vn 0.9330 0.3032 0.1938
vn 0.6806 0.2212 0.6984
vn 0.2014 0.0319 -0.9790
vn 0.9690 0.1535 -0.1938
vn 0.7068 0.1120 -0.6984
vn 0.2014 0.0319 0.9790
vn 0.9690 0.1535 0.1938
vn 0.7068 0.1120 0.6984
vn 0.2039 -0.0000 -0.9790
vn 0.9810 -0.0000 -0.1938
vn 0.7157 -0.0000 -0.6984
vn 0.2039 -0.0000 0.9790
vn 0.9810 -0.0000 0.1938
vn 0.7157 -0.0000 0.6984
vn 0.2014 -0.0319 -0.9790
vn 0.9690 -0.1535 -0.1938
vn 0.7068 -0.1120 -0.6984
vn 0.2014 -0.0319 0.9790
vn 0.9690 -0.1535 0.1938
vn 0.7068 -0.1120 0.6984
vn 0.1939 -0.0630 -0.9790
vn 0.9330 -0.3032 -0.1938
vn 0.6806 -0.2212 -0.6984
vn 0.1939 -0.0630 0.9790
vn 0.9330 -0.3032 0.1938
vn 0.6806 -0.2212 0.6984
vn 0.1817 -0.0926 -0.9790
vn 0.8741 -0.4454 -0.1938
vn 0.6377 -0.3249 -0.6984
vn 0.1817 -0.0926 0.9790
vn 0.8741 -0.4454 0.1938
vn 0.6377 -0.3249 0.6984
vn 0.1649 -0.1198 -0.9790
vn 0.7937 -0.5766 -0.1938
vn 0.5790 -0.4207 -0.6984
vn 0.1649 -0.1198 0.9790
vn 0.7937 -0.5766 0.1938
vn 0.5790 -0.4207 0.6984
vn 0.1442 -0.1442 -0.9790
vn 0.6937 -0.6937 -0.1938
vn 0.5060 -0.5060 -0.6984
vn 0.1442 -0.1442 0.9790
vn 0.6937 -0.6937 0.1938
vn 0.5060 -0.5060 0.6984
vn 0.1198 -0.1649 -0.9790
vn 0.5766 -0.7937 -0.1938
vn 0.4207 -0.5790 -0.6984
vn 0.1198 -0.1649 0.9790
vn 0.5766 -0.7937 0.1938
vn 0.4207 -0.5790 0.6984
vn 0.0926 -0.1817 -0.9790
vn 0.4454 -0.8741 -0.1938
vn 0.3249 -0.6377 -0.6984
vn 0.0926 -0.1817 0.9790
vn 0.4454 -0.8741 0.1938
vn 0.3249 -0.6377 0.6984
vn 0.0630 -0.1939 -0.9790
vn 0.3032 -0.9330 -0.1938
vn 0.2212 -0.6806 -0.6984
vn 0.0630 -0.1939 0.9790
vn 0.3032 -0.9330 0.1938
vn 0.2212 -0.6806 0.6984
vn 0.0319 -0.2014 -0.9790
vn 0.1535 -0.9690 -0.1938
vn 0.1120 -0.7069 -0.6984
vn 0.0319 -0.2014 0.9790
vn 0.1535 -0.9690 0.1938
vn 0.1120 -0.7069 0.6984
vt 1.000000 0.666667
vt 0.975000 0.666667
vt 0.975000 0.500000
vt 0.999866 0.500000
vt 0.750000 0.489984
vt 0.787542 0.487030
vt 0.786175 0.478399
vt 0.750000 0.481246
vt 0.975000 0.833333
vt 1.000000 0.833333
vt 0.999866 1.000000
vt 0.975000 1.000000
vt 0.287542 0.487030
vt 0.250000 0.489984
vt 0.250000 0.481246
vt 0.286175 0.478399
vt 0.950000 0.666667
vt 0.950000 0.500000
vt 0.824159 0.478239
vt 0.821459 0.469928
vt 0.950000 0.833333
vt 0.950000 1.000000
vt 0.324159 0.478239
vt 0.321459 0.469928
vt 0.925000 0.666667
vt 0.925000 0.500000
vt 0.858950 0.463827
vt 0.854983 0.456042
vt 0.925000 0.833333
vt 0.925000 1.000000
vt 0.358951 0.463827
vt 0.354983 0.456041
vt 0.900000 0.666667
vt 0.900000 0.500000
vt 0.891059 0.444151
vt 0.885923 0.437082
vt 0.900000 0.833333
vt 0.900000 1.000000
vt 0.391059 0.444151
vt 0.385923 0.437082
vt 0.875000 0.666667
vt 0.875000 0.500000
vt 0.919694 0.419694
vt 0.913515 0.413515
vt 0.875000 0.833333
vt 0.875000 1.000000
vt 0.419694 0.419694
vt 0.413515 0.413515
vt 0.850000 0.666667
vt 0.850000 0.500000
vt 0.944151 0.391059
vt 0.937082 0.385923
vt 0.850000 0.833333
vt 0.850000 1.000000
vt 0.444151 0.391059
vt 0.437082 0.385923
vt 0.825000 0.666667
vt 0.825000 0.500000
vt 0.963827 0.358951
vt 0.956041 0.354983
vt 0.825000 0.833333
vt 0.825000 1.000000
vt 0.463827 0.358951
vt 0.456041 0.354983
vt 0.800000 0.666667
vt 0.800000 0.500000
vt 0.978239 0.324159
vt 0.969928 0.321459
vt 0.800000 0.833333
vt 0.800000 1.000000
vt 0.478239 0.324159
vt 0.469928 0.321459
vt 0.775000 0.666667
vt 0.775000 0.500000
vt 0.987030 0.287542
vt 0.978399 0.286175
vt 0.775000 0.833333
vt 0.775000 1.000000
vt 0.487030 0.287542
vt 0.478399 0.286175
vt 0.750000 0.666667
vt 0.750000 0.500000
vt 0.989984 0.250000
vt 0.981246 0.250000
vt 0.750000 0.833333
vt 0.750000 1.000000
vt 0.489984 0.250000
vt 0.481246 0.250000
vt 0.725000 0.666667
vt 0.725000 0.500000
vt 0.987030 0.212458
vt 0.978399 0.213825
vt 0.725000 0.833333
vt 0.725000 1.000000
vt 0.487030 0.212458
vt 0.478399 0.213825
vt 0.700000 0.666667
vt 0.700000 0.500000
vt 0.978239 0.175841
vt 0.969928 0.178541
vt 0.700000 0.833333
vt 0.700000 1.000000
vt 0.478239 0.175841
vt 0.469928 0.178541
vt 0.675000 0.666667
vt 0.675000 0.500000
vt 0.963827 0.141049
vt 0.956041 0.145017
vt 0.675000 0.833333
vt 0.675000 1.000000
vt 0.463827 0.141049
vt 0.456042 0.145017
vt 0.650000 0.666667
vt 0.650000 0.500000
vt 0.944151 0.108941
vt 0.937082 0.114077
vt 0.650000 0.833333
vt 0.650000 1.000000
vt 0.444151 0.108941
vt 0.437082 0.114077
vt 0.625000 0.666667
vt 0.625000 0.500000
vt 0.919694 0.080306
vt 0.913516 0.086485
vt 0.625000 0.833333
vt 0.625000 1.000000
vt 0.419694 0.080306
vt 0.413515 0.086485
vt 0.600000 0.666667
vt 0.600000 0.500000
vt 0.891059 0.055849
vt 0.885923 0.062918
vt 0.600000 0.833333
vt 0.600000 1.000000
vt 0.391059 0.055849
vt 0.385923 0.062918
vt 0.575000 0.666667
vt 0.575000 0.500000
vt 0.858951 0.036173
vt 0.854983 0.043959
vt 0.575000 0.833333
vt 0.575000 1.000000
vt 0.358951 0.036173
vt 0.354983 0.043959
vt 0.550000 0.666667
vt 0.550000 0.500000
vt 0.824159 0.021761
vt 0.821459 0.030072
vt 0.550000 0.833333
vt 0.550000 1.000000
vt 0.324159 0.021761
vt 0.321459 0.030072
vt 0.525000 0.666667
vt 0.525000 0.500000
vt 0.787542 0.012970
vt 0.786175 0.021601
vt 0.525000 0.833333
vt 0.525000 1.000000
vt 0.287542 0.012970
vt 0.286175 0.021601
vt 0.500000 0.666667
vt 0.500000 0.500000
vt 0.750000 0.010016
vt 0.750000 0.018754
vt 0.500000 0.833333
vt 0.500000 1.000000
vt 0.250000 0.010016
vt 0.250000 0.018754
vt 0.475000 0.666667
vt 0.475000 0.500000
vt 0.712458 0.012970
vt 0.713825 0.021601
vt 0.475000 0.833333
vt 0.475000 1.000000
vt 0.212458 0.012970
vt 0.213825 0.021601
vt 0.450000 0.666667
vt 0.450000 0.500000
vt 0.675841 0.021761
vt 0.678541 0.030072
vt 0.450000 0.833333
vt 0.450000 1.000000
vt 0.175841 0.021761
vt 0.178541 0.030072
vt 0.425000 0.666667
vt 0.425000 0.500000
vt 0.641049 0.036173
vt 0.645017 0.043959
vt 0.425000 0.833333
vt 0.425000 1.000000
vt 0.141049 0.036173
vt 0.145017 0.043959
vt 0.400000 0.666667
vt 0.400000 0.500000
vt 0.608941 0.055849
vt 0.614077 0.062918
vt 0.400000 0.833333
vt 0.400000 1.000000
vt 0.108941 0.055849
vt 0.114077 0.062918
vt 0.375000 0.666667
vt 0.375000 0.500000
vt 0.580306 0.080306
vt 0.586485 0.086485
vt 0.375000 0.833333
vt 0.375000 1.000000
vt 0.080306 0.080306
vt 0.086485 0.086485
vt 0.350000 0.666667
vt 0.350000 0.500000
vt 0.555849 0.108941
vt 0.562918 0.114077
vt 0.350000 0.833333
vt 0.350000 1.000000
vt 0.055849 0.108941
vt 0.062918 0.114077
vt 0.325000 0.666667
vt 0.325000 0.500000
vt 0.536173 0.141049
vt 0.543959 0.145017
vt 0.325000 0.833333
vt 0.325000 1.000000
vt 0.036173 0.141049
vt 0.043959 0.145017
vt 0.300000 0.666667
vt 0.300000 0.500000
vt 0.521761 0.175841
vt 0.530072 0.178541
vt 0.300000 0.833333
vt 0.300000 1.000000
vt 0.021761 0.175841
vt 0.030072 0.178541
vt 0.275000 0.666667
vt 0.275000 0.500000
vt 0.512970 0.212458
vt 0.521601 0.213825
vt 0.275000 0.833333
vt 0.275000 1.000000
vt 0.012970 0.212458
vt 0.021601 0.213825
vt 0.250000 0.666667
vt 0.250000 0.500000
vt 0.510016 0.250000
vt 0.518754 0.250000
vt 0.250000 0.833333
vt 0.250000 1.000000
vt 0.010016 0.250000
vt 0.018754 0.250000
vt 0.225000 0.666667
vt 0.225000 0.500000
vt 0.512970 0.287542
vt 0.521601 0.286175
vt 0.225000 0.833333
vt 0.225000 1.000000
vt 0.012970 0.287542
vt 0.021601 0.286175
vt 0.200000 0.666667
vt 0.200000 0.500000
vt 0.521761 0.324159
vt 0.530072 0.321459
vt 0.200000 0.833333
vt 0.200000 1.000000
vt 0.021761 0.324159
vt 0.030072 0.321459
vt 0.175000 0.666667
vt 0.175000 0.500000
vt 0.536173 0.358951
vt 0.543959 0.354983
vt 0.175000 0.833333
vt 0.175000 1.000000
vt 0.036173 0.358951
vt 0.043959 0.354983
vt 0.150000 0.666667
vt 0.150000 0.500000
vt 0.555849 0.391059
vt 0.562918 0.385923
vt 0.150000 0.833333
vt 0.150000 1.000000
vt 0.055849 0.391059
vt 0.062918 0.385923
vt 0.125000 0.666667
vt 0.125000 0.500000
vt 0.580306 0.419694
vt 0.586485 0.413515
vt 0.125000 0.833333
vt 0.125000 1.000000
vt 0.080306 0.419694
vt 0.086485 0.413515
vt 0.100000 0.666667
vt 0.100000 0.500000
vt 0.608941 0.444151
vt 0.614077 0.437082
vt 0.100000 0.833333
vt 0.100000 1.000000
vt 0.108941 0.444151
vt 0.114077 0.437082
vt 0.075000 0.666667
vt 0.075000 0.500000
vt 0.641049 0.463827
vt 0.645017 0.456041
vt 0.075000 0.833333
vt 0.075000 1.000000
vt 0.141049 0.463827
vt 0.145017 0.456041
vt 0.050000 0.666667
vt 0.050000 0.500000
vt 0.675841 0.478239
vt 0.678541 0.469928
vt 0.050000 0.833333
vt 0.050000 1.000000
vt 0.175841 0.478239
vt 0.178541 0.469928
vt 0.025000 0.666667
vt 0.025000 0.500000
vt 0.712458 0.487030
vt 0.713825 0.478399
vt 0.025000 0.833333
vt 0.025000 1.000000
vt 0.212458 0.487030
vt 0.213825 0.478399
vt 0.000000 0.666667
vt 0.000134 0.500000
vt 0.000000 0.833333
vt 0.000134 1.000000
s 1
usemtl StartPad
f 1126/1359/1083 1132/1360/1089 1133/1361/1090 1127/1362/1084
f 1127/1363/1084 1133/1364/1090 1131/1365/1088 1125/1366/1082
f 1135/1367/1092 1129/1368/1086 1130/1369/1087 1136/1370/1093
f 1136/1371/1093 1130/1372/1087 1128/1373/1085 1134/1374/1091
f 1132/1360/1089 1138/1375/1095 1139/1376/1096 1133/1361/1090
f 1133/1364/1090 1139/1377/1096 1137/1378/1094 1131/1365/1088
f 1141/1379/1098 1135/1367/1092 1136/1370/1093 1142/1380/1099
f 1142/1381/1099 1136/1371/1093 1134/1374/1091 1140/1382/1097
f 1138/1375/1095 1144/1383/1101 1145/1384/1102 1139/1376/1096
f 1139/1377/1096 1145/1385/1102 1143/1386/1100 1137/1378/1094
f 1147/1387/1104 1141/1379/1098 1142/1380/1099 1148/1388/1105
f 1148/1389/1105 1142/1381/1099 1140/1382/1097 1146/1390/1103
f 1144/1383/1101 1150/1391/1107 1151/1392/1108 1145/1384/1102
f 1145/1385/1102 1151/1393/1108 1149/1394/1106 1143/1386/1100
f 1153/1395/1110 1147/1387/1104 1148/1388/1105 1154/1396/1111
f 1154/1397/1111 1148/1389/1105 1146/1390/1103 1152/1398/1109
f 1150/1391/1107 1156/1399/1113 1157/1400/1114 1151/1392/1108
f 1151/1393/1108 1157/1401/1114 1155/1402/1112 1149/1394/1106
f 1159/1403/1116 1153/1395/1110 1154/1396/1111 1160/1404/1117
f 1160/1405/1117 1154/1397/1111 1152/1398/1109 1158/1406/1115
f 1156/1399/1113 1162/1407/1119 1163/1408/1120 1157/1400/1114
f 1157/1401/1114 1163/1409/1120 1161/1410/1118 1155/1402/1112
f 1165/1411/1122 1159/1403/1116 1160/1404/1117 1166/1412/1123
f 1166/1413/1123 1160/1405/1117 1158/1406/1115 1164/1414/1121
f 1162/1407/1119 1168/1415/1125 1169/1416/1126 1163/1408/1120
f 1163/1409/1120 1169/1417/1126 1167/1418/1124 1161/1410/1118
f 1171/1419/1128 1165/1411/1122 1166/1412/1123 1172/1420/1129
f 1172/1421/1129 1166/1413/1123 1164/1414/1121 1170/1422/1127
f 1168/1415/1125 1174/1423/1131 1175/1424/1132 1169/1416/1126
f 1169/1417/1126 1175/1425/1132 1173/1426/1130 1167/1418/1124
f 1177/1427/1134 1171/1419/1128 1172/1420/1129 1178/1428/1135
f 1178/1429/1135 1172/1421/1129 1170/1422/1127 1176/1430/1133
f 1174/1423/1131 1180/1431/1137 1181/1432/1138 1175/1424/1132
f 1175/1425/1132 1181/1433/1138 1179/1434/1136 1173/1426/1130
f 1183/1435/1140 1177/1427/1134 1178/1428/1135 1184/1436/1141
f 1184/1437/1141 1178/1429/1135 1176/1430/1133 1182/1438/1139
f 1180/1431/1137 1186/1439/1143 1187/1440/1144 1181/1432/1138
f 1181/1433/1138 1187/1441/1144 1185/1442/1142 1179/1434/1136
f 1189/1443/1146 1183/1435/1140 1184/1436/1141 1190/1444/1147
f 1190/1445/1147 1184/1437/1141 1182/1438/1139 1188/1446/1145
f 1186/1439/1143 1192/1447/1149 1193/1448/1150 1187/1440/1144
f 1187/1441/1144 1193/1449/1150 1191/1450/1148 1185/1442/1142
f 1195/1451/1152 1189/1443/1146 1190/1444/1147 1196/1452/1153
f 1196/1453/1153 1190/1445/1147 1188/1446/1145 1194/1454/1151
f 1192/1447/1149 1198/1455/1155 1199/1456/1156 1193/1448/1150
f 1193/1449/1150 1199/1457/1156 1197/1458/1154 1191/1450/1148
f 1201/1459/1158 1195/1451/1152 1196/1452/1153 1202/1460/1159
f 1202/1461/1159 1196/1453/1153 1194/1454/1151 1200/1462/1157
f 1198/1455/1155 1204/1463/1161 1205/1464/1162 1199/1456/1156
f 1199/1457/1156 1205/1465/1162 1203/1466/1160 1197/1458/1154
f 1207/1467/1164 1201/1459/1158 1202/1460/1159 1208/1468/1165
f 1208/1469/1165 1202/1461/1159 1200/1462/1157 1206/1470/1163
f 1204/1463/1161 1210/1471/1167 1211/1472/1168 1205/1464/1162
f 1205/1465/1162 1211/1473/1168 1209/1474/1166 1203/1466/1160
f 1213/1475/1170 1207/1467/1164 1208/1468/1165 1214/1476/1171
f 1214/1477/1171 1208/1469/1165 1206/1470/1163 1212/1478/1169
f 1210/1471/1167 1216/1479/1173 1217/1480/1174 1211/1472/1168
f 1211/1473/1168 1217/1481/1174 1215/1482/1172 1209/1474/1166
f 1219/1483/1176 1213/1475/1170 1214/1476/1171 1220/1484/1177
f 1220/1485/1177 1214/1477/1171 1212/1478/1169 1218/1486/1175
f 1216/1479/1173 1222/1487/1179 1223/1488/1180 1217/1480/1174
f 1217/1481/1174 1223/1489/1180 1221/1490/1178 1215/1482/1172
f 1225/1491/1182 1219/1483/1176 1220/1484/1177 1226/1492/1183
f 1226/1493/1183 1220/1485/1177 1218/1486/1175 1224/1494/1181
f 1222/1487/1179 1228/1495/1185 1229/1496/1186 1223/1488/1180
f 1223/1489/1180 1229/1497/1186 1227/1498/1184 1221/1490/1178
f 1231/1499/1188 1225/1491/1182 1226/1492/1183 1232/1500/1189
f 1232/1501/1189 1226/1493/1183 1224/1494/1181 1230/1502/1187
f 1228/1495/1185 1234/1503/1191 1235/1504/1192 1229/1496/1186
f 1229/1497/1186 1235/1505/1192 1233/1506/1190 1227/1498/1184
f 1237/1507/1194 1231/1499/1188 1232/1500/1189 1238/1508/1195
f 1238/1509/1195 1232/1501/1189 1230/1502/1187 1236/1510/1193
f 1234/1503/1191 1240/1511/1197 1241/1512/1198 1235/1504/1192
f 1235/1505/1192 1241/1513/1198 1239/1514/1196 1233/1506/1190
f 1243/1515/1200 1237/1507/1194 1238/1508/1195 1244/1516/1201
f 1244/1517/1201 1238/1509/1195 1236/1510/1193 1242/1518/1199
f 1240/1511/1197 1246/1519/1203 1247/1520/1204 1241/1512/1198
f 1241/1513/1198 1247/1521/1204 1245/1522/1202 1239/1514/1196
f 1249/1523/1206 1243/1515/1200 1244/1516/1201 1250/1524/1207
f 1250/1525/1207 1244/1517/1201 1242/1518/1199 1248/1526/1205
f 1246/1519/1203 1252/1527/1209 1253/1528/1210 1247/1520/1204
f 1247/1521/1204 1253/1529/1210 1251/1530/1208 1245/1522/1202
f 1255/1531/1212 1249/1523/1206 1250/1524/1207 1256/1532/1213
f 1256/1533/1213 1250/1525/1207 1248/1526/1205 1254/1534/1211
f 1252/1527/1209 1258/1535/1215 1259/1536/1216 1253/1528/1210
f 1253/1529/1210 1259/1537/1216 1257/1538/1214 1251/1530/1208
f 1261/1539/1218 1255/1531/1212 1256/1532/1213 1262/1540/1219
f 1262/1541/1219 1256/1533/1213 1254/1534/1211 1260/1542/1217
f 1258/1535/1215 1264/1543/1221 1265/1544/1222 1259/1536/1216
f 1259/1537/1216 1265/1545/1222 1263/1546/1220 1257/1538/1214
f 1267/1547/1224 1261/1539/1218 1262/1540/1219 1268/1548/1225
f 1268/1549/1225 1262/1541/1219 1260/1542/1217 1266/1550/1223
f 1264/1543/1221 1270/1551/1227 1271/1552/1228 1265/1544/1222
f 1265/1545/1222 1271/1553/1228 1269/1554/1226 1263/1546/1220
f 1273/1555/1230 1267/1547/1224 1268/1548/1225 1274/1556/1231
f 1274/1557/1231 1268/1549/1225 1266/1550/1223 1272/1558/1229
f 1270/1551/1227 1276/1559/1233 1277/1560/1234 1271/1552/1228
f 1271/1553/1228 1277/1561/1234 1275/1562/1232 1269/1554/1226
f 1279/1563/1236 1273/1555/1230 1274/1556/1231 1280/1564/1237
f 1280/1565/1237 1274/1557/1231 1272/1558/1229 1278/1566/1235
f 1276/1559/1233 1282/1567/1239 1283/1568/1240 1277/1560/1234
f 1277/1561/1234 1283/1569/1240 1281/1570/1238 1275/1562/1232
f 1285/1571/1242 1279/1563/1236 1280/1564/1237 1286/1572/1243
f 1286/1573/1243 1280/1565/1237 1278/1566/1235 1284/1574/1241
f 1282/1567/1239 1288/1575/1245 1289/1576/1246 1283/1568/1240
f 1283/1569/1240 1289/1577/1246 1287/1578/1244 1281/1570/1238
f 1291/1579/1248 1285/1571/1242 1286/1572/1243 1292/1580/1249
f 1292/1581/1249 1286/1573/1243 1284/1574/1241 1290/1582/1247
f 1288/1575/1245 1294/1583/1251 1295/1584/1252 1289/1576/1246
f 1289/1577/1246 1295/1585/1252 1293/1586/1250 1287/1578/1244
f 1297/1587/1254 1291/1579/1248 1292/1580/1249 1298/1588/1255
f 1298/1589/1255 1292/1581/1249 1290/1582/1247 1296/1590/1253
f 1294/1583/1251 1300/1591/1257 1301/1592/1258 1295/1584/1252
f 1295/1585/1252 1301/1593/1258 1299/1594/1256 1293/1586/1250
f 1303/1595/1260 1297/1587/1254 1298/1588/1255 1304/1596/1261
f 1304/1597/1261 1298/1589/1255 1296/1590/1253 1302/1598/1259
f 1300/1591/1257 1306/1599/1263 1307/1600/1264 1301/1592/1258
f 1301/1593/1258 1307/1601/1264 1305/1602/1262 1299/1594/1256
f 1309/1603/1266 1303/1595/1260 1304/1596/1261 1310/1604/1267
f 1310/1605/1267 1304/1597/1261 1302/1598/1259 1308/1606/1265
f 1306/1599/1263 1312/1607/1269 1313/1608/1270 1307/1600/1264
f 1307/1601/1264 1313/1609/1270 1311/1610/1268 1305/1602/1262
f 1315/1611/1272 1309/1603/1266 1310/1604/1267 1316/1612/1273
f 1316/1613/1273 1310/1605/1267 1308/1606/1265 1314/1614/1271
f 1312/1607/1269 1318/1615/1275 1319/1616/1276 1313/1608/1270
f 1313/1609/1270 1319/1617/1276 1317/1618/1274 1311/1610/1268
f 1321/1619/1278 1315/1611/1272 1316/1612/1273 1322/1620/1279
f 1322/1621/1279 1316/1613/1273 1314/1614/1271 1320/1622/1277
f 1318/1615/1275 1324/1623/1281 1325/1624/1282 1319/1616/1276
f 1319/1617/1276 1325/1625/1282 1323/1626/1280 1317/1618/1274
f 1327/1627/1284 1321/1619/1278 1322/1620/1279 1328/1628/1285
f 1328/1629/1285 1322/1621/1279 1320/1622/1277 1326/1630/1283
f 1324/1623/1281 1330/1631/1287 1331/1632/1288 1325/1624/1282
f 1325/1625/1282 1331/1633/1288 1329/1634/1286 1323/1626/1280
f 1333/1635/1290 1327/1627/1284 1328/1628/1285 1334/1636/1291
f 1334/1637/1291 1328/1629/1285 1326/1630/1283 1332/1638/1289
f 1330/1631/1287 1336/1639/1293 1337/1640/1294 1331/1632/1288
f 1331/1633/1288 1337/1641/1294 1335/1642/1292 1329/1634/1286
f 1339/1643/1296 1333/1635/1290 1334/1636/1291 1340/1644/1297
f 1340/1645/1297 1334/1637/1291 1332/1638/1289 1338/1646/1295
f 1336/1639/1293 1342/1647/1299 1343/1648/1300 1337/1640/1294
f 1337/1641/1294 1343/1649/1300 1341/1650/1298 1335/1642/1292
f 1345/1651/1302 1339/1643/1296 1340/1644/1297 1346/1652/1303
f 1346/1653/1303 1340/1645/1297 1338/1646/1295 1344/1654/1301
f 1342/1647/1299 1348/1655/1305 1349/1656/1306 1343/1648/1300
f 1343/1649/1300 1349/1657/1306 1347/1658/1304 1341/1650/1298
f 1351/1659/1308 1345/1651/1302 1346/1652/1303 1352/1660/1309
f 1352/1661/1309 1346/1653/1303 1344/1654/1301 1350/1662/1307
f 1348/1655/1305 1354/1663/1311 1355/1664/1312 1349/1656/1306
f 1349/1657/1306 1355/1665/1312 1353/1666/1310 1347/1658/1304
f 1357/1667/1314 1351/1659/1308 1352/1660/1309 1358/1668/1315
f 1358/1669/1315 1352/1661/1309 1350/1662/1307 1356/1670/1313
f 1354/1663/1311 1360/1671/1317 1361/1672/1318 1355/1664/1312
f 1355/1665/1312 1361/1673/1318 1359/1674/1316 1353/1666/1310
f 1363/1675/1320 1357/1667/1314 1358/1668/1315 1364/1676/1321
f 1364/1677/1321 1358/1669/1315 1356/1670/1313 1362/1678/1319
f 1360/1671/1317 1126/1679/1083 1127/1680/1084 1361/1672/1318
f 1361/1673/1318 1127/1363/1084 1125/1366/1082 1359/1674/1316
f 1129/1681/1086 1363/1675/1320 1364/1676/1321 1130/1682/1087
f 1130/1372/1087 1364/1677/1321 1362/1678/1319 1128/1373/1085
f 1125/1366/1082 1131/1365/1088 1137/1378/1094 1143/1386/1100 1149/1394/1106 1155/1402/1112 1161/1410/1118 1167/1418/1124 1173/1426/1130 1179/1434/1136 1185/1442/1142 1191/1450/1148 1197/1458/1154 1203/1466/1160 1209/1474/1166 1215/1482/1172 1221/1490/1178 1227/1498/1184 1233/1506/1190 1239/1514/1196 1245/1522/1202 1251/1530/1208 1257/1538/1214 1263/1546/1220 1269/1554/1226 1275/1562/1232 1281/1570/1238 1287/1578/1244 1293/1586/1250 1299/1594/1256 1305/1602/1262 1311/1610/1268 1317/1618/1274 1323/1626/1280 1329/1634/1286 1335/1642/1292 1341/1650/1298 1347/1658/1304 1353/1666/1310 1359/1674/1316
f 1126/1359/1083 1129/1368/1086 1135/1367/1092 1132/1360/1089
f 1360/1671/1317 1363/1675/1320 1129/1681/1086 1126/1679/1083
f 1134/1374/1091 1128/1373/1085 1362/1678/1319 1356/1670/1313 1350/1662/1307 1344/1654/1301 1338/1646/1295 1332/1638/1289 1326/1630/1283 1320/1622/1277 1314/1614/1271 1308/1606/1265 1302/1598/1259 1296/1590/1253 1290/1582/1247 1284/1574/1241 1278/1566/1235 1272/1558/1229 1266/1550/1223 1260/1542/1217 1254/1534/1211 1248/1526/1205 1242/1518/1199 1236/1510/1193 1230/1502/1187 1224/1494/1181 1218/1486/1175 1212/1478/1169 1206/1470/1163 1200/1462/1157 1194/1454/1151 1188/1446/1145 1182/1438/1139 1176/1430/1133 1170/1422/1127 1164/1414/1121 1158/1406/1115 1152/1398/1109 1146/1390/1103 1140/1382/1097
f 1132/1360/1089 1135/1367/1092 1141/1379/1098 1138/1375/1095
f 1138/1375/1095 1141/1379/1098 1147/1387/1104 1144/1383/1101
f 1144/1383/1101 1147/1387/1104 1153/1395/1110 1150/1391/1107
f 1150/1391/1107 1153/1395/1110 1159/1403/1116 1156/1399/1113
f 1156/1399/1113 1159/1403/1116 1165/1411/1122 1162/1407/1119
f 1162/1407/1119 1165/1411/1122 1171/1419/1128 1168/1415/1125
f 1168/1415/1125 1171/1419/1128 1177/1427/1134 1174/1423/1131
f 1174/1423/1131 1177/1427/1134 1183/1435/1140 1180/1431/1137
f 1180/1431/1137 1183/1435/1140 1189/1443/1146 1186/1439/1143
f 1186/1439/1143 1189/1443/1146 1195/1451/1152 1192/1447/1149
f 1192/1447/1149 1195/1451/1152 1201/1459/1158 1198/1455/1155
f 1198/1455/1155 1201/1459/1158 1207/1467/1164 1204/1463/1161
f 1204/1463/1161 1207/1467/1164 1213/1475/1170 1210/1471/1167
f 1210/1471/1167 1213/1475/1170 1219/1483/1176 1216/1479/1173
f 1216/1479/1173 1219/1483/1176 1225/1491/1182 1222/1487/1179
f 1222/1487/1179 1225/1491/1182 1231/1499/1188 1228/1495/1185
f 1228/1495/1185 1231/1499/1188 1237/1507/1194 1234/1503/1191
f 1234/1503/1191 1237/1507/1194 1243/1515/1200 1240/1511/1197
f 1240/1511/1197 1243/1515/1200 1249/1523/1206 1246/1519/1203
f 1246/1519/1203 1249/1523/1206 1255/1531/1212 1252/1527/1209
f 1252/1527/1209 1255/1531/1212 1261/1539/1218 1258/1535/1215
f 1258/1535/1215 1261/1539/1218 1267/1547/1224 1264/1543/1221
f 1264/1543/1221 1267/1547/1224 1273/1555/1230 1270/1551/1227
f 1270/1551/1227 1273/1555/1230 1279/1563/1236 1276/1559/1233
f 1276/1559/1233 1279/1563/1236 1285/1571/1242 1282/1567/1239
f 1282/1567/1239 1285/1571/1242 1291/1579/1248 1288/1575/1245
f 1288/1575/1245 1291/1579/1248 1297/1587/1254 1294/1583/1251
f 1294/1583/1251 1297/1587/1254 1303/1595/1260 1300/1591/1257
f 1300/1591/1257 1303/1595/1260 1309/1603/1266 1306/1599/1263
f 1306/1599/1263 1309/1603/1266 1315/1611/1272 1312/1607/1269
f 1312/1607/1269 1315/1611/1272 1321/1619/1278 1318/1615/1275
f 1318/1615/1275 1321/1619/1278 1327/1627/1284 1324/1623/1281
f 1324/1623/1281 1327/1627/1284 1333/1635/1290 1330/1631/1287
f 1330/1631/1287 1333/1635/1290 1339/1643/1296 1336/1639/1293
f 1336/1639/1293 1339/1643/1296 1345/1651/1302 1342/1647/1299
f 1342/1647/1299 1345/1651/1302 1351/1659/1308 1348/1655/1305
f 1348/1655/1305 1351/1659/1308 1357/1667/1314 1354/1663/1311
f 1354/1663/1311 1357/1667/1314 1363/1675/1320 1360/1671/1317
