# Blender 5.1.2
# www.blender.org
mtllib carthabot_map_ocean.mtl
o MatRim
v 14.309999 10.309999 -0.190000
v 14.309999 10.400000 -0.100000
v 14.400000 10.309999 -0.100000
v 14.309999 10.354940 -0.177976
v 14.354939 10.309999 -0.177976
v 14.353038 10.353039 -0.166297
v 14.354939 10.387976 -0.100000
v 14.309999 10.387976 -0.144941
v 14.353038 10.376296 -0.143039
v 14.387975 10.309999 -0.144941
v 14.387975 10.354940 -0.100000
v 14.376295 10.353039 -0.143039
v 14.309999 10.400000 -0.100000
v 14.309999 10.309999 -0.010000
v 14.400000 10.309999 -0.100000
v 14.309999 10.387976 -0.055059
v 14.354939 10.387976 -0.100000
v 14.353038 10.376296 -0.056961
v 14.354939 10.309999 -0.022024
v 14.309999 10.354940 -0.022024
v 14.353038 10.353039 -0.033703
v 14.387975 10.354940 -0.100000
v 14.387975 10.309999 -0.055059
v 14.376295 10.353039 -0.056961
v 14.309999 -10.309999 -0.190000
v 14.400000 -10.309999 -0.100000
v 14.309999 -10.400000 -0.100000
v 14.354939 -10.309999 -0.177976
v 14.309999 -10.354940 -0.177976
v 14.353038 -10.353039 -0.166297
v 14.387975 -10.354940 -0.100000
v 14.387975 -10.309999 -0.144941
v 14.376295 -10.353039 -0.143039
v 14.309999 -10.387976 -0.144941
v 14.354939 -10.387976 -0.100000
v 14.353038 -10.376296 -0.143039
v 14.309999 -10.309999 -0.010000
v 14.309999 -10.400000 -0.100000
v 14.400000 -10.309999 -0.100000
v 14.309999 -10.354940 -0.022024
v 14.354939 -10.309999 -0.022024
v 14.353038 -10.353039 -0.033703
v 14.354939 -10.387976 -0.100000
v 14.309999 -10.387976 -0.055059
v 14.353038 -10.376296 -0.056961
v 14.387975 -10.309999 -0.055059
v 14.387975 -10.354940 -0.100000
v 14.376295 -10.353039 -0.056961
v -14.309999 10.309999 -0.190000
v -14.400000 10.309999 -0.100000
v -14.309999 10.400000 -0.100000
v -14.354939 10.309999 -0.177976
v -14.309999 10.354940 -0.177976
v -14.353038 10.353039 -0.166297
v -14.387975 10.354940 -0.100000
v -14.387975 10.309999 -0.144941
v -14.376295 10.353039 -0.143039
v -14.309999 10.387976 -0.144941
v -14.354939 10.387976 -0.100000
v -14.353038 10.376296 -0.143039
v -14.309999 10.309999 -0.010000
v -14.309999 10.400000 -0.100000
v -14.400000 10.309999 -0.100000
v -14.309999 10.354940 -0.022024
v -14.354939 10.309999 -0.022024
v -14.353038 10.353039 -0.033703
v -14.354939 10.387976 -0.100000
v -14.309999 10.387976 -0.055059
v -14.353038 10.376296 -0.056961
v -14.387975 10.309999 -0.055059
v -14.387975 10.354940 -0.100000
v -14.376295 10.353039 -0.056961
v -14.309999 -10.309999 -0.190000
v -14.309999 -10.400000 -0.100000
v -14.400000 -10.309999 -0.100000
v -14.309999 -10.354940 -0.177976
v -14.354939 -10.309999 -0.177976
v -14.353038 -10.353039 -0.166297
v -14.354939 -10.387976 -0.100000
v -14.309999 -10.387976 -0.144941
v -14.353038 -10.376296 -0.143039
v -14.387975 -10.309999 -0.144941
v -14.387975 -10.354940 -0.100000
v -14.376295 -10.353039 -0.143039
v -14.309999 -10.309999 -0.010000
v -14.400000 -10.309999 -0.100000
v -14.309999 -10.400000 -0.100000
v -14.354939 -10.309999 -0.022024
v -14.309999 -10.354940 -0.022024
v -14.353038 -10.353039 -0.033703
v -14.387975 -10.354940 -0.100000
v -14.387975 -10.309999 -0.055059
v -14.376295 -10.353039 -0.056961
v -14.309999 -10.387976 -0.055059
v -14.354939 -10.387976 -0.100000
v -14.353038 -10.376296 -0.056961
vn 0.1296 0.1296 -0.9831
vn 0.0630 0.9896 -0.1293
vn 0.7749 0.1024 0.6238
vn 0.1216 0.4916 -0.8623
vn 0.4915 0.1216 -0.8623
vn 0.4474 0.4474 -0.7744
vn 0.3186 0.9274 0.1959
vn 0.1216 0.8623 -0.4916
vn 0.4474 0.7744 -0.4473
vn 0.8623 0.1216 -0.4916
vn 0.6618 0.3723 0.6507
vn 0.7744 0.4473 -0.4474
vn 0.0630 0.9896 0.1293
vn 0.1296 0.1296 0.9831
vn 0.5941 0.0785 0.8006
vn 0.1216 0.8623 0.4916
vn 0.2863 0.8334 0.4727
vn 0.4473 0.7744 0.4473
vn 0.4915 0.1216 0.8623
vn 0.1216 0.4916 0.8623
vn 0.4473 0.4474 0.7744
vn 0.5152 0.2898 0.8066
vn 0.8623 0.1216 0.4916
vn 0.7744 0.4474 0.4474
vn 0.1296 -0.1296 -0.9831
vn 0.7749 -0.1025 0.6238
vn 0.0630 -0.9896 -0.1293
vn 0.4915 -0.1216 -0.8623
vn 0.1216 -0.4915 -0.8623
vn 0.4474 -0.4473 -0.7744
vn 0.6618 -0.3723 0.6507
vn 0.8623 -0.1216 -0.4916
vn 0.7744 -0.4474 -0.4474
vn 0.1216 -0.8623 -0.4916
vn 0.3186 -0.9274 0.1959
vn 0.4474 -0.7744 -0.4474
vn 0.1296 -0.1296 0.9831
vn 0.0630 -0.9896 0.1293
vn 0.5941 -0.0785 0.8006
vn 0.1216 -0.4916 0.8623
vn 0.4915 -0.1216 0.8623
vn 0.4473 -0.4474 0.7744
vn 0.2863 -0.8334 0.4727
vn 0.1216 -0.8623 0.4916
vn 0.4473 -0.7744 0.4473
vn 0.8623 -0.1216 0.4916
vn 0.5152 -0.2898 0.8066
vn 0.7744 -0.4474 0.4473
vn -0.1296 0.1296 -0.9831
vn -0.7749 0.1025 0.6238
vn -0.0630 0.9896 -0.1293
vn -0.4915 0.1216 -0.8623
vn -0.1216 0.4915 -0.8623
vn -0.4474 0.4473 -0.7744
vn -0.6618 0.3723 0.6507
vn -0.8623 0.1216 -0.4916
vn -0.7744 0.4474 -0.4474
vn -0.1216 0.8623 -0.4916
vn -0.3186 0.9274 0.1959
vn -0.4474 0.7744 -0.4474
vn -0.1296 0.1296 0.9831
vn -0.0630 0.9896 0.1293
vn -0.5941 0.0785 0.8006
vn -0.1216 0.4916 0.8623
vn -0.4915 0.1216 0.8623
vn -0.4473 0.4474 0.7744
vn -0.2863 0.8334 0.4727
vn -0.1216 0.8623 0.4916
vn -0.4473 0.7744 0.4473
vn -0.8623 0.1216 0.4916
vn -0.5152 0.2898 0.8066
vn -0.7744 0.4474 0.4473
vn -0.1296 -0.1296 -0.9831
vn -0.0630 -0.9896 -0.1293
vn -0.7749 -0.1024 0.6238
vn -0.1216 -0.4916 -0.8623
vn -0.4915 -0.1216 -0.8623
vn -0.4474 -0.4474 -0.7744
vn -0.3186 -0.9274 0.1959
vn -0.1216 -0.8623 -0.4916
vn -0.4474 -0.7744 -0.4473
vn -0.8623 -0.1216 -0.4916
vn -0.6618 -0.3723 0.6507
vn -0.7744 -0.4473 -0.4474
vn -0.1296 -0.1296 0.9831
vn -0.5941 -0.0785 0.8006
vn -0.0630 -0.9896 0.1293
vn -0.4915 -0.1216 0.8623
vn -0.1216 -0.4916 0.8623
vn -0.4473 -0.4474 0.7744
vn -0.5152 -0.2898 0.8066
vn -0.8623 -0.1216 0.4916
vn -0.7744 -0.4474 0.4474
vn -0.1216 -0.8623 0.4916
vn -0.2863 -0.8334 0.4727
vn -0.4473 -0.7744 0.4473
vt 0.125781 0.748918
vt 0.125781 0.749458
vt 0.125408 0.749436
vt 0.125391 0.748918
vt 0.125781 0.750000
vt 0.125408 0.750000
vt 0.500000 0.999219
vt 0.500000 1.000000
vt 0.375000 0.999592
vt 0.375000 0.999219
vt 0.500000 0.000000
vt 0.500000 0.000542
vt 0.375000 0.000564
vt 0.375000 0.000000
vt 0.500000 0.001082
vt 0.375000 0.001082
vt 0.125000 0.748918
vt 0.125000 0.749436
vt 0.500000 0.999219
vt 0.562418 0.999219
vt 0.559776 1.000000
vt 0.625000 0.999219
vt 0.625000 1.000000
vt 0.874219 0.748918
vt 0.875000 0.748918
vt 0.875000 0.749436
vt 0.874219 0.750000
vt 0.625000 0.001082
vt 0.562418 0.001082
vt 0.559776 0.000564
vt 0.625000 0.000564
vt 0.559776 0.000000
vt 0.125781 0.501082
vt 0.125391 0.501082
vt 0.125408 0.500564
vt 0.125781 0.500542
vt 0.125000 0.501082
vt 0.125000 0.500564
vt 0.500000 0.248918
vt 0.500000 0.249458
vt 0.375000 0.249436
vt 0.375000 0.248918
vt 0.500000 0.250391
vt 0.375000 0.250408
vt 0.500000 0.250781
vt 0.375000 0.250781
vt 0.125781 0.500000
vt 0.125408 0.500000
vt 0.874219 0.501082
vt 0.874219 0.500000
vt 0.875000 0.500564
vt 0.875000 0.501082
vt 0.625000 0.250781
vt 0.562418 0.250781
vt 0.559776 0.250235
vt 0.625000 0.249624
vt 0.559776 0.249436
vt 0.562418 0.248918
vt 0.625000 0.248918
vt 0.374219 0.748918
vt 0.374609 0.748918
vt 0.374592 0.749435
vt 0.374219 0.749458
vt 0.437582 0.748918
vt 0.423866 0.749436
vt 0.500000 0.748918
vt 0.500000 0.749458
vt 0.500000 0.750391
vt 0.374796 0.750204
vt 0.500000 0.750781
vt 0.374609 0.750391
vt 0.625781 0.748918
vt 0.625391 0.750391
vt 0.625204 0.750204
vt 0.625391 0.748918
vt 0.562418 0.750781
vt 0.559776 0.750408
vt 0.559776 0.749628
vt 0.562418 0.748918
vt 0.374219 0.501082
vt 0.374219 0.500542
vt 0.374592 0.500564
vt 0.374609 0.501082
vt 0.374609 0.499609
vt 0.374796 0.499796
vt 0.500000 0.499219
vt 0.500000 0.499609
vt 0.500000 0.500542
vt 0.423866 0.500564
vt 0.500000 0.501082
vt 0.437582 0.501082
vt 0.625781 0.501082
vt 0.625391 0.501082
vt 0.625204 0.499796
vt 0.625391 0.499609
vt 0.562418 0.501082
vt 0.559776 0.500372
vt 0.559776 0.499592
vt 0.500000 0.499219
vt 0.562418 0.499219
s 1
usemtl Rim
f 1/1/1 4/2/4 6/3/6 5/4/5
f 4/2/4 8/5/8 9/6/9 6/3/6
f 2/7/2 7/8/7 9/9/9 8/10/8
f 7/11/7 11/12/11 12/13/12 9/14/9
f 3/15/3 10/16/10 12/13/12 11/12/11
f 10/17/10 5/4/5 6/3/6 12/18/12
f 6/3/6 9/6/9 12/18/12
f 13/19/13 16/20/16 18/21/18 17/8/17
f 16/20/16 20/22/20 21/23/21 18/21/18
f 14/24/14 19/25/19 21/26/21 20/27/20
f 19/28/19 23/29/23 24/30/24 21/31/21
f 15/15/15 22/12/22 24/30/24 23/29/23
f 22/12/22 17/11/17 18/32/18 24/30/24
f 18/32/18 21/31/21 24/30/24
f 25/33/25 28/34/28 30/35/30 29/36/29
f 28/34/28 32/37/32 33/38/33 30/35/30
f 26/39/26 31/40/31 33/41/33 32/42/32
f 31/40/31 35/43/35 36/44/36 33/41/33
f 27/45/27 34/46/34 36/44/36 35/43/35
f 34/47/34 29/36/29 30/35/30 36/48/36
f 30/35/30 33/38/33 36/48/36
f 37/49/37 40/50/40 42/51/42 41/52/41
f 40/53/40 44/54/44 45/55/45 42/56/42
f 38/45/38 43/43/43 45/55/45 44/54/44
f 43/43/43 47/40/47 48/57/48 45/55/45
f 39/39/39 46/58/46 48/57/48 47/40/47
f 46/58/46 41/59/41 42/56/42 48/57/48
f 42/56/42 45/55/45 48/57/48
f 49/60/49 52/61/52 54/62/54 53/63/53
f 52/61/52 56/64/56 57/65/57 54/62/54
f 50/66/50 55/67/55 57/65/57 56/64/56
f 55/67/55 59/68/59 60/69/60 57/65/57
f 51/70/51 58/71/58 60/69/60 59/68/59
f 58/71/58 53/63/53 54/62/54 60/69/60
f 54/62/54 57/65/57 60/69/60
f 61/72/61 64/73/64 66/74/66 65/75/65
f 64/73/64 68/76/68 69/77/69 66/74/66
f 62/70/62 67/68/67 69/77/69 68/76/68
f 67/68/67 71/67/71 72/78/72 69/77/69
f 63/66/63 70/79/70 72/78/72 71/67/71
f 70/79/70 65/75/65 66/74/66 72/78/72
f 66/74/66 69/77/69 72/78/72
f 73/80/73 76/81/76 78/82/78 77/83/77
f 76/81/76 80/84/80 81/85/81 78/82/78
f 74/86/74 79/87/79 81/85/81 80/84/80
f 79/87/79 83/88/83 84/89/84 81/85/81
f 75/90/75 82/91/82 84/89/84 83/88/83
f 82/91/82 77/83/77 78/82/78 84/89/84
f 78/82/78 81/85/81 84/89/84
f 85/92/85 88/93/88 90/94/90 89/95/89
f 88/93/88 92/96/92 93/97/93 90/94/90
f 86/90/86 91/88/91 93/97/93 92/96/92
f 91/88/91 95/87/95 96/98/96 93/97/93
f 87/99/87 94/100/94 96/98/96 95/87/95
f 94/100/94 89/95/89 90/94/90 96/98/96
f 90/94/90 93/97/93 96/98/96
f 25/33/25 1/1/1 5/4/5 28/34/28
f 28/34/28 5/4/5 10/17/10 32/37/32
f 32/42/32 10/16/10 3/15/3 26/39/26
f 2/7/2 13/19/13 17/8/17 7/8/7
f 7/11/7 17/11/17 22/12/22 11/12/11
f 11/12/11 22/12/22 15/15/15 3/15/3
f 14/24/14 37/49/37 41/52/41 19/25/19
f 19/28/19 41/59/41 46/58/46 23/29/23
f 23/29/23 46/58/46 39/39/39 15/15/15
f 38/45/38 27/45/27 35/43/35 43/43/43
f 43/43/43 35/43/35 31/40/31 47/40/47
f 47/40/47 31/40/31 26/39/26 39/39/39
f 73/80/73 25/33/25 29/36/29 76/81/76
f 76/81/76 29/36/29 34/47/34 80/84/80
f 80/84/80 34/46/34 27/45/27 74/86/74
f 37/49/37 85/92/85 89/95/89 40/50/40
f 40/53/40 89/95/89 94/100/94 44/54/44
f 44/54/44 94/100/94 87/99/87 38/45/38
f 86/90/86 75/90/75 83/88/83 91/88/91
f 91/88/91 83/88/83 79/87/79 95/87/95
f 95/87/95 79/87/79 74/86/74 87/99/87
f 49/60/49 73/80/73 77/83/77 52/61/52
f 52/61/52 77/83/77 82/91/82 56/64/56
f 56/64/56 82/91/82 75/90/75 50/66/50
f 85/92/85 61/72/61 65/75/65 88/93/88
f 88/93/88 65/75/65 70/79/70 92/96/92
f 92/96/92 70/79/70 63/66/63 86/90/86
f 62/70/62 51/70/51 59/68/59 67/68/67
f 67/68/67 59/68/59 55/67/55 71/67/71
f 71/67/71 55/67/55 50/66/50 63/66/63
f 1/1/1 49/60/49 53/63/53 4/2/4
f 4/2/4 53/63/53 58/71/58 8/5/8
f 8/10/8 58/71/58 51/70/51 2/7/2
f 61/72/61 14/24/14 20/27/20 64/73/64
f 64/73/64 20/22/20 16/20/16 68/76/68
f 68/76/68 16/20/16 13/19/13 62/70/62
f 25/33/25 73/80/73 49/60/49 1/1/1
f 3/15/3 15/15/15 39/39/39 26/39/26
f 51/70/51 62/70/62 13/19/13 2/7/2
f 85/92/85 37/49/37 14/24/14 61/72/61
f 27/45/27 38/45/38 87/99/87 74/86/74
f 75/90/75 86/90/86 63/66/63 50/66/50
o PlayMat
v 14.000000 10.000000 0.000000
v -14.000000 10.000000 0.000000
v 14.000000 -10.000000 0.000000
v -14.000000 -10.000000 0.000000
vn -0.0000 -0.0000 1.0000
vt 0.000000 0.000000
vt 1.000000 0.000000
vt 1.000000 1.000000
vt 0.000000 1.000000
s 1
usemtl MatColor
f 97/101/97 98/102/97 100/103/97 99/104/97
o LineLoop
v 6.896030 5.919196 0.108778
v 6.898484 5.969135 0.145106
v 6.901516 6.030865 0.145106
v 6.903970 6.080804 0.108779
v 6.904907 6.099880 0.050000
v 6.903970 6.080804 -0.008779
v 6.901516 6.030864 -0.045106
v 6.898484 5.969135 -0.045106
v 6.896030 5.919196 -0.008779
v 6.895093 5.900120 0.050000
v -6.896030 5.919196 0.108778
v -6.898484 5.969135 0.145106
v -6.901516 6.030865 0.145106
v -6.903970 6.080804 0.108779
v -6.904907 6.099880 0.050000
v -6.903970 6.080804 -0.008779
v -6.901516 6.030864 -0.045106
v -6.898484 5.969135 -0.045106
v -6.896030 5.919196 -0.008779
v -6.895093 5.900120 0.050000
v -7.391451 5.870695 0.108778
v -7.401206 5.919734 0.145106
v -7.413263 5.980350 0.145106
v -7.423018 6.029389 0.108779
v -7.426744 6.048120 0.050000
v -7.423018 6.029389 -0.008779
v -7.413263 5.980350 -0.045106
v -7.401206 5.919734 -0.045106
v -7.391451 5.870695 -0.008779
v -7.387726 5.851963 0.050000
v -7.864017 5.727344 0.108778
v -7.883152 5.773537 0.145106
v -7.906803 5.830637 0.145106
v -7.925937 5.876830 0.108779
v -7.933246 5.894475 0.050000
v -7.925937 5.876830 -0.008779
v -7.906803 5.830637 -0.045106
v -7.883152 5.773537 -0.045106
v -7.864017 5.727344 -0.008779
v -7.856709 5.709699 0.050000
v -8.299536 5.494554 0.108778
v -8.327314 5.536127 0.145106
v -8.361650 5.587515 0.145106
v -8.389429 5.629088 0.108779
v -8.400040 5.644968 0.050000
v -8.389429 5.629088 -0.008779
v -8.361650 5.587515 -0.045106
v -8.327314 5.536127 -0.045106
v -8.299536 5.494554 -0.008779
v -8.288925 5.478674 0.050000
v -8.681272 5.181272 0.108778
v -8.716627 5.216627 0.145106
v -8.760328 5.260328 0.145106
v -8.795684 5.295684 0.108779
v -8.809189 5.309188 0.050000
v -8.795684 5.295684 -0.008779
v -8.760328 5.260328 -0.045106
v -8.716627 5.216627 -0.045106
v -8.681272 5.181272 -0.008779
v -8.667767 5.167767 0.050000
v -8.994554 4.799536 0.108778
v -9.036127 4.827314 0.145106
v -9.087515 4.861650 0.145106
v -9.129088 4.889429 0.108779
v -9.144968 4.900040 0.050000
v -9.129088 4.889429 -0.008779
v -9.087515 4.861650 -0.045106
v -9.036127 4.827314 -0.045106
v -8.994554 4.799536 -0.008779
v -8.978674 4.788925 0.050000
v -9.227344 4.364017 0.108778
v -9.273538 4.383152 0.145106
v -9.330636 4.406803 0.145106
v -9.376830 4.425937 0.108779
v -9.394475 4.433246 0.050000
v -9.376830 4.425937 -0.008779
v -9.330636 4.406803 -0.045106
v -9.273538 4.383152 -0.045106
v -9.227344 4.364017 -0.008779
v -9.209699 4.356709 0.050000
v -9.370057 3.895091 0.108778
v -9.419490 3.902596 0.145106
v -9.480594 3.911874 0.145106
v -9.530026 3.919379 0.108779
v -9.548908 3.922246 0.050000
v -9.530026 3.919379 -0.008779
v -9.480594 3.911874 -0.045106
v -9.419490 3.902596 -0.045106
v -9.370057 3.895091 -0.008779
v -9.351175 3.892224 0.050000
v -9.419183 -3.396307 0.108778
v -9.469131 -3.398589 0.145106
v -9.530869 -3.401411 0.145106
v -9.580817 -3.403693 0.108779
v -9.599895 -3.404565 0.050000
v -9.580817 -3.403693 -0.008779
v -9.530869 -3.401411 -0.045106
v -9.469131 -3.398589 -0.045106
v -9.419183 -3.396307 -0.008779
v -9.400105 -3.395435 0.050000
v -9.370694 -3.891452 0.108778
v -9.419734 -3.901206 0.145106
v -9.480350 -3.913264 0.145106
v -9.529389 -3.923018 0.108779
v -9.548120 -3.926744 0.050000
v -9.529389 -3.923018 -0.008779
v -9.480350 -3.913264 -0.045106
v -9.419734 -3.901206 -0.045106
v -9.370694 -3.891452 -0.008779
v -9.351963 -3.887726 0.050000
v -9.227344 -4.364017 0.108778
v -9.273538 -4.383152 0.145106
v -9.330636 -4.406803 0.145106
v -9.376830 -4.425937 0.108779
v -9.394475 -4.433246 0.050000
v -9.376830 -4.425937 -0.008779
v -9.330636 -4.406803 -0.045106
v -9.273538 -4.383152 -0.045106
v -9.227344 -4.364017 -0.008779
v -9.209699 -4.356709 0.050000
v -8.994554 -4.799536 0.108778
v -9.036127 -4.827314 0.145106
v -9.087515 -4.861650 0.145106
v -9.129088 -4.889429 0.108779
v -9.144968 -4.900040 0.050000
v -9.129088 -4.889429 -0.008779
v -9.087515 -4.861650 -0.045106
v -9.036127 -4.827314 -0.045106
v -8.994554 -4.799536 -0.008779
v -8.978674 -4.788925 0.050000
v -8.681272 -5.181272 0.108778
v -8.716627 -5.216627 0.145106
v -8.760328 -5.260328 0.145106
v -8.795684 -5.295684 0.108779
v -8.809189 -5.309188 0.050000
v -8.795684 -5.295684 -0.008779
v -8.760328 -5.260328 -0.045106
v -8.716627 -5.216627 -0.045106
v -8.681272 -5.181272 -0.008779
v -8.667767 -5.167767 0.050000
v -8.299536 -5.494554 0.108778
v -8.327314 -5.536127 0.145106
v -8.361650 -5.587515 0.145106
v -8.389429 -5.629088 0.108779
v -8.400040 -5.644968 0.050000
v -8.389429 -5.629088 -0.008779
v -8.361650 -5.587515 -0.045106
v -8.327314 -5.536127 -0.045106
v -8.299536 -5.494554 -0.008779
v -8.288925 -5.478674 0.050000
v -7.864017 -5.727344 0.108778
v -7.883152 -5.773537 0.145106
v -7.906803 -5.830636 0.145106
v -7.925937 -5.876830 0.108779
v -7.933246 -5.894475 0.050000
v -7.925937 -5.876830 -0.008779
v -7.906803 -5.830637 -0.045106
v -7.883152 -5.773537 -0.045106
v -7.864017 -5.727344 -0.008779
v -7.856709 -5.709699 0.050000
v -7.395224 -5.870037 0.108778
v -7.402647 -5.919482 0.145106
v -7.411822 -5.980601 0.145106
v -7.419245 -6.030047 0.108779
v -7.422081 -6.048934 0.050000
v -7.419245 -6.030047 -0.008779
v -7.411822 -5.980601 -0.045106
v -7.402647 -5.919483 -0.045106
v -7.395224 -5.870037 -0.008779
v -7.392389 -5.851150 0.050000
v 6.896172 -5.919189 0.108778
v 6.898538 -5.969133 0.145106
v 6.901463 -6.030867 0.145106
v 6.903829 -6.080811 0.108779
v 6.904733 -6.099888 0.050000
v 6.903829 -6.080811 -0.008779
v 6.901463 -6.030867 -0.045106
v 6.898538 -5.969133 -0.045106
v 6.896172 -5.919189 -0.008779
v 6.895267 -5.900112 0.050000
v 7.391451 -5.870695 0.108778
v 7.401206 -5.919734 0.145106
v 7.413263 -5.980350 0.145106
v 7.423018 -6.029389 0.108779
v 7.426744 -6.048120 0.050000
v 7.423018 -6.029389 -0.008779
v 7.413263 -5.980350 -0.045106
v 7.401206 -5.919734 -0.045106
v 7.391451 -5.870695 -0.008779
v 7.387726 -5.851963 0.050000
v 7.864017 -5.727344 0.108778
v 7.883152 -5.773537 0.145106
v 7.906803 -5.830636 0.145106
v 7.925937 -5.876830 0.108779
v 7.933246 -5.894475 0.050000
v 7.925937 -5.876830 -0.008779
v 7.906803 -5.830637 -0.045106
v 7.883152 -5.773538 -0.045106
v 7.864017 -5.727344 -0.008779
v 7.856709 -5.709699 0.050000
v 8.299536 -5.494554 0.108778
v 8.327314 -5.536127 0.145106
v 8.361650 -5.587515 0.145106
v 8.389429 -5.629088 0.108779
v 8.400040 -5.644968 0.050000
v 8.389429 -5.629088 -0.008779
v 8.361650 -5.587515 -0.045106
v 8.327314 -5.536127 -0.045106
v 8.299536 -5.494554 -0.008779
v 8.288925 -5.478674 0.050000
v 8.681272 -5.181272 0.108778
v 8.716627 -5.216627 0.145106
v 8.760328 -5.260328 0.145106
v 8.795684 -5.295684 0.108779
v 8.809189 -5.309188 0.050000
v 8.795684 -5.295684 -0.008779
v 8.760328 -5.260329 -0.045106
v 8.716627 -5.216627 -0.045106
v 8.681272 -5.181272 -0.008779
v 8.667767 -5.167767 0.050000
v 8.994554 -4.799536 0.108778
v 9.036127 -4.827314 0.145106
v 9.087515 -4.861650 0.145106
v 9.129088 -4.889429 0.108779
v 9.144968 -4.900040 0.050000
v 9.129088 -4.889429 -0.008779
v 9.087515 -4.861650 -0.045106
v 9.036127 -4.827314 -0.045106
v 8.994554 -4.799536 -0.008779
v 8.978674 -4.788925 0.050000
v 9.227344 -4.364017 0.108778
v 9.273538 -4.383152 0.145106
v 9.330636 -4.406803 0.145106
v 9.376830 -4.425937 0.108779
v 9.394475 -4.433246 0.050000
v 9.376830 -4.425937 -0.008779
v 9.330636 -4.406803 -0.045106
v 9.273538 -4.383152 -0.045106
v 9.227344 -4.364017 -0.008779
v 9.209699 -4.356709 0.050000
v 9.370057 -3.895091 0.108778
v 9.419490 -3.902596 0.145106
v 9.480594 -3.911874 0.145106
v 9.530026 -3.919379 0.108779
v 9.548908 -3.922246 0.050000
v 9.530026 -3.919379 -0.008779
v 9.480594 -3.911874 -0.045106
v 9.419490 -3.902596 -0.045106
v 9.370057 -3.895091 -0.008779
v 9.351175 -3.892224 0.050000
v 9.419183 3.396307 0.108778
v 9.469131 3.398589 0.145106
v 9.530869 3.401411 0.145106
v 9.580817 3.403693 0.108779
v 9.599895 3.404565 0.050000
v 9.580817 3.403693 -0.008779
v 9.530869 3.401411 -0.045106
v 9.469131 3.398589 -0.045106
v 9.419183 3.396307 -0.008779
v 9.400105 3.395435 0.050000
v 9.370694 3.891452 0.108778
v 9.419734 3.901206 0.145106
v 9.480350 3.913264 0.145106
v 9.529389 3.923018 0.108779
v 9.548120 3.926744 0.050000
v 9.529389 3.923018 -0.008779
v 9.480350 3.913264 -0.045106
v 9.419734 3.901206 -0.045106
v 9.370694 3.891452 -0.008779
v 9.351963 3.887726 0.050000
v 9.227344 4.364017 0.108778
v 9.273538 4.383152 0.145106
v 9.330636 4.406803 0.145106
v 9.376830 4.425937 0.108779
v 9.394475 4.433246 0.050000
v 9.376830 4.425937 -0.008779
v 9.330636 4.406803 -0.045106
v 9.273538 4.383152 -0.045106
v 9.227344 4.364017 -0.008779
v 9.209699 4.356709 0.050000
v 8.994554 4.799536 0.108778
v 9.036127 4.827314 0.145106
v 9.087515 4.861650 0.145106
v 9.129088 4.889429 0.108779
v 9.144968 4.900040 0.050000
v 9.129088 4.889429 -0.008779
v 9.087515 4.861650 -0.045106
v 9.036127 4.827314 -0.045106
v 8.994554 4.799536 -0.008779
v 8.978674 4.788925 0.050000
v 8.681272 5.181272 0.108778
v 8.716627 5.216627 0.145106
v 8.760328 5.260328 0.145106
v 8.795684 5.295684 0.108779
v 8.809189 5.309188 0.050000
v 8.795684 5.295684 -0.008779
v 8.760328 5.260328 -0.045106
v 8.716627 5.216627 -0.045106
v 8.681272 5.181272 -0.008779
v 8.667767 5.167767 0.050000
v 8.299536 5.494554 0.108778
v 8.327314 5.536127 0.145106
v 8.361650 5.587515 0.145106
v 8.389429 5.629088 0.108779
v 8.400040 5.644968 0.050000
v 8.389429 5.629088 -0.008779
v 8.361650 5.587515 -0.045106
v 8.327314 5.536127 -0.045106
v 8.299536 5.494554 -0.008779
v 8.288925 5.478674 0.050000
v 7.864017 5.727344 0.108778
v 7.883152 5.773537 0.145106
v 7.906803 5.830637 0.145106
v 7.925937 5.876830 0.108779
v 7.933246 5.894475 0.050000
v 7.925937 5.876830 -0.008779
v 7.906803 5.830637 -0.045106
v 7.883152 5.773537 -0.045106
v 7.864017 5.727344 -0.008779
v 7.856709 5.709699 0.050000
v 7.391451 5.870695 0.108778
v 7.401206 5.919734 0.145106
v 7.413263 5.980350 0.145106
v 7.423018 6.029389 0.108779
v 7.426744 6.048120 0.050000
v 7.423018 6.029389 -0.008779
v 7.413263 5.980350 -0.045106
v 7.401206 5.919734 -0.045106
v 7.391451 5.870695 -0.008779
v 7.387726 5.851963 0.050000
vn -0.0393 -0.8049 0.5921
vn -0.0147 -0.3001 0.9538
vn 0.0157 0.3175 0.9481
vn 0.0401 0.8115 0.5829
vn 0.0494 0.9988 -0.0000
vn 0.0401 0.8115 -0.5829
vn 0.0157 0.3175 -0.9481
vn -0.0147 -0.3001 -0.9538
vn -0.0393 -0.8049 -0.5921
vn -0.0487 -0.9988 -0.0000
vn 0.0393 -0.8049 0.5921
vn 0.0147 -0.3001 0.9538
vn -0.0157 0.3175 0.9481
vn -0.0401 0.8115 0.5829
vn -0.0494 0.9988 -0.0000
vn -0.0401 0.8115 -0.5829
vn -0.0157 0.3175 -0.9481
vn 0.0147 -0.3001 -0.9538
vn 0.0393 -0.8049 -0.5921
vn 0.0487 -0.9988 -0.0000
vn 0.1562 -0.7865 0.5974
vn 0.0568 -0.2856 0.9567
vn -0.0637 0.3198 0.9454
vn -0.1593 0.7996 0.5791
vn -0.1954 0.9807 -0.0000
vn -0.1593 0.7996 -0.5791
vn -0.0637 0.3198 -0.9454
vn 0.0568 -0.2856 -0.9567
vn 0.1562 -0.7865 -0.5974
vn 0.1948 -0.9808 -0.0000
vn 0.3070 -0.7411 0.5971
vn 0.1115 -0.2692 0.9566
vn -0.1249 0.3014 0.9453
vn -0.3121 0.7534 0.5788
vn -0.3827 0.9239 -0.0000
vn -0.3121 0.7534 -0.5788
vn -0.1249 0.3014 -0.9453
vn 0.1115 -0.2692 -0.9566
vn 0.3070 -0.7411 -0.5971
vn 0.3827 -0.9239 -0.0000
vn 0.4456 -0.6670 0.5971
vn 0.1619 -0.2423 0.9566
vn -0.1813 0.2713 0.9453
vn -0.4531 0.6780 0.5788
vn -0.5556 0.8315 -0.0000
vn -0.4531 0.6780 -0.5788
vn -0.1813 0.2713 -0.9453
vn 0.1619 -0.2423 -0.9566
vn 0.4456 -0.6670 -0.5971
vn 0.5556 -0.8315 -0.0000
vn 0.5672 -0.5672 0.5971
vn 0.2060 -0.2060 0.9566
vn -0.2307 0.2307 0.9453
vn -0.5766 0.5766 0.5788
vn -0.7071 0.7071 -0.0000
vn -0.5766 0.5766 -0.5788
vn -0.2307 0.2307 -0.9453
vn 0.2060 -0.2060 -0.9566
vn 0.5672 -0.5672 -0.5971
vn 0.7071 -0.7071 -0.0000
vn 0.6670 -0.4456 0.5971
vn 0.2423 -0.1619 0.9566
vn -0.2713 0.1813 0.9453
vn -0.6780 0.4531 0.5788
vn -0.8315 0.5556 -0.0000
vn -0.6780 0.4531 -0.5788
vn -0.2713 0.1813 -0.9453
vn 0.2423 -0.1619 -0.9566
vn 0.6670 -0.4456 -0.5971
vn 0.8315 -0.5556 -0.0000
vn 0.7413 -0.3074 0.5966
vn 0.2695 -0.1117 0.9565
vn -0.3018 0.1249 0.9452
vn -0.7538 0.3119 0.5783
vn -0.9241 0.3822 -0.0000
vn -0.7538 0.3119 -0.5783
vn -0.3018 0.1249 -0.9452
vn 0.2695 -0.1117 -0.9565
vn 0.7413 -0.3074 -0.5966
vn 0.9237 -0.3832 -0.0000
vn 0.7888 -0.1201 0.6028
vn 0.2790 -0.0425 0.9594
vn -0.3295 0.0500 0.9428
vn -0.8083 0.1225 0.5759
vn -0.9887 0.1497 -0.0000
vn -0.8083 0.1225 -0.5759
vn -0.3295 0.0500 -0.9428
vn 0.2790 -0.0425 -0.9594
vn 0.7888 -0.1201 -0.6028
vn 0.9886 -0.1506 -0.0000
vn 0.8053 0.0366 0.5917
vn 0.3000 0.0137 0.9538
vn -0.3187 -0.0146 0.9477
vn -0.8124 -0.0373 0.5819
vn -0.9989 -0.0459 -0.0000
vn -0.8124 -0.0373 -0.5819
vn -0.3187 -0.0146 -0.9477
vn 0.3000 0.0137 -0.9538
vn 0.8053 0.0366 -0.5917
vn 0.9990 0.0454 -0.0000
vn 0.7865 0.1563 0.5974
vn 0.2856 0.0568 0.9567
vn -0.3198 -0.0637 0.9454
vn -0.7996 -0.1593 0.5791
vn -0.9807 -0.1954 -0.0000
vn -0.7996 -0.1593 -0.5791
vn -0.3198 -0.0637 -0.9454
vn 0.2856 0.0568 -0.9567
vn 0.7865 0.1563 -0.5974
vn 0.9808 0.1948 -0.0000
vn 0.7411 0.3070 0.5971
vn 0.2692 0.1115 0.9566
vn -0.3014 -0.1249 0.9453
vn -0.7534 -0.3121 0.5788
vn -0.9239 -0.3827 -0.0000
vn -0.7534 -0.3121 -0.5788
vn -0.3014 -0.1249 -0.9453
vn 0.2692 0.1115 -0.9566
vn 0.7411 0.3070 -0.5971
vn 0.9239 0.3827 -0.0000
vn 0.6670 0.4456 0.5971
vn 0.2423 0.1619 0.9566
vn -0.2713 -0.1813 0.9453
vn -0.6780 -0.4531 0.5788
vn -0.8315 -0.5556 -0.0000
vn -0.6780 -0.4531 -0.5788
vn -0.2713 -0.1813 -0.9453
vn 0.2423 0.1619 -0.9566
vn 0.6670 0.4456 -0.5971
vn 0.8315 0.5556 -0.0000
vn 0.5672 0.5672 0.5971
vn 0.2060 0.2060 0.9566
vn -0.2307 -0.2307 0.9453
vn -0.5766 -0.5766 0.5788
vn -0.7071 -0.7071 -0.0000
vn -0.5766 -0.5766 -0.5788
vn -0.2307 -0.2307 -0.9453
vn 0.2060 0.2060 -0.9566
vn 0.5672 0.5672 -0.5971
vn 0.7071 0.7071 -0.0000
vn 0.4456 0.6670 0.5971
vn 0.1619 0.2423 0.9566
vn -0.1813 -0.2713 0.9453
vn -0.4531 -0.6780 0.5788
vn -0.5556 -0.8315 -0.0000
vn -0.4531 -0.6780 -0.5788
vn -0.1813 -0.2713 -0.9453
vn 0.1619 0.2423 -0.9566
vn 0.4456 0.6670 -0.5971
vn 0.5556 0.8315 -0.0000
vn 0.3074 0.7413 0.5966
vn 0.1117 0.2695 0.9565
vn -0.1249 -0.3018 0.9452
vn -0.3118 -0.7539 0.5783
vn -0.3822 -0.9241 -0.0000
vn -0.3118 -0.7539 -0.5783
vn -0.1249 -0.3018 -0.9452
vn 0.1117 0.2695 -0.9565
vn 0.3074 0.7413 -0.5966
vn 0.3832 0.9237 -0.0000
vn 0.1188 0.7889 0.6030
vn 0.0420 0.2787 0.9595
vn -0.0494 -0.3298 0.9428
vn -0.1211 -0.8086 0.5758
vn -0.1480 -0.9890 -0.0000
vn -0.1211 -0.8086 -0.5758
vn -0.0494 -0.3298 -0.9428
vn 0.0420 0.2787 -0.9595
vn 0.1188 0.7888 -0.6030
vn 0.1490 0.9888 -0.0000
vn -0.0379 0.8054 0.5915
vn -0.0142 0.3003 0.9537
vn 0.0151 -0.3184 0.9478
vn 0.0387 -0.8122 0.5821
vn 0.0476 -0.9989 -0.0000
vn 0.0387 -0.8122 -0.5821
vn 0.0151 -0.3184 -0.9478
vn -0.0142 0.3003 -0.9537
vn -0.0379 0.8054 -0.5915
vn -0.0470 0.9989 -0.0000
vn -0.1563 0.7865 0.5974
vn -0.0568 0.2856 0.9567
vn 0.0637 -0.3198 0.9454
vn 0.1593 -0.7996 0.5791
vn 0.1954 -0.9807 -0.0000
vn 0.1593 -0.7996 -0.5791
vn 0.0637 -0.3198 -0.9454
vn -0.0568 0.2856 -0.9567
vn -0.1563 0.7865 -0.5974
vn -0.1948 0.9808 -0.0000
vn -0.3070 0.7411 0.5971
vn -0.1115 0.2692 0.9566
vn 0.1249 -0.3014 0.9453
vn 0.3121 -0.7534 0.5788
vn 0.3121 -0.7534 -0.5788
vn 0.1249 -0.3014 -0.9453
vn -0.1115 0.2692 -0.9566
vn -0.3070 0.7411 -0.5971
vn -0.4456 0.6670 0.5971
vn -0.1619 0.2423 0.9566
vn 0.1813 -0.2713 0.9453
vn 0.4531 -0.6780 0.5788
vn 0.4531 -0.6780 -0.5788
vn 0.1813 -0.2713 -0.9453
vn -0.1619 0.2423 -0.9566
vn -0.4456 0.6670 -0.5971
vn -0.5672 0.5672 0.5971
vn -0.2060 0.2060 0.9566
vn 0.2307 -0.2307 0.9453
vn 0.5766 -0.5766 0.5788
vn 0.5766 -0.5766 -0.5788
vn 0.2307 -0.2307 -0.9453
vn -0.2060 0.2060 -0.9566
vn -0.5672 0.5672 -0.5971
vn -0.6670 0.4456 0.5971
vn -0.2423 0.1619 0.9566
vn 0.2713 -0.1813 0.9453
vn 0.6780 -0.4531 0.5788
vn 0.6780 -0.4531 -0.5788
vn 0.2713 -0.1813 -0.9453
vn -0.2423 0.1619 -0.9566
vn -0.6670 0.4456 -0.5971
vn -0.7413 0.3074 0.5966
vn -0.2695 0.1117 0.9565
vn 0.3018 -0.1249 0.9452
vn 0.7538 -0.3119 0.5783
vn 0.9241 -0.3822 -0.0000
vn 0.7538 -0.3119 -0.5783
vn 0.3018 -0.1249 -0.9452
vn -0.2695 0.1117 -0.9565
vn -0.7413 0.3074 -0.5966
vn -0.9237 0.3832 -0.0000
vn -0.7888 0.1201 0.6028
vn -0.2790 0.0425 0.9594
vn 0.3295 -0.0500 0.9428
vn 0.8083 -0.1225 0.5759
vn 0.9887 -0.1497 -0.0000
vn 0.8083 -0.1225 -0.5759
vn 0.3295 -0.0500 -0.9428
vn -0.2790 0.0425 -0.9594
vn -0.7888 0.1201 -0.6028
vn -0.9886 0.1506 -0.0000
vn -0.8053 -0.0366 0.5917
vn -0.3000 -0.0137 0.9538
vn 0.3187 0.0146 0.9477
vn 0.8124 0.0373 0.5819
vn 0.9989 0.0459 -0.0000
vn 0.8124 0.0373 -0.5819
vn 0.3187 0.0146 -0.9477
vn -0.3000 -0.0137 -0.9538
vn -0.8053 -0.0366 -0.5917
vn -0.9990 -0.0454 -0.0000
vn -0.7865 -0.1563 0.5974
vn -0.2856 -0.0568 0.9567
vn 0.3198 0.0637 0.9454
vn 0.7996 0.1593 0.5791
vn 0.9807 0.1954 -0.0000
vn 0.7996 0.1593 -0.5791
vn 0.3198 0.0637 -0.9454
vn -0.2856 -0.0568 -0.9567
vn -0.7865 -0.1563 -0.5974
vn -0.9808 -0.1948 -0.0000
vn -0.7411 -0.3070 0.5971
vn -0.2692 -0.1115 0.9566
vn 0.3014 0.1249 0.9453
vn 0.7534 0.3121 0.5788
vn 0.7534 0.3121 -0.5788
vn 0.3014 0.1249 -0.9453
vn -0.2692 -0.1115 -0.9566
vn -0.7411 -0.3070 -0.5971
vn -0.6670 -0.4456 0.5971
vn -0.2423 -0.1619 0.9566
vn 0.2713 0.1813 0.9453
vn 0.6780 0.4531 0.5788
vn 0.6780 0.4531 -0.5788
vn 0.2713 0.1813 -0.9453
vn -0.2423 -0.1619 -0.9566
vn -0.6670 -0.4456 -0.5971
vn -0.5672 -0.5672 0.5971
vn -0.2060 -0.2060 0.9566
vn 0.2307 0.2307 0.9453
vn 0.5766 0.5766 0.5788
vn 0.5766 0.5766 -0.5788
vn 0.2307 0.2307 -0.9453
vn -0.2060 -0.2060 -0.9566
vn -0.5672 -0.5672 -0.5971
vn -0.4456 -0.6670 0.5971
vn -0.1619 -0.2423 0.9566
vn 0.1813 0.2713 0.9453
vn 0.4531 0.6780 0.5788
vn 0.4531 0.6780 -0.5788
vn 0.1813 0.2713 -0.9453
vn -0.1619 -0.2423 -0.9566
vn -0.4456 -0.6670 -0.5971
vn -0.3070 -0.7411 0.5971
vn -0.1115 -0.2692 0.9566
vn 0.1249 0.3014 0.9453
vn 0.3121 0.7534 0.5788
vn 0.3827 0.9239 -0.0000
vn 0.3121 0.7534 -0.5788
vn 0.1249 0.3014 -0.9453
vn -0.1115 -0.2692 -0.9566
vn -0.3070 -0.7411 -0.5971
vn -0.3827 -0.9239 -0.0000
vn -0.1562 -0.7865 0.5974
vn -0.0568 -0.2856 0.9567
vn 0.0637 0.3198 0.9454
vn 0.1593 0.7996 0.5791
vn 0.1954 0.9807 -0.0000
vn 0.1593 0.7996 -0.5791
vn 0.0637 0.3198 -0.9454
vn -0.0568 -0.2856 -0.9567
vn -0.1562 -0.7865 -0.5974
vn -0.1948 -0.9808 -0.0000
vt 0.000000 1.000000
vt 0.030303 1.000000
vt 0.030303 0.900000
vt 0.000000 0.900000
vt 0.000000 0.100000
vt 0.030303 0.100000
vt 0.030303 0.000000
vt 0.000000 0.000000
vt 0.000000 0.200000
vt 0.030303 0.200000
vt 0.000000 0.300000
vt 0.030303 0.300000
vt 0.000000 0.400000
vt 0.030303 0.400000
vt 0.000000 0.500000
vt 0.030303 0.500000
vt 0.000000 0.600000
vt 0.030303 0.600000
vt 0.000000 0.700000
vt 0.030303 0.700000
vt 0.000000 0.800000
vt 0.030303 0.800000
vt 0.060606 1.000000
vt 0.060606 0.900000
vt 0.060606 0.100000
vt 0.060606 0.000000
vt 0.060606 0.200000
vt 0.060606 0.300000
vt 0.060606 0.400000
vt 0.060606 0.500000
vt 0.060606 0.600000
vt 0.060606 0.700000
vt 0.060606 0.800000
vt 0.090909 1.000000
vt 0.090909 0.900000
vt 0.090909 0.100000
vt 0.090909 0.000000
vt 0.090909 0.200000
vt 0.090909 0.300000
vt 0.090909 0.400000
vt 0.090909 0.500000
vt 0.090909 0.600000
vt 0.090909 0.700000
vt 0.090909 0.800000
vt 0.121212 1.000000
vt 0.121212 0.900000
vt 0.121212 0.100000
vt 0.121212 0.000000
vt 0.121212 0.200000
vt 0.121212 0.300000
vt 0.121212 0.400000
vt 0.121212 0.500000
vt 0.121212 0.600000
vt 0.121212 0.700000
vt 0.121212 0.800000
vt 0.151515 1.000000
vt 0.151515 0.900000
vt 0.151515 0.100000
vt 0.151515 0.000000
vt 0.151515 0.200000
vt 0.151515 0.300000
vt 0.151515 0.400000
vt 0.151515 0.500000
vt 0.151515 0.600000
vt 0.151515 0.700000
vt 0.151515 0.800000
vt 0.181818 1.000000
vt 0.181818 0.900000
vt 0.181818 0.100000
vt 0.181818 0.000000
vt 0.181818 0.200000
vt 0.181818 0.300000
vt 0.181818 0.400000
vt 0.181818 0.500000
vt 0.181818 0.600000
vt 0.181818 0.700000
vt 0.181818 0.800000
vt 0.212121 1.000000
vt 0.212121 0.900000
vt 0.212121 0.100000
vt 0.212121 0.000000
vt 0.212121 0.200000
vt 0.212121 0.300000
vt 0.212121 0.400000
vt 0.212121 0.500000
vt 0.212121 0.600000
vt 0.212121 0.700000
vt 0.212121 0.800000
vt 0.242424 1.000000
vt 0.242424 0.900000
vt 0.242424 0.100000
vt 0.242424 0.000000
vt 0.242424 0.200000
vt 0.242424 0.300000
vt 0.242424 0.400000
vt 0.242424 0.500000
vt 0.242424 0.600000
vt 0.242424 0.700000
vt 0.242424 0.800000
vt 0.272727 1.000000
vt 0.272727 0.900000
vt 0.272727 0.100000
vt 0.272727 0.000000
vt 0.272727 0.200000
vt 0.272727 0.300000
vt 0.272727 0.400000
vt 0.272727 0.500000
vt 0.272727 0.600000
vt 0.272727 0.700000
vt 0.272727 0.800000
vt 0.303030 1.000000
vt 0.303030 0.900000
vt 0.303030 0.100000
vt 0.303030 0.000000
vt 0.303030 0.200000
vt 0.303030 0.300000
vt 0.303030 0.400000
vt 0.303030 0.500000
vt 0.303030 0.600000
vt 0.303030 0.700000
vt 0.303030 0.800000
vt 0.333333 1.000000
vt 0.333333 0.900000
vt 0.333333 0.100000
vt 0.333333 0.000000
vt 0.333333 0.200000
vt 0.333333 0.300000
vt 0.333333 0.400000
vt 0.333333 0.500000
vt 0.333333 0.600000
vt 0.333333 0.700000
vt 0.333333 0.800000
vt 0.363636 1.000000
vt 0.363636 0.900000
vt 0.363636 0.100000
vt 0.363636 0.000000
vt 0.363636 0.200000
vt 0.363636 0.300000
vt 0.363636 0.400000
vt 0.363636 0.500000
vt 0.363636 0.600000
vt 0.363636 0.700000
vt 0.363636 0.800000
vt 0.393939 1.000000
vt 0.393939 0.900000
vt 0.393939 0.100000
vt 0.393939 0.000000
vt 0.393939 0.200000
vt 0.393939 0.300000
vt 0.393939 0.400000
vt 0.393939 0.500000
vt 0.393939 0.600000
vt 0.393939 0.700000
vt 0.393939 0.800000
vt 0.424242 1.000000
vt 0.424242 0.900000
vt 0.424242 0.100000
vt 0.424242 0.000000
vt 0.424242 0.200000
vt 0.424242 0.300000
vt 0.424242 0.400000
vt 0.424242 0.500000
vt 0.424242 0.600000
vt 0.424242 0.700000
vt 0.424242 0.800000
vt 0.454545 1.000000
vt 0.454545 0.900000
vt 0.454545 0.100000
vt 0.454545 0.000000
vt 0.454545 0.200000
vt 0.454545 0.300000
vt 0.454545 0.400000
vt 0.454545 0.500000
vt 0.454545 0.600000
vt 0.454545 0.700000
vt 0.454545 0.800000
vt 0.484848 1.000000
vt 0.484848 0.900000
vt 0.484848 0.100000
vt 0.484848 0.000000
vt 0.484848 0.200000
vt 0.484848 0.300000
vt 0.484848 0.400000
vt 0.484848 0.500000
vt 0.484848 0.600000
vt 0.484848 0.700000
vt 0.484848 0.800000
vt 0.515152 1.000000
vt 0.515152 0.900000
vt 0.515152 0.100000
vt 0.515152 0.000000
vt 0.515152 0.200000
vt 0.515152 0.300000
vt 0.515152 0.400000
vt 0.515152 0.500000
vt 0.515152 0.600000
vt 0.515152 0.700000
vt 0.515152 0.800000
vt 0.545455 1.000000
vt 0.545455 0.900000
vt 0.545455 0.100000
vt 0.545455 0.000000
vt 0.545455 0.200000
vt 0.545455 0.300000
vt 0.545455 0.400000
vt 0.545455 0.500000
vt 0.545455 0.600000
vt 0.545455 0.700000
vt 0.545455 0.800000
vt 0.575758 1.000000
vt 0.575758 0.900000
vt 0.575758 0.100000
vt 0.575758 0.000000
vt 0.575758 0.200000
vt 0.575758 0.300000
vt 0.575758 0.400000
vt 0.575758 0.500000
vt 0.575758 0.600000
vt 0.575758 0.700000
vt 0.575758 0.800000
vt 0.606061 1.000000
vt 0.606061 0.900000
vt 0.606061 0.100000
vt 0.606061 0.000000
vt 0.606061 0.200000
vt 0.606061 0.300000
vt 0.606061 0.400000
vt 0.606061 0.500000
vt 0.606061 0.600000
vt 0.606061 0.700000
vt 0.606061 0.800000
vt 0.636364 1.000000
vt 0.636364 0.900000
vt 0.636364 0.100000
vt 0.636364 0.000000
vt 0.636364 0.200000
vt 0.636364 0.300000
vt 0.636364 0.400000
vt 0.636364 0.500000
vt 0.636364 0.600000
vt 0.636364 0.700000
vt 0.636364 0.800000
vt 0.666667 1.000000
vt 0.666667 0.900000
vt 0.666667 0.100000
vt 0.666667 0.000000
vt 0.666667 0.200000
vt 0.666667 0.300000
vt 0.666667 0.400000
vt 0.666667 0.500000
vt 0.666667 0.600000
vt 0.666667 0.700000
vt 0.666667 0.800000
vt 0.696970 1.000000
vt 0.696970 0.900000
vt 0.696970 0.100000
vt 0.696970 0.000000
vt 0.696970 0.200000
vt 0.696970 0.300000
vt 0.696970 0.400000
vt 0.696970 0.500000
vt 0.696970 0.600000
vt 0.696970 0.700000
vt 0.696970 0.800000
vt 0.727273 1.000000
vt 0.727273 0.900000
vt 0.727273 0.100000
vt 0.727273 0.000000
vt 0.727273 0.200000
vt 0.727273 0.300000
vt 0.727273 0.400000
vt 0.727273 0.500000
vt 0.727273 0.600000
vt 0.727273 0.700000
vt 0.727273 0.800000
vt 0.757576 1.000000
vt 0.757576 0.900000
vt 0.757576 0.100000
vt 0.757576 0.000000
vt 0.757576 0.200000
vt 0.757576 0.300000
vt 0.757576 0.400000
vt 0.757576 0.500000
vt 0.757576 0.600000
vt 0.757576 0.700000
vt 0.757576 0.800000
vt 0.787879 1.000000
vt 0.787879 0.900000
vt 0.787879 0.100000
vt 0.787879 0.000000
vt 0.787879 0.200000
vt 0.787879 0.300000
vt 0.787879 0.400000
vt 0.787879 0.500000
vt 0.787879 0.600000
vt 0.787879 0.700000
vt 0.787879 0.800000
vt 0.818182 1.000000
vt 0.818182 0.900000
vt 0.818182 0.100000
vt 0.818182 0.000000
vt 0.818182 0.200000
vt 0.818182 0.300000
vt 0.818182 0.400000
vt 0.818182 0.500000
vt 0.818182 0.600000
vt 0.818182 0.700000
vt 0.818182 0.800000
vt 0.848485 1.000000
vt 0.848485 0.900000
vt 0.848485 0.100000
vt 0.848485 0.000000
vt 0.848485 0.200000
vt 0.848485 0.300000
vt 0.848485 0.400000
vt 0.848485 0.500000
vt 0.848485 0.600000
vt 0.848485 0.700000
vt 0.848485 0.800000
vt 0.878788 1.000000
vt 0.878788 0.900000
vt 0.878788 0.100000
vt 0.878788 0.000000
vt 0.878788 0.200000
vt 0.878788 0.300000
vt 0.878788 0.400000
vt 0.878788 0.500000
vt 0.878788 0.600000
vt 0.878788 0.700000
vt 0.878788 0.800000
vt 0.909091 1.000000
vt 0.909091 0.900000
vt 0.909091 0.100000
vt 0.909091 0.000000
vt 0.909091 0.200000
vt 0.909091 0.300000
vt 0.909091 0.400000
vt 0.909091 0.500000
vt 0.909091 0.600000
vt 0.909091 0.700000
vt 0.909091 0.800000
vt 0.939394 1.000000
vt 0.939394 0.900000
vt 0.939394 0.100000
vt 0.939394 0.000000
vt 0.939394 0.200000
vt 0.939394 0.300000
vt 0.939394 0.400000
vt 0.939394 0.500000
vt 0.939394 0.600000
vt 0.939394 0.700000
vt 0.939394 0.800000
vt 0.969697 1.000000
vt 0.969697 0.900000
vt 0.969697 0.100000
vt 0.969697 0.000000
vt 0.969697 0.200000
vt 0.969697 0.300000
vt 0.969697 0.400000
vt 0.969697 0.500000
vt 0.969697 0.600000
vt 0.969697 0.700000
vt 0.969697 0.800000
vt 1.000000 1.000000
vt 1.000000 0.900000
vt 1.000000 0.100000
vt 1.000000 0.000000
vt 1.000000 0.200000
vt 1.000000 0.300000
vt 1.000000 0.400000
vt 1.000000 0.500000
vt 1.000000 0.600000
vt 1.000000 0.700000
vt 1.000000 0.800000
s 1
usemtl Track
f 101/105/98 111/106/108 120/107/117 110/108/107
f 102/109/99 112/110/109 111/111/108 101/112/98
f 103/113/100 113/114/110 112/110/109 102/109/99
f 104/115/101 114/116/111 113/114/110 103/113/100
f 105/117/102 115/118/112 114/116/111 104/115/101
f 106/119/103 116/120/113 115/118/112 105/117/102
f 107/121/104 117/122/114 116/120/113 106/119/103
f 108/123/105 118/124/115 117/122/114 107/121/104
f 109/125/106 119/126/116 118/124/115 108/123/105
f 110/108/107 120/107/117 119/126/116 109/125/106
f 111/106/108 121/127/118 130/128/127 120/107/117
f 112/110/109 122/129/119 121/130/118 111/111/108
f 113/114/110 123/131/120 122/129/119 112/110/109
f 114/116/111 124/132/121 123/131/120 113/114/110
f 115/118/112 125/133/122 124/132/121 114/116/111
f 116/120/113 126/134/123 125/133/122 115/118/112
f 117/122/114 127/135/124 126/134/123 116/120/113
f 118/124/115 128/136/125 127/135/124 117/122/114
f 119/126/116 129/137/126 128/136/125 118/124/115
f 120/107/117 130/128/127 129/137/126 119/126/116
f 121/127/118 131/138/128 140/139/137 130/128/127
f 122/129/119 132/140/129 131/141/128 121/130/118
f 123/131/120 133/142/130 132/140/129 122/129/119
f 124/132/121 134/143/131 133/142/130 123/131/120
f 125/133/122 135/144/132 134/143/131 124/132/121
f 126/134/123 136/145/133 135/144/132 125/133/122
f 127/135/124 137/146/134 136/145/133 126/134/123
f 128/136/125 138/147/135 137/146/134 127/135/124
f 129/137/126 139/148/136 138/147/135 128/136/125
f 130/128/127 140/139/137 139/148/136 129/137/126
f 131/138/128 141/149/138 150/150/147 140/139/137
f 132/140/129 142/151/139 141/152/138 131/141/128
f 133/142/130 143/153/140 142/151/139 132/140/129
f 134/143/131 144/154/141 143/153/140 133/142/130
f 135/144/132 145/155/142 144/154/141 134/143/131
f 136/145/133 146/156/143 145/155/142 135/144/132
f 137/146/134 147/157/144 146/156/143 136/145/133
f 138/147/135 148/158/145 147/157/144 137/146/134
f 139/148/136 149/159/146 148/158/145 138/147/135
f 140/139/137 150/150/147 149/159/146 139/148/136
f 141/149/138 151/160/148 160/161/157 150/150/147
f 142/151/139 152/162/149 151/163/148 141/152/138
f 143/153/140 153/164/150 152/162/149 142/151/139
f 144/154/141 154/165/151 153/164/150 143/153/140
f 145/155/142 155/166/152 154/165/151 144/154/141
f 146/156/143 156/167/153 155/166/152 145/155/142
f 147/157/144 157/168/154 156/167/153 146/156/143
f 148/158/145 158/169/155 157/168/154 147/157/144
f 149/159/146 159/170/156 158/169/155 148/158/145
f 150/150/147 160/161/157 159/170/156 149/159/146
f 151/160/148 161/171/158 170/172/167 160/161/157
f 152/162/149 162/173/159 161/174/158 151/163/148
f 153/164/150 163/175/160 162/173/159 152/162/149
f 154/165/151 164/176/161 163/175/160 153/164/150
f 155/166/152 165/177/162 164/176/161 154/165/151
f 156/167/153 166/178/163 165/177/162 155/166/152
f 157/168/154 167/179/164 166/178/163 156/167/153
f 158/169/155 168/180/165 167/179/164 157/168/154
f 159/170/156 169/181/166 168/180/165 158/169/155
f 160/161/157 170/172/167 169/181/166 159/170/156
f 161/171/158 171/182/168 180/183/177 170/172/167
f 162/173/159 172/184/169 171/185/168 161/174/158
f 163/175/160 173/186/170 172/184/169 162/173/159
f 164/176/161 174/187/171 173/186/170 163/175/160
f 165/177/162 175/188/172 174/187/171 164/176/161
f 166/178/163 176/189/173 175/188/172 165/177/162
f 167/179/164 177/190/174 176/189/173 166/178/163
f 168/180/165 178/191/175 177/190/174 167/179/164
f 169/181/166 179/192/176 178/191/175 168/180/165
f 170/172/167 180/183/177 179/192/176 169/181/166
f 171/182/168 181/193/178 190/194/187 180/183/177
f 172/184/169 182/195/179 181/196/178 171/185/168
f 173/186/170 183/197/180 182/195/179 172/184/169
f 174/187/171 184/198/181 183/197/180 173/186/170
f 175/188/172 185/199/182 184/198/181 174/187/171
f 176/189/173 186/200/183 185/199/182 175/188/172
f 177/190/174 187/201/184 186/200/183 176/189/173
f 178/191/175 188/202/185 187/201/184 177/190/174
f 179/192/176 189/203/186 188/202/185 178/191/175
f 180/183/177 190/194/187 189/203/186 179/192/176
f 181/193/178 191/204/188 200/205/197 190/194/187
f 182/195/179 192/206/189 191/207/188 181/196/178
f 183/197/180 193/208/190 192/206/189 182/195/179
f 184/198/181 194/209/191 193/208/190 183/197/180
f 185/199/182 195/210/192 194/209/191 184/198/181
f 186/200/183 196/211/193 195/210/192 185/199/182
f 187/201/184 197/212/194 196/211/193 186/200/183
f 188/202/185 198/213/195 197/212/194 187/201/184
f 189/203/186 199/214/196 198/213/195 188/202/185
f 190/194/187 200/205/197 199/214/196 189/203/186
f 191/204/188 201/215/198 210/216/207 200/205/197
f 192/206/189 202/217/199 201/218/198 191/207/188
f 193/208/190 203/219/200 202/217/199 192/206/189
f 194/209/191 204/220/201 203/219/200 193/208/190
f 195/210/192 205/221/202 204/220/201 194/209/191
f 196/211/193 206/222/203 205/221/202 195/210/192
f 197/212/194 207/223/204 206/222/203 196/211/193
f 198/213/195 208/224/205 207/223/204 197/212/194
f 199/214/196 209/225/206 208/224/205 198/213/195
f 200/205/197 210/216/207 209/225/206 199/214/196
f 201/215/198 211/226/208 220/227/217 210/216/207
f 202/217/199 212/228/209 211/229/208 201/218/198
f 203/219/200 213/230/210 212/228/209 202/217/199
f 204/220/201 214/231/211 213/230/210 203/219/200
f 205/221/202 215/232/212 214/231/211 204/220/201
f 206/222/203 216/233/213 215/232/212 205/221/202
f 207/223/204 217/234/214 216/233/213 206/222/203
f 208/224/205 218/235/215 217/234/214 207/223/204
f 209/225/206 219/236/216 218/235/215 208/224/205
f 210/216/207 220/227/217 219/236/216 209/225/206
f 211/226/208 221/237/218 230/238/227 220/227/217
f 212/228/209 222/239/219 221/240/218 211/229/208
f 213/230/210 223/241/220 222/239/219 212/228/209
f 214/231/211 224/242/221 223/241/220 213/230/210
f 215/232/212 225/243/222 224/242/221 214/231/211
f 216/233/213 226/244/223 225/243/222 215/232/212
f 217/234/214 227/245/224 226/244/223 216/233/213
f 218/235/215 228/246/225 227/245/224 217/234/214
f 219/236/216 229/247/226 228/246/225 218/235/215
f 220/227/217 230/238/227 229/247/226 219/236/216
f 221/237/218 231/248/228 240/249/237 230/238/227
f 222/239/219 232/250/229 231/251/228 221/240/218
f 223/241/220 233/252/230 232/250/229 222/239/219
f 224/242/221 234/253/231 233/252/230 223/241/220
f 225/243/222 235/254/232 234/253/231 224/242/221
f 226/244/223 236/255/233 235/254/232 225/243/222
f 227/245/224 237/256/234 236/255/233 226/244/223
f 228/246/225 238/257/235 237/256/234 227/245/224
f 229/247/226 239/258/236 238/257/235 228/246/225
f 230/238/227 240/249/237 239/258/236 229/247/226
f 231/248/228 241/259/238 250/260/247 240/249/237
f 232/250/229 242/261/239 241/262/238 231/251/228
f 233/252/230 243/263/240 242/261/239 232/250/229
f 234/253/231 244/264/241 243/263/240 233/252/230
f 235/254/232 245/265/242 244/264/241 234/253/231
f 236/255/233 246/266/243 245/265/242 235/254/232
f 237/256/234 247/267/244 246/266/243 236/255/233
f 238/257/235 248/268/245 247/267/244 237/256/234
f 239/258/236 249/269/246 248/268/245 238/257/235
f 240/249/237 250/260/247 249/269/246 239/258/236
f 241/259/238 251/270/248 260/271/257 250/260/247
f 242/261/239 252/272/249 251/273/248 241/262/238
f 243/263/240 253/274/250 252/272/249 242/261/239
f 244/264/241 254/275/251 253/274/250 243/263/240
f 245/265/242 255/276/252 254/275/251 244/264/241
f 246/266/243 256/277/253 255/276/252 245/265/242
f 247/267/244 257/278/254 256/277/253 246/266/243
f 248/268/245 258/279/255 257/278/254 247/267/244
f 249/269/246 259/280/256 258/279/255 248/268/245
f 250/260/247 260/271/257 259/280/256 249/269/246
f 251/270/248 261/281/258 270/282/267 260/271/257
f 252/272/249 262/283/259 261/284/258 251/273/248
f 253/274/250 263/285/260 262/283/259 252/272/249
f 254/275/251 264/286/261 263/285/260 253/274/250
f 255/276/252 265/287/262 264/286/261 254/275/251
f 256/277/253 266/288/263 265/287/262 255/276/252
f 257/278/254 267/289/264 266/288/263 256/277/253
f 258/279/255 268/290/265 267/289/264 257/278/254
f 259/280/256 269/291/266 268/290/265 258/279/255
f 260/271/257 270/282/267 269/291/266 259/280/256
f 261/281/258 271/292/268 280/293/277 270/282/267
f 262/283/259 272/294/269 271/295/268 261/284/258
f 263/285/260 273/296/270 272/294/269 262/283/259
f 264/286/261 274/297/271 273/296/270 263/285/260
f 265/287/262 275/298/272 274/297/271 264/286/261
f 266/288/263 276/299/273 275/298/272 265/287/262
f 267/289/264 277/300/274 276/299/273 266/288/263
f 268/290/265 278/301/275 277/300/274 267/289/264
f 269/291/266 279/302/276 278/301/275 268/290/265
f 270/282/267 280/293/277 279/302/276 269/291/266
f 271/292/268 281/303/278 290/304/287 280/293/277
f 272/294/269 282/305/279 281/306/278 271/295/268
f 273/296/270 283/307/280 282/305/279 272/294/269
f 274/297/271 284/308/281 283/307/280 273/296/270
f 275/298/272 285/309/282 284/308/281 274/297/271
f 276/299/273 286/310/283 285/309/282 275/298/272
f 277/300/274 287/311/284 286/310/283 276/299/273
f 278/301/275 288/312/285 287/311/284 277/300/274
f 279/302/276 289/313/286 288/312/285 278/301/275
f 280/293/277 290/304/287 289/313/286 279/302/276
f 281/303/278 291/314/288 300/315/132 290/304/287
f 282/305/279 292/316/289 291/317/288 281/306/278
f 283/307/280 293/318/290 292/316/289 282/305/279
f 284/308/281 294/319/291 293/318/290 283/307/280
f 285/309/282 295/320/137 294/319/291 284/308/281
f 286/310/283 296/321/292 295/320/137 285/309/282
f 287/311/284 297/322/293 296/321/292 286/310/283
f 288/312/285 298/323/294 297/322/293 287/311/284
f 289/313/286 299/324/295 298/323/294 288/312/285
f 290/304/287 300/315/132 299/324/295 289/313/286
f 291/314/288 301/325/296 310/326/142 300/315/132
f 292/316/289 302/327/297 301/328/296 291/317/288
f 293/318/290 303/329/298 302/327/297 292/316/289
f 294/319/291 304/330/299 303/329/298 293/318/290
f 295/320/137 305/331/147 304/330/299 294/319/291
f 296/321/292 306/332/300 305/331/147 295/320/137
f 297/322/293 307/333/301 306/332/300 296/321/292
f 298/323/294 308/334/302 307/333/301 297/322/293
f 299/324/295 309/335/303 308/334/302 298/323/294
f 300/315/132 310/326/142 309/335/303 299/324/295
f 301/325/296 311/336/304 320/337/152 310/326/142
f 302/327/297 312/338/305 311/339/304 301/328/296
f 303/329/298 313/340/306 312/338/305 302/327/297
f 304/330/299 314/341/307 313/340/306 303/329/298
f 305/331/147 315/342/157 314/341/307 304/330/299
f 306/332/300 316/343/308 315/342/157 305/331/147
f 307/333/301 317/344/309 316/343/308 306/332/300
f 308/334/302 318/345/310 317/344/309 307/333/301
f 309/335/303 319/346/311 318/345/310 308/334/302
f 310/326/142 320/337/152 319/346/311 309/335/303
f 311/336/304 321/347/312 330/348/162 320/337/152
f 312/338/305 322/349/313 321/350/312 311/339/304
f 313/340/306 323/351/314 322/349/313 312/338/305
f 314/341/307 324/352/315 323/351/314 313/340/306
f 315/342/157 325/353/167 324/352/315 314/341/307
f 316/343/308 326/354/316 325/353/167 315/342/157
f 317/344/309 327/355/317 326/354/316 316/343/308
f 318/345/310 328/356/318 327/355/317 317/344/309
f 319/346/311 329/357/319 328/356/318 318/345/310
f 320/337/152 330/348/162 329/357/319 319/346/311
f 321/347/312 331/358/320 340/359/329 330/348/162
f 322/349/313 332/360/321 331/361/320 321/350/312
f 323/351/314 333/362/322 332/360/321 322/349/313
f 324/352/315 334/363/323 333/362/322 323/351/314
f 325/353/167 335/364/324 334/363/323 324/352/315
f 326/354/316 336/365/325 335/364/324 325/353/167
f 327/355/317 337/366/326 336/365/325 326/354/316
f 328/356/318 338/367/327 337/366/326 327/355/317
f 329/357/319 339/368/328 338/367/327 328/356/318
f 330/348/162 340/359/329 339/368/328 329/357/319
f 331/358/320 341/369/330 350/370/339 340/359/329
f 332/360/321 342/371/331 341/372/330 331/361/320
f 333/362/322 343/373/332 342/371/331 332/360/321
f 334/363/323 344/374/333 343/373/332 333/362/322
f 335/364/324 345/375/334 344/374/333 334/363/323
f 336/365/325 346/376/335 345/375/334 335/364/324
f 337/366/326 347/377/336 346/376/335 336/365/325
f 338/367/327 348/378/337 347/377/336 337/366/326
f 339/368/328 349/379/338 348/378/337 338/367/327
f 340/359/329 350/370/339 349/379/338 339/368/328
f 341/369/330 351/380/340 360/381/349 350/370/339
f 342/371/331 352/382/341 351/383/340 341/372/330
f 343/373/332 353/384/342 352/382/341 342/371/331
f 344/374/333 354/385/343 353/384/342 343/373/332
f 345/375/334 355/386/344 354/385/343 344/374/333
f 346/376/335 356/387/345 355/386/344 345/375/334
f 347/377/336 357/388/346 356/387/345 346/376/335
f 348/378/337 358/389/347 357/388/346 347/377/336
f 349/379/338 359/390/348 358/389/347 348/378/337
f 350/370/339 360/381/349 359/390/348 349/379/338
f 351/380/340 361/391/350 370/392/359 360/381/349
f 352/382/341 362/393/351 361/394/350 351/383/340
f 353/384/342 363/395/352 362/393/351 352/382/341
f 354/385/343 364/396/353 363/395/352 353/384/342
f 355/386/344 365/397/354 364/396/353 354/385/343
f 356/387/345 366/398/355 365/397/354 355/386/344
f 357/388/346 367/399/356 366/398/355 356/387/345
f 358/389/347 368/400/357 367/399/356 357/388/346
f 359/390/348 369/401/358 368/400/357 358/389/347
f 360/381/349 370/392/359 369/401/358 359/390/348
f 361/391/350 371/402/360 380/403/212 370/392/359
f 362/393/351 372/404/361 371/405/360 361/394/350
f 363/395/352 373/406/362 372/404/361 362/393/351
f 364/396/353 374/407/363 373/406/362 363/395/352
f 365/397/354 375/408/217 374/407/363 364/396/353
f 366/398/355 376/409/364 375/408/217 365/397/354
f 367/399/356 377/410/365 376/409/364 366/398/355
f 368/400/357 378/411/366 377/410/365 367/399/356
f 369/401/358 379/412/367 378/411/366 368/400/357
f 370/392/359 380/403/212 379/412/367 369/401/358
f 371/402/360 381/413/368 390/414/222 380/403/212
f 372/404/361 382/415/369 381/416/368 371/405/360
f 373/406/362 383/417/370 382/415/369 372/404/361
f 374/407/363 384/418/371 383/417/370 373/406/362
f 375/408/217 385/419/227 384/418/371 374/407/363
f 376/409/364 386/420/372 385/419/227 375/408/217
f 377/410/365 387/421/373 386/420/372 376/409/364
f 378/411/366 388/422/374 387/421/373 377/410/365
f 379/412/367 389/423/375 388/422/374 378/411/366
f 380/403/212 390/414/222 389/423/375 379/412/367
f 381/413/368 391/424/376 400/425/232 390/414/222
f 382/415/369 392/426/377 391/427/376 381/416/368
f 383/417/370 393/428/378 392/426/377 382/415/369
f 384/418/371 394/429/379 393/428/378 383/417/370
f 385/419/227 395/430/237 394/429/379 384/418/371
f 386/420/372 396/431/380 395/430/237 385/419/227
f 387/421/373 397/432/381 396/431/380 386/420/372
f 388/422/374 398/433/382 397/432/381 387/421/373
f 389/423/375 399/434/383 398/433/382 388/422/374
f 390/414/222 400/425/232 399/434/383 389/423/375
f 391/424/376 401/435/384 410/436/242 400/425/232
f 392/426/377 402/437/385 401/438/384 391/427/376
f 393/428/378 403/439/386 402/437/385 392/426/377
f 394/429/379 404/440/387 403/439/386 393/428/378
f 395/430/237 405/441/247 404/440/387 394/429/379
f 396/431/380 406/442/388 405/441/247 395/430/237
f 397/432/381 407/443/389 406/442/388 396/431/380
f 398/433/382 408/444/390 407/443/389 397/432/381
f 399/434/383 409/445/391 408/444/390 398/433/382
f 400/425/232 410/436/242 409/445/391 399/434/383
f 401/435/384 411/446/392 420/447/401 410/436/242
f 402/437/385 412/448/393 411/449/392 401/438/384
f 403/439/386 413/450/394 412/448/393 402/437/385
f 404/440/387 414/451/395 413/450/394 403/439/386
f 405/441/247 415/452/396 414/451/395 404/440/387
f 406/442/388 416/453/397 415/452/396 405/441/247
f 407/443/389 417/454/398 416/453/397 406/442/388
f 408/444/390 418/455/399 417/454/398 407/443/389
f 409/445/391 419/456/400 418/455/399 408/444/390
f 410/436/242 420/447/401 419/456/400 409/445/391
f 411/446/392 421/457/402 430/458/411 420/447/401
f 412/448/393 422/459/403 421/460/402 411/449/392
f 413/450/394 423/461/404 422/459/403 412/448/393
f 414/451/395 424/462/405 423/461/404 413/450/394
f 415/452/396 425/463/406 424/462/405 414/451/395
f 416/453/397 426/464/407 425/463/406 415/452/396
f 417/454/398 427/465/408 426/464/407 416/453/397
f 418/455/399 428/466/409 427/465/408 417/454/398
f 419/456/400 429/467/410 428/466/409 418/455/399
f 420/447/401 430/458/411 429/467/410 419/456/400
f 421/457/402 101/468/98 110/469/107 430/458/411
f 422/459/403 102/470/99 101/471/98 421/460/402
f 423/461/404 103/472/100 102/470/99 422/459/403
f 424/462/405 104/473/101 103/472/100 423/461/404
f 425/463/406 105/474/102 104/473/101 424/462/405
f 426/464/407 106/475/103 105/474/102 425/463/406
f 427/465/408 107/476/104 106/475/103 426/464/407
f 428/466/409 108/477/105 107/476/104 427/465/408
f 429/467/410 109/478/106 108/477/105 428/466/409
f 430/458/411 110/469/107 109/478/106 429/467/410
o LineLoop
v 6.896030 5.919196 0.108778
v 6.898484 5.969135 0.145106
v 6.901516 6.030865 0.145106
v 6.903970 6.080804 0.108779
v 6.904907 6.099880 0.050000
v 6.903970 6.080804 -0.008779
v 6.901516 6.030864 -0.045106
v 6.898484 5.969135 -0.045106
v 6.896030 5.919196 -0.008779
v 6.895093 5.900120 0.050000
v -6.896030 5.919196 0.108778
v -6.898484 5.969135 0.145106
v -6.901516 6.030865 0.145106
v -6.903970 6.080804 0.108779
v -6.904907 6.099880 0.050000
v -6.903970 6.080804 -0.008779
v -6.901516 6.030864 -0.045106
v -6.898484 5.969135 -0.045106
v -6.896030 5.919196 -0.008779
v -6.895093 5.900120 0.050000
v -7.391451 5.870695 0.108778
v -7.401206 5.919734 0.145106
v -7.413263 5.980350 0.145106
v -7.423018 6.029389 0.108779
v -7.426744 6.048120 0.050000
v -7.423018 6.029389 -0.008779
v -7.413263 5.980350 -0.045106
v -7.401206 5.919734 -0.045106
v -7.391451 5.870695 -0.008779
v -7.387726 5.851963 0.050000
v -7.864017 5.727344 0.108778
v -7.883152 5.773537 0.145106
v -7.906803 5.830637 0.145106
v -7.925937 5.876830 0.108779
v -7.933246 5.894475 0.050000
v -7.925937 5.876830 -0.008779
v -7.906803 5.830637 -0.045106
v -7.883152 5.773537 -0.045106
v -7.864017 5.727344 -0.008779
v -7.856709 5.709699 0.050000
v -8.299536 5.494554 0.108778
v -8.327314 5.536127 0.145106
v -8.361650 5.587515 0.145106
v -8.389429 5.629088 0.108779
v -8.400040 5.644968 0.050000
v -8.389429 5.629088 -0.008779
v -8.361650 5.587515 -0.045106
v -8.327314 5.536127 -0.045106
v -8.299536 5.494554 -0.008779
v -8.288925 5.478674 0.050000
v -8.681272 5.181272 0.108778
v -8.716627 5.216627 0.145106
v -8.760328 5.260328 0.145106
v -8.795684 5.295684 0.108779
v -8.809189 5.309188 0.050000
v -8.795684 5.295684 -0.008779
v -8.760328 5.260328 -0.045106
v -8.716627 5.216627 -0.045106
v -8.681272 5.181272 -0.008779
v -8.667767 5.167767 0.050000
v -8.994554 4.799536 0.108778
v -9.036127 4.827314 0.145106
v -9.087515 4.861650 0.145106
v -9.129088 4.889429 0.108779
v -9.144968 4.900040 0.050000
v -9.129088 4.889429 -0.008779
v -9.087515 4.861650 -0.045106
v -9.036127 4.827314 -0.045106
v -8.994554 4.799536 -0.008779
v -8.978674 4.788925 0.050000
v -9.227344 4.364017 0.108778
v -9.273538 4.383152 0.145106
v -9.330636 4.406803 0.145106
v -9.376830 4.425937 0.108779
v -9.394475 4.433246 0.050000
v -9.376830 4.425937 -0.008779
v -9.330636 4.406803 -0.045106
v -9.273538 4.383152 -0.045106
v -9.227344 4.364017 -0.008779
v -9.209699 4.356709 0.050000
v -9.370057 3.895091 0.108778
v -9.419490 3.902596 0.145106
v -9.480594 3.911874 0.145106
v -9.530026 3.919379 0.108779
v -9.548908 3.922246 0.050000
v -9.530026 3.919379 -0.008779
v -9.480594 3.911874 -0.045106
v -9.419490 3.902596 -0.045106
v -9.370057 3.895091 -0.008779
v -9.351175 3.892224 0.050000
v -9.419183 -3.396307 0.108778
v -9.469131 -3.398589 0.145106
v -9.530869 -3.401411 0.145106
v -9.580817 -3.403693 0.108779
v -9.599895 -3.404565 0.050000
v -9.580817 -3.403693 -0.008779
v -9.530869 -3.401411 -0.045106
v -9.469131 -3.398589 -0.045106
v -9.419183 -3.396307 -0.008779
v -9.400105 -3.395435 0.050000
v -9.370694 -3.891452 0.108778
v -9.419734 -3.901206 0.145106
v -9.480350 -3.913264 0.145106
v -9.529389 -3.923018 0.108779
v -9.548120 -3.926744 0.050000
v -9.529389 -3.923018 -0.008779
v -9.480350 -3.913264 -0.045106
v -9.419734 -3.901206 -0.045106
v -9.370694 -3.891452 -0.008779
v -9.351963 -3.887726 0.050000
v -9.227344 -4.364017 0.108778
v -9.273538 -4.383152 0.145106
v -9.330636 -4.406803 0.145106
v -9.376830 -4.425937 0.108779
v -9.394475 -4.433246 0.050000
v -9.376830 -4.425937 -0.008779
v -9.330636 -4.406803 -0.045106
v -9.273538 -4.383152 -0.045106
v -9.227344 -4.364017 -0.008779
v -9.209699 -4.356709 0.050000
v -8.994554 -4.799536 0.108778
v -9.036127 -4.827314 0.145106
v -9.087515 -4.861650 0.145106
v -9.129088 -4.889429 0.108779
v -9.144968 -4.900040 0.050000
v -9.129088 -4.889429 -0.008779
v -9.087515 -4.861650 -0.045106
v -9.036127 -4.827314 -0.045106
v -8.994554 -4.799536 -0.008779
v -8.978674 -4.788925 0.050000
v -8.681272 -5.181272 0.108778
v -8.716627 -5.216627 0.145106
v -8.760328 -5.260328 0.145106
v -8.795684 -5.295684 0.108779
v -8.809189 -5.309188 0.050000
v -8.795684 -5.295684 -0.008779
v -8.760328 -5.260328 -0.045106
v -8.716627 -5.216627 -0.045106
v -8.681272 -5.181272 -0.008779
v -8.667767 -5.167767 0.050000
v -8.299536 -5.494554 0.108778
v -8.327314 -5.536127 0.145106
v -8.361650 -5.587515 0.145106
v -8.389429 -5.629088 0.108779
v -8.400040 -5.644968 0.050000
v -8.389429 -5.629088 -0.008779
v -8.361650 -5.587515 -0.045106
v -8.327314 -5.536127 -0.045106
v -8.299536 -5.494554 -0.008779
v -8.288925 -5.478674 0.050000
v -7.864017 -5.727344 0.108778
v -7.883152 -5.773537 0.145106
v -7.906803 -5.830636 0.145106
v -7.925937 -5.876830 0.108779
v -7.933246 -5.894475 0.050000
v -7.925937 -5.876830 -0.008779
v -7.906803 -5.830637 -0.045106
v -7.883152 -5.773537 -0.045106
v -7.864017 -5.727344 -0.008779
v -7.856709 -5.709699 0.050000
v -7.395224 -5.870037 0.108778
v -7.402647 -5.919482 0.145106
v -7.411822 -5.980601 0.145106
v -7.419245 -6.030047 0.108779
v -7.422081 -6.048934 0.050000
v -7.419245 -6.030047 -0.008779
v -7.411822 -5.980601 -0.045106
v -7.402647 -5.919483 -0.045106
v -7.395224 -5.870037 -0.008779
v -7.392389 -5.851150 0.050000
v 6.896172 -5.919189 0.108778
v 6.898538 -5.969133 0.145106
v 6.901463 -6.030867 0.145106
v 6.903829 -6.080811 0.108779
v 6.904733 -6.099888 0.050000
v 6.903829 -6.080811 -0.008779
v 6.901463 -6.030867 -0.045106
v 6.898538 -5.969133 -0.045106
v 6.896172 -5.919189 -0.008779
v 6.895267 -5.900112 0.050000
v 7.391451 -5.870695 0.108778
v 7.401206 -5.919734 0.145106
v 7.413263 -5.980350 0.145106
v 7.423018 -6.029389 0.108779
v 7.426744 -6.048120 0.050000
v 7.423018 -6.029389 -0.008779
v 7.413263 -5.980350 -0.045106
v 7.401206 -5.919734 -0.045106
v 7.391451 -5.870695 -0.008779
v 7.387726 -5.851963 0.050000
v 7.864017 -5.727344 0.108778
v 7.883152 -5.773537 0.145106
v 7.906803 -5.830636 0.145106
v 7.925937 -5.876830 0.108779
v 7.933246 -5.894475 0.050000
v 7.925937 -5.876830 -0.008779
v 7.906803 -5.830637 -0.045106
v 7.883152 -5.773538 -0.045106
v 7.864017 -5.727344 -0.008779
v 7.856709 -5.709699 0.050000
v 8.299536 -5.494554 0.108778
v 8.327314 -5.536127 0.145106
v 8.361650 -5.587515 0.145106
v 8.389429 -5.629088 0.108779
v 8.400040 -5.644968 0.050000
v 8.389429 -5.629088 -0.008779
v 8.361650 -5.587515 -0.045106
v 8.327314 -5.536127 -0.045106
v 8.299536 -5.494554 -0.008779
v 8.288925 -5.478674 0.050000
v 8.681272 -5.181272 0.108778
v 8.716627 -5.216627 0.145106
v 8.760328 -5.260328 0.145106
v 8.795684 -5.295684 0.108779
v 8.809189 -5.309188 0.050000
v 8.795684 -5.295684 -0.008779
v 8.760328 -5.260329 -0.045106
v 8.716627 -5.216627 -0.045106
v 8.681272 -5.181272 -0.008779
v 8.667767 -5.167767 0.050000
v 8.994554 -4.799536 0.108778
v 9.036127 -4.827314 0.145106
v 9.087515 -4.861650 0.145106
v 9.129088 -4.889429 0.108779
v 9.144968 -4.900040 0.050000
v 9.129088 -4.889429 -0.008779
v 9.087515 -4.861650 -0.045106
v 9.036127 -4.827314 -0.045106
v 8.994554 -4.799536 -0.008779
v 8.978674 -4.788925 0.050000
v 9.227344 -4.364017 0.108778
v 9.273538 -4.383152 0.145106
v 9.330636 -4.406803 0.145106
v 9.376830 -4.425937 0.108779
v 9.394475 -4.433246 0.050000
v 9.376830 -4.425937 -0.008779
v 9.330636 -4.406803 -0.045106
v 9.273538 -4.383152 -0.045106
v 9.227344 -4.364017 -0.008779
v 9.209699 -4.356709 0.050000
v 9.370057 -3.895091 0.108778
v 9.419490 -3.902596 0.145106
v 9.480594 -3.911874 0.145106
v 9.530026 -3.919379 0.108779
v 9.548908 -3.922246 0.050000
v 9.530026 -3.919379 -0.008779
v 9.480594 -3.911874 -0.045106
v 9.419490 -3.902596 -0.045106
v 9.370057 -3.895091 -0.008779
v 9.351175 -3.892224 0.050000
v 9.419183 3.396307 0.108778
v 9.469131 3.398589 0.145106
v 9.530869 3.401411 0.145106
v 9.580817 3.403693 0.108779
v 9.599895 3.404565 0.050000
v 9.580817 3.403693 -0.008779
v 9.530869 3.401411 -0.045106
v 9.469131 3.398589 -0.045106
v 9.419183 3.396307 -0.008779
v 9.400105 3.395435 0.050000
v 9.370694 3.891452 0.108778
v 9.419734 3.901206 0.145106
v 9.480350 3.913264 0.145106
v 9.529389 3.923018 0.108779
v 9.548120 3.926744 0.050000
v 9.529389 3.923018 -0.008779
v 9.480350 3.913264 -0.045106
v 9.419734 3.901206 -0.045106
v 9.370694 3.891452 -0.008779
v 9.351963 3.887726 0.050000
v 9.227344 4.364017 0.108778
v 9.273538 4.383152 0.145106
v 9.330636 4.406803 0.145106
v 9.376830 4.425937 0.108779
v 9.394475 4.433246 0.050000
v 9.376830 4.425937 -0.008779
v 9.330636 4.406803 -0.045106
v 9.273538 4.383152 -0.045106
v 9.227344 4.364017 -0.008779
v 9.209699 4.356709 0.050000
v 8.994554 4.799536 0.108778
v 9.036127 4.827314 0.145106
v 9.087515 4.861650 0.145106
v 9.129088 4.889429 0.108779
v 9.144968 4.900040 0.050000
v 9.129088 4.889429 -0.008779
v 9.087515 4.861650 -0.045106
v 9.036127 4.827314 -0.045106
v 8.994554 4.799536 -0.008779
v 8.978674 4.788925 0.050000
v 8.681272 5.181272 0.108778
v 8.716627 5.216627 0.145106
v 8.760328 5.260328 0.145106
v 8.795684 5.295684 0.108779
v 8.809189 5.309188 0.050000
v 8.795684 5.295684 -0.008779
v 8.760328 5.260328 -0.045106
v 8.716627 5.216627 -0.045106
v 8.681272 5.181272 -0.008779
v 8.667767 5.167767 0.050000
v 8.299536 5.494554 0.108778
v 8.327314 5.536127 0.145106
v 8.361650 5.587515 0.145106
v 8.389429 5.629088 0.108779
v 8.400040 5.644968 0.050000
v 8.389429 5.629088 -0.008779
v 8.361650 5.587515 -0.045106
v 8.327314 5.536127 -0.045106
v 8.299536 5.494554 -0.008779
v 8.288925 5.478674 0.050000
v 7.864017 5.727344 0.108778
v 7.883152 5.773537 0.145106
v 7.906803 5.830637 0.145106
v 7.925937 5.876830 0.108779
v 7.933246 5.894475 0.050000
v 7.925937 5.876830 -0.008779
v 7.906803 5.830637 -0.045106
v 7.883152 5.773537 -0.045106
v 7.864017 5.727344 -0.008779
v 7.856709 5.709699 0.050000
v 7.391451 5.870695 0.108778
v 7.401206 5.919734 0.145106
v 7.413263 5.980350 0.145106
v 7.423018 6.029389 0.108779
v 7.426744 6.048120 0.050000
v 7.423018 6.029389 -0.008779
v 7.413263 5.980350 -0.045106
v 7.401206 5.919734 -0.045106
v 7.391451 5.870695 -0.008779
v 7.387726 5.851963 0.050000
vn -0.0393 -0.8049 0.5921
vn -0.0147 -0.3001 0.9538
vn 0.0157 0.3175 0.9481
vn 0.0401 0.8115 0.5829
vn 0.0494 0.9988 -0.0000
vn 0.0401 0.8115 -0.5829
vn 0.0157 0.3175 -0.9481
vn -0.0147 -0.3001 -0.9538
vn -0.0393 -0.8049 -0.5921
vn -0.0487 -0.9988 -0.0000
vn 0.0393 -0.8049 0.5921
vn 0.0147 -0.3001 0.9538
vn -0.0157 0.3175 0.9481
vn -0.0401 0.8115 0.5829
vn -0.0494 0.9988 -0.0000
vn -0.0401 0.8115 -0.5829
vn -0.0157 0.3175 -0.9481
vn 0.0147 -0.3001 -0.9538
vn 0.0393 -0.8049 -0.5921
vn 0.0487 -0.9988 -0.0000
vn 0.1562 -0.7865 0.5974
vn 0.0568 -0.2856 0.9567
vn -0.0637 0.3198 0.9454
vn -0.1593 0.7996 0.5791
vn -0.1954 0.9807 -0.0000
vn -0.1593 0.7996 -0.5791
vn -0.0637 0.3198 -0.9454
vn 0.0568 -0.2856 -0.9567
vn 0.1562 -0.7865 -0.5974
vn 0.1948 -0.9808 -0.0000
vn 0.3070 -0.7411 0.5971
vn 0.1115 -0.2692 0.9566
vn -0.1249 0.3014 0.9453
vn -0.3121 0.7534 0.5788
vn -0.3827 0.9239 -0.0000
vn -0.3121 0.7534 -0.5788
vn -0.1249 0.3014 -0.9453
vn 0.1115 -0.2692 -0.9566
vn 0.3070 -0.7411 -0.5971
vn 0.3827 -0.9239 -0.0000
vn 0.4456 -0.6670 0.5971
vn 0.1619 -0.2423 0.9566
vn -0.1813 0.2713 0.9453
vn -0.4531 0.6780 0.5788
vn -0.5556 0.8315 -0.0000
vn -0.4531 0.6780 -0.5788
vn -0.1813 0.2713 -0.9453
vn 0.1619 -0.2423 -0.9566
vn 0.4456 -0.6670 -0.5971
vn 0.5556 -0.8315 -0.0000
vn 0.5672 -0.5672 0.5971
vn 0.2060 -0.2060 0.9566
vn -0.2307 0.2307 0.9453
vn -0.5766 0.5766 0.5788
vn -0.7071 0.7071 -0.0000
vn -0.5766 0.5766 -0.5788
vn -0.2307 0.2307 -0.9453
vn 0.2060 -0.2060 -0.9566
vn 0.5672 -0.5672 -0.5971
vn 0.7071 -0.7071 -0.0000
vn 0.6670 -0.4456 0.5971
vn 0.2423 -0.1619 0.9566
vn -0.2713 0.1813 0.9453
vn -0.6780 0.4531 0.5788
vn -0.8315 0.5556 -0.0000
vn -0.6780 0.4531 -0.5788
vn -0.2713 0.1813 -0.9453
vn 0.2423 -0.1619 -0.9566
vn 0.6670 -0.4456 -0.5971
vn 0.8315 -0.5556 -0.0000
vn 0.7413 -0.3074 0.5966
vn 0.2695 -0.1117 0.9565
vn -0.3018 0.1249 0.9452
vn -0.7538 0.3119 0.5783
vn -0.9241 0.3822 -0.0000
vn -0.7538 0.3119 -0.5783
vn -0.3018 0.1249 -0.9452
vn 0.2695 -0.1117 -0.9565
vn 0.7413 -0.3074 -0.5966
vn 0.9237 -0.3832 -0.0000
vn 0.7888 -0.1201 0.6028
vn 0.2790 -0.0425 0.9594
vn -0.3295 0.0500 0.9428
vn -0.8083 0.1225 0.5759
vn -0.9887 0.1497 -0.0000
vn -0.8083 0.1225 -0.5759
vn -0.3295 0.0500 -0.9428
vn 0.2790 -0.0425 -0.9594
vn 0.7888 -0.1201 -0.6028
vn 0.9886 -0.1506 -0.0000
vn 0.8053 0.0366 0.5917
vn 0.3000 0.0137 0.9538
vn -0.3187 -0.0146 0.9477
vn -0.8124 -0.0373 0.5819
vn -0.9989 -0.0459 -0.0000
vn -0.8124 -0.0373 -0.5819
vn -0.3187 -0.0146 -0.9477
vn 0.3000 0.0137 -0.9538
vn 0.8053 0.0366 -0.5917
vn 0.9990 0.0454 -0.0000
vn 0.7865 0.1563 0.5974
vn 0.2856 0.0568 0.9567
vn -0.3198 -0.0637 0.9454
vn -0.7996 -0.1593 0.5791
vn -0.9807 -0.1954 -0.0000
vn -0.7996 -0.1593 -0.5791
vn -0.3198 -0.0637 -0.9454
vn 0.2856 0.0568 -0.9567
vn 0.7865 0.1563 -0.5974
vn 0.9808 0.1948 -0.0000
vn 0.7411 0.3070 0.5971
vn 0.2692 0.1115 0.9566
vn -0.3014 -0.1249 0.9453
vn -0.7534 -0.3121 0.5788
vn -0.9239 -0.3827 -0.0000
vn -0.7534 -0.3121 -0.5788
vn -0.3014 -0.1249 -0.9453
vn 0.2692 0.1115 -0.9566
vn 0.7411 0.3070 -0.5971
vn 0.9239 0.3827 -0.0000
vn 0.6670 0.4456 0.5971
vn 0.2423 0.1619 0.9566
vn -0.2713 -0.1813 0.9453
vn -0.6780 -0.4531 0.5788
vn -0.8315 -0.5556 -0.0000
vn -0.6780 -0.4531 -0.5788
vn -0.2713 -0.1813 -0.9453
vn 0.2423 0.1619 -0.9566
vn 0.6670 0.4456 -0.5971
vn 0.8315 0.5556 -0.0000
vn 0.5672 0.5672 0.5971
vn 0.2060 0.2060 0.9566
vn -0.2307 -0.2307 0.9453
vn -0.5766 -0.5766 0.5788
vn -0.7071 -0.7071 -0.0000
vn -0.5766 -0.5766 -0.5788
vn -0.2307 -0.2307 -0.9453
vn 0.2060 0.2060 -0.9566
vn 0.5672 0.5672 -0.5971
vn 0.7071 0.7071 -0.0000
vn 0.4456 0.6670 0.5971
vn 0.1619 0.2423 0.9566
vn -0.1813 -0.2713 0.9453
vn -0.4531 -0.6780 0.5788
vn -0.5556 -0.8315 -0.0000
vn -0.4531 -0.6780 -0.5788
vn -0.1813 -0.2713 -0.9453
vn 0.1619 0.2423 -0.9566
vn 0.4456 0.6670 -0.5971
vn 0.5556 0.8315 -0.0000
vn 0.3074 0.7413 0.5966
vn 0.1117 0.2695 0.9565
vn -0.1249 -0.3018 0.9452
vn -0.3118 -0.7539 0.5783
vn -0.3822 -0.9241 -0.0000
vn -0.3118 -0.7539 -0.5783
vn -0.1249 -0.3018 -0.9452
vn 0.1117 0.2695 -0.9565
vn 0.3074 0.7413 -0.5966
vn 0.3832 0.9237 -0.0000
vn 0.1188 0.7889 0.6030
vn 0.0420 0.2787 0.9595
vn -0.0494 -0.3298 0.9428
vn -0.1211 -0.8086 0.5758
vn -0.1480 -0.9890 -0.0000
vn -0.1211 -0.8086 -0.5758
vn -0.0494 -0.3298 -0.9428
vn 0.0420 0.2787 -0.9595
vn 0.1188 0.7888 -0.6030
vn 0.1490 0.9888 -0.0000
vn -0.0379 0.8054 0.5915
vn -0.0142 0.3003 0.9537
vn 0.0151 -0.3184 0.9478
vn 0.0387 -0.8122 0.5821
vn 0.0476 -0.9989 -0.0000
vn 0.0387 -0.8122 -0.5821
vn 0.0151 -0.3184 -0.9478
vn -0.0142 0.3003 -0.9537
vn -0.0379 0.8054 -0.5915
vn -0.0470 0.9989 -0.0000
vn -0.1563 0.7865 0.5974
vn -0.0568 0.2856 0.9567
vn 0.0637 -0.3198 0.9454
vn 0.1593 -0.7996 0.5791
vn 0.1954 -0.9807 -0.0000
vn 0.1593 -0.7996 -0.5791
vn 0.0637 -0.3198 -0.9454
vn -0.0568 0.2856 -0.9567
vn -0.1563 0.7865 -0.5974
vn -0.1948 0.9808 -0.0000
vn -0.3070 0.7411 0.5971
vn -0.1115 0.2692 0.9566
vn 0.1249 -0.3014 0.9453
vn 0.3121 -0.7534 0.5788
vn 0.3121 -0.7534 -0.5788
vn 0.1249 -0.3014 -0.9453
vn -0.1115 0.2692 -0.9566
vn -0.3070 0.7411 -0.5971
vn -0.4456 0.6670 0.5971
vn -0.1619 0.2423 0.9566
vn 0.1813 -0.2713 0.9453
vn 0.4531 -0.6780 0.5788
vn 0.4531 -0.6780 -0.5788
vn 0.1813 -0.2713 -0.9453
vn -0.1619 0.2423 -0.9566
vn -0.4456 0.6670 -0.5971
vn -0.5672 0.5672 0.5971
vn -0.2060 0.2060 0.9566
vn 0.2307 -0.2307 0.9453
vn 0.5766 -0.5766 0.5788
vn 0.5766 -0.5766 -0.5788
vn 0.2307 -0.2307 -0.9453
vn -0.2060 0.2060 -0.9566
vn -0.5672 0.5672 -0.5971
vn -0.6670 0.4456 0.5971
vn -0.2423 0.1619 0.9566
vn 0.2713 -0.1813 0.9453
vn 0.6780 -0.4531 0.5788
vn 0.6780 -0.4531 -0.5788
vn 0.2713 -0.1813 -0.9453
vn -0.2423 0.1619 -0.9566
vn -0.6670 0.4456 -0.5971
vn -0.7413 0.3074 0.5966
vn -0.2695 0.1117 0.9565
vn 0.3018 -0.1249 0.9452
vn 0.7538 -0.3119 0.5783
vn 0.9241 -0.3822 -0.0000
vn 0.7538 -0.3119 -0.5783
vn 0.3018 -0.1249 -0.9452
vn -0.2695 0.1117 -0.9565
vn -0.7413 0.3074 -0.5966
vn -0.9237 0.3832 -0.0000
vn -0.7888 0.1201 0.6028
vn -0.2790 0.0425 0.9594
vn 0.3295 -0.0500 0.9428
vn 0.8083 -0.1225 0.5759
vn 0.9887 -0.1497 -0.0000
vn 0.8083 -0.1225 -0.5759
vn 0.3295 -0.0500 -0.9428
vn -0.2790 0.0425 -0.9594
vn -0.7888 0.1201 -0.6028
vn -0.9886 0.1506 -0.0000
vn -0.8053 -0.0366 0.5917
vn -0.3000 -0.0137 0.9538
vn 0.3187 0.0146 0.9477
vn 0.8124 0.0373 0.5819
vn 0.9989 0.0459 -0.0000
vn 0.8124 0.0373 -0.5819
vn 0.3187 0.0146 -0.9477
vn -0.3000 -0.0137 -0.9538
vn -0.8053 -0.0366 -0.5917
vn -0.9990 -0.0454 -0.0000
vn -0.7865 -0.1563 0.5974
vn -0.2856 -0.0568 0.9567
vn 0.3198 0.0637 0.9454
vn 0.7996 0.1593 0.5791
vn 0.9807 0.1954 -0.0000
vn 0.7996 0.1593 -0.5791
vn 0.3198 0.0637 -0.9454
vn -0.2856 -0.0568 -0.9567
vn -0.7865 -0.1563 -0.5974
vn -0.9808 -0.1948 -0.0000
vn -0.7411 -0.3070 0.5971
vn -0.2692 -0.1115 0.9566
vn 0.3014 0.1249 0.9453
vn 0.7534 0.3121 0.5788
vn 0.7534 0.3121 -0.5788
vn 0.3014 0.1249 -0.9453
vn -0.2692 -0.1115 -0.9566
vn -0.7411 -0.3070 -0.5971
vn -0.6670 -0.4456 0.5971
vn -0.2423 -0.1619 0.9566
vn 0.2713 0.1813 0.9453
vn 0.6780 0.4531 0.5788
vn 0.6780 0.4531 -0.5788
vn 0.2713 0.1813 -0.9453
vn -0.2423 -0.1619 -0.9566
vn -0.6670 -0.4456 -0.5971
vn -0.5672 -0.5672 0.5971
vn -0.2060 -0.2060 0.9566
vn 0.2307 0.2307 0.9453
vn 0.5766 0.5766 0.5788
vn 0.5766 0.5766 -0.5788
vn 0.2307 0.2307 -0.9453
vn -0.2060 -0.2060 -0.9566
vn -0.5672 -0.5672 -0.5971
vn -0.4456 -0.6670 0.5971
vn -0.1619 -0.2423 0.9566
vn 0.1813 0.2713 0.9453
vn 0.4531 0.6780 0.5788
vn 0.4531 0.6780 -0.5788
vn 0.1813 0.2713 -0.9453
vn -0.1619 -0.2423 -0.9566
vn -0.4456 -0.6670 -0.5971
vn -0.3070 -0.7411 0.5971
vn -0.1115 -0.2692 0.9566
vn 0.1249 0.3014 0.9453
vn 0.3121 0.7534 0.5788
vn 0.3827 0.9239 -0.0000
vn 0.3121 0.7534 -0.5788
vn 0.1249 0.3014 -0.9453
vn -0.1115 -0.2692 -0.9566
vn -0.3070 -0.7411 -0.5971
vn -0.3827 -0.9239 -0.0000
vn -0.1562 -0.7865 0.5974
vn -0.0568 -0.2856 0.9567
vn 0.0637 0.3198 0.9454
vn 0.1593 0.7996 0.5791
vn 0.1954 0.9807 -0.0000
vn 0.1593 0.7996 -0.5791
vn 0.0637 0.3198 -0.9454
vn -0.0568 -0.2856 -0.9567
vn -0.1562 -0.7865 -0.5974
vn -0.1948 -0.9808 -0.0000
vt 0.000000 1.000000
vt 0.030303 1.000000
vt 0.030303 0.900000
vt 0.000000 0.900000
vt 0.000000 0.100000
vt 0.030303 0.100000
vt 0.030303 0.000000
vt 0.000000 0.000000
vt 0.000000 0.200000
vt 0.030303 0.200000
vt 0.000000 0.300000
vt 0.030303 0.300000
vt 0.000000 0.400000
vt 0.030303 0.400000
vt 0.000000 0.500000
vt 0.030303 0.500000
vt 0.000000 0.600000
vt 0.030303 0.600000
vt 0.000000 0.700000
vt 0.030303 0.700000
vt 0.000000 0.800000
vt 0.030303 0.800000
vt 0.060606 1.000000
vt 0.060606 0.900000
vt 0.060606 0.100000
vt 0.060606 0.000000
vt 0.060606 0.200000
vt 0.060606 0.300000
vt 0.060606 0.400000
vt 0.060606 0.500000
vt 0.060606 0.600000
vt 0.060606 0.700000
vt 0.060606 0.800000
vt 0.090909 1.000000
vt 0.090909 0.900000
vt 0.090909 0.100000
vt 0.090909 0.000000
vt 0.090909 0.200000
vt 0.090909 0.300000
vt 0.090909 0.400000
vt 0.090909 0.500000
vt 0.090909 0.600000
vt 0.090909 0.700000
vt 0.090909 0.800000
vt 0.121212 1.000000
vt 0.121212 0.900000
vt 0.121212 0.100000
vt 0.121212 0.000000
vt 0.121212 0.200000
vt 0.121212 0.300000
vt 0.121212 0.400000
vt 0.121212 0.500000
vt 0.121212 0.600000
vt 0.121212 0.700000
vt 0.121212 0.800000
vt 0.151515 1.000000
vt 0.151515 0.900000
vt 0.151515 0.100000
vt 0.151515 0.000000
vt 0.151515 0.200000
vt 0.151515 0.300000
vt 0.151515 0.400000
vt 0.151515 0.500000
vt 0.151515 0.600000
vt 0.151515 0.700000
vt 0.151515 0.800000
vt 0.181818 1.000000
vt 0.181818 0.900000
vt 0.181818 0.100000
vt 0.181818 0.000000
vt 0.181818 0.200000
vt 0.181818 0.300000
vt 0.181818 0.400000
vt 0.181818 0.500000
vt 0.181818 0.600000
vt 0.181818 0.700000
vt 0.181818 0.800000
vt 0.212121 1.000000
vt 0.212121 0.900000
vt 0.212121 0.100000
vt 0.212121 0.000000
vt 0.212121 0.200000
vt 0.212121 0.300000
vt 0.212121 0.400000
vt 0.212121 0.500000
vt 0.212121 0.600000
vt 0.212121 0.700000
vt 0.212121 0.800000
vt 0.242424 1.000000
vt 0.242424 0.900000
vt 0.242424 0.100000
vt 0.242424 0.000000
vt 0.242424 0.200000
vt 0.242424 0.300000
vt 0.242424 0.400000
vt 0.242424 0.500000
vt 0.242424 0.600000
vt 0.242424 0.700000
vt 0.242424 0.800000
vt 0.272727 1.000000
vt 0.272727 0.900000
vt 0.272727 0.100000
vt 0.272727 0.000000
vt 0.272727 0.200000
vt 0.272727 0.300000
vt 0.272727 0.400000
vt 0.272727 0.500000
vt 0.272727 0.600000
vt 0.272727 0.700000
vt 0.272727 0.800000
vt 0.303030 1.000000
vt 0.303030 0.900000
vt 0.303030 0.100000
vt 0.303030 0.000000
vt 0.303030 0.200000
vt 0.303030 0.300000
vt 0.303030 0.400000
vt 0.303030 0.500000
vt 0.303030 0.600000
vt 0.303030 0.700000
vt 0.303030 0.800000
vt 0.333333 1.000000
vt 0.333333 0.900000
vt 0.333333 0.100000
vt 0.333333 0.000000
vt 0.333333 0.200000
vt 0.333333 0.300000
vt 0.333333 0.400000
vt 0.333333 0.500000
vt 0.333333 0.600000
vt 0.333333 0.700000
vt 0.333333 0.800000
vt 0.363636 1.000000
vt 0.363636 0.900000
vt 0.363636 0.100000
vt 0.363636 0.000000
vt 0.363636 0.200000
vt 0.363636 0.300000
vt 0.363636 0.400000
vt 0.363636 0.500000
vt 0.363636 0.600000
vt 0.363636 0.700000
vt 0.363636 0.800000
vt 0.393939 1.000000
vt 0.393939 0.900000
vt 0.393939 0.100000
vt 0.393939 0.000000
vt 0.393939 0.200000
vt 0.393939 0.300000
vt 0.393939 0.400000
vt 0.393939 0.500000
vt 0.393939 0.600000
vt 0.393939 0.700000
vt 0.393939 0.800000
vt 0.424242 1.000000
vt 0.424242 0.900000
vt 0.424242 0.100000
vt 0.424242 0.000000
vt 0.424242 0.200000
vt 0.424242 0.300000
vt 0.424242 0.400000
vt 0.424242 0.500000
vt 0.424242 0.600000
vt 0.424242 0.700000
vt 0.424242 0.800000
vt 0.454545 1.000000
vt 0.454545 0.900000
vt 0.454545 0.100000
vt 0.454545 0.000000
vt 0.454545 0.200000
vt 0.454545 0.300000
vt 0.454545 0.400000
vt 0.454545 0.500000
vt 0.454545 0.600000
vt 0.454545 0.700000
vt 0.454545 0.800000
vt 0.484848 1.000000
vt 0.484848 0.900000
vt 0.484848 0.100000
vt 0.484848 0.000000
vt 0.484848 0.200000
vt 0.484848 0.300000
vt 0.484848 0.400000
vt 0.484848 0.500000
vt 0.484848 0.600000
vt 0.484848 0.700000
vt 0.484848 0.800000
vt 0.515152 1.000000
vt 0.515152 0.900000
vt 0.515152 0.100000
vt 0.515152 0.000000
vt 0.515152 0.200000
vt 0.515152 0.300000
vt 0.515152 0.400000
vt 0.515152 0.500000
vt 0.515152 0.600000
vt 0.515152 0.700000
vt 0.515152 0.800000
vt 0.545455 1.000000
vt 0.545455 0.900000
vt 0.545455 0.100000
vt 0.545455 0.000000
vt 0.545455 0.200000
vt 0.545455 0.300000
vt 0.545455 0.400000
vt 0.545455 0.500000
vt 0.545455 0.600000
vt 0.545455 0.700000
vt 0.545455 0.800000
vt 0.575758 1.000000
vt 0.575758 0.900000
vt 0.575758 0.100000
vt 0.575758 0.000000
vt 0.575758 0.200000
vt 0.575758 0.300000
vt 0.575758 0.400000
vt 0.575758 0.500000
vt 0.575758 0.600000
vt 0.575758 0.700000
vt 0.575758 0.800000
vt 0.606061 1.000000
vt 0.606061 0.900000
vt 0.606061 0.100000
vt 0.606061 0.000000
vt 0.606061 0.200000
vt 0.606061 0.300000
vt 0.606061 0.400000
vt 0.606061 0.500000
vt 0.606061 0.600000
vt 0.606061 0.700000
vt 0.606061 0.800000
vt 0.636364 1.000000
vt 0.636364 0.900000
vt 0.636364 0.100000
vt 0.636364 0.000000
vt 0.636364 0.200000
vt 0.636364 0.300000
vt 0.636364 0.400000
vt 0.636364 0.500000
vt 0.636364 0.600000
vt 0.636364 0.700000
vt 0.636364 0.800000
vt 0.666667 1.000000
vt 0.666667 0.900000
vt 0.666667 0.100000
vt 0.666667 0.000000
vt 0.666667 0.200000
vt 0.666667 0.300000
vt 0.666667 0.400000
vt 0.666667 0.500000
vt 0.666667 0.600000
vt 0.666667 0.700000
vt 0.666667 0.800000
vt 0.696970 1.000000
vt 0.696970 0.900000
vt 0.696970 0.100000
vt 0.696970 0.000000
vt 0.696970 0.200000
vt 0.696970 0.300000
vt 0.696970 0.400000
vt 0.696970 0.500000
vt 0.696970 0.600000
vt 0.696970 0.700000
vt 0.696970 0.800000
vt 0.727273 1.000000
vt 0.727273 0.900000
vt 0.727273 0.100000
vt 0.727273 0.000000
vt 0.727273 0.200000
vt 0.727273 0.300000
vt 0.727273 0.400000
vt 0.727273 0.500000
vt 0.727273 0.600000
vt 0.727273 0.700000
vt 0.727273 0.800000
vt 0.757576 1.000000
vt 0.757576 0.900000
vt 0.757576 0.100000
vt 0.757576 0.000000
vt 0.757576 0.200000
vt 0.757576 0.300000
vt 0.757576 0.400000
vt 0.757576 0.500000
vt 0.757576 0.600000
vt 0.757576 0.700000
vt 0.757576 0.800000
vt 0.787879 1.000000
vt 0.787879 0.900000
vt 0.787879 0.100000
vt 0.787879 0.000000
vt 0.787879 0.200000
vt 0.787879 0.300000
vt 0.787879 0.400000
vt 0.787879 0.500000
vt 0.787879 0.600000
vt 0.787879 0.700000
vt 0.787879 0.800000
vt 0.818182 1.000000
vt 0.818182 0.900000
vt 0.818182 0.100000
vt 0.818182 0.000000
vt 0.818182 0.200000
vt 0.818182 0.300000
vt 0.818182 0.400000
vt 0.818182 0.500000
vt 0.818182 0.600000
vt 0.818182 0.700000
vt 0.818182 0.800000
vt 0.848485 1.000000
vt 0.848485 0.900000
vt 0.848485 0.100000
vt 0.848485 0.000000
vt 0.848485 0.200000
vt 0.848485 0.300000
vt 0.848485 0.400000
vt 0.848485 0.500000
vt 0.848485 0.600000
vt 0.848485 0.700000
vt 0.848485 0.800000
vt 0.878788 1.000000
vt 0.878788 0.900000
vt 0.878788 0.100000
vt 0.878788 0.000000
vt 0.878788 0.200000
vt 0.878788 0.300000
vt 0.878788 0.400000
vt 0.878788 0.500000
vt 0.878788 0.600000
vt 0.878788 0.700000
vt 0.878788 0.800000
vt 0.909091 1.000000
vt 0.909091 0.900000
vt 0.909091 0.100000
vt 0.909091 0.000000
vt 0.909091 0.200000
vt 0.909091 0.300000
vt 0.909091 0.400000
vt 0.909091 0.500000
vt 0.909091 0.600000
vt 0.909091 0.700000
vt 0.909091 0.800000
vt 0.939394 1.000000
vt 0.939394 0.900000
vt 0.939394 0.100000
vt 0.939394 0.000000
vt 0.939394 0.200000
vt 0.939394 0.300000
vt 0.939394 0.400000
vt 0.939394 0.500000
vt 0.939394 0.600000
vt 0.939394 0.700000
vt 0.939394 0.800000
vt 0.969697 1.000000
vt 0.969697 0.900000
vt 0.969697 0.100000
vt 0.969697 0.000000
vt 0.969697 0.200000
vt 0.969697 0.300000
vt 0.969697 0.400000
vt 0.969697 0.500000
vt 0.969697 0.600000
vt 0.969697 0.700000
vt 0.969697 0.800000
vt 1.000000 1.000000
vt 1.000000 0.900000
vt 1.000000 0.100000
vt 1.000000 0.000000
vt 1.000000 0.200000
vt 1.000000 0.300000
vt 1.000000 0.400000
vt 1.000000 0.500000
vt 1.000000 0.600000
vt 1.000000 0.700000
vt 1.000000 0.800000
s 1
usemtl Track
f 431/479/412 441/480/422 450/481/431 440/482/421
f 432/483/413 442/484/423 441/485/422 431/486/412
f 433/487/414 443/488/424 442/484/423 432/483/413
f 434/489/415 444/490/425 443/488/424 433/487/414
f 435/491/416 445/492/426 444/490/425 434/489/415
f 436/493/417 446/494/427 445/492/426 435/491/416
f 437/495/418 447/496/428 446/494/427 436/493/417
f 438/497/419 448/498/429 447/496/428 437/495/418
f 439/499/420 449/500/430 448/498/429 438/497/419
f 440/482/421 450/481/431 449/500/430 439/499/420
f 441/480/422 451/501/432 460/502/441 450/481/431
f 442/484/423 452/503/433 451/504/432 441/485/422
f 443/488/424 453/505/434 452/503/433 442/484/423
f 444/490/425 454/506/435 453/505/434 443/488/424
f 445/492/426 455/507/436 454/506/435 444/490/425
f 446/494/427 456/508/437 455/507/436 445/492/426
f 447/496/428 457/509/438 456/508/437 446/494/427
f 448/498/429 458/510/439 457/509/438 447/496/428
f 449/500/430 459/511/440 458/510/439 448/498/429
f 450/481/431 460/502/441 459/511/440 449/500/430
f 451/501/432 461/512/442 470/513/451 460/502/441
f 452/503/433 462/514/443 461/515/442 451/504/432
f 453/505/434 463/516/444 462/514/443 452/503/433
f 454/506/435 464/517/445 463/516/444 453/505/434
f 455/507/436 465/518/446 464/517/445 454/506/435
f 456/508/437 466/519/447 465/518/446 455/507/436
f 457/509/438 467/520/448 466/519/447 456/508/437
f 458/510/439 468/521/449 467/520/448 457/509/438
f 459/511/440 469/522/450 468/521/449 458/510/439
f 460/502/441 470/513/451 469/522/450 459/511/440
f 461/512/442 471/523/452 480/524/461 470/513/451
f 462/514/443 472/525/453 471/526/452 461/515/442
f 463/516/444 473/527/454 472/525/453 462/514/443
f 464/517/445 474/528/455 473/527/454 463/516/444
f 465/518/446 475/529/456 474/528/455 464/517/445
f 466/519/447 476/530/457 475/529/456 465/518/446
f 467/520/448 477/531/458 476/530/457 466/519/447
f 468/521/449 478/532/459 477/531/458 467/520/448
f 469/522/450 479/533/460 478/532/459 468/521/449
f 470/513/451 480/524/461 479/533/460 469/522/450
f 471/523/452 481/534/462 490/535/471 480/524/461
f 472/525/453 482/536/463 481/537/462 471/526/452
f 473/527/454 483/538/464 482/536/463 472/525/453
f 474/528/455 484/539/465 483/538/464 473/527/454
f 475/529/456 485/540/466 484/539/465 474/528/455
f 476/530/457 486/541/467 485/540/466 475/529/456
f 477/531/458 487/542/468 486/541/467 476/530/457
f 478/532/459 488/543/469 487/542/468 477/531/458
f 479/533/460 489/544/470 488/543/469 478/532/459
f 480/524/461 490/535/471 489/544/470 479/533/460
f 481/534/462 491/545/472 500/546/481 490/535/471
f 482/536/463 492/547/473 491/548/472 481/537/462
f 483/538/464 493/549/474 492/547/473 482/536/463
f 484/539/465 494/550/475 493/549/474 483/538/464
f 485/540/466 495/551/476 494/550/475 484/539/465
f 486/541/467 496/552/477 495/551/476 485/540/466
f 487/542/468 497/553/478 496/552/477 486/541/467
f 488/543/469 498/554/479 497/553/478 487/542/468
f 489/544/470 499/555/480 498/554/479 488/543/469
f 490/535/471 500/546/481 499/555/480 489/544/470
f 491/545/472 501/556/482 510/557/491 500/546/481
f 492/547/473 502/558/483 501/559/482 491/548/472
f 493/549/474 503/560/484 502/558/483 492/547/473
f 494/550/475 504/561/485 503/560/484 493/549/474
f 495/551/476 505/562/486 504/561/485 494/550/475
f 496/552/477 506/563/487 505/562/486 495/551/476
f 497/553/478 507/564/488 506/563/487 496/552/477
f 498/554/479 508/565/489 507/564/488 497/553/478
f 499/555/480 509/566/490 508/565/489 498/554/479
f 500/546/481 510/557/491 509/566/490 499/555/480
f 501/556/482 511/567/492 520/568/501 510/557/491
f 502/558/483 512/569/493 511/570/492 501/559/482
f 503/560/484 513/571/494 512/569/493 502/558/483
f 504/561/485 514/572/495 513/571/494 503/560/484
f 505/562/486 515/573/496 514/572/495 504/561/485
f 506/563/487 516/574/497 515/573/496 505/562/486
f 507/564/488 517/575/498 516/574/497 506/563/487
f 508/565/489 518/576/499 517/575/498 507/564/488
f 509/566/490 519/577/500 518/576/499 508/565/489
f 510/557/491 520/568/501 519/577/500 509/566/490
f 511/567/492 521/578/502 530/579/511 520/568/501
f 512/569/493 522/580/503 521/581/502 511/570/492
f 513/571/494 523/582/504 522/580/503 512/569/493
f 514/572/495 524/583/505 523/582/504 513/571/494
f 515/573/496 525/584/506 524/583/505 514/572/495
f 516/574/497 526/585/507 525/584/506 515/573/496
f 517/575/498 527/586/508 526/585/507 516/574/497
f 518/576/499 528/587/509 527/586/508 517/575/498
f 519/577/500 529/588/510 528/587/509 518/576/499
f 520/568/501 530/579/511 529/588/510 519/577/500
f 521/578/502 531/589/512 540/590/521 530/579/511
f 522/580/503 532/591/513 531/592/512 521/581/502
f 523/582/504 533/593/514 532/591/513 522/580/503
f 524/583/505 534/594/515 533/593/514 523/582/504
f 525/584/506 535/595/516 534/594/515 524/583/505
f 526/585/507 536/596/517 535/595/516 525/584/506
f 527/586/508 537/597/518 536/596/517 526/585/507
f 528/587/509 538/598/519 537/597/518 527/586/508
f 529/588/510 539/599/520 538/598/519 528/587/509
f 530/579/511 540/590/521 539/599/520 529/588/510
f 531/589/512 541/600/522 550/601/531 540/590/521
f 532/591/513 542/602/523 541/603/522 531/592/512
f 533/593/514 543/604/524 542/602/523 532/591/513
f 534/594/515 544/605/525 543/604/524 533/593/514
f 535/595/516 545/606/526 544/605/525 534/594/515
f 536/596/517 546/607/527 545/606/526 535/595/516
f 537/597/518 547/608/528 546/607/527 536/596/517
f 538/598/519 548/609/529 547/608/528 537/597/518
f 539/599/520 549/610/530 548/609/529 538/598/519
f 540/590/521 550/601/531 549/610/530 539/599/520
f 541/600/522 551/611/532 560/612/541 550/601/531
f 542/602/523 552/613/533 551/614/532 541/603/522
f 543/604/524 553/615/534 552/613/533 542/602/523
f 544/605/525 554/616/535 553/615/534 543/604/524
f 545/606/526 555/617/536 554/616/535 544/605/525
f 546/607/527 556/618/537 555/617/536 545/606/526
f 547/608/528 557/619/538 556/618/537 546/607/527
f 548/609/529 558/620/539 557/619/538 547/608/528
f 549/610/530 559/621/540 558/620/539 548/609/529
f 550/601/531 560/612/541 559/621/540 549/610/530
f 551/611/532 561/622/542 570/623/551 560/612/541
f 552/613/533 562/624/543 561/625/542 551/614/532
f 553/615/534 563/626/544 562/624/543 552/613/533
f 554/616/535 564/627/545 563/626/544 553/615/534
f 555/617/536 565/628/546 564/627/545 554/616/535
f 556/618/537 566/629/547 565/628/546 555/617/536
f 557/619/538 567/630/548 566/629/547 556/618/537
f 558/620/539 568/631/549 567/630/548 557/619/538
f 559/621/540 569/632/550 568/631/549 558/620/539
f 560/612/541 570/623/551 569/632/550 559/621/540
f 561/622/542 571/633/552 580/634/561 570/623/551
f 562/624/543 572/635/553 571/636/552 561/625/542
f 563/626/544 573/637/554 572/635/553 562/624/543
f 564/627/545 574/638/555 573/637/554 563/626/544
f 565/628/546 575/639/556 574/638/555 564/627/545
f 566/629/547 576/640/557 575/639/556 565/628/546
f 567/630/548 577/641/558 576/640/557 566/629/547
f 568/631/549 578/642/559 577/641/558 567/630/548
f 569/632/550 579/643/560 578/642/559 568/631/549
f 570/623/551 580/634/561 579/643/560 569/632/550
f 571/633/552 581/644/562 590/645/571 580/634/561
f 572/635/553 582/646/563 581/647/562 571/636/552
f 573/637/554 583/648/564 582/646/563 572/635/553
f 574/638/555 584/649/565 583/648/564 573/637/554
f 575/639/556 585/650/566 584/649/565 574/638/555
f 576/640/557 586/651/567 585/650/566 575/639/556
f 577/641/558 587/652/568 586/651/567 576/640/557
f 578/642/559 588/653/569 587/652/568 577/641/558
f 579/643/560 589/654/570 588/653/569 578/642/559
f 580/634/561 590/645/571 589/654/570 579/643/560
f 581/644/562 591/655/572 600/656/581 590/645/571
f 582/646/563 592/657/573 591/658/572 581/647/562
f 583/648/564 593/659/574 592/657/573 582/646/563
f 584/649/565 594/660/575 593/659/574 583/648/564
f 585/650/566 595/661/576 594/660/575 584/649/565
f 586/651/567 596/662/577 595/661/576 585/650/566
f 587/652/568 597/663/578 596/662/577 586/651/567
f 588/653/569 598/664/579 597/663/578 587/652/568
f 589/654/570 599/665/580 598/664/579 588/653/569
f 590/645/571 600/656/581 599/665/580 589/654/570
f 591/655/572 601/666/582 610/667/591 600/656/581
f 592/657/573 602/668/583 601/669/582 591/658/572
f 593/659/574 603/670/584 602/668/583 592/657/573
f 594/660/575 604/671/585 603/670/584 593/659/574
f 595/661/576 605/672/586 604/671/585 594/660/575
f 596/662/577 606/673/587 605/672/586 595/661/576
f 597/663/578 607/674/588 606/673/587 596/662/577
f 598/664/579 608/675/589 607/674/588 597/663/578
f 599/665/580 609/676/590 608/675/589 598/664/579
f 600/656/581 610/667/591 609/676/590 599/665/580
f 601/666/582 611/677/592 620/678/601 610/667/591
f 602/668/583 612/679/593 611/680/592 601/669/582
f 603/670/584 613/681/594 612/679/593 602/668/583
f 604/671/585 614/682/595 613/681/594 603/670/584
f 605/672/586 615/683/596 614/682/595 604/671/585
f 606/673/587 616/684/597 615/683/596 605/672/586
f 607/674/588 617/685/598 616/684/597 606/673/587
f 608/675/589 618/686/599 617/685/598 607/674/588
f 609/676/590 619/687/600 618/686/599 608/675/589
f 610/667/591 620/678/601 619/687/600 609/676/590
f 611/677/592 621/688/602 630/689/446 620/678/601
f 612/679/593 622/690/603 621/691/602 611/680/592
f 613/681/594 623/692/604 622/690/603 612/679/593
f 614/682/595 624/693/605 623/692/604 613/681/594
f 615/683/596 625/694/451 624/693/605 614/682/595
f 616/684/597 626/695/606 625/694/451 615/683/596
f 617/685/598 627/696/607 626/695/606 616/684/597
f 618/686/599 628/697/608 627/696/607 617/685/598
f 619/687/600 629/698/609 628/697/608 618/686/599
f 620/678/601 630/689/446 629/698/609 619/687/600
f 621/688/602 631/699/610 640/700/456 630/689/446
f 622/690/603 632/701/611 631/702/610 621/691/602
f 623/692/604 633/703/612 632/701/611 622/690/603
f 624/693/605 634/704/613 633/703/612 623/692/604
f 625/694/451 635/705/461 634/704/613 624/693/605
f 626/695/606 636/706/614 635/705/461 625/694/451
f 627/696/607 637/707/615 636/706/614 626/695/606
f 628/697/608 638/708/616 637/707/615 627/696/607
f 629/698/609 639/709/617 638/708/616 628/697/608
f 630/689/446 640/700/456 639/709/617 629/698/609
f 631/699/610 641/710/618 650/711/466 640/700/456
f 632/701/611 642/712/619 641/713/618 631/702/610
f 633/703/612 643/714/620 642/712/619 632/701/611
f 634/704/613 644/715/621 643/714/620 633/703/612
f 635/705/461 645/716/471 644/715/621 634/704/613
f 636/706/614 646/717/622 645/716/471 635/705/461
f 637/707/615 647/718/623 646/717/622 636/706/614
f 638/708/616 648/719/624 647/718/623 637/707/615
f 639/709/617 649/720/625 648/719/624 638/708/616
f 640/700/456 650/711/466 649/720/625 639/709/617
f 641/710/618 651/721/626 660/722/476 650/711/466
f 642/712/619 652/723/627 651/724/626 641/713/618
f 643/714/620 653/725/628 652/723/627 642/712/619
f 644/715/621 654/726/629 653/725/628 643/714/620
f 645/716/471 655/727/481 654/726/629 644/715/621
f 646/717/622 656/728/630 655/727/481 645/716/471
f 647/718/623 657/729/631 656/728/630 646/717/622
f 648/719/624 658/730/632 657/729/631 647/718/623
f 649/720/625 659/731/633 658/730/632 648/719/624
f 650/711/466 660/722/476 659/731/633 649/720/625
f 651/721/626 661/732/634 670/733/643 660/722/476
f 652/723/627 662/734/635 661/735/634 651/724/626
f 653/725/628 663/736/636 662/734/635 652/723/627
f 654/726/629 664/737/637 663/736/636 653/725/628
f 655/727/481 665/738/638 664/737/637 654/726/629
f 656/728/630 666/739/639 665/738/638 655/727/481
f 657/729/631 667/740/640 666/739/639 656/728/630
f 658/730/632 668/741/641 667/740/640 657/729/631
f 659/731/633 669/742/642 668/741/641 658/730/632
f 660/722/476 670/733/643 669/742/642 659/731/633
f 661/732/634 671/743/644 680/744/653 670/733/643
f 662/734/635 672/745/645 671/746/644 661/735/634
f 663/736/636 673/747/646 672/745/645 662/734/635
f 664/737/637 674/748/647 673/747/646 663/736/636
f 665/738/638 675/749/648 674/748/647 664/737/637
f 666/739/639 676/750/649 675/749/648 665/738/638
f 667/740/640 677/751/650 676/750/649 666/739/639
f 668/741/641 678/752/651 677/751/650 667/740/640
f 669/742/642 679/753/652 678/752/651 668/741/641
f 670/733/643 680/744/653 679/753/652 669/742/642
f 671/743/644 681/754/654 690/755/663 680/744/653
f 672/745/645 682/756/655 681/757/654 671/746/644
f 673/747/646 683/758/656 682/756/655 672/745/645
f 674/748/647 684/759/657 683/758/656 673/747/646
f 675/749/648 685/760/658 684/759/657 674/748/647
f 676/750/649 686/761/659 685/760/658 675/749/648
f 677/751/650 687/762/660 686/761/659 676/750/649
f 678/752/651 688/763/661 687/762/660 677/751/650
f 679/753/652 689/764/662 688/763/661 678/752/651
f 680/744/653 690/755/663 689/764/662 679/753/652
f 681/754/654 691/765/664 700/766/673 690/755/663
f 682/756/655 692/767/665 691/768/664 681/757/654
f 683/758/656 693/769/666 692/767/665 682/756/655
f 684/759/657 694/770/667 693/769/666 683/758/656
f 685/760/658 695/771/668 694/770/667 684/759/657
f 686/761/659 696/772/669 695/771/668 685/760/658
f 687/762/660 697/773/670 696/772/669 686/761/659
f 688/763/661 698/774/671 697/773/670 687/762/660
f 689/764/662 699/775/672 698/774/671 688/763/661
f 690/755/663 700/766/673 699/775/672 689/764/662
f 691/765/664 701/776/674 710/777/526 700/766/673
f 692/767/665 702/778/675 701/779/674 691/768/664
f 693/769/666 703/780/676 702/778/675 692/767/665
f 694/770/667 704/781/677 703/780/676 693/769/666
f 695/771/668 705/782/531 704/781/677 694/770/667
f 696/772/669 706/783/678 705/782/531 695/771/668
f 697/773/670 707/784/679 706/783/678 696/772/669
f 698/774/671 708/785/680 707/784/679 697/773/670
f 699/775/672 709/786/681 708/785/680 698/774/671
f 700/766/673 710/777/526 709/786/681 699/775/672
f 701/776/674 711/787/682 720/788/536 710/777/526
f 702/778/675 712/789/683 711/790/682 701/779/674
f 703/780/676 713/791/684 712/789/683 702/778/675
f 704/781/677 714/792/685 713/791/684 703/780/676
f 705/782/531 715/793/541 714/792/685 704/781/677
f 706/783/678 716/794/686 715/793/541 705/782/531
f 707/784/679 717/795/687 716/794/686 706/783/678
f 708/785/680 718/796/688 717/795/687 707/784/679
f 709/786/681 719/797/689 718/796/688 708/785/680
f 710/777/526 720/788/536 719/797/689 709/786/681
f 711/787/682 721/798/690 730/799/546 720/788/536
f 712/789/683 722/800/691 721/801/690 711/790/682
f 713/791/684 723/802/692 722/800/691 712/789/683
f 714/792/685 724/803/693 723/802/692 713/791/684
f 715/793/541 725/804/551 724/803/693 714/792/685
f 716/794/686 726/805/694 725/804/551 715/793/541
f 717/795/687 727/806/695 726/805/694 716/794/686
f 718/796/688 728/807/696 727/806/695 717/795/687
f 719/797/689 729/808/697 728/807/696 718/796/688
f 720/788/536 730/799/546 729/808/697 719/797/689
f 721/798/690 731/809/698 740/810/556 730/799/546
f 722/800/691 732/811/699 731/812/698 721/801/690
f 723/802/692 733/813/700 732/811/699 722/800/691
f 724/803/693 734/814/701 733/813/700 723/802/692
f 725/804/551 735/815/561 734/814/701 724/803/693
f 726/805/694 736/816/702 735/815/561 725/804/551
f 727/806/695 737/817/703 736/816/702 726/805/694
f 728/807/696 738/818/704 737/817/703 727/806/695
f 729/808/697 739/819/705 738/818/704 728/807/696
f 730/799/546 740/810/556 739/819/705 729/808/697
f 731/809/698 741/820/706 750/821/715 740/810/556
f 732/811/699 742/822/707 741/823/706 731/812/698
f 733/813/700 743/824/708 742/822/707 732/811/699
f 734/814/701 744/825/709 743/824/708 733/813/700
f 735/815/561 745/826/710 744/825/709 734/814/701
f 736/816/702 746/827/711 745/826/710 735/815/561
f 737/817/703 747/828/712 746/827/711 736/816/702
f 738/818/704 748/829/713 747/828/712 737/817/703
f 739/819/705 749/830/714 748/829/713 738/818/704
f 740/810/556 750/821/715 749/830/714 739/819/705
f 741/820/706 751/831/716 760/832/725 750/821/715
f 742/822/707 752/833/717 751/834/716 741/823/706
f 743/824/708 753/835/718 752/833/717 742/822/707
f 744/825/709 754/836/719 753/835/718 743/824/708
f 745/826/710 755/837/720 754/836/719 744/825/709
f 746/827/711 756/838/721 755/837/720 745/826/710
f 747/828/712 757/839/722 756/838/721 746/827/711
f 748/829/713 758/840/723 757/839/722 747/828/712
f 749/830/714 759/841/724 758/840/723 748/829/713
f 750/821/715 760/832/725 759/841/724 749/830/714
f 751/831/716 431/842/412 440/843/421 760/832/725
f 752/833/717 432/844/413 431/845/412 751/834/716
f 753/835/718 433/846/414 432/844/413 752/833/717
f 754/836/719 434/847/415 433/846/414 753/835/718
f 755/837/720 435/848/416 434/847/415 754/836/719
f 756/838/721 436/849/417 435/848/416 755/837/720
f 757/839/722 437/850/418 436/849/417 756/838/721
f 758/840/723 438/851/419 437/850/418 757/839/722
f 759/841/724 439/852/420 438/851/419 758/840/723
f 760/832/725 440/843/421 439/852/420 759/841/724
o StartPad
v 9.500000 -1.059876 0.000000
v 9.500000 -1.100000 0.040000
v 9.500000 -1.088248 0.011716
v 9.500000 -1.059876 0.120000
v 9.500000 -1.100000 0.080000
v 9.500000 -1.088248 0.108284
v 9.334199 -1.046828 0.000000
v 9.327922 -1.086457 0.040000
v 9.329761 -1.074850 0.011716
v 9.334199 -1.046828 0.120000
v 9.327922 -1.086457 0.080000
v 9.329761 -1.074850 0.108284
v 9.172481 -1.008003 0.000000
v 9.160081 -1.046162 0.040000
v 9.163713 -1.034986 0.011716
v 9.172481 -1.008003 0.120000
v 9.160081 -1.046162 0.080000
v 9.163713 -1.034986 0.108284
v 9.018826 -0.944357 0.000000
v 9.000610 -0.980107 0.040000
v 9.005945 -0.969636 0.011716
v 9.018826 -0.944357 0.120000
v 9.000610 -0.980107 0.080000
v 9.005945 -0.969636 0.108284
v 8.877020 -0.857458 0.000000
v 8.853436 -0.889919 0.040000
v 8.860344 -0.880411 0.011716
v 8.877020 -0.857458 0.120000
v 8.853436 -0.889919 0.080000
v 8.860344 -0.880411 0.108284
v 8.750554 -0.749446 0.000000
v 8.722182 -0.777817 0.040000
v 8.730493 -0.769508 0.011716
v 8.750554 -0.749446 0.120000
v 8.722182 -0.777817 0.080000
v 8.730493 -0.769508 0.108284
v 8.642542 -0.622980 0.000000
v 8.610082 -0.646564 0.040000
v 8.619589 -0.639656 0.011716
v 8.642542 -0.622980 0.120000
v 8.610082 -0.646564 0.080000
v 8.619589 -0.639656 0.108284
v 8.555643 -0.481174 0.000000
v 8.519893 -0.499390 0.040000
v 8.530364 -0.494054 0.011716
v 8.555643 -0.481174 0.120000
v 8.519893 -0.499390 0.080000
v 8.530364 -0.494054 0.108284
v 8.491998 -0.327519 0.000000
v 8.453837 -0.339919 0.040000
v 8.465014 -0.336287 0.011716
v 8.491998 -0.327519 0.120000
v 8.453837 -0.339919 0.080000
v 8.465014 -0.336287 0.108284
v 8.453173 -0.165801 0.000000
v 8.413543 -0.172078 0.040000
v 8.425150 -0.170240 0.011716
v 8.453173 -0.165801 0.120000
v 8.413543 -0.172078 0.080000
v 8.425150 -0.170240 0.108284
v 8.440124 0.000000 0.000000
v 8.400000 0.000000 0.040000
v 8.411752 0.000000 0.011716
v 8.440124 0.000000 0.120000
v 8.400000 0.000000 0.080000
v 8.411752 0.000000 0.108284
v 8.453173 0.165801 0.000000
v 8.413543 0.172078 0.040000
v 8.425150 0.170240 0.011716
v 8.453173 0.165801 0.120000
v 8.413543 0.172078 0.080000
v 8.425150 0.170240 0.108284
v 8.491998 0.327519 0.000000
v 8.453837 0.339919 0.040000
v 8.465014 0.336287 0.011716
v 8.491998 0.327519 0.120000
v 8.453837 0.339919 0.080000
v 8.465014 0.336287 0.108284
v 8.555643 0.481174 0.000000
v 8.519893 0.499390 0.040000
v 8.530364 0.494054 0.011716
v 8.555643 0.481174 0.120000
v 8.519893 0.499390 0.080000
v 8.530364 0.494054 0.108284
v 8.642542 0.622980 0.000000
v 8.610082 0.646564 0.040000
v 8.619589 0.639656 0.011716
v 8.642542 0.622980 0.120000
v 8.610082 0.646564 0.080000
v 8.619589 0.639656 0.108284
v 8.750554 0.749446 0.000000
v 8.722182 0.777817 0.040000
v 8.730493 0.769508 0.011716
v 8.750554 0.749446 0.120000
v 8.722182 0.777817 0.080000
v 8.730493 0.769508 0.108284
v 8.877020 0.857458 0.000000
v 8.853436 0.889919 0.040000
v 8.860344 0.880411 0.011716
v 8.877020 0.857458 0.120000
v 8.853436 0.889919 0.080000
v 8.860344 0.880411 0.108284
v 9.018826 0.944357 0.000000
v 9.000610 0.980107 0.040000
v 9.005945 0.969636 0.011716
v 9.018826 0.944357 0.120000
v 9.000610 0.980107 0.080000
v 9.005945 0.969636 0.108284
v 9.172481 1.008003 0.000000
v 9.160081 1.046162 0.040000
v 9.163713 1.034986 0.011716
v 9.172481 1.008003 0.120000
v 9.160081 1.046162 0.080000
v 9.163713 1.034986 0.108284
v 9.334199 1.046828 0.000000
v 9.327922 1.086457 0.040000
v 9.329761 1.074850 0.011716
v 9.334199 1.046828 0.120000
v 9.327922 1.086457 0.080000
v 9.329761 1.074850 0.108284
v 9.500000 1.059876 0.000000
v 9.500000 1.100000 0.040000
v 9.500000 1.088248 0.011716
v 9.500000 1.059876 0.120000
v 9.500000 1.100000 0.080000
v 9.500000 1.088248 0.108284
v 9.665801 1.046828 0.000000
v 9.672078 1.086457 0.040000
v 9.670239 1.074850 0.011716
v 9.665801 1.046828 0.120000
v 9.672078 1.086457 0.080000
v 9.670239 1.074850 0.108284
v 9.827519 1.008003 0.000000
v 9.839919 1.046162 0.040000
v 9.836287 1.034986 0.011716
v 9.827519 1.008003 0.120000
v 9.839919 1.046162 0.080000
v 9.836287 1.034986 0.108284
v 9.981174 0.944357 0.000000
v 9.999390 0.980107 0.040000
v 9.994055 0.969636 0.011716
v 9.981174 0.944357 0.120000
v 9.999390 0.980107 0.080000
v 9.994055 0.969636 0.108284
v 10.122980 0.857458 0.000000
v 10.146564 0.889919 0.040000
v 10.139656 0.880411 0.011716
v 10.122980 0.857458 0.120000
v 10.146564 0.889919 0.080000
v 10.139656 0.880411 0.108284
v 10.249446 0.749446 0.000000
v 10.277818 0.777817 0.040000
v 10.269507 0.769508 0.011716
v 10.249446 0.749446 0.120000
v 10.277818 0.777817 0.080000
v 10.269507 0.769508 0.108284
v 10.357458 0.622980 0.000000
v 10.389918 0.646564 0.040000
v 10.380411 0.639656 0.011716
v 10.357458 0.622980 0.120000
v 10.389918 0.646564 0.080000
v 10.380411 0.639656 0.108284
v 10.444357 0.481174 0.000000
v 10.480107 0.499390 0.040000
v 10.469636 0.494054 0.011716
v 10.444357 0.481174 0.120000
v 10.480107 0.499390 0.080000
v 10.469636 0.494054 0.108284
v 10.508002 0.327519 0.000000
v 10.546163 0.339919 0.040000
v 10.534986 0.336287 0.011716
v 10.508002 0.327519 0.120000
v 10.546163 0.339919 0.080000
v 10.534986 0.336287 0.108284
v 10.546827 0.165801 0.000000
v 10.586457 0.172078 0.040000
v 10.574850 0.170240 0.011716
v 10.546827 0.165801 0.120000
v 10.586457 0.172078 0.080000
v 10.574850 0.170240 0.108284
v 10.559876 0.000000 0.000000
v 10.600000 0.000000 0.040000
v 10.588248 0.000000 0.011716
v 10.559876 0.000000 0.120000
v 10.600000 0.000000 0.080000
v 10.588248 0.000000 0.108284
v 10.546827 -0.165801 0.000000
v 10.586457 -0.172078 0.040000
v 10.574850 -0.170240 0.011716
v 10.546827 -0.165801 0.120000
v 10.586457 -0.172078 0.080000
v 10.574850 -0.170240 0.108284
v 10.508002 -0.327519 0.000000
v 10.546163 -0.339919 0.040000
v 10.534986 -0.336287 0.011716
v 10.508002 -0.327519 0.120000
v 10.546163 -0.339919 0.080000
v 10.534986 -0.336287 0.108284
v 10.444357 -0.481174 0.000000
v 10.480107 -0.499390 0.040000
v 10.469636 -0.494054 0.011716
v 10.444357 -0.481174 0.120000
v 10.480107 -0.499390 0.080000
v 10.469636 -0.494054 0.108284
v 10.357458 -0.622980 0.000000
v 10.389918 -0.646564 0.040000
v 10.380411 -0.639656 0.011716
v 10.357458 -0.622980 0.120000
v 10.389918 -0.646564 0.080000
v 10.380411 -0.639656 0.108284
v 10.249446 -0.749446 0.000000
v 10.277818 -0.777817 0.040000
v 10.269507 -0.769508 0.011716
v 10.249446 -0.749446 0.120000
v 10.277818 -0.777817 0.080000
v 10.269507 -0.769508 0.108284
v 10.122980 -0.857458 0.000000
v 10.146564 -0.889919 0.040000
v 10.139656 -0.880411 0.011716
v 10.122980 -0.857458 0.120000
v 10.146564 -0.889919 0.080000
v 10.139656 -0.880411 0.108284
v 9.981174 -0.944357 0.000000
v 9.999390 -0.980107 0.040000
v 9.994055 -0.969636 0.011716
v 9.981174 -0.944357 0.120000
v 9.999390 -0.980107 0.080000
v 9.994055 -0.969636 0.108284
v 9.827519 -1.008003 0.000000
v 9.839919 -1.046162 0.040000
v 9.836287 -1.034986 0.011716
v 9.827519 -1.008003 0.120000
v 9.839919 -1.046162 0.080000
v 9.836287 -1.034986 0.108284
v 9.665801 -1.046828 0.000000
v 9.672078 -1.086457 0.040000
v 9.670239 -1.074850 0.011716
v 9.665801 -1.046828 0.120000
v 9.672078 -1.086457 0.080000
v 9.670239 -1.074850 0.108284
vn -0.0000 -0.2039 -0.9790
vn -0.0000 -0.9810 -0.1938
vn -0.0000 -0.7157 -0.6984
vn -0.0000 -0.2039 0.9790
vn -0.0000 -0.9810 0.1938
vn -0.0000 -0.7157 0.6984
vn -0.0319 -0.2014 -0.9790
vn -0.1535 -0.9690 -0.1938
vn -0.1120 -0.7069 -0.6984
vn -0.0319 -0.2014 0.9790
vn -0.1535 -0.9690 0.1938
vn -0.1120 -0.7069 0.6984
vn -0.0630 -0.1939 -0.9790
vn -0.3032 -0.9330 -0.1938
vn -0.2212 -0.6806 -0.6984
vn -0.0630 -0.1939 0.9790
vn -0.3032 -0.9330 0.1938
vn -0.2212 -0.6806 0.6984
vn -0.0926 -0.1817 -0.9790
vn -0.4454 -0.8741 -0.1938
vn -0.3249 -0.6377 -0.6984
vn -0.0926 -0.1817 0.9790
vn -0.4454 -0.8741 0.1938
vn -0.3249 -0.6377 0.6984
vn -0.1198 -0.1649 -0.9790
vn -0.5766 -0.7937 -0.1938
vn -0.4207 -0.5790 -0.6984
vn -0.1198 -0.1649 0.9790
vn -0.5766 -0.7937 0.1938
vn -0.4207 -0.5790 0.6984
vn -0.1442 -0.1442 -0.9790
vn -0.6937 -0.6937 -0.1938
vn -0.5060 -0.5060 -0.6984
vn -0.1442 -0.1442 0.9790
vn -0.6937 -0.6937 0.1938
vn -0.5060 -0.5060 0.6984
vn -0.1649 -0.1198 -0.9790
vn -0.7937 -0.5766 -0.1938
vn -0.5790 -0.4207 -0.6984
vn -0.1649 -0.1198 0.9790
vn -0.7937 -0.5766 0.1938
vn -0.5790 -0.4207 0.6984
vn -0.1817 -0.0926 -0.9790
vn -0.8741 -0.4454 -0.1938
vn -0.6377 -0.3249 -0.6984
vn -0.1817 -0.0926 0.9790
vn -0.8741 -0.4454 0.1938
vn -0.6377 -0.3249 0.6984
vn -0.1939 -0.0630 -0.9790
vn -0.9330 -0.3032 -0.1938
vn -0.6806 -0.2212 -0.6984
vn -0.1939 -0.0630 0.9790
vn -0.9330 -0.3032 0.1938
vn -0.6806 -0.2212 0.6984
vn -0.2014 -0.0319 -0.9790
vn -0.9690 -0.1535 -0.1938
vn -0.7068 -0.1120 -0.6984
vn -0.2014 -0.0319 0.9790
vn -0.9690 -0.1535 0.1938
vn -0.7068 -0.1120 0.6984
vn -0.2039 -0.0000 -0.9790
vn -0.9810 -0.0000 -0.1938
vn -0.7157 -0.0000 -0.6984
vn -0.2039 -0.0000 0.9790
vn -0.9810 -0.0000 0.1938
vn -0.7157 -0.0000 0.6984
vn -0.2014 0.0319 -0.9790
vn -0.9690 0.1535 -0.1938
vn -0.7068 0.1120 -0.6984
vn -0.2014 0.0319 0.9790
vn -0.9690 0.1535 0.1938
vn -0.7068 0.1120 0.6984
vn -0.1939 0.0630 -0.9790
vn -0.9330 0.3032 -0.1938
vn -0.6806 0.2212 -0.6984
vn -0.1939 0.0630 0.9790
vn -0.9330 0.3032 0.1938
vn -0.6806 0.2212 0.6984
vn -0.1817 0.0926 -0.9790
vn -0.8741 0.4454 -0.1938
vn -0.6377 0.3249 -0.6984
vn -0.1817 0.0926 0.9790
vn -0.8741 0.4454 0.1938
vn -0.6377 0.3249 0.6984
vn -0.1649 0.1198 -0.9790
vn -0.7937 0.5766 -0.1938
vn -0.5790 0.4207 -0.6984
vn -0.1649 0.1198 0.9790
vn -0.7937 0.5766 0.1938
vn -0.5790 0.4207 0.6984
vn -0.1442 0.1442 -0.9790
vn -0.6937 0.6937 -0.1938
vn -0.5060 0.5060 -0.6984
vn -0.1442 0.1442 0.9790
vn -0.6937 0.6937 0.1938
vn -0.5060 0.5060 0.6984
vn -0.1198 0.1649 -0.9790
vn -0.5766 0.7937 -0.1938
vn -0.4207 0.5790 -0.6984
vn -0.1198 0.1649 0.9790
vn -0.5766 0.7937 0.1938
vn -0.4207 0.5790 0.6984
vn -0.0926 0.1817 -0.9790
vn -0.4454 0.8741 -0.1938
vn -0.3249 0.6377 -0.6984
vn -0.0926 0.1817 0.9790
vn -0.4454 0.8741 0.1938
vn -0.3249 0.6377 0.6984
vn -0.0630 0.1939 -0.9790
vn -0.3032 0.9330 -0.1938
vn -0.2212 0.6806 -0.6984
vn -0.0630 0.1939 0.9790
vn -0.3032 0.9330 0.1938
vn -0.2212 0.6806 0.6984
vn -0.0319 0.2014 -0.9790
vn -0.1535 0.9690 -0.1938
vn -0.1120 0.7069 -0.6984
vn -0.0319 0.2014 0.9790
vn -0.1535 0.9690 0.1938
vn -0.1120 0.7069 0.6984
vn -0.0000 0.2039 -0.9790
vn -0.0000 0.9810 -0.1938
vn -0.0000 0.7157 -0.6984
vn -0.0000 0.2039 0.9790
vn -0.0000 0.9810 0.1938
vn -0.0000 0.7157 0.6984
vn 0.0319 0.2014 -0.9790
vn 0.1535 0.9690 -0.1938
vn 0.1120 0.7069 -0.6984
vn 0.0319 0.2014 0.9790
vn 0.1535 0.9690 0.1938
vn 0.1120 0.7069 0.6984
vn 0.0630 0.1939 -0.9790
vn 0.3032 0.9330 -0.1938
vn 0.2212 0.6806 -0.6984
vn 0.0630 0.1939 0.9790
vn 0.3032 0.9330 0.1938
vn 0.2212 0.6806 0.6984
vn 0.0926 0.1817 -0.9790
vn 0.4454 0.8741 -0.1938
vn 0.3249 0.6377 -0.6984
vn 0.0926 0.1817 0.9790
vn 0.4454 0.8741 0.1938
vn 0.3249 0.6377 0.6984
vn 0.1198 0.1649 -0.9790
vn 0.5766 0.7937 -0.1938
vn 0.4207 0.5790 -0.6984
vn 0.1198 0.1649 0.9790
vn 0.5766 0.7937 0.1938
vn 0.4207 0.5790 0.6984
vn 0.1442 0.1442 -0.9790
vn 0.6937 0.6937 -0.1938
vn 0.5060 0.5060 -0.6984
vn 0.1442 0.1442 0.9790
vn 0.6937 0.6937 0.1938
vn 0.5060 0.5060 0.6984
vn 0.1649 0.1198 -0.9790
vn 0.7937 0.5766 -0.1938
vn 0.5790 0.4207 -0.6984
vn 0.1649 0.1198 0.9790
vn 0.7937 0.5766 0.1938
vn 0.5790 0.4207 0.6984
vn 0.1817 0.0926 -0.9790
vn 0.8741 0.4454 -0.1938
vn 0.6377 0.3249 -0.6984
vn 0.1817 0.0926 0.9790
vn 0.8741 0.4454 0.1938
vn 0.6377 0.3249 0.6984
vn 0.1939 0.0630 -0.9790
vn 0.9330 0.3032 -0.1938
vn 0.6806 0.2212 -0.6984
vn 0.1939 0.0630 0.9790
vn 0.9330 0.3032 0.1938
vn 0.6806 0.2212 0.6984
vn 0.2014 0.0319 -0.9790
vn 0.9690 0.1535 -0.1938
vn 0.7068 0.1120 -0.6984
vn 0.2014 0.0319 0.9790
vn 0.9690 0.1535 0.1938
vn 0.7068 0.1120 0.6984
vn 0.2039 -0.0000 -0.9790
vn 0.9810 -0.0000 -0.1938
vn 0.7157 -0.0000 -0.6984
vn 0.2039 -0.0000 0.9790
vn 0.9810 -0.0000 0.1938
vn 0.7157 -0.0000 0.6984
vn 0.2014 -0.0319 -0.9790
vn 0.9690 -0.1535 -0.1938
vn 0.7068 -0.1120 -0.6984
vn 0.2014 -0.0319 0.9790
vn 0.9690 -0.1535 0.1938
vn 0.7068 -0.1120 0.6984
vn 0.1939 -0.0630 -0.9790
vn 0.9330 -0.3032 -0.1938
vn 0.6806 -0.2212 -0.6984
vn 0.1939 -0.0630 0.9790
vn 0.9330 -0.3032 0.1938
vn 0.6806 -0.2212 0.6984
vn 0.1817 -0.0926 -0.9790
vn 0.8741 -0.4454 -0.1938
vn 0.6377 -0.3249 -0.6984
vn 0.1817 -0.0926 0.9790
vn 0.8741 -0.4454 0.1938
vn 0.6377 -0.3249 0.6984
vn 0.1649 -0.1198 -0.9790
vn 0.7937 -0.5766 -0.1938
vn 0.5790 -0.4207 -0.6984
vn 0.1649 -0.1198 0.9790
vn 0.7937 -0.5766 0.1938
vn 0.5790 -0.4207 0.6984
vn 0.1442 -0.1442 -0.9790
vn 0.6937 -0.6937 -0.1938
vn 0.5060 -0.5060 -0.6984
vn 0.1442 -0.1442 0.9790
vn 0.6937 -0.6937 0.1938
vn 0.5060 -0.5060 0.6984
vn 0.1198 -0.1649 -0.9790
vn 0.5766 -0.7937 -0.1938
vn 0.4207 -0.5790 -0.6984
vn 0.1198 -0.1649 0.9790
vn 0.5766 -0.7937 0.1938
vn 0.4207 -0.5790 0.6984
vn 0.0926 -0.1817 -0.9790
vn 0.4454 -0.8741 -0.1938
vn 0.3249 -0.6377 -0.6984
vn 0.0926 -0.1817 0.9790
vn 0.4454 -0.8741 0.1938
vn 0.3249 -0.6377 0.6984
vn 0.0630 -0.1939 -0.9790
vn 0.3032 -0.9330 -0.1938
vn 0.2212 -0.6806 -0.6984
vn 0.0630 -0.1939 0.9790
vn 0.3032 -0.9330 0.1938
vn 0.2212 -0.6806 0.6984
vn 0.0319 -0.2014 -0.9790
vn 0.1535 -0.9690 -0.1938
vn 0.1120 -0.7069 -0.6984
vn 0.0319 -0.2014 0.9790
vn 0.1535 -0.9690 0.1938
vn 0.1120 -0.7069 0.6984
vt 1.000000 0.666667
vt 0.975000 0.666667
vt 0.975000 0.500000
vt 0.999866 0.500000
vt 0.750000 0.489984
vt 0.787542 0.487030
vt 0.786175 0.478399
vt 0.750000 0.481246
vt 0.975000 0.833333
vt 1.000000 0.833333
vt 0.999866 1.000000
vt 0.975000 1.000000
vt 0.287542 0.487030
vt 0.250000 0.489984
vt 0.250000 0.481246
vt 0.286175 0.478399
vt 0.950000 0.666667
vt 0.950000 0.500000
vt 0.824159 0.478239
vt 0.821459 0.469928
vt 0.950000 0.833333
vt 0.950000 1.000000
vt 0.324159 0.478239
vt 0.321459 0.469928
vt 0.925000 0.666667
vt 0.925000 0.500000
vt 0.858950 0.463827
vt 0.854983 0.456042
vt 0.925000 0.833333
vt 0.925000 1.000000
vt 0.358951 0.463827
vt 0.354983 0.456041
vt 0.900000 0.666667
vt 0.900000 0.500000
vt 0.891059 0.444151
vt 0.885923 0.437082
vt 0.900000 0.833333
vt 0.900000 1.000000
vt 0.391059 0.444151
vt 0.385923 0.437082
vt 0.875000 0.666667
vt 0.875000 0.500000
vt 0.919694 0.419694
vt 0.913515 0.413515
vt 0.875000 0.833333
vt 0.875000 1.000000
vt 0.419694 0.419694
vt 0.413515 0.413515
vt 0.850000 0.666667
vt 0.850000 0.500000
vt 0.944151 0.391059
vt 0.937082 0.385923
vt 0.850000 0.833333
vt 0.850000 1.000000
vt 0.444151 0.391059
vt 0.437082 0.385923
vt 0.825000 0.666667
vt 0.825000 0.500000
vt 0.963827 0.358951
vt 0.956041 0.354983
vt 0.825000 0.833333
vt 0.825000 1.000000
vt 0.463827 0.358951
vt 0.456041 0.354983
vt 0.800000 0.666667
vt 0.800000 0.500000
vt 0.978239 0.324159
vt 0.969928 0.321459
vt 0.800000 0.833333
vt 0.800000 1.000000
vt 0.478239 0.324159
vt 0.469928 0.321459
vt 0.775000 0.666667
vt 0.775000 0.500000
vt 0.987030 0.287542
vt 0.978399 0.286175
vt 0.775000 0.833333
vt 0.775000 1.000000
vt 0.487030 0.287542
vt 0.478399 0.286175
vt 0.750000 0.666667
vt 0.750000 0.500000
vt 0.989984 0.250000
vt 0.981246 0.250000
vt 0.750000 0.833333
vt 0.750000 1.000000
vt 0.489984 0.250000
vt 0.481246 0.250000
vt 0.725000 0.666667
vt 0.725000 0.500000
vt 0.987030 0.212458
vt 0.978399 0.213825
vt 0.725000 0.833333
vt 0.725000 1.000000
vt 0.487030 0.212458
vt 0.478399 0.213825
vt 0.700000 0.666667
vt 0.700000 0.500000
vt 0.978239 0.175841
vt 0.969928 0.178541
vt 0.700000 0.833333
vt 0.700000 1.000000
vt 0.478239 0.175841
vt 0.469928 0.178541
vt 0.675000 0.666667
vt 0.675000 0.500000
vt 0.963827 0.141049
vt 0.956041 0.145017
vt 0.675000 0.833333
vt 0.675000 1.000000
vt 0.463827 0.141049
vt 0.456042 0.145017
vt 0.650000 0.666667
vt 0.650000 0.500000
vt 0.944151 0.108941
vt 0.937082 0.114077
vt 0.650000 0.833333
vt 0.650000 1.000000
vt 0.444151 0.108941
vt 0.437082 0.114077
vt 0.625000 0.666667
vt 0.625000 0.500000
vt 0.919694 0.080306
vt 0.913516 0.086485
vt 0.625000 0.833333
vt 0.625000 1.000000
vt 0.419694 0.080306
vt 0.413515 0.086485
vt 0.600000 0.666667
vt 0.600000 0.500000
vt 0.891059 0.055849
vt 0.885923 0.062918
vt 0.600000 0.833333
vt 0.600000 1.000000
vt 0.391059 0.055849
vt 0.385923 0.062918
vt 0.575000 0.666667
vt 0.575000 0.500000
vt 0.858951 0.036173
vt 0.854983 0.043959
vt 0.575000 0.833333
vt 0.575000 1.000000
vt 0.358951 0.036173
vt 0.354983 0.043959
vt 0.550000 0.666667
vt 0.550000 0.500000
vt 0.824159 0.021761
vt 0.821459 0.030072
vt 0.550000 0.833333
vt 0.550000 1.000000
vt 0.324159 0.021761
vt 0.321459 0.030072
vt 0.525000 0.666667
vt 0.525000 0.500000
vt 0.787542 0.012970
vt 0.786175 0.021601
vt 0.525000 0.833333
vt 0.525000 1.000000
vt 0.287542 0.012970
vt 0.286175 0.021601
vt 0.500000 0.666667
vt 0.500000 0.500000
vt 0.750000 0.010016
vt 0.750000 0.018754
vt 0.500000 0.833333
vt 0.500000 1.000000
vt 0.250000 0.010016
vt 0.250000 0.018754
vt 0.475000 0.666667
vt 0.475000 0.500000
vt 0.712458 0.012970
vt 0.713825 0.021601
vt 0.475000 0.833333
vt 0.475000 1.000000
vt 0.212458 0.012970
vt 0.213825 0.021601
vt 0.450000 0.666667
vt 0.450000 0.500000
vt 0.675841 0.021761
vt 0.678541 0.030072
vt 0.450000 0.833333
vt 0.450000 1.000000
vt 0.175841 0.021761
vt 0.178541 0.030072
vt 0.425000 0.666667
vt 0.425000 0.500000
vt 0.641049 0.036173
vt 0.645017 0.043959
vt 0.425000 0.833333
vt 0.425000 1.000000
vt 0.141049 0.036173
vt 0.145017 0.043959
vt 0.400000 0.666667
vt 0.400000 0.500000
vt 0.608941 0.055849
vt 0.614077 0.062918
vt 0.400000 0.833333
vt 0.400000 1.000000
vt 0.108941 0.055849
vt 0.114077 0.062918
vt 0.375000 0.666667
vt 0.375000 0.500000
vt 0.580306 0.080306
vt 0.586485 0.086485
vt 0.375000 0.833333
vt 0.375000 1.000000
vt 0.080306 0.080306
vt 0.086485 0.086485
vt 0.350000 0.666667
vt 0.350000 0.500000
vt 0.555849 0.108941
vt 0.562918 0.114077
vt 0.350000 0.833333
vt 0.350000 1.000000
vt 0.055849 0.108941
vt 0.062918 0.114077
vt 0.325000 0.666667
vt 0.325000 0.500000
vt 0.536173 0.141049
vt 0.543959 0.145017
vt 0.325000 0.833333
vt 0.325000 1.000000
vt 0.036173 0.141049
vt 0.043959 0.145017
vt 0.300000 0.666667
vt 0.300000 0.500000
vt 0.521761 0.175841
vt 0.530072 0.178541
vt 0.300000 0.833333
vt 0.300000 1.000000
vt 0.021761 0.175841
vt 0.030072 0.178541
vt 0.275000 0.666667
vt 0.275000 0.500000
vt 0.512970 0.212458
vt 0.521601 0.213825
vt 0.275000 0.833333
vt 0.275000 1.000000
vt 0.012970 0.212458
vt 0.021601 0.213825
vt 0.250000 0.666667
vt 0.250000 0.500000
vt 0.510016 0.250000
vt 0.518754 0.250000
vt 0.250000 0.833333
vt 0.250000 1.000000
vt 0.010016 0.250000
vt 0.018754 0.250000
vt 0.225000 0.666667
vt 0.225000 0.500000
vt 0.512970 0.287542
vt 0.521601 0.286175
vt 0.225000 0.833333
vt 0.225000 1.000000
vt 0.012970 0.287542
vt 0.021601 0.286175
vt 0.200000 0.666667
vt 0.200000 0.500000
vt 0.521761 0.324159
vt 0.530072 0.321459
vt 0.200000 0.833333
vt 0.200000 1.000000
vt 0.021761 0.324159
vt 0.030072 0.321459
vt 0.175000 0.666667
vt 0.175000 0.500000
vt 0.536173 0.358951
vt 0.543959 0.354983
vt 0.175000 0.833333
vt 0.175000 1.000000
vt 0.036173 0.358951
vt 0.043959 0.354983
vt 0.150000 0.666667
vt 0.150000 0.500000
vt 0.555849 0.391059
vt 0.562918 0.385923
vt 0.150000 0.833333
vt 0.150000 1.000000
vt 0.055849 0.391059
vt 0.062918 0.385923
vt 0.125000 0.666667
vt 0.125000 0.500000
vt 0.580306 0.419694
vt 0.586485 0.413515
vt 0.125000 0.833333
vt 0.125000 1.000000
vt 0.080306 0.419694
vt 0.086485 0.413515
vt 0.100000 0.666667
vt 0.100000 0.500000
vt 0.608941 0.444151
vt 0.614077 0.437082
vt 0.100000 0.833333
vt 0.100000 1.000000
vt 0.108941 0.444151
vt 0.114077 0.437082
vt 0.075000 0.666667
vt 0.075000 0.500000
vt 0.641049 0.463827
vt 0.645017 0.456041
vt 0.075000 0.833333
vt 0.075000 1.000000
vt 0.141049 0.463827
vt 0.145017 0.456041
vt 0.050000 0.666667
vt 0.050000 0.500000
vt 0.675841 0.478239
vt 0.678541 0.469928
vt 0.050000 0.833333
vt 0.050000 1.000000
vt 0.175841 0.478239
vt 0.178541 0.469928
vt 0.025000 0.666667
vt 0.025000 0.500000
vt 0.712458 0.487030
vt 0.713825 0.478399
vt 0.025000 0.833333
vt 0.025000 1.000000
vt 0.212458 0.487030
vt 0.213825 0.478399
vt 0.000000 0.666667
vt 0.000134 0.500000
vt 0.000000 0.833333
vt 0.000134 1.000000
s 1
usemtl StartPad
f 762/853/727 768/854/733 769/855/734 763/856/728
f 763/857/728 769/858/734 767/859/732 761/860/726
f 771/861/736 765/862/730 766/863/731 772/864/737
f 772/865/737 766/866/731 764/867/729 770/868/735
f 768/854/733 774/869/739 775/870/740 769/855/734
f 769/858/734 775/871/740 773/872/738 767/859/732
f 777/873/742 771/861/736 772/864/737 778/874/743
f 778/875/743 772/865/737 770/868/735 776/876/741
f 774/869/739 780/877/745 781/878/746 775/870/740
f 775/871/740 781/879/746 779/880/744 773/872/738
f 783/881/748 777/873/742 778/874/743 784/882/749
f 784/883/749 778/875/743 776/876/741 782/884/747
f 780/877/745 786/885/751 787/886/752 781/878/746
f 781/879/746 787/887/752 785/888/750 779/880/744
f 789/889/754 783/881/748 784/882/749 790/890/755
f 790/891/755 784/883/749 782/884/747 788/892/753
f 786/885/751 792/893/757 793/894/758 787/886/752
f 787/887/752 793/895/758 791/896/756 785/888/750
f 795/897/760 789/889/754 790/890/755 796/898/761
f 796/899/761 790/891/755 788/892/753 794/900/759
f 792/893/757 798/901/763 799/902/764 793/894/758
f 793/895/758 799/903/764 797/904/762 791/896/756
f 801/905/766 795/897/760 796/898/761 802/906/767
f 802/907/767 796/899/761 794/900/759 800/908/765
f 798/901/763 804/909/769 805/910/770 799/902/764
f 799/903/764 805/911/770 803/912/768 797/904/762
f 807/913/772 801/905/766 802/906/767 808/914/773
f 808/915/773 802/907/767 800/908/765 806/916/771
f 804/909/769 810/917/775 811/918/776 805/910/770
f 805/911/770 811/919/776 809/920/774 803/912/768
f 813/921/778 807/913/772 808/914/773 814/922/779
f 814/923/779 808/915/773 806/916/771 812/924/777
f 810/917/775 816/925/781 817/926/782 811/918/776
f 811/919/776 817/927/782 815/928/780 809/920/774
f 819/929/784 813/921/778 814/922/779 820/930/785
f 820/931/785 814/923/779 812/924/777 818/932/783
f 816/925/781 822/933/787 823/934/788 817/926/782
f 817/927/782 823/935/788 821/936/786 815/928/780
f 825/937/790 819/929/784 820/930/785 826/938/791
f 826/939/791 820/931/785 818/932/783 824/940/789
f 822/933/787 828/941/793 829/942/794 823/934/788
f 823/935/788 829/943/794 827/944/792 821/936/786
f 831/945/796 825/937/790 826/938/791 832/946/797
f 832/947/797 826/939/791 824/940/789 830/948/795
f 828/941/793 834/949/799 835/950/800 829/942/794
f 829/943/794 835/951/800 833/952/798 827/944/792
f 837/953/802 831/945/796 832/946/797 838/954/803
f 838/955/803 832/947/797 830/948/795 836/956/801
f 834/949/799 840/957/805 841/958/806 835/950/800
f 835/951/800 841/959/806 839/960/804 833/952/798
f 843/961/808 837/953/802 838/954/803 844/962/809
f 844/963/809 838/955/803 836/956/801 842/964/807
f 840/957/805 846/965/811 847/966/812 841/958/806
f 841/959/806 847/967/812 845/968/810 839/960/804
f 849/969/814 843/961/808 844/962/809 850/970/815
f 850/971/815 844/963/809 842/964/807 848/972/813
f 846/965/811 852/973/817 853/974/818 847/966/812
f 847/967/812 853/975/818 851/976/816 845/968/810
f 855/977/820 849/969/814 850/970/815 856/978/821
f 856/979/821 850/971/815 848/972/813 854/980/819
f 852/973/817 858/981/823 859/982/824 853/974/818
f 853/975/818 859/983/824 857/984/822 851/976/816
f 861/985/826 855/977/820 856/978/821 862/986/827
f 862/987/827 856/979/821 854/980/819 860/988/825
f 858/981/823 864/989/829 865/990/830 859/982/824
f 859/983/824 865/991/830 863/992/828 857/984/822
f 867/993/832 861/985/826 862/986/827 868/994/833
f 868/995/833 862/987/827 860/988/825 866/996/831
f 864/989/829 870/997/835 871/998/836 865/990/830
f 865/991/830 871/999/836 869/1000/834 863/992/828
f 873/1001/838 867/993/832 868/994/833 874/1002/839
f 874/1003/839 868/995/833 866/996/831 872/1004/837
f 870/997/835 876/1005/841 877/1006/842 871/998/836
f 871/999/836 877/1007/842 875/1008/840 869/1000/834
f 879/1009/844 873/1001/838 874/1002/839 880/1010/845
f 880/1011/845 874/1003/839 872/1004/837 878/1012/843
f 876/1005/841 882/1013/847 883/1014/848 877/1006/842
f 877/1007/842 883/1015/848 881/1016/846 875/1008/840
f 885/1017/850 879/1009/844 880/1010/845 886/1018/851
f 886/1019/851 880/1011/845 878/1012/843 884/1020/849
f 882/1013/847 888/1021/853 889/1022/854 883/1014/848
f 883/1015/848 889/1023/854 887/1024/852 881/1016/846
f 891/1025/856 885/1017/850 886/1018/851 892/1026/857
f 892/1027/857 886/1019/851 884/1020/849 890/1028/855
f 888/1021/853 894/1029/859 895/1030/860 889/1022/854
f 889/1023/854 895/1031/860 893/1032/858 887/1024/852
f 897/1033/862 891/1025/856 892/1026/857 898/1034/863
f 898/1035/863 892/1027/857 890/1028/855 896/1036/861
f 894/1029/859 900/1037/865 901/1038/866 895/1030/860
f 895/1031/860 901/1039/866 899/1040/864 893/1032/858
f 903/1041/868 897/1033/862 898/1034/863 904/1042/869
f 904/1043/869 898/1035/863 896/1036/861 902/1044/867
f 900/1037/865 906/1045/871 907/1046/872 901/1038/866
f 901/1039/866 907/1047/872 905/1048/870 899/1040/864
f 909/1049/874 903/1041/868 904/1042/869 910/1050/875
f 910/1051/875 904/1043/869 902/1044/867 908/1052/873
f 906/1045/871 912/1053/877 913/1054/878 907/1046/872
f 907/1047/872 913/1055/878 911/1056/876 905/1048/870
f 915/1057/880 909/1049/874 910/1050/875 916/1058/881
f 916/1059/881 910/1051/875 908/1052/873 914/1060/879
f 912/1053/877 918/1061/883 919/1062/884 913/1054/878
f 913/1055/878 919/1063/884 917/1064/882 911/1056/876
f 921/1065/886 915/1057/880 916/1058/881 922/1066/887
f 922/1067/887 916/1059/881 914/1060/879 920/1068/885
f 918/1061/883 924/1069/889 925/1070/890 919/1062/884
f 919/1063/884 925/1071/890 923/1072/888 917/1064/882
f 927/1073/892 921/1065/886 922/1066/887 928/1074/893
f 928/1075/893 922/1067/887 920/1068/885 926/1076/891
f 924/1069/889 930/1077/895 931/1078/896 925/1070/890
f 925/1071/890 931/1079/896 929/1080/894 923/1072/888
f 933/1081/898 927/1073/892 928/1074/893 934/1082/899
f 934/1083/899 928/1075/893 926/1076/891 932/1084/897
f 930/1077/895 936/1085/901 937/1086/902 931/1078/896
f 931/1079/896 937/1087/902 935/1088/900 929/1080/894
f 939/1089/904 933/1081/898 934/1082/899 940/1090/905
f 940/1091/905 934/1083/899 932/1084/897 938/1092/903
f 936/1085/901 942/1093/907 943/1094/908 937/1086/902
f 937/1087/902 943/1095/908 941/1096/906 935/1088/900
f 945/1097/910 939/1089/904 940/1090/905 946/1098/911
f 946/1099/911 940/1091/905 938/1092/903 944/1100/909
f 942/1093/907 948/1101/913 949/1102/914 943/1094/908
f 943/1095/908 949/1103/914 947/1104/912 941/1096/906
f 951/1105/916 945/1097/910 946/1098/911 952/1106/917
f 952/1107/917 946/1099/911 944/1100/909 950/1108/915
f 948/1101/913 954/1109/919 955/1110/920 949/1102/914
f 949/1103/914 955/1111/920 953/1112/918 947/1104/912
f 957/1113/922 951/1105/916 952/1106/917 958/1114/923
f 958/1115/923 952/1107/917 950/1108/915 956/1116/921
f 954/1109/919 960/1117/925 961/1118/926 955/1110/920
f 955/1111/920 961/1119/926 959/1120/924 953/1112/918
f 963/1121/928 957/1113/922 958/1114/923 964/1122/929
f 964/1123/929 958/1115/923 956/1116/921 962/1124/927
f 960/1117/925 966/1125/931 967/1126/932 961/1118/926
f 961/1119/926 967/1127/932 965/1128/930 959/1120/924
f 969/1129/934 963/1121/928 964/1122/929 970/1130/935
f 970/1131/935 964/1123/929 962/1124/927 968/1132/933
f 966/1125/931 972/1133/937 973/1134/938 967/1126/932
f 967/1127/932 973/1135/938 971/1136/936 965/1128/930
f 975/1137/940 969/1129/934 970/1130/935 976/1138/941
f 976/1139/941 970/1131/935 968/1132/933 974/1140/939
f 972/1133/937 978/1141/943 979/1142/944 973/1134/938
f 973/1135/938 979/1143/944 977/1144/942 971/1136/936
f 981/1145/946 975/1137/940 976/1138/941 982/1146/947
f 982/1147/947 976/1139/941 974/1140/939 980/1148/945
f 978/1141/943 984/1149/949 985/1150/950 979/1142/944
f 979/1143/944 985/1151/950 983/1152/948 977/1144/942
f 987/1153/952 981/1145/946 982/1146/947 988/1154/953
f 988/1155/953 982/1147/947 980/1148/945 986/1156/951
f 984/1149/949 990/1157/955 991/1158/956 985/1150/950
f 985/1151/950 991/1159/956 989/1160/954 983/1152/948
f 993/1161/958 987/1153/952 988/1154/953 994/1162/959
f 994/1163/959 988/1155/953 986/1156/951 992/1164/957
f 990/1157/955 996/1165/961 997/1166/962 991/1158/956
f 991/1159/956 997/1167/962 995/1168/960 989/1160/954
f 999/1169/964 993/1161/958 994/1162/959 1000/1170/965
f 1000/1171/965 994/1163/959 992/1164/957 998/1172/963
f 996/1165/961 762/1173/727 763/1174/728 997/1166/962
f 997/1167/962 763/857/728 761/860/726 995/1168/960
f 765/1175/730 999/1169/964 1000/1170/965 766/1176/731
f 766/866/731 1000/1171/965 998/1172/963 764/867/729
f 761/860/726 767/859/732 773/872/738 779/880/744 785/888/750 791/896/756 797/904/762 803/912/768 809/920/774 815/928/780 821/936/786 827/944/792 833/952/798 839/960/804 845/968/810 851/976/816 857/984/822 863/992/828 869/1000/834 875/1008/840 881/1016/846 887/1024/852 893/1032/858 899/1040/864 905/1048/870 911/1056/876 917/1064/882 923/1072/888 929/1080/894 935/1088/900 941/1096/906 947/1104/912 953/1112/918 959/1120/924 965/1128/930 971/1136/936 977/1144/942 983/1152/948 989/1160/954 995/1168/960
f 762/853/727 765/862/730 771/861/736 768/854/733
f 996/1165/961 999/1169/964 765/1175/730 762/1173/727
f 770/868/735 764/867/729 998/1172/963 992/1164/957 986/1156/951 980/1148/945 974/1140/939 968/1132/933 962/1124/927 956/1116/921 950/1108/915 944/1100/909 938/1092/903 932/1084/897 926/1076/891 920/1068/885 914/1060/879 908/1052/873 902/1044/867 896/1036/861 890/1028/855 884/1020/849 878/1012/843 872/1004/837 866/996/831 860/988/825 854/980/819 848/972/813 842/964/807 836/956/801 830/948/795 824/940/789 818/932/783 812/924/777 806/916/771 800/908/765 794/900/759 788/892/753 782/884/747 776/876/741
f 768/854/733 771/861/736 777/873/742 774/869/739
f 774/869/739 777/873/742 783/881/748 780/877/745
f 780/877/745 783/881/748 789/889/754 786/885/751
f 786/885/751 789/889/754 795/897/760 792/893/757
f 792/893/757 795/897/760 801/905/766 798/901/763
f 798/901/763 801/905/766 807/913/772 804/909/769
f 804/909/769 807/913/772 813/921/778 810/917/775
f 810/917/775 813/921/778 819/929/784 816/925/781
f 816/925/781 819/929/784 825/937/790 822/933/787
f 822/933/787 825/937/790 831/945/796 828/941/793
f 828/941/793 831/945/796 837/953/802 834/949/799
f 834/949/799 837/953/802 843/961/808 840/957/805
f 840/957/805 843/961/808 849/969/814 846/965/811
f 846/965/811 849/969/814 855/977/820 852/973/817
f 852/973/817 855/977/820 861/985/826 858/981/823
f 858/981/823 861/985/826 867/993/832 864/989/829
f 864/989/829 867/993/832 873/1001/838 870/997/835
f 870/997/835 873/1001/838 879/1009/844 876/1005/841
f 876/1005/841 879/1009/844 885/1017/850 882/1013/847
f 882/1013/847 885/1017/850 891/1025/856 888/1021/853
f 888/1021/853 891/1025/856 897/1033/862 894/1029/859
f 894/1029/859 897/1033/862 903/1041/868 900/1037/865
f 900/1037/865 903/1041/868 909/1049/874 906/1045/871
f 906/1045/871 909/1049/874 915/1057/880 912/1053/877
f 912/1053/877 915/1057/880 921/1065/886 918/1061/883
f 918/1061/883 921/1065/886 927/1073/892 924/1069/889
f 924/1069/889 927/1073/892 933/1081/898 930/1077/895
f 930/1077/895 933/1081/898 939/1089/904 936/1085/901
f 936/1085/901 939/1089/904 945/1097/910 942/1093/907
f 942/1093/907 945/1097/910 951/1105/916 948/1101/913
f 948/1101/913 951/1105/916 957/1113/922 954/1109/919
f 954/1109/919 957/1113/922 963/1121/928 960/1117/925
f 960/1117/925 963/1121/928 969/1129/934 966/1125/931
f 966/1125/931 969/1129/934 975/1137/940 972/1133/937
f 972/1133/937 975/1137/940 981/1145/946 978/1141/943
f 978/1141/943 981/1145/946 987/1153/952 984/1149/949
f 984/1149/949 987/1153/952 993/1161/958 990/1157/955
f 990/1157/955 993/1161/958 999/1169/964 996/1165/961
o Cylinder
v 0.000000 -2.049051 -0.010000
v 0.000000 -2.200000 0.140000
v 0.000000 -2.155788 0.033934
v 0.000000 -2.049051 0.290000
v 0.000000 -2.200000 0.140000
v 0.000000 -2.155788 0.246066
v -0.455957 -1.997677 -0.010000
v -0.489546 -2.144841 0.140000
v -0.479708 -2.101738 0.033934
v -0.455957 -1.997677 0.290000
v -0.489546 -2.144841 0.140000
v -0.479708 -2.101738 0.246066
v -0.889050 -1.846131 -0.010000
v -0.954544 -1.982131 0.140000
v -0.935361 -1.942298 0.033934
v -0.889050 -1.846131 0.290000
v -0.954544 -1.982131 0.140000
v -0.935361 -1.942298 0.246066
v -1.277563 -1.602012 -0.010000
v -1.371678 -1.720029 0.140000
v -1.344112 -1.685463 0.033934
v -1.277563 -1.602012 0.290000
v -1.371678 -1.720029 0.140000
v -1.344112 -1.685463 0.246066
v -1.602012 -1.277563 -0.010000
v -1.720029 -1.371678 0.140000
v -1.685463 -1.344112 0.033934
v -1.602012 -1.277563 0.290000
v -1.720029 -1.371678 0.140000
v -1.685463 -1.344112 0.246066
v -1.846131 -0.889050 -0.010000
v -1.982131 -0.954544 0.140000
v -1.942298 -0.935361 0.033934
v -1.846131 -0.889050 0.290000
v -1.982131 -0.954544 0.140000
v -1.942298 -0.935361 0.246066
v -1.997677 -0.455957 -0.010000
v -2.144841 -0.489546 0.140000
v -2.101738 -0.479708 0.033934
v -1.997677 -0.455957 0.290000
v -2.144841 -0.489546 0.140000
v -2.101738 -0.479708 0.246066
v -2.049051 0.000000 -0.010000
v -2.200000 0.000000 0.140000
v -2.155788 0.000000 0.033934
v -2.049051 0.000000 0.290000
v -2.200000 0.000000 0.140000
v -2.155788 0.000000 0.246066
v -1.997677 0.455957 -0.010000
v -2.144841 0.489546 0.140000
v -2.101738 0.479708 0.033934
v -1.997677 0.455957 0.290000
v -2.144841 0.489546 0.140000
v -2.101738 0.479708 0.246066
v -1.846131 0.889050 -0.010000
v -1.982131 0.954544 0.140000
v -1.942298 0.935361 0.033934
v -1.846131 0.889050 0.290000
v -1.982131 0.954544 0.140000
v -1.942298 0.935361 0.246066
v -1.602012 1.277563 -0.010000
v -1.720029 1.371678 0.140000
v -1.685463 1.344112 0.033934
v -1.602012 1.277563 0.290000
v -1.720029 1.371678 0.140000
v -1.685463 1.344112 0.246066
v -1.277563 1.602012 -0.010000
v -1.371678 1.720029 0.140000
v -1.344112 1.685463 0.033934
v -1.277563 1.602012 0.290000
v -1.371678 1.720029 0.140000
v -1.344112 1.685463 0.246066
v -0.889050 1.846131 -0.010000
v -0.954544 1.982131 0.140000
v -0.935361 1.942298 0.033934
v -0.889050 1.846131 0.290000
v -0.954544 1.982131 0.140000
v -0.935361 1.942298 0.246066
v -0.455957 1.997677 -0.010000
v -0.489546 2.144841 0.140000
v -0.479708 2.101738 0.033934
v -0.455957 1.997677 0.290000
v -0.489546 2.144841 0.140000
v -0.479708 2.101738 0.246066
v 0.000000 2.049051 -0.010000
v 0.000000 2.200000 0.140000
v 0.000000 2.155788 0.033934
v 0.000000 2.049051 0.290000
v 0.000000 2.200000 0.140000
v 0.000000 2.155788 0.246066
v 0.455957 1.997677 -0.010000
v 0.489546 2.144841 0.140000
v 0.479708 2.101738 0.033934
v 0.455957 1.997677 0.290000
v 0.489546 2.144841 0.140000
v 0.479708 2.101738 0.246066
v 0.889050 1.846131 -0.010000
v 0.954544 1.982131 0.140000
v 0.935361 1.942298 0.033934
v 0.889050 1.846131 0.290000
v 0.954544 1.982131 0.140000
v 0.935361 1.942298 0.246066
v 1.277563 1.602012 -0.010000
v 1.371678 1.720029 0.140000
v 1.344112 1.685463 0.033934
v 1.277563 1.602012 0.290000
v 1.371678 1.720029 0.140000
v 1.344112 1.685463 0.246066
v 1.602012 1.277563 -0.010000
v 1.720029 1.371678 0.140000
v 1.685463 1.344112 0.033934
v 1.602012 1.277563 0.290000
v 1.720029 1.371678 0.140000
v 1.685463 1.344112 0.246066
v 1.846131 0.889050 -0.010000
v 1.982131 0.954544 0.140000
v 1.942298 0.935361 0.033934
v 1.846131 0.889050 0.290000
v 1.982131 0.954544 0.140000
v 1.942298 0.935361 0.246066
v 1.997677 0.455957 -0.010000
v 2.144841 0.489546 0.140000
v 2.101738 0.479708 0.033934
v 1.997677 0.455957 0.290000
v 2.144841 0.489546 0.140000
v 2.101738 0.479708 0.246066
v 2.049051 0.000000 -0.010000
v 2.200000 0.000000 0.140000
v 2.155788 0.000000 0.033934
v 2.049051 0.000000 0.290000
v 2.200000 0.000000 0.140000
v 2.155788 0.000000 0.246066
v 1.997677 -0.455957 -0.010000
v 2.144841 -0.489546 0.140000
v 2.101738 -0.479708 0.033934
v 1.997677 -0.455957 0.290000
v 2.144841 -0.489546 0.140000
v 2.101738 -0.479708 0.246066
v 1.846131 -0.889050 -0.010000
v 1.982131 -0.954544 0.140000
v 1.942298 -0.935361 0.033934
v 1.846131 -0.889050 0.290000
v 1.982131 -0.954544 0.140000
v 1.942298 -0.935361 0.246066
v 1.602012 -1.277563 -0.010000
v 1.720029 -1.371678 0.140000
v 1.685463 -1.344112 0.033934
v 1.602012 -1.277563 0.290000
v 1.720029 -1.371678 0.140000
v 1.685463 -1.344112 0.246066
v 1.277563 -1.602012 -0.010000
v 1.371678 -1.720029 0.140000
v 1.344112 -1.685463 0.033934
v 1.277563 -1.602012 0.290000
v 1.371678 -1.720029 0.140000
v 1.344112 -1.685463 0.246066
v 0.889050 -1.846131 -0.010000
v 0.954544 -1.982131 0.140000
v 0.935361 -1.942298 0.033934
v 0.889050 -1.846131 0.290000
v 0.954544 -1.982131 0.140000
v 0.935361 -1.942298 0.246066
v 0.455957 -1.997677 -0.010000
v 0.489546 -2.144841 0.140000
v 0.479708 -2.101738 0.033934
v 0.455957 -1.997677 0.290000
v 0.489546 -2.144841 0.140000
v 0.479708 -2.101738 0.246066
vn -0.0000 -0.2073 -0.9783
vn -0.0000 -0.8180 0.5752
vn -0.0000 -0.7187 -0.6953
vn -0.0000 -0.2073 0.9783
vn -0.0000 -0.5454 0.8382
vn -0.0000 -0.7187 0.6953
vn -0.0461 -0.2021 -0.9783
vn -0.1820 -0.7975 0.5752
vn -0.1599 -0.7007 -0.6953
vn -0.0461 -0.2021 0.9783
vn -0.1214 -0.5317 0.8382
vn -0.1599 -0.7007 0.6953
vn -0.0899 -0.1867 -0.9783
vn -0.3549 -0.7370 0.5752
vn -0.3118 -0.6476 -0.6953
vn -0.0899 -0.1867 0.9783
vn -0.2366 -0.4914 0.8382
vn -0.3118 -0.6476 0.6953
vn -0.1292 -0.1620 -0.9783
vn -0.5100 -0.6396 0.5752
vn -0.4481 -0.5619 -0.6953
vn -0.1292 -0.1620 0.9783
vn -0.3401 -0.4264 0.8382
vn -0.4481 -0.5619 0.6953
vn -0.1620 -0.1292 -0.9783
vn -0.6396 -0.5100 0.5752
vn -0.5619 -0.4481 -0.6953
vn -0.1620 -0.1292 0.9783
vn -0.4264 -0.3401 0.8382
vn -0.5619 -0.4481 0.6953
vn -0.1867 -0.0899 -0.9783
vn -0.7370 -0.3549 0.5752
vn -0.6476 -0.3118 -0.6953
vn -0.1867 -0.0899 0.9783
vn -0.4914 -0.2366 0.8382
vn -0.6476 -0.3118 0.6953
vn -0.2021 -0.0461 -0.9783
vn -0.7975 -0.1820 0.5752
vn -0.7007 -0.1599 -0.6953
vn -0.2021 -0.0461 0.9783
vn -0.5317 -0.1214 0.8382
vn -0.7007 -0.1599 0.6953
vn -0.2073 -0.0000 -0.9783
vn -0.8180 -0.0000 0.5752
vn -0.7187 -0.0000 -0.6953
vn -0.2073 -0.0000 0.9783
vn -0.5454 -0.0000 0.8382
vn -0.7187 -0.0000 0.6953
vn -0.2021 0.0461 -0.9783
vn -0.7975 0.1820 0.5752
vn -0.7007 0.1599 -0.6953
vn -0.2021 0.0461 0.9783
vn -0.5317 0.1214 0.8382
vn -0.7007 0.1599 0.6953
vn -0.1867 0.0899 -0.9783
vn -0.7370 0.3549 0.5752
vn -0.6476 0.3118 -0.6953
vn -0.1867 0.0899 0.9783
vn -0.4914 0.2366 0.8382
vn -0.6476 0.3118 0.6953
vn -0.1620 0.1292 -0.9783
vn -0.6396 0.5100 0.5752
vn -0.5619 0.4481 -0.6953
vn -0.1620 0.1292 0.9783
vn -0.4264 0.3401 0.8382
vn -0.5619 0.4481 0.6953
vn -0.1292 0.1620 -0.9783
vn -0.5100 0.6396 0.5752
vn -0.4481 0.5619 -0.6953
vn -0.1292 0.1620 0.9783
vn -0.3401 0.4264 0.8382
vn -0.4481 0.5619 0.6953
vn -0.0899 0.1867 -0.9783
vn -0.3549 0.7370 0.5752
vn -0.3118 0.6476 -0.6953
vn -0.0899 0.1867 0.9783
vn -0.2366 0.4914 0.8382
vn -0.3118 0.6476 0.6953
vn -0.0461 0.2021 -0.9783
vn -0.1820 0.7975 0.5752
vn -0.1599 0.7007 -0.6953
vn -0.0461 0.2021 0.9783
vn -0.1214 0.5317 0.8382
vn -0.1599 0.7007 0.6953
vn -0.0000 0.2073 -0.9783
vn -0.0000 0.8180 0.5752
vn -0.0000 0.7187 -0.6953
vn -0.0000 0.2073 0.9783
vn -0.0000 0.5454 0.8382
vn -0.0000 0.7187 0.6953
vn 0.0461 0.2021 -0.9783
vn 0.1820 0.7975 0.5752
vn 0.1599 0.7007 -0.6953
vn 0.0461 0.2021 0.9783
vn 0.1214 0.5317 0.8382
vn 0.1599 0.7007 0.6953
vn 0.0899 0.1867 -0.9783
vn 0.3549 0.7370 0.5752
vn 0.3118 0.6476 -0.6953
vn 0.0899 0.1867 0.9783
vn 0.2366 0.4914 0.8382
vn 0.3118 0.6476 0.6953
vn 0.1292 0.1620 -0.9783
vn 0.5100 0.6396 0.5752
vn 0.4481 0.5619 -0.6953
vn 0.1292 0.1620 0.9783
vn 0.3401 0.4264 0.8382
vn 0.4481 0.5619 0.6953
vn 0.1620 0.1292 -0.9783
vn 0.6396 0.5100 0.5752
vn 0.5619 0.4481 -0.6953
vn 0.1620 0.1292 0.9783
vn 0.4264 0.3401 0.8382
vn 0.5619 0.4481 0.6953
vn 0.1867 0.0899 -0.9783
vn 0.7370 0.3549 0.5752
vn 0.6476 0.3118 -0.6953
vn 0.1867 0.0899 0.9783
vn 0.4914 0.2366 0.8382
vn 0.6476 0.3118 0.6953
vn 0.2021 0.0461 -0.9783
vn 0.7975 0.1820 0.5752
vn 0.7007 0.1599 -0.6953
vn 0.2021 0.0461 0.9783
vn 0.5317 0.1214 0.8382
vn 0.7007 0.1599 0.6953
vn 0.2073 -0.0000 -0.9783
vn 0.8180 -0.0000 0.5752
vn 0.7187 -0.0000 -0.6953
vn 0.2073 -0.0000 0.9783
vn 0.5454 -0.0000 0.8382
vn 0.7187 -0.0000 0.6953
vn 0.2021 -0.0461 -0.9783
vn 0.7975 -0.1820 0.5752
vn 0.7007 -0.1599 -0.6953
vn 0.2021 -0.0461 0.9783
vn 0.5317 -0.1214 0.8382
vn 0.7007 -0.1599 0.6953
vn 0.1867 -0.0899 -0.9783
vn 0.7370 -0.3549 0.5752
vn 0.6476 -0.3118 -0.6953
vn 0.1867 -0.0899 0.9783
vn 0.4914 -0.2366 0.8382
vn 0.6476 -0.3118 0.6953
vn 0.1620 -0.1292 -0.9783
vn 0.6396 -0.5100 0.5752
vn 0.5619 -0.4481 -0.6953
vn 0.1620 -0.1292 0.9783
vn 0.4264 -0.3401 0.8382
vn 0.5619 -0.4481 0.6953
vn 0.1292 -0.1620 -0.9783
vn 0.5100 -0.6396 0.5752
vn 0.4481 -0.5619 -0.6953
vn 0.1292 -0.1620 0.9783
vn 0.3401 -0.4264 0.8382
vn 0.4481 -0.5619 0.6953
vn 0.0899 -0.1867 -0.9783
vn 0.3549 -0.7370 0.5752
vn 0.3118 -0.6476 -0.6953
vn 0.0899 -0.1867 0.9783
vn 0.2366 -0.4914 0.8382
vn 0.3118 -0.6476 0.6953
vn 0.0461 -0.2021 -0.9783
vn 0.1820 -0.7975 0.5752
vn 0.1599 -0.7007 -0.6953
vn 0.0461 -0.2021 0.9783
vn 0.1214 -0.5317 0.8382
vn 0.1599 -0.7007 0.6953
vt 1.000000 0.750000
vt 0.964286 0.750000
vt 0.964286 0.500000
vt 0.999641 0.500000
vt 0.750000 0.489940
vt 0.803392 0.483924
vt 0.799741 0.467928
vt 0.750000 0.473533
vt 0.999641 1.000000
vt 0.964286 1.000000
vt 0.303392 0.483924
vt 0.250000 0.489940
vt 0.250000 0.473533
vt 0.299741 0.467928
vt 0.928571 0.750000
vt 0.928571 0.500000
vt 0.854106 0.466178
vt 0.846987 0.451396
vt 0.928571 1.000000
vt 0.354106 0.466178
vt 0.346987 0.451396
vt 0.892857 0.750000
vt 0.892857 0.500000
vt 0.899600 0.437592
vt 0.889370 0.424765
vt 0.892857 1.000000
vt 0.399600 0.437592
vt 0.389371 0.424765
vt 0.857143 0.750000
vt 0.857143 0.500000
vt 0.937592 0.399600
vt 0.924765 0.389370
vt 0.857143 1.000000
vt 0.437592 0.399600
vt 0.424765 0.389371
vt 0.821429 0.750000
vt 0.821429 0.500000
vt 0.966178 0.354106
vt 0.951396 0.346987
vt 0.821429 1.000000
vt 0.466178 0.354106
vt 0.451396 0.346987
vt 0.785714 0.750000
vt 0.785714 0.500000
vt 0.983924 0.303392
vt 0.967928 0.299741
vt 0.785714 1.000000
vt 0.483924 0.303392
vt 0.467928 0.299741
vt 0.750000 0.750000
vt 0.750000 0.500000
vt 0.989940 0.250000
vt 0.973533 0.250000
vt 0.750000 1.000000
vt 0.489940 0.250000
vt 0.473533 0.250000
vt 0.714286 0.750000
vt 0.714286 0.500000
vt 0.983924 0.196608
vt 0.967928 0.200259
vt 0.714286 1.000000
vt 0.483924 0.196608
vt 0.467928 0.200259
vt 0.678572 0.750000
vt 0.678572 0.500000
vt 0.966178 0.145894
vt 0.951396 0.153013
vt 0.678572 1.000000
vt 0.466178 0.145894
vt 0.451396 0.153013
vt 0.642857 0.750000
vt 0.642857 0.500000
vt 0.937592 0.100400
vt 0.924765 0.110630
vt 0.642857 1.000000
vt 0.437592 0.100400
vt 0.424765 0.110630
vt 0.607143 0.750000
vt 0.607143 0.500000
vt 0.899600 0.062408
vt 0.889371 0.075235
vt 0.607143 1.000000
vt 0.399600 0.062408
vt 0.389370 0.075235
vt 0.571429 0.750000
vt 0.571429 0.500000
vt 0.854106 0.033822
vt 0.846987 0.048604
vt 0.571429 1.000000
vt 0.354106 0.033822
vt 0.346987 0.048604
vt 0.535715 0.750000
vt 0.535715 0.500000
vt 0.803392 0.016076
vt 0.799741 0.032072
vt 0.535715 1.000000
vt 0.303392 0.016076
vt 0.299741 0.032072
vt 0.500000 0.750000
vt 0.500000 0.500000
vt 0.750000 0.010060
vt 0.750000 0.026467
vt 0.500000 1.000000
vt 0.250000 0.010060
vt 0.250000 0.026467
vt 0.464286 0.750000
vt 0.464286 0.500000
vt 0.696608 0.016076
vt 0.700259 0.032072
vt 0.464286 1.000000
vt 0.196608 0.016076
vt 0.200259 0.032072
vt 0.428572 0.750000
vt 0.428572 0.500000
vt 0.645894 0.033822
vt 0.653013 0.048604
vt 0.428572 1.000000
vt 0.145894 0.033822
vt 0.153013 0.048604
vt 0.392857 0.750000
vt 0.392857 0.500000
vt 0.600400 0.062408
vt 0.610629 0.075235
vt 0.392857 1.000000
vt 0.100400 0.062408
vt 0.110630 0.075235
vt 0.357143 0.750000
vt 0.357143 0.500000
vt 0.562408 0.100400
vt 0.575235 0.110630
vt 0.357143 1.000000
vt 0.062408 0.100400
vt 0.075235 0.110630
vt 0.321429 0.750000
vt 0.321429 0.500000
vt 0.533822 0.145894
vt 0.548604 0.153013
vt 0.321429 1.000000
vt 0.033822 0.145894
vt 0.048604 0.153013
vt 0.285714 0.750000
vt 0.285714 0.500000
vt 0.516076 0.196608
vt 0.532072 0.200259
vt 0.285714 1.000000
vt 0.016076 0.196608
vt 0.032072 0.200259
vt 0.250000 0.750000
vt 0.250000 0.500000
vt 0.510060 0.250000
vt 0.526467 0.250000
vt 0.250000 1.000000
vt 0.010060 0.250000
vt 0.026467 0.250000
vt 0.214286 0.750000
vt 0.214286 0.500000
vt 0.516076 0.303392
vt 0.532072 0.299741
vt 0.214286 1.000000
vt 0.016076 0.303392
vt 0.032072 0.299741
vt 0.178572 0.750000
vt 0.178572 0.500000
vt 0.533822 0.354106
vt 0.548604 0.346987
vt 0.178572 1.000000
vt 0.033822 0.354106
vt 0.048604 0.346987
vt 0.142857 0.750000
vt 0.142857 0.500000
vt 0.562408 0.399600
vt 0.575235 0.389371
vt 0.142857 1.000000
vt 0.062408 0.399600
vt 0.075235 0.389371
vt 0.107143 0.750000
vt 0.107143 0.500000
vt 0.600400 0.437592
vt 0.610629 0.424765
vt 0.107143 1.000000
vt 0.100400 0.437592
vt 0.110630 0.424765
vt 0.071429 0.750000
vt 0.071429 0.500000
vt 0.645894 0.466178
vt 0.653013 0.451396
vt 0.071429 1.000000
vt 0.145894 0.466178
vt 0.153013 0.451396
vt 0.035714 0.750000
vt 0.035714 0.500000
vt 0.696608 0.483924
vt 0.700259 0.467928
vt 0.035714 1.000000
vt 0.196608 0.483924
vt 0.200259 0.467928
vt 0.000000 0.750000
vt 0.000359 0.500000
vt 0.000359 1.000000
s 1
usemtl Sand
f 1002/1177/967 1008/1178/973 1009/1179/974 1003/1180/968
f 1003/1181/968 1009/1182/974 1007/1183/972 1001/1184/966
f 1011/1178/976 1005/1177/970 1006/1185/971 1012/1186/977
f 1012/1187/977 1006/1188/971 1004/1189/969 1010/1190/975
f 1008/1178/973 1014/1191/979 1015/1192/980 1009/1179/974
f 1009/1182/974 1015/1193/980 1013/1194/978 1007/1183/972
f 1017/1191/982 1011/1178/976 1012/1186/977 1018/1195/983
f 1018/1196/983 1012/1187/977 1010/1190/975 1016/1197/981
f 1014/1191/979 1020/1198/985 1021/1199/986 1015/1192/980
f 1015/1193/980 1021/1200/986 1019/1201/984 1013/1194/978
f 1023/1198/988 1017/1191/982 1018/1195/983 1024/1202/989
f 1024/1203/989 1018/1196/983 1016/1197/981 1022/1204/987
f 1020/1198/985 1026/1205/991 1027/1206/992 1021/1199/986
f 1021/1200/986 1027/1207/992 1025/1208/990 1019/1201/984
f 1029/1205/994 1023/1198/988 1024/1202/989 1030/1209/995
f 1030/1210/995 1024/1203/989 1022/1204/987 1028/1211/993
f 1026/1205/991 1032/1212/997 1033/1213/998 1027/1206/992
f 1027/1207/992 1033/1214/998 1031/1215/996 1025/1208/990
f 1035/1212/1000 1029/1205/994 1030/1209/995 1036/1216/1001
f 1036/1217/1001 1030/1210/995 1028/1211/993 1034/1218/999
f 1032/1212/997 1038/1219/1003 1039/1220/1004 1033/1213/998
f 1033/1214/998 1039/1221/1004 1037/1222/1002 1031/1215/996
f 1041/1219/1006 1035/1212/1000 1036/1216/1001 1042/1223/1007
f 1042/1224/1007 1036/1217/1001 1034/1218/999 1040/1225/1005
f 1038/1219/1003 1044/1226/1009 1045/1227/1010 1039/1220/1004
f 1039/1221/1004 1045/1228/1010 1043/1229/1008 1037/1222/1002
f 1047/1226/1012 1041/1219/1006 1042/1223/1007 1048/1230/1013
f 1048/1231/1013 1042/1224/1007 1040/1225/1005 1046/1232/1011
f 1044/1226/1009 1050/1233/1015 1051/1234/1016 1045/1227/1010
f 1045/1228/1010 1051/1235/1016 1049/1236/1014 1043/1229/1008
f 1053/1233/1018 1047/1226/1012 1048/1230/1013 1054/1237/1019
f 1054/1238/1019 1048/1231/1013 1046/1232/1011 1052/1239/1017
f 1050/1233/1015 1056/1240/1021 1057/1241/1022 1051/1234/1016
f 1051/1235/1016 1057/1242/1022 1055/1243/1020 1049/1236/1014
f 1059/1240/1024 1053/1233/1018 1054/1237/1019 1060/1244/1025
f 1060/1245/1025 1054/1238/1019 1052/1239/1017 1058/1246/1023
f 1056/1240/1021 1062/1247/1027 1063/1248/1028 1057/1241/1022
f 1057/1242/1022 1063/1249/1028 1061/1250/1026 1055/1243/1020
f 1065/1247/1030 1059/1240/1024 1060/1244/1025 1066/1251/1031
f 1066/1252/1031 1060/1245/1025 1058/1246/1023 1064/1253/1029
f 1062/1247/1027 1068/1254/1033 1069/1255/1034 1063/1248/1028
f 1063/1249/1028 1069/1256/1034 1067/1257/1032 1061/1250/1026
f 1071/1254/1036 1065/1247/1030 1066/1251/1031 1072/1258/1037
f 1072/1259/1037 1066/1252/1031 1064/1253/1029 1070/1260/1035
f 1068/1254/1033 1074/1261/1039 1075/1262/1040 1069/1255/1034
f 1069/1256/1034 1075/1263/1040 1073/1264/1038 1067/1257/1032
f 1077/1261/1042 1071/1254/1036 1072/1258/1037 1078/1265/1043
f 1078/1266/1043 1072/1259/1037 1070/1260/1035 1076/1267/1041
f 1074/1261/1039 1080/1268/1045 1081/1269/1046 1075/1262/1040
f 1075/1263/1040 1081/1270/1046 1079/1271/1044 1073/1264/1038
f 1083/1268/1048 1077/1261/1042 1078/1265/1043 1084/1272/1049
f 1084/1273/1049 1078/1266/1043 1076/1267/1041 1082/1274/1047
f 1080/1268/1045 1086/1275/1051 1087/1276/1052 1081/1269/1046
f 1081/1270/1046 1087/1277/1052 1085/1278/1050 1079/1271/1044
f 1089/1275/1054 1083/1268/1048 1084/1272/1049 1090/1279/1055
f 1090/1280/1055 1084/1273/1049 1082/1274/1047 1088/1281/1053
f 1086/1275/1051 1092/1282/1057 1093/1283/1058 1087/1276/1052
f 1087/1277/1052 1093/1284/1058 1091/1285/1056 1085/1278/1050
f 1095/1282/1060 1089/1275/1054 1090/1279/1055 1096/1286/1061
f 1096/1287/1061 1090/1280/1055 1088/1281/1053 1094/1288/1059
f 1092/1282/1057 1098/1289/1063 1099/1290/1064 1093/1283/1058
f 1093/1284/1058 1099/1291/1064 1097/1292/1062 1091/1285/1056
f 1101/1289/1066 1095/1282/1060 1096/1286/1061 1102/1293/1067
f 1102/1294/1067 1096/1287/1061 1094/1288/1059 1100/1295/1065
f 1098/1289/1063 1104/1296/1069 1105/1297/1070 1099/1290/1064
f 1099/1291/1064 1105/1298/1070 1103/1299/1068 1097/1292/1062
f 1107/1296/1072 1101/1289/1066 1102/1293/1067 1108/1300/1073
f 1108/1301/1073 1102/1294/1067 1100/1295/1065 1106/1302/1071
f 1104/1296/1069 1110/1303/1075 1111/1304/1076 1105/1297/1070
f 1105/1298/1070 1111/1305/1076 1109/1306/1074 1103/1299/1068
f 1113/1303/1078 1107/1296/1072 1108/1300/1073 1114/1307/1079
f 1114/1308/1079 1108/1301/1073 1106/1302/1071 1112/1309/1077
f 1110/1303/1075 1116/1310/1081 1117/1311/1082 1111/1304/1076
f 1111/1305/1076 1117/1312/1082 1115/1313/1080 1109/1306/1074
f 1119/1310/1084 1113/1303/1078 1114/1307/1079 1120/1314/1085
f 1120/1315/1085 1114/1308/1079 1112/1309/1077 1118/1316/1083
f 1116/1310/1081 1122/1317/1087 1123/1318/1088 1117/1311/1082
f 1117/1312/1082 1123/1319/1088 1121/1320/1086 1115/1313/1080
f 1125/1317/1090 1119/1310/1084 1120/1314/1085 1126/1321/1091
f 1126/1322/1091 1120/1315/1085 1118/1316/1083 1124/1323/1089
f 1122/1317/1087 1128/1324/1093 1129/1325/1094 1123/1318/1088
f 1123/1319/1088 1129/1326/1094 1127/1327/1092 1121/1320/1086
f 1131/1324/1096 1125/1317/1090 1126/1321/1091 1132/1328/1097
f 1132/1329/1097 1126/1322/1091 1124/1323/1089 1130/1330/1095
f 1128/1324/1093 1134/1331/1099 1135/1332/1100 1129/1325/1094
f 1129/1326/1094 1135/1333/1100 1133/1334/1098 1127/1327/1092
f 1137/1331/1102 1131/1324/1096 1132/1328/1097 1138/1335/1103
f 1138/1336/1103 1132/1329/1097 1130/1330/1095 1136/1337/1101
f 1134/1331/1099 1140/1338/1105 1141/1339/1106 1135/1332/1100
f 1135/1333/1100 1141/1340/1106 1139/1341/1104 1133/1334/1098
f 1143/1338/1108 1137/1331/1102 1138/1335/1103 1144/1342/1109
f 1144/1343/1109 1138/1336/1103 1136/1337/1101 1142/1344/1107
f 1140/1338/1105 1146/1345/1111 1147/1346/1112 1141/1339/1106
f 1141/1340/1106 1147/1347/1112 1145/1348/1110 1139/1341/1104
f 1149/1345/1114 1143/1338/1108 1144/1342/1109 1150/1349/1115
f 1150/1350/1115 1144/1343/1109 1142/1344/1107 1148/1351/1113
f 1146/1345/1111 1152/1352/1117 1153/1353/1118 1147/1346/1112
f 1147/1347/1112 1153/1354/1118 1151/1355/1116 1145/1348/1110
f 1155/1352/1120 1149/1345/1114 1150/1349/1115 1156/1356/1121
f 1156/1357/1121 1150/1350/1115 1148/1351/1113 1154/1358/1119
f 1152/1352/1117 1158/1359/1123 1159/1360/1124 1153/1353/1118
f 1153/1354/1118 1159/1361/1124 1157/1362/1122 1151/1355/1116
f 1161/1359/1126 1155/1352/1120 1156/1356/1121 1162/1363/1127
f 1162/1364/1127 1156/1357/1121 1154/1358/1119 1160/1365/1125
f 1158/1359/1123 1164/1366/1129 1165/1367/1130 1159/1360/1124
f 1159/1361/1124 1165/1368/1130 1163/1369/1128 1157/1362/1122
f 1167/1366/1132 1161/1359/1126 1162/1363/1127 1168/1370/1133
f 1168/1371/1133 1162/1364/1127 1160/1365/1125 1166/1372/1131
f 1164/1366/1129 1002/1373/967 1003/1374/968 1165/1367/1130
f 1165/1368/1130 1003/1181/968 1001/1184/966 1163/1369/1128
f 1005/1373/970 1167/1366/1132 1168/1370/1133 1006/1375/971
f 1006/1188/971 1168/1371/1133 1166/1372/1131 1004/1189/969
f 1001/1184/966 1007/1183/972 1013/1194/978 1019/1201/984 1025/1208/990 1031/1215/996 1037/1222/1002 1043/1229/1008 1049/1236/1014 1055/1243/1020 1061/1250/1026 1067/1257/1032 1073/1264/1038 1079/1271/1044 1085/1278/1050 1091/1285/1056 1097/1292/1062 1103/1299/1068 1109/1306/1074 1115/1313/1080 1121/1320/1086 1127/1327/1092 1133/1334/1098 1139/1341/1104 1145/1348/1110 1151/1355/1116 1157/1362/1122 1163/1369/1128
f 1002/1177/967 1005/1177/970 1011/1178/976 1008/1178/973
f 1164/1366/1129 1167/1366/1132 1005/1373/970 1002/1373/967
f 1010/1190/975 1004/1189/969 1166/1372/1131 1160/1365/1125 1154/1358/1119 1148/1351/1113 1142/1344/1107 1136/1337/1101 1130/1330/1095 1124/1323/1089 1118/1316/1083 1112/1309/1077 1106/1302/1071 1100/1295/1065 1094/1288/1059 1088/1281/1053 1082/1274/1047 1076/1267/1041 1070/1260/1035 1064/1253/1029 1058/1246/1023 1052/1239/1017 1046/1232/1011 1040/1225/1005 1034/1218/999 1028/1211/993 1022/1204/987 1016/1197/981
f 1008/1178/973 1011/1178/976 1017/1191/982 1014/1191/979
f 1014/1191/979 1017/1191/982 1023/1198/988 1020/1198/985
f 1020/1198/985 1023/1198/988 1029/1205/994 1026/1205/991
f 1026/1205/991 1029/1205/994 1035/1212/1000 1032/1212/997
f 1032/1212/997 1035/1212/1000 1041/1219/1006 1038/1219/1003
f 1038/1219/1003 1041/1219/1006 1047/1226/1012 1044/1226/1009
f 1044/1226/1009 1047/1226/1012 1053/1233/1018 1050/1233/1015
f 1050/1233/1015 1053/1233/1018 1059/1240/1024 1056/1240/1021
f 1056/1240/1021 1059/1240/1024 1065/1247/1030 1062/1247/1027
f 1062/1247/1027 1065/1247/1030 1071/1254/1036 1068/1254/1033
f 1068/1254/1033 1071/1254/1036 1077/1261/1042 1074/1261/1039
f 1074/1261/1039 1077/1261/1042 1083/1268/1048 1080/1268/1045
f 1080/1268/1045 1083/1268/1048 1089/1275/1054 1086/1275/1051
f 1086/1275/1051 1089/1275/1054 1095/1282/1060 1092/1282/1057
f 1092/1282/1057 1095/1282/1060 1101/1289/1066 1098/1289/1063
f 1098/1289/1063 1101/1289/1066 1107/1296/1072 1104/1296/1069
f 1104/1296/1069 1107/1296/1072 1113/1303/1078 1110/1303/1075
f 1110/1303/1075 1113/1303/1078 1119/1310/1084 1116/1310/1081
f 1116/1310/1081 1119/1310/1084 1125/1317/1090 1122/1317/1087
f 1122/1317/1087 1125/1317/1090 1131/1324/1096 1128/1324/1093
f 1128/1324/1093 1131/1324/1096 1137/1331/1102 1134/1331/1099
f 1134/1331/1099 1137/1331/1102 1143/1338/1108 1140/1338/1105
f 1140/1338/1105 1143/1338/1108 1149/1345/1114 1146/1345/1111
f 1146/1345/1111 1149/1345/1114 1155/1352/1120 1152/1352/1117
f 1152/1352/1117 1155/1352/1120 1161/1359/1126 1158/1359/1123
f 1158/1359/1123 1161/1359/1126 1167/1366/1132 1164/1366/1129
o Cylinder.001
v 0.000000 -0.123200 0.000000
v 0.000000 -0.123200 0.693000
v -0.087116 -0.087116 0.000000
v -0.087116 -0.087116 0.693000
v -0.123200 0.000000 0.000000
v -0.123200 0.000000 0.693000
v -0.087116 0.087116 0.000000
v -0.087116 0.087116 0.693000
v 0.000000 0.123200 0.000000
v 0.000000 0.123200 0.693000
v 0.087116 0.087116 0.000000
v 0.087116 0.087116 0.693000
v 0.123200 0.000000 0.000000
v 0.123200 0.000000 0.693000
v 0.087116 -0.087116 0.000000
v 0.087116 -0.087116 0.693000
vn -0.0000 -0.7764 -0.6303
vn -0.0000 -0.7764 0.6303
vn -0.5490 -0.5490 -0.6303
vn -0.5490 -0.5490 0.6303
vn -0.7764 -0.0000 -0.6303
vn -0.7764 -0.0000 0.6303
vn -0.5490 0.5490 -0.6303
vn -0.5490 0.5490 0.6303
vn -0.0000 0.7764 -0.6303
vn -0.0000 0.7764 0.6303
vn 0.5490 0.5490 -0.6303
vn 0.5490 0.5490 0.6303
vn 0.7764 -0.0000 -0.6303
vn 0.7764 -0.0000 0.6303
vn 0.5490 -0.5490 -0.6303
vn 0.5490 -0.5490 0.6303
vt 1.000000 0.500000
vt 1.000000 1.000000
vt 0.875000 1.000000
vt 0.875000 0.500000
vt 0.750000 1.000000
vt 0.750000 0.500000
vt 0.625000 1.000000
vt 0.625000 0.500000
vt 0.500000 1.000000
vt 0.500000 0.500000
vt 0.375000 1.000000
vt 0.375000 0.500000
vt 0.250000 1.000000
vt 0.250000 0.500000
vt 0.419706 0.419706
vt 0.250000 0.490000
vt 0.080294 0.419706
vt 0.010000 0.250000
vt 0.080294 0.080294
vt 0.250000 0.010000
vt 0.419706 0.080294
vt 0.490000 0.250000
vt 0.125000 1.000000
vt 0.125000 0.500000
vt 0.000000 1.000000
vt 0.000000 0.500000
vt 0.750000 0.490000
vt 0.919706 0.419706
vt 0.990000 0.250000
vt 0.919706 0.080294
vt 0.750000 0.010000
vt 0.580294 0.080294
vt 0.510000 0.250000
vt 0.580294 0.419706
s 1
usemtl Trunk
f 1169/1376/1134 1170/1377/1135 1172/1378/1137 1171/1379/1136
f 1171/1379/1136 1172/1378/1137 1174/1380/1139 1173/1381/1138
f 1173/1381/1138 1174/1380/1139 1176/1382/1141 1175/1383/1140
f 1175/1383/1140 1176/1382/1141 1178/1384/1143 1177/1385/1142
f 1177/1385/1142 1178/1384/1143 1180/1386/1145 1179/1387/1144
f 1179/1387/1144 1180/1386/1145 1182/1388/1147 1181/1389/1146
f 1172/1390/1137 1170/1391/1135 1184/1392/1149 1182/1393/1147 1180/1394/1145 1178/1395/1143 1176/1396/1141 1174/1397/1139
f 1181/1389/1146 1182/1388/1147 1184/1398/1149 1183/1399/1148
f 1183/1399/1148 1184/1398/1149 1170/1400/1135 1169/1401/1134
f 1169/1402/1134 1171/1403/1136 1173/1404/1138 1175/1405/1140 1177/1406/1142 1179/1407/1144 1181/1408/1146 1183/1409/1148
o Cone
v 0.000000 -0.770000 0.500500
v -0.494946 -0.589854 0.500500
v -0.758302 -0.133709 0.500500
v -0.666840 0.385000 0.500500
v -0.263356 0.723563 0.500500
v 0.263356 0.723563 0.500500
v 0.666840 0.385000 0.500500
v 0.758302 -0.133709 0.500500
v 0.494946 -0.589854 0.500500
v 0.000000 0.000000 1.270500
vn -0.0000 -0.9453 -0.3261
vn -0.6077 -0.7242 -0.3261
vn -0.9310 -0.1642 -0.3261
vn -0.8187 0.4727 -0.3261
vn -0.3233 0.8883 -0.3261
vn 0.3233 0.8883 -0.3261
vn 0.8187 0.4727 -0.3261
vn 0.9310 -0.1642 -0.3261
vn 0.6077 -0.7242 -0.3261
vn -0.0000 -0.0000 1.0000
vt 0.250000 0.490000
vt 0.250000 0.250000
vt 0.404269 0.433851
vt 0.486354 0.291676
vt 0.457846 0.130000
vt 0.332085 0.024474
vt 0.167915 0.024474
vt 0.042154 0.130000
vt 0.013646 0.291676
vt 0.750000 0.490000
vt 0.904269 0.433851
vt 0.986354 0.291676
vt 0.957846 0.130000
vt 0.832085 0.024474
vt 0.667915 0.024474
vt 0.542154 0.130000
vt 0.513646 0.291676
vt 0.595731 0.433851
vt 0.095731 0.433851
s 1
usemtl Leaf
f 1185/1410/1150 1194/1411/1159 1186/1412/1151
f 1186/1412/1151 1194/1411/1159 1187/1413/1152
f 1187/1413/1152 1194/1411/1159 1188/1414/1153
f 1188/1414/1153 1194/1411/1159 1189/1415/1154
f 1189/1415/1154 1194/1411/1159 1190/1416/1155
f 1190/1416/1155 1194/1411/1159 1191/1417/1156
f 1191/1417/1156 1194/1411/1159 1192/1418/1157
f 1185/1419/1150 1186/1420/1151 1187/1421/1152 1188/1422/1153 1189/1423/1154 1190/1424/1155 1191/1425/1156 1192/1426/1157 1193/1427/1158
f 1192/1418/1157 1194/1411/1159 1193/1428/1158
f 1193/1428/1158 1194/1411/1159 1185/1410/1150
o Cone.001
v 0.000000 -0.600600 0.962500
v -0.386058 -0.460086 0.962500
v -0.591476 -0.104293 0.962500
v -0.520135 0.300300 0.962500
v -0.205417 0.564379 0.962500
v 0.205417 0.564379 0.962500
v 0.520135 0.300300 0.962500
v 0.591476 -0.104293 0.962500
v 0.386058 -0.460086 0.962500
v 0.000000 0.000000 1.732500
vn -0.0000 -0.9265 -0.3764
vn -0.5955 -0.7097 -0.3764
vn -0.9124 -0.1609 -0.3764
vn -0.8023 0.4632 -0.3764
vn -0.3169 0.8706 -0.3764
vn 0.3169 0.8706 -0.3764
vn 0.8023 0.4632 -0.3764
vn 0.9124 -0.1609 -0.3764
vn 0.5955 -0.7097 -0.3764
vn -0.0000 -0.0000 1.0000
vt 0.250000 0.490000
vt 0.250000 0.250000
vt 0.404269 0.433851
vt 0.486354 0.291676
vt 0.457846 0.130000
vt 0.332085 0.024474
vt 0.167915 0.024474
vt 0.042154 0.130000
vt 0.013646 0.291676
vt 0.750000 0.490000
vt 0.904269 0.433851
vt 0.986354 0.291676
vt 0.957846 0.130000
vt 0.832085 0.024474
vt 0.667915 0.024474
vt 0.542154 0.130000
vt 0.513646 0.291676
vt 0.595731 0.433851
vt 0.095731 0.433851
s 1
usemtl Leaf.001
f 1195/1429/1160 1204/1430/1169 1196/1431/1161
f 1196/1431/1161 1204/1430/1169 1197/1432/1162
f 1197/1432/1162 1204/1430/1169 1198/1433/1163
f 1198/1433/1163 1204/1430/1169 1199/1434/1164
f 1199/1434/1164 1204/1430/1169 1200/1435/1165
f 1200/1435/1165 1204/1430/1169 1201/1436/1166
f 1201/1436/1166 1204/1430/1169 1202/1437/1167
f 1195/1438/1160 1196/1439/1161 1197/1440/1162 1198/1441/1163 1199/1442/1164 1200/1443/1165 1201/1444/1166 1202/1445/1167 1203/1446/1168
f 1202/1437/1167 1204/1430/1169 1203/1447/1168
f 1203/1447/1168 1204/1430/1169 1195/1429/1160
o Cone.002
v 0.000000 -0.385000 1.386000
v -0.247473 -0.294927 1.386000
v -0.379151 -0.066855 1.386000
v -0.333420 0.192500 1.386000
v -0.131678 0.361782 1.386000
v 0.131678 0.361782 1.386000
v 0.333420 0.192500 1.386000
v 0.379151 -0.066855 1.386000
v 0.247473 -0.294927 1.386000
v 0.000000 0.000000 2.156000
vn -0.0000 -0.8896 -0.4568
vn -0.5718 -0.6814 -0.4568
vn -0.8760 -0.1545 -0.4568
vn -0.7704 0.4448 -0.4568
vn -0.3042 0.8359 -0.4568
vn 0.3042 0.8359 -0.4568
vn 0.7704 0.4448 -0.4568
vn 0.8760 -0.1545 -0.4568
vn 0.5718 -0.6814 -0.4568
vn -0.0000 -0.0000 1.0000
vt 0.250000 0.490000
vt 0.250000 0.250000
vt 0.404269 0.433851
vt 0.486354 0.291676
vt 0.457846 0.130000
vt 0.332085 0.024474
vt 0.167915 0.024474
vt 0.042154 0.130000
vt 0.013646 0.291676
vt 0.750000 0.490000
vt 0.904269 0.433851
vt 0.986354 0.291676
vt 0.957846 0.130000
vt 0.832085 0.024474
vt 0.667915 0.024474
vt 0.542154 0.130000
vt 0.513646 0.291676
vt 0.595731 0.433851
vt 0.095731 0.433851
s 1
usemtl Leaf.002
f 1205/1448/1170 1214/1449/1179 1206/1450/1171
f 1206/1450/1171 1214/1449/1179 1207/1451/1172
f 1207/1451/1172 1214/1449/1179 1208/1452/1173
f 1208/1452/1173 1214/1449/1179 1209/1453/1174
f 1209/1453/1174 1214/1449/1179 1210/1454/1175
f 1210/1454/1175 1214/1449/1179 1211/1455/1176
f 1211/1455/1176 1214/1449/1179 1212/1456/1177
f 1205/1457/1170 1206/1458/1171 1207/1459/1172 1208/1460/1173 1209/1461/1174 1210/1462/1175 1211/1463/1176 1212/1464/1177 1213/1465/1178
f 1212/1456/1177 1214/1449/1179 1213/1466/1178
f 1213/1466/1178 1214/1449/1179 1205/1448/1170
o Cylinder.002
v -4.200000 -3.749051 -0.010000
v -4.200000 -3.900000 0.140000
v -4.200000 -3.855788 0.033934
v -4.200000 -3.749051 0.290000
v -4.200000 -3.900000 0.140000
v -4.200000 -3.855788 0.246066
v -4.411184 -3.725256 -0.010000
v -4.444773 -3.872421 0.140000
v -4.434935 -3.829317 0.033934
v -4.411184 -3.725256 0.290000
v -4.444773 -3.872421 0.140000
v -4.434935 -3.829317 0.246066
v -4.611777 -3.655065 -0.010000
v -4.677272 -3.791066 0.140000
v -4.658089 -3.751232 0.033934
v -4.611777 -3.655065 0.290000
v -4.677272 -3.791066 0.140000
v -4.658089 -3.751232 0.246066
v -4.791723 -3.541998 -0.010000
v -4.885839 -3.660015 0.140000
v -4.858273 -3.625448 0.033934
v -4.791723 -3.541998 0.290000
v -4.885839 -3.660015 0.140000
v -4.858273 -3.625448 0.246066
v -4.941998 -3.391723 -0.010000
v -5.060014 -3.485839 0.140000
v -5.025448 -3.458273 0.033934
v -4.941998 -3.391723 0.290000
v -5.060014 -3.485839 0.140000
v -5.025448 -3.458273 0.246066
v -5.055065 -3.211778 -0.010000
v -5.191066 -3.277272 0.140000
v -5.151232 -3.258089 0.033934
v -5.055065 -3.211778 0.290000
v -5.191066 -3.277272 0.140000
v -5.151232 -3.258089 0.246066
v -5.125256 -3.011184 -0.010000
v -5.272420 -3.044773 0.140000
v -5.229317 -3.034935 0.033934
v -5.125256 -3.011184 0.290000
v -5.272420 -3.044773 0.140000
v -5.229317 -3.034935 0.246066
v -5.149051 -2.800000 -0.010000
v -5.300000 -2.800000 0.140000
v -5.255788 -2.800000 0.033934
v -5.149051 -2.800000 0.290000
v -5.300000 -2.800000 0.140000
v -5.255788 -2.800000 0.246066
v -5.125256 -2.588816 -0.010000
v -5.272420 -2.555227 0.140000
v -5.229317 -2.565065 0.033934
v -5.125256 -2.588816 0.290000
v -5.272420 -2.555227 0.140000
v -5.229317 -2.565065 0.246066
v -5.055065 -2.388222 -0.010000
v -5.191066 -2.322728 0.140000
v -5.151232 -2.341911 0.033934
v -5.055065 -2.388222 0.290000
v -5.191066 -2.322728 0.140000
v -5.151232 -2.341911 0.246066
v -4.941998 -2.208277 -0.010000
v -5.060014 -2.114161 0.140000
v -5.025448 -2.141727 0.033934
v -4.941998 -2.208277 0.290000
v -5.060014 -2.114161 0.140000
v -5.025448 -2.141727 0.246066
v -4.791723 -2.058002 -0.010000
v -4.885839 -1.939985 0.140000
v -4.858273 -1.974552 0.033934
v -4.791723 -2.058002 0.290000
v -4.885839 -1.939985 0.140000
v -4.858273 -1.974552 0.246066
v -4.611777 -1.944935 -0.010000
v -4.677272 -1.808934 0.140000
v -4.658089 -1.848768 0.033934
v -4.611777 -1.944935 0.290000
v -4.677272 -1.808934 0.140000
v -4.658089 -1.848768 0.246066
v -4.411184 -1.874744 -0.010000
v -4.444773 -1.727579 0.140000
v -4.434935 -1.770683 0.033934
v -4.411184 -1.874744 0.290000
v -4.444773 -1.727579 0.140000
v -4.434935 -1.770683 0.246066
v -4.200000 -1.850949 -0.010000
v -4.200000 -1.700000 0.140000
v -4.200000 -1.744212 0.033934
v -4.200000 -1.850949 0.290000
v -4.200000 -1.700000 0.140000
v -4.200000 -1.744212 0.246066
v -3.988816 -1.874744 -0.010000
v -3.955227 -1.727579 0.140000
v -3.965065 -1.770683 0.033934
v -3.988816 -1.874744 0.290000
v -3.955227 -1.727579 0.140000
v -3.965065 -1.770683 0.246066
v -3.788222 -1.944935 -0.010000
v -3.722728 -1.808934 0.140000
v -3.741910 -1.848768 0.033934
v -3.788222 -1.944935 0.290000
v -3.722728 -1.808934 0.140000
v -3.741910 -1.848768 0.246066
v -3.608276 -2.058002 -0.010000
v -3.514161 -1.939985 0.140000
v -3.541727 -1.974552 0.033934
v -3.608276 -2.058002 0.290000
v -3.514161 -1.939985 0.140000
v -3.541727 -1.974552 0.246066
v -3.458002 -2.208277 -0.010000
v -3.339985 -2.114161 0.140000
v -3.374551 -2.141727 0.033934
v -3.458002 -2.208277 0.290000
v -3.339985 -2.114161 0.140000
v -3.374551 -2.141727 0.246066
v -3.344934 -2.388222 -0.010000
v -3.208934 -2.322728 0.140000
v -3.248768 -2.341911 0.033934
v -3.344934 -2.388222 0.290000
v -3.208934 -2.322728 0.140000
v -3.248768 -2.341911 0.246066
v -3.274744 -2.588816 -0.010000
v -3.127579 -2.555227 0.140000
v -3.170683 -2.565065 0.033934
v -3.274744 -2.588816 0.290000
v -3.127579 -2.555227 0.140000
v -3.170683 -2.565065 0.246066
v -3.250949 -2.800000 -0.010000
v -3.100000 -2.800000 0.140000
v -3.144212 -2.800000 0.033934
v -3.250949 -2.800000 0.290000
v -3.100000 -2.800000 0.140000
v -3.144212 -2.800000 0.246066
v -3.274744 -3.011184 -0.010000
v -3.127579 -3.044773 0.140000
v -3.170683 -3.034935 0.033934
v -3.274744 -3.011184 0.290000
v -3.127579 -3.044773 0.140000
v -3.170683 -3.034935 0.246066
v -3.344934 -3.211778 -0.010000
v -3.208934 -3.277272 0.140000
v -3.248768 -3.258089 0.033934
v -3.344934 -3.211778 0.290000
v -3.208934 -3.277272 0.140000
v -3.248768 -3.258089 0.246066
v -3.458002 -3.391723 -0.010000
v -3.339985 -3.485839 0.140000
v -3.374551 -3.458273 0.033934
v -3.458002 -3.391723 0.290000
v -3.339985 -3.485839 0.140000
v -3.374551 -3.458273 0.246066
v -3.608276 -3.541998 -0.010000
v -3.514161 -3.660015 0.140000
v -3.541727 -3.625448 0.033934
v -3.608276 -3.541998 0.290000
v -3.514161 -3.660015 0.140000
v -3.541727 -3.625448 0.246066
v -3.788222 -3.655065 -0.010000
v -3.722728 -3.791066 0.140000
v -3.741910 -3.751232 0.033934
v -3.788222 -3.655065 0.290000
v -3.722728 -3.791066 0.140000
v -3.741910 -3.751232 0.246066
v -3.988816 -3.725256 -0.010000
v -3.955227 -3.872421 0.140000
v -3.965065 -3.829317 0.033934
v -3.988816 -3.725256 0.290000
v -3.955227 -3.872421 0.140000
v -3.965065 -3.829317 0.246066
vn -0.0000 -0.2073 -0.9783
vn -0.0000 -0.8180 0.5752
vn -0.0000 -0.7187 -0.6953
vn -0.0000 -0.2073 0.9783
vn -0.0000 -0.5454 0.8382
vn -0.0000 -0.7187 0.6953
vn -0.0461 -0.2021 -0.9783
vn -0.1820 -0.7975 0.5752
vn -0.1599 -0.7007 -0.6953
vn -0.0461 -0.2021 0.9783
vn -0.1214 -0.5317 0.8382
vn -0.1599 -0.7007 0.6953
vn -0.0899 -0.1867 -0.9783
vn -0.3549 -0.7370 0.5752
vn -0.3118 -0.6476 -0.6953
vn -0.0899 -0.1867 0.9783
vn -0.2366 -0.4914 0.8382
vn -0.3118 -0.6476 0.6953
vn -0.1292 -0.1620 -0.9783
vn -0.5100 -0.6396 0.5752
vn -0.4481 -0.5619 -0.6953
vn -0.1292 -0.1620 0.9783
vn -0.3401 -0.4264 0.8382
vn -0.4481 -0.5619 0.6953
vn -0.1620 -0.1292 -0.9783
vn -0.6396 -0.5100 0.5752
vn -0.5619 -0.4481 -0.6953
vn -0.1620 -0.1292 0.9783
vn -0.4264 -0.3401 0.8382
vn -0.5619 -0.4481 0.6953
vn -0.1867 -0.0899 -0.9783
vn -0.7370 -0.3549 0.5752
vn -0.6476 -0.3118 -0.6953
vn -0.1867 -0.0899 0.9783
vn -0.4914 -0.2366 0.8382
vn -0.6476 -0.3118 0.6953
vn -0.2021 -0.0461 -0.9783
vn -0.7975 -0.1820 0.5752
vn -0.7007 -0.1599 -0.6953
vn -0.2021 -0.0461 0.9783
vn -0.5317 -0.1214 0.8382
vn -0.7007 -0.1599 0.6953
vn -0.2073 -0.0000 -0.9783
vn -0.8180 -0.0000 0.5752
vn -0.7187 -0.0000 -0.6953
vn -0.2073 -0.0000 0.9783
vn -0.5454 -0.0000 0.8382
vn -0.7187 -0.0000 0.6953
vn -0.2021 0.0461 -0.9783
vn -0.7975 0.1820 0.5752
vn -0.7007 0.1599 -0.6953
vn -0.2021 0.0461 0.9783
vn -0.5317 0.1214 0.8382
vn -0.7007 0.1599 0.6953
vn -0.1867 0.0899 -0.9783
vn -0.7370 0.3549 0.5752
vn -0.6476 0.3118 -0.6953
vn -0.1867 0.0899 0.9783
vn -0.4914 0.2366 0.8382
vn -0.6476 0.3118 0.6953
vn -0.1620 0.1292 -0.9783
vn -0.6396 0.5100 0.5752
vn -0.5619 0.4481 -0.6953
vn -0.1620 0.1292 0.9783
vn -0.4264 0.3401 0.8382
vn -0.5619 0.4481 0.6953
vn -0.1292 0.1620 -0.9783
vn -0.5100 0.6396 0.5752
vn -0.4481 0.5619 -0.6953
vn -0.1292 0.1620 0.9783
vn -0.3401 0.4264 0.8382
vn -0.4481 0.5619 0.6953
vn -0.0899 0.1867 -0.9783
vn -0.3549 0.7370 0.5752
vn -0.3118 0.6476 -0.6953
vn -0.0899 0.1867 0.9783
vn -0.2366 0.4914 0.8382
vn -0.3118 0.6476 0.6953
vn -0.0461 0.2021 -0.9783
vn -0.1820 0.7975 0.5752
vn -0.1599 0.7007 -0.6953
vn -0.0461 0.2021 0.9783
vn -0.1214 0.5317 0.8382
vn -0.1599 0.7007 0.6953
vn -0.0000 0.2073 -0.9783
vn -0.0000 0.8180 0.5752
vn -0.0000 0.7187 -0.6953
vn -0.0000 0.2073 0.9783
vn -0.0000 0.5454 0.8382
vn -0.0000 0.7187 0.6953
vn 0.0461 0.2021 -0.9783
vn 0.1820 0.7975 0.5752
vn 0.1599 0.7007 -0.6953
vn 0.0461 0.2021 0.9783
vn 0.1214 0.5317 0.8382
vn 0.1599 0.7007 0.6953
vn 0.0899 0.1867 -0.9783
vn 0.3549 0.7370 0.5752
vn 0.3118 0.6476 -0.6953
vn 0.0899 0.1867 0.9783
vn 0.2366 0.4914 0.8382
vn 0.3118 0.6476 0.6953
vn 0.1292 0.1620 -0.9783
vn 0.5100 0.6396 0.5752
vn 0.4481 0.5619 -0.6953
vn 0.1292 0.1620 0.9783
vn 0.3401 0.4264 0.8382
vn 0.4481 0.5619 0.6953
vn 0.1620 0.1292 -0.9783
vn 0.6396 0.5100 0.5752
vn 0.5619 0.4481 -0.6953
vn 0.1620 0.1292 0.9783
vn 0.4264 0.3401 0.8382
vn 0.5619 0.4481 0.6953
vn 0.1867 0.0899 -0.9783
vn 0.7370 0.3549 0.5752
vn 0.6476 0.3118 -0.6953
vn 0.1867 0.0899 0.9783
vn 0.4914 0.2366 0.8382
vn 0.6476 0.3118 0.6953
vn 0.2021 0.0461 -0.9783
vn 0.7975 0.1820 0.5752
vn 0.7007 0.1599 -0.6953
vn 0.2021 0.0461 0.9783
vn 0.5317 0.1214 0.8382
vn 0.7007 0.1599 0.6953
vn 0.2073 -0.0000 -0.9783
vn 0.8180 -0.0000 0.5752
vn 0.7187 -0.0000 -0.6953
vn 0.2073 -0.0000 0.9783
vn 0.5454 -0.0000 0.8382
vn 0.7187 -0.0000 0.6953
vn 0.2021 -0.0461 -0.9783
vn 0.7975 -0.1820 0.5752
vn 0.7007 -0.1599 -0.6953
vn 0.2021 -0.0461 0.9783
vn 0.5317 -0.1214 0.8382
vn 0.7007 -0.1599 0.6953
vn 0.1867 -0.0899 -0.9783
vn 0.7370 -0.3549 0.5752
vn 0.6476 -0.3118 -0.6953
vn 0.1867 -0.0899 0.9783
vn 0.4914 -0.2366 0.8382
vn 0.6476 -0.3118 0.6953
vn 0.1620 -0.1292 -0.9783
vn 0.6396 -0.5100 0.5752
vn 0.5619 -0.4481 -0.6953
vn 0.1620 -0.1292 0.9783
vn 0.4264 -0.3401 0.8382
vn 0.5619 -0.4481 0.6953
vn 0.1292 -0.1620 -0.9783
vn 0.5100 -0.6396 0.5752
vn 0.4481 -0.5619 -0.6953
vn 0.1292 -0.1620 0.9783
vn 0.3401 -0.4264 0.8382
vn 0.4481 -0.5619 0.6953
vn 0.0899 -0.1867 -0.9783
vn 0.3549 -0.7370 0.5752
vn 0.3118 -0.6476 -0.6953
vn 0.0899 -0.1867 0.9783
vn 0.2366 -0.4914 0.8382
vn 0.3118 -0.6476 0.6953
vn 0.0461 -0.2021 -0.9783
vn 0.1820 -0.7975 0.5752
vn 0.1599 -0.7007 -0.6953
vn 0.0461 -0.2021 0.9783
vn 0.1214 -0.5317 0.8382
vn 0.1599 -0.7007 0.6953
vt 1.000000 0.750000
vt 0.964286 0.750000
vt 0.964286 0.500000
vt 0.999282 0.500000
vt 0.750000 0.489879
vt 0.803378 0.483865
vt 0.796076 0.451874
vt 0.750000 0.457066
vt 0.999282 1.000000
vt 0.964286 1.000000
vt 0.303378 0.483865
vt 0.250000 0.489879
vt 0.250000 0.457066
vt 0.296076 0.451874
vt 0.928571 0.750000
vt 0.928571 0.500000
vt 0.854080 0.466124
vt 0.839842 0.436560
vt 0.928571 1.000000
vt 0.354080 0.466124
vt 0.339842 0.436560
vt 0.892857 0.750000
vt 0.892857 0.500000
vt 0.899562 0.437545
vt 0.879103 0.411890
vt 0.892857 1.000000
vt 0.399562 0.437545
vt 0.379103 0.411890
vt 0.857143 0.750000
vt 0.857143 0.500000
vt 0.937545 0.399562
vt 0.911891 0.379103
vt 0.857143 1.000000
vt 0.437545 0.399562
vt 0.411890 0.379103
vt 0.821429 0.750000
vt 0.821429 0.500000
vt 0.966124 0.354080
vt 0.936559 0.339842
vt 0.821429 1.000000
vt 0.466124 0.354080
vt 0.436560 0.339842
vt 0.785714 0.750000
vt 0.785714 0.500000
vt 0.983865 0.303378
vt 0.951874 0.296076
vt 0.785714 1.000000
vt 0.483865 0.303378
vt 0.451874 0.296076
vt 0.750000 0.750000
vt 0.750000 0.500000
vt 0.989879 0.250000
vt 0.957066 0.250000
vt 0.750000 1.000000
vt 0.489879 0.250000
vt 0.457066 0.250000
vt 0.714286 0.750000
vt 0.714286 0.500000
vt 0.983865 0.196622
vt 0.951874 0.203924
vt 0.714286 1.000000
vt 0.483865 0.196622
vt 0.451874 0.203924
vt 0.678572 0.750000
vt 0.678572 0.500000
vt 0.966124 0.145920
vt 0.936560 0.160158
vt 0.678572 1.000000
vt 0.466124 0.145920
vt 0.436560 0.160158
vt 0.642857 0.750000
vt 0.642857 0.500000
vt 0.937545 0.100438
vt 0.911891 0.120897
vt 0.642857 1.000000
vt 0.437545 0.100438
vt 0.411890 0.120897
vt 0.607143 0.750000
vt 0.607143 0.500000
vt 0.899562 0.062455
vt 0.879103 0.088110
vt 0.607143 1.000000
vt 0.399562 0.062455
vt 0.379103 0.088110
vt 0.571429 0.750000
vt 0.571429 0.500000
vt 0.854080 0.033876
vt 0.839842 0.063440
vt 0.571429 1.000000
vt 0.354080 0.033876
vt 0.339842 0.063440
vt 0.535715 0.750000
vt 0.535715 0.500000
vt 0.803378 0.016135
vt 0.796077 0.048126
vt 0.535715 1.000000
vt 0.303378 0.016135
vt 0.296076 0.048126
vt 0.500000 0.750000
vt 0.500000 0.500000
vt 0.750000 0.010121
vt 0.750000 0.042934
vt 0.500000 1.000000
vt 0.250000 0.010121
vt 0.250000 0.042934
vt 0.464286 0.750000
vt 0.464286 0.500000
vt 0.696622 0.016135
vt 0.703924 0.048126
vt 0.464286 1.000000
vt 0.196622 0.016135
vt 0.203924 0.048126
vt 0.428572 0.750000
vt 0.428572 0.500000
vt 0.645920 0.033876
vt 0.660158 0.063440
vt 0.428572 1.000000
vt 0.145920 0.033876
vt 0.160158 0.063440
vt 0.392857 0.750000
vt 0.392857 0.500000
vt 0.600438 0.062455
vt 0.620897 0.088110
vt 0.392857 1.000000
vt 0.100438 0.062455
vt 0.120897 0.088110
vt 0.357143 0.750000
vt 0.357143 0.500000
vt 0.562455 0.100438
vt 0.588109 0.120897
vt 0.357143 1.000000
vt 0.062455 0.100438
vt 0.088110 0.120897
vt 0.321429 0.750000
vt 0.321429 0.500000
vt 0.533876 0.145920
vt 0.563440 0.160158
vt 0.321429 1.000000
vt 0.033876 0.145920
vt 0.063440 0.160158
vt 0.285714 0.750000
vt 0.285714 0.500000
vt 0.516135 0.196622
vt 0.548126 0.203924
vt 0.285714 1.000000
vt 0.016135 0.196622
vt 0.048126 0.203923
vt 0.250000 0.750000
vt 0.250000 0.500000
vt 0.510121 0.250000
vt 0.542934 0.250000
vt 0.250000 1.000000
vt 0.010121 0.250000
vt 0.042934 0.250000
vt 0.214286 0.750000
vt 0.214286 0.500000
vt 0.516135 0.303378
vt 0.548126 0.296076
vt 0.214286 1.000000
vt 0.016135 0.303378
vt 0.048126 0.296076
vt 0.178572 0.750000
vt 0.178572 0.500000
vt 0.533876 0.354080
vt 0.563440 0.339842
vt 0.178572 1.000000
vt 0.033876 0.354080
vt 0.063440 0.339842
vt 0.142857 0.750000
vt 0.142857 0.500000
vt 0.562455 0.399562
vt 0.588109 0.379103
vt 0.142857 1.000000
vt 0.062455 0.399562
vt 0.088110 0.379103
vt 0.107143 0.750000
vt 0.107143 0.500000
vt 0.600438 0.437545
vt 0.620897 0.411890
vt 0.107143 1.000000
vt 0.100438 0.437545
vt 0.120897 0.411890
vt 0.071429 0.750000
vt 0.071429 0.500000
vt 0.645920 0.466124
vt 0.660158 0.436560
vt 0.071429 1.000000
vt 0.145920 0.466124
vt 0.160158 0.436560
vt 0.035714 0.750000
vt 0.035714 0.500000
vt 0.696622 0.483865
vt 0.703924 0.451874
vt 0.035714 1.000000
vt 0.196622 0.483865
vt 0.203924 0.451874
vt 0.000000 0.750000
vt 0.000718 0.500000
vt 0.000718 1.000000
s 1
usemtl Sand.001
f 1216/1467/1181 1222/1468/1187 1223/1469/1188 1217/1470/1182
f 1217/1471/1182 1223/1472/1188 1221/1473/1186 1215/1474/1180
f 1225/1468/1190 1219/1467/1184 1220/1475/1185 1226/1476/1191
f 1226/1477/1191 1220/1478/1185 1218/1479/1183 1224/1480/1189
f 1222/1468/1187 1228/1481/1193 1229/1482/1194 1223/1469/1188
f 1223/1472/1188 1229/1483/1194 1227/1484/1192 1221/1473/1186
f 1231/1481/1196 1225/1468/1190 1226/1476/1191 1232/1485/1197
f 1232/1486/1197 1226/1477/1191 1224/1480/1189 1230/1487/1195
f 1228/1481/1193 1234/1488/1199 1235/1489/1200 1229/1482/1194
f 1229/1483/1194 1235/1490/1200 1233/1491/1198 1227/1484/1192
f 1237/1488/1202 1231/1481/1196 1232/1485/1197 1238/1492/1203
f 1238/1493/1203 1232/1486/1197 1230/1487/1195 1236/1494/1201
f 1234/1488/1199 1240/1495/1205 1241/1496/1206 1235/1489/1200
f 1235/1490/1200 1241/1497/1206 1239/1498/1204 1233/1491/1198
f 1243/1495/1208 1237/1488/1202 1238/1492/1203 1244/1499/1209
f 1244/1500/1209 1238/1493/1203 1236/1494/1201 1242/1501/1207
f 1240/1495/1205 1246/1502/1211 1247/1503/1212 1241/1496/1206
f 1241/1497/1206 1247/1504/1212 1245/1505/1210 1239/1498/1204
f 1249/1502/1214 1243/1495/1208 1244/1499/1209 1250/1506/1215
f 1250/1507/1215 1244/1500/1209 1242/1501/1207 1248/1508/1213
f 1246/1502/1211 1252/1509/1217 1253/1510/1218 1247/1503/1212
f 1247/1504/1212 1253/1511/1218 1251/1512/1216 1245/1505/1210
f 1255/1509/1220 1249/1502/1214 1250/1506/1215 1256/1513/1221
f 1256/1514/1221 1250/1507/1215 1248/1508/1213 1254/1515/1219
f 1252/1509/1217 1258/1516/1223 1259/1517/1224 1253/1510/1218
f 1253/1511/1218 1259/1518/1224 1257/1519/1222 1251/1512/1216
f 1261/1516/1226 1255/1509/1220 1256/1513/1221 1262/1520/1227
f 1262/1521/1227 1256/1514/1221 1254/1515/1219 1260/1522/1225
f 1258/1516/1223 1264/1523/1229 1265/1524/1230 1259/1517/1224
f 1259/1518/1224 1265/1525/1230 1263/1526/1228 1257/1519/1222
f 1267/1523/1232 1261/1516/1226 1262/1520/1227 1268/1527/1233
f 1268/1528/1233 1262/1521/1227 1260/1522/1225 1266/1529/1231
f 1264/1523/1229 1270/1530/1235 1271/1531/1236 1265/1524/1230
f 1265/1525/1230 1271/1532/1236 1269/1533/1234 1263/1526/1228
f 1273/1530/1238 1267/1523/1232 1268/1527/1233 1274/1534/1239
f 1274/1535/1239 1268/1528/1233 1266/1529/1231 1272/1536/1237
f 1270/1530/1235 1276/1537/1241 1277/1538/1242 1271/1531/1236
f 1271/1532/1236 1277/1539/1242 1275/1540/1240 1269/1533/1234
f 1279/1537/1244 1273/1530/1238 1274/1534/1239 1280/1541/1245
f 1280/1542/1245 1274/1535/1239 1272/1536/1237 1278/1543/1243
f 1276/1537/1241 1282/1544/1247 1283/1545/1248 1277/1538/1242
f 1277/1539/1242 1283/1546/1248 1281/1547/1246 1275/1540/1240
f 1285/1544/1250 1279/1537/1244 1280/1541/1245 1286/1548/1251
f 1286/1549/1251 1280/1542/1245 1278/1543/1243 1284/1550/1249
f 1282/1544/1247 1288/1551/1253 1289/1552/1254 1283/1545/1248
f 1283/1546/1248 1289/1553/1254 1287/1554/1252 1281/1547/1246
f 1291/1551/1256 1285/1544/1250 1286/1548/1251 1292/1555/1257
f 1292/1556/1257 1286/1549/1251 1284/1550/1249 1290/1557/1255
f 1288/1551/1253 1294/1558/1259 1295/1559/1260 1289/1552/1254
f 1289/1553/1254 1295/1560/1260 1293/1561/1258 1287/1554/1252
f 1297/1558/1262 1291/1551/1256 1292/1555/1257 1298/1562/1263
f 1298/1563/1263 1292/1556/1257 1290/1557/1255 1296/1564/1261
f 1294/1558/1259 1300/1565/1265 1301/1566/1266 1295/1559/1260
f 1295/1560/1260 1301/1567/1266 1299/1568/1264 1293/1561/1258
f 1303/1565/1268 1297/1558/1262 1298/1562/1263 1304/1569/1269
f 1304/1570/1269 1298/1563/1263 1296/1564/1261 1302/1571/1267
f 1300/1565/1265 1306/1572/1271 1307/1573/1272 1301/1566/1266
f 1301/1567/1266 1307/1574/1272 1305/1575/1270 1299/1568/1264
f 1309/1572/1274 1303/1565/1268 1304/1569/1269 1310/1576/1275
f 1310/1577/1275 1304/1570/1269 1302/1571/1267 1308/1578/1273
f 1306/1572/1271 1312/1579/1277 1313/1580/1278 1307/1573/1272
f 1307/1574/1272 1313/1581/1278 1311/1582/1276 1305/1575/1270
f 1315/1579/1280 1309/1572/1274 1310/1576/1275 1316/1583/1281
f 1316/1584/1281 1310/1577/1275 1308/1578/1273 1314/1585/1279
f 1312/1579/1277 1318/1586/1283 1319/1587/1284 1313/1580/1278
f 1313/1581/1278 1319/1588/1284 1317/1589/1282 1311/1582/1276
f 1321/1586/1286 1315/1579/1280 1316/1583/1281 1322/1590/1287
f 1322/1591/1287 1316/1584/1281 1314/1585/1279 1320/1592/1285
f 1318/1586/1283 1324/1593/1289 1325/1594/1290 1319/1587/1284
f 1319/1588/1284 1325/1595/1290 1323/1596/1288 1317/1589/1282
f 1327/1593/1292 1321/1586/1286 1322/1590/1287 1328/1597/1293
f 1328/1598/1293 1322/1591/1287 1320/1592/1285 1326/1599/1291
f 1324/1593/1289 1330/1600/1295 1331/1601/1296 1325/1594/1290
f 1325/1595/1290 1331/1602/1296 1329/1603/1294 1323/1596/1288
f 1333/1600/1298 1327/1593/1292 1328/1597/1293 1334/1604/1299
f 1334/1605/1299 1328/1598/1293 1326/1599/1291 1332/1606/1297
f 1330/1600/1295 1336/1607/1301 1337/1608/1302 1331/1601/1296
f 1331/1602/1296 1337/1609/1302 1335/1610/1300 1329/1603/1294
f 1339/1607/1304 1333/1600/1298 1334/1604/1299 1340/1611/1305
f 1340/1612/1305 1334/1605/1299 1332/1606/1297 1338/1613/1303
f 1336/1607/1301 1342/1614/1307 1343/1615/1308 1337/1608/1302
f 1337/1609/1302 1343/1616/1308 1341/1617/1306 1335/1610/1300
f 1345/1614/1310 1339/1607/1304 1340/1611/1305 1346/1618/1311
f 1346/1619/1311 1340/1612/1305 1338/1613/1303 1344/1620/1309
f 1342/1614/1307 1348/1621/1313 1349/1622/1314 1343/1615/1308
f 1343/1616/1308 1349/1623/1314 1347/1624/1312 1341/1617/1306
f 1351/1621/1316 1345/1614/1310 1346/1618/1311 1352/1625/1317
f 1352/1626/1317 1346/1619/1311 1344/1620/1309 1350/1627/1315
f 1348/1621/1313 1354/1628/1319 1355/1629/1320 1349/1622/1314
f 1349/1623/1314 1355/1630/1320 1353/1631/1318 1347/1624/1312
f 1357/1628/1322 1351/1621/1316 1352/1625/1317 1358/1632/1323
f 1358/1633/1323 1352/1626/1317 1350/1627/1315 1356/1634/1321
f 1354/1628/1319 1360/1635/1325 1361/1636/1326 1355/1629/1320
f 1355/1630/1320 1361/1637/1326 1359/1638/1324 1353/1631/1318
f 1363/1635/1328 1357/1628/1322 1358/1632/1323 1364/1639/1329
f 1364/1640/1329 1358/1633/1323 1356/1634/1321 1362/1641/1327
f 1360/1635/1325 1366/1642/1331 1367/1643/1332 1361/1636/1326
f 1361/1637/1326 1367/1644/1332 1365/1645/1330 1359/1638/1324
f 1369/1642/1334 1363/1635/1328 1364/1639/1329 1370/1646/1335
f 1370/1647/1335 1364/1640/1329 1362/1641/1327 1368/1648/1333
f 1366/1642/1331 1372/1649/1337 1373/1650/1338 1367/1643/1332
f 1367/1644/1332 1373/1651/1338 1371/1652/1336 1365/1645/1330
f 1375/1649/1340 1369/1642/1334 1370/1646/1335 1376/1653/1341
f 1376/1654/1341 1370/1647/1335 1368/1648/1333 1374/1655/1339
f 1372/1649/1337 1378/1656/1343 1379/1657/1344 1373/1650/1338
f 1373/1651/1338 1379/1658/1344 1377/1659/1342 1371/1652/1336
f 1381/1656/1346 1375/1649/1340 1376/1653/1341 1382/1660/1347
f 1382/1661/1347 1376/1654/1341 1374/1655/1339 1380/1662/1345
f 1378/1656/1343 1216/1663/1181 1217/1664/1182 1379/1657/1344
f 1379/1658/1344 1217/1471/1182 1215/1474/1180 1377/1659/1342
f 1219/1663/1184 1381/1656/1346 1382/1660/1347 1220/1665/1185
f 1220/1478/1185 1382/1661/1347 1380/1662/1345 1218/1479/1183
f 1215/1474/1180 1221/1473/1186 1227/1484/1192 1233/1491/1198 1239/1498/1204 1245/1505/1210 1251/1512/1216 1257/1519/1222 1263/1526/1228 1269/1533/1234 1275/1540/1240 1281/1547/1246 1287/1554/1252 1293/1561/1258 1299/1568/1264 1305/1575/1270 1311/1582/1276 1317/1589/1282 1323/1596/1288 1329/1603/1294 1335/1610/1300 1341/1617/1306 1347/1624/1312 1353/1631/1318 1359/1638/1324 1365/1645/1330 1371/1652/1336 1377/1659/1342
f 1216/1467/1181 1219/1467/1184 1225/1468/1190 1222/1468/1187
f 1378/1656/1343 1381/1656/1346 1219/1663/1184 1216/1663/1181
f 1224/1480/1189 1218/1479/1183 1380/1662/1345 1374/1655/1339 1368/1648/1333 1362/1641/1327 1356/1634/1321 1350/1627/1315 1344/1620/1309 1338/1613/1303 1332/1606/1297 1326/1599/1291 1320/1592/1285 1314/1585/1279 1308/1578/1273 1302/1571/1267 1296/1564/1261 1290/1557/1255 1284/1550/1249 1278/1543/1243 1272/1536/1237 1266/1529/1231 1260/1522/1225 1254/1515/1219 1248/1508/1213 1242/1501/1207 1236/1494/1201 1230/1487/1195
f 1222/1468/1187 1225/1468/1190 1231/1481/1196 1228/1481/1193
f 1228/1481/1193 1231/1481/1196 1237/1488/1202 1234/1488/1199
f 1234/1488/1199 1237/1488/1202 1243/1495/1208 1240/1495/1205
f 1240/1495/1205 1243/1495/1208 1249/1502/1214 1246/1502/1211
f 1246/1502/1211 1249/1502/1214 1255/1509/1220 1252/1509/1217
f 1252/1509/1217 1255/1509/1220 1261/1516/1226 1258/1516/1223
f 1258/1516/1223 1261/1516/1226 1267/1523/1232 1264/1523/1229
f 1264/1523/1229 1267/1523/1232 1273/1530/1238 1270/1530/1235
f 1270/1530/1235 1273/1530/1238 1279/1537/1244 1276/1537/1241
f 1276/1537/1241 1279/1537/1244 1285/1544/1250 1282/1544/1247
f 1282/1544/1247 1285/1544/1250 1291/1551/1256 1288/1551/1253
f 1288/1551/1253 1291/1551/1256 1297/1558/1262 1294/1558/1259
f 1294/1558/1259 1297/1558/1262 1303/1565/1268 1300/1565/1265
f 1300/1565/1265 1303/1565/1268 1309/1572/1274 1306/1572/1271
f 1306/1572/1271 1309/1572/1274 1315/1579/1280 1312/1579/1277
f 1312/1579/1277 1315/1579/1280 1321/1586/1286 1318/1586/1283
f 1318/1586/1283 1321/1586/1286 1327/1593/1292 1324/1593/1289
f 1324/1593/1289 1327/1593/1292 1333/1600/1298 1330/1600/1295
f 1330/1600/1295 1333/1600/1298 1339/1607/1304 1336/1607/1301
f 1336/1607/1301 1339/1607/1304 1345/1614/1310 1342/1614/1307
f 1342/1614/1307 1345/1614/1310 1351/1621/1316 1348/1621/1313
f 1348/1621/1313 1351/1621/1316 1357/1628/1322 1354/1628/1319
f 1354/1628/1319 1357/1628/1322 1363/1635/1328 1360/1635/1325
f 1360/1635/1325 1363/1635/1328 1369/1642/1334 1366/1642/1331
f 1366/1642/1331 1369/1642/1334 1375/1649/1340 1372/1649/1337
f 1372/1649/1337 1375/1649/1340 1381/1656/1346 1378/1656/1343
o Cylinder.003
v -4.200000 -2.888000 0.000000
v -4.200000 -2.888000 0.495000
v -4.262225 -2.862225 0.000000
v -4.262225 -2.862225 0.495000
v -4.288000 -2.800000 0.000000
v -4.288000 -2.800000 0.495000
v -4.262225 -2.737775 0.000000
v -4.262225 -2.737775 0.495000
v -4.200000 -2.712000 0.000000
v -4.200000 -2.712000 0.495000
v -4.137774 -2.737775 0.000000
v -4.137774 -2.737775 0.495000
v -4.112000 -2.800000 0.000000
v -4.112000 -2.800000 0.495000
v -4.137774 -2.862225 0.000000
v -4.137774 -2.862225 0.495000
vn -0.0000 -0.7764 -0.6303
vn -0.0000 -0.7764 0.6303
vn -0.5490 -0.5490 -0.6303
vn -0.5490 -0.5490 0.6303
vn -0.7764 -0.0000 -0.6303
vn -0.7764 -0.0000 0.6303
vn -0.5490 0.5490 -0.6303
vn -0.5490 0.5490 0.6303
vn -0.0000 0.7764 -0.6303
vn -0.0000 0.7764 0.6303
vn 0.5490 0.5490 -0.6303
vn 0.5490 0.5490 0.6303
vn 0.7764 -0.0000 -0.6303
vn 0.7764 -0.0000 0.6303
vn 0.5490 -0.5490 -0.6303
vn 0.5490 -0.5490 0.6303
vt 1.000000 0.500000
vt 1.000000 1.000000
vt 0.875000 1.000000
vt 0.875000 0.500000
vt 0.750000 1.000000
vt 0.750000 0.500000
vt 0.625000 1.000000
vt 0.625000 0.500000
vt 0.500000 1.000000
vt 0.500000 0.500000
vt 0.375000 1.000000
vt 0.375000 0.500000
vt 0.250000 1.000000
vt 0.250000 0.500000
vt 0.419706 0.419706
vt 0.250000 0.490000
vt 0.080294 0.419706
vt 0.010000 0.250000
vt 0.080294 0.080294
vt 0.250000 0.010000
vt 0.419706 0.080294
vt 0.490000 0.250000
vt 0.125000 1.000000
vt 0.125000 0.500000
vt 0.000000 1.000000
vt 0.000000 0.500000
vt 0.750000 0.490000
vt 0.919706 0.419706
vt 0.990000 0.250000
vt 0.919706 0.080294
vt 0.750000 0.010000
vt 0.580294 0.080294
vt 0.510000 0.250000
vt 0.580294 0.419706
s 1
usemtl Trunk.001
f 1383/1666/1348 1384/1667/1349 1386/1668/1351 1385/1669/1350
f 1385/1669/1350 1386/1668/1351 1388/1670/1353 1387/1671/1352
f 1387/1671/1352 1388/1670/1353 1390/1672/1355 1389/1673/1354
f 1389/1673/1354 1390/1672/1355 1392/1674/1357 1391/1675/1356
f 1391/1675/1356 1392/1674/1357 1394/1676/1359 1393/1677/1358
f 1393/1677/1358 1394/1676/1359 1396/1678/1361 1395/1679/1360
f 1386/1680/1351 1384/1681/1349 1398/1682/1363 1396/1683/1361 1394/1684/1359 1392/1685/1357 1390/1686/1355 1388/1687/1353
f 1395/1679/1360 1396/1678/1361 1398/1688/1363 1397/1689/1362
f 1397/1689/1362 1398/1688/1363 1384/1690/1349 1383/1691/1348
f 1383/1692/1348 1385/1693/1350 1387/1694/1352 1389/1695/1354 1391/1696/1356 1393/1697/1358 1395/1698/1360 1397/1699/1362
o Cone.003
v -4.200000 -3.350000 0.357500
v -4.553533 -3.221324 0.357500
v -4.741644 -2.895506 0.357500
v -4.676314 -2.525000 0.357500
v -4.388111 -2.283169 0.357500
v -4.011889 -2.283169 0.357500
v -3.723686 -2.525000 0.357500
v -3.658355 -2.895506 0.357500
v -3.846467 -3.221324 0.357500
v -4.200000 -2.800000 0.907500
vn -0.0000 -0.9453 -0.3261
vn -0.6077 -0.7242 -0.3261
vn -0.9310 -0.1642 -0.3261
vn -0.8187 0.4727 -0.3261
vn -0.3233 0.8883 -0.3261
vn 0.3233 0.8883 -0.3261
vn 0.8187 0.4727 -0.3261
vn 0.9310 -0.1642 -0.3261
vn 0.6077 -0.7242 -0.3261
vn -0.0000 -0.0000 1.0000
vt 0.250000 0.490000
vt 0.250000 0.250000
vt 0.404269 0.433851
vt 0.486354 0.291676
vt 0.457846 0.130000
vt 0.332085 0.024474
vt 0.167915 0.024474
vt 0.042154 0.130000
vt 0.013646 0.291676
vt 0.750000 0.490000
vt 0.904269 0.433851
vt 0.986354 0.291676
vt 0.957846 0.130000
vt 0.832085 0.024474
vt 0.667915 0.024474
vt 0.542154 0.130000
vt 0.513646 0.291676
vt 0.595731 0.433851
vt 0.095731 0.433851
s 1
usemtl Leaf.003
f 1399/1700/1364 1408/1701/1373 1400/1702/1365
f 1400/1702/1365 1408/1701/1373 1401/1703/1366
f 1401/1703/1366 1408/1701/1373 1402/1704/1367
f 1402/1704/1367 1408/1701/1373 1403/1705/1368
f 1403/1705/1368 1408/1701/1373 1404/1706/1369
f 1404/1706/1369 1408/1701/1373 1405/1707/1370
f 1405/1707/1370 1408/1701/1373 1406/1708/1371
f 1399/1709/1364 1400/1710/1365 1401/1711/1366 1402/1712/1367 1403/1713/1368 1404/1714/1369 1405/1715/1370 1406/1716/1371 1407/1717/1372
f 1406/1708/1371 1408/1701/1373 1407/1718/1372
f 1407/1718/1372 1408/1701/1373 1399/1700/1364
o Cone.004
v -4.200000 -3.229000 0.687500
v -4.475756 -3.128633 0.687500
v -4.622482 -2.874495 0.687500
v -4.571525 -2.585500 0.687500
v -4.346726 -2.396872 0.687500
v -4.053273 -2.396872 0.687500
v -3.828475 -2.585500 0.687500
v -3.777517 -2.874495 0.687500
v -3.924244 -3.128633 0.687500
v -4.200000 -2.800000 1.237500
vn -0.0000 -0.9265 -0.3764
vn -0.5955 -0.7097 -0.3764
vn -0.9124 -0.1609 -0.3764
vn -0.8023 0.4632 -0.3764
vn -0.3169 0.8706 -0.3764
vn 0.3169 0.8706 -0.3764
vn 0.8023 0.4632 -0.3764
vn 0.9124 -0.1609 -0.3764
vn 0.5955 -0.7097 -0.3764
vn -0.0000 -0.0000 1.0000
vt 0.250000 0.490000
vt 0.250000 0.250000
vt 0.404269 0.433851
vt 0.486354 0.291676
vt 0.457846 0.130000
vt 0.332085 0.024474
vt 0.167915 0.024474
vt 0.042154 0.130000
vt 0.013646 0.291676
vt 0.750000 0.490000
vt 0.904269 0.433851
vt 0.986354 0.291676
vt 0.957846 0.130000
vt 0.832085 0.024474
vt 0.667915 0.024474
vt 0.542154 0.130000
vt 0.513646 0.291676
vt 0.595731 0.433851
vt 0.095731 0.433851
s 1
usemtl Leaf.004
f 1409/1719/1374 1418/1720/1383 1410/1721/1375
f 1410/1721/1375 1418/1720/1383 1411/1722/1376
f 1411/1722/1376 1418/1720/1383 1412/1723/1377
f 1412/1723/1377 1418/1720/1383 1413/1724/1378
f 1413/1724/1378 1418/1720/1383 1414/1725/1379
f 1414/1725/1379 1418/1720/1383 1415/1726/1380
f 1415/1726/1380 1418/1720/1383 1416/1727/1381
f 1409/1728/1374 1410/1729/1375 1411/1730/1376 1412/1731/1377 1413/1732/1378 1414/1733/1379 1415/1734/1380 1416/1735/1381 1417/1736/1382
f 1416/1727/1381 1418/1720/1383 1417/1737/1382
f 1417/1737/1382 1418/1720/1383 1409/1719/1374
o Cone.005
v -4.200000 -3.075000 0.990000
v -4.376766 -3.010662 0.990000
v -4.470822 -2.847753 0.990000
v -4.438157 -2.662500 0.990000
v -4.294055 -2.541584 0.990000
v -4.105944 -2.541584 0.990000
v -3.961843 -2.662500 0.990000
v -3.929178 -2.847753 0.990000
v -4.023233 -3.010662 0.990000
v -4.200000 -2.800000 1.540000
vn -0.0000 -0.8896 -0.4568
vn -0.5718 -0.6814 -0.4568
vn -0.8760 -0.1545 -0.4568
vn -0.7704 0.4448 -0.4568
vn -0.3042 0.8359 -0.4568
vn 0.3042 0.8359 -0.4568
vn 0.7704 0.4448 -0.4568
vn 0.8760 -0.1545 -0.4568
vn 0.5718 -0.6814 -0.4568
vn -0.0000 -0.0000 1.0000
vt 0.250000 0.490000
vt 0.250000 0.250000
vt 0.404269 0.433851
vt 0.486354 0.291676
vt 0.457846 0.130000
vt 0.332085 0.024474
vt 0.167915 0.024474
vt 0.042154 0.130000
vt 0.013646 0.291676
vt 0.750000 0.490000
vt 0.904269 0.433851
vt 0.986354 0.291676
vt 0.957846 0.130000
vt 0.832085 0.024474
vt 0.667915 0.024474
vt 0.542154 0.130000
vt 0.513646 0.291676
vt 0.595731 0.433851
vt 0.095731 0.433851
s 1
usemtl Leaf.005
f 1419/1738/1384 1428/1739/1393 1420/1740/1385
f 1420/1740/1385 1428/1739/1393 1421/1741/1386
f 1421/1741/1386 1428/1739/1393 1422/1742/1387
f 1422/1742/1387 1428/1739/1393 1423/1743/1388
f 1423/1743/1388 1428/1739/1393 1424/1744/1389
f 1424/1744/1389 1428/1739/1393 1425/1745/1390
f 1425/1745/1390 1428/1739/1393 1426/1746/1391
f 1419/1747/1384 1420/1748/1385 1421/1749/1386 1422/1750/1387 1423/1751/1388 1424/1752/1389 1425/1753/1390 1426/1754/1391 1427/1755/1392
f 1426/1746/1391 1428/1739/1393 1427/1756/1392
f 1427/1756/1392 1428/1739/1393 1419/1738/1384
o Cylinder.004
v 3.800000 1.350949 -0.010000
v 3.800000 1.200000 0.140000
v 3.800000 1.244212 0.033934
v 3.800000 1.350949 0.290000
v 3.800000 1.200000 0.140000
v 3.800000 1.244212 0.246066
v 3.566564 1.377251 -0.010000
v 3.532975 1.230087 0.140000
v 3.542813 1.273190 0.033934
v 3.566564 1.377251 0.290000
v 3.532975 1.230087 0.140000
v 3.542813 1.273190 0.246066
v 3.344834 1.454838 -0.010000
v 3.279339 1.318837 0.140000
v 3.298522 1.358671 0.033934
v 3.344834 1.454838 0.290000
v 3.279339 1.318837 0.140000
v 3.298522 1.358671 0.246066
v 3.145927 1.579819 -0.010000
v 3.051812 1.461802 0.140000
v 3.079378 1.496369 0.033934
v 3.145927 1.579819 0.290000
v 3.051812 1.461802 0.140000
v 3.079378 1.496369 0.246066
v 2.979819 1.745928 -0.010000
v 2.861802 1.651812 0.140000
v 2.896369 1.679378 0.033934
v 2.979819 1.745928 0.290000
v 2.861802 1.651812 0.140000
v 2.896369 1.679378 0.246066
v 2.854838 1.944834 -0.010000
v 2.718837 1.879340 0.140000
v 2.758671 1.898522 0.033934
v 2.854838 1.944834 0.290000
v 2.718837 1.879340 0.140000
v 2.758671 1.898522 0.246066
v 2.777251 2.166564 -0.010000
v 2.630086 2.132975 0.140000
v 2.673190 2.142813 0.033934
v 2.777251 2.166564 0.290000
v 2.630086 2.132975 0.140000
v 2.673190 2.142813 0.246066
v 2.750949 2.400000 -0.010000
v 2.600000 2.400000 0.140000
v 2.644212 2.400000 0.033934
v 2.750949 2.400000 0.290000
v 2.600000 2.400000 0.140000
v 2.644212 2.400000 0.246066
v 2.777251 2.633436 -0.010000
v 2.630086 2.667025 0.140000
v 2.673190 2.657187 0.033934
v 2.777251 2.633436 0.290000
v 2.630086 2.667025 0.140000
v 2.673190 2.657187 0.246066
v 2.854838 2.855166 -0.010000
v 2.718837 2.920660 0.140000
v 2.758671 2.901478 0.033934
v 2.854838 2.855166 0.290000
v 2.718837 2.920660 0.140000
v 2.758671 2.901478 0.246066
v 2.979819 3.054073 -0.010000
v 2.861802 3.148188 0.140000
v 2.896369 3.120622 0.033934
v 2.979819 3.054072 0.290000
v 2.861802 3.148188 0.140000
v 2.896369 3.120622 0.246066
v 3.145927 3.220181 -0.010000
v 3.051812 3.338198 0.140000
v 3.079378 3.303632 0.033934
v 3.145927 3.220181 0.290000
v 3.051812 3.338198 0.140000
v 3.079378 3.303632 0.246066
v 3.344834 3.345162 -0.010000
v 3.279339 3.481163 0.140000
v 3.298522 3.441329 0.033934
v 3.344834 3.345162 0.290000
v 3.279339 3.481163 0.140000
v 3.298522 3.441329 0.246066
v 3.566564 3.422749 -0.010000
v 3.532975 3.569914 0.140000
v 3.542813 3.526810 0.033934
v 3.566564 3.422749 0.290000
v 3.532975 3.569914 0.140000
v 3.542813 3.526810 0.246066
v 3.800000 3.449051 -0.010000
v 3.800000 3.600000 0.140000
v 3.800000 3.555788 0.033934
v 3.800000 3.449051 0.290000
v 3.800000 3.600000 0.140000
v 3.800000 3.555788 0.246066
v 4.033436 3.422749 -0.010000
v 4.067025 3.569914 0.140000
v 4.057187 3.526810 0.033934
v 4.033436 3.422749 0.290000
v 4.067025 3.569914 0.140000
v 4.057187 3.526810 0.246066
v 4.255166 3.345162 -0.010000
v 4.320661 3.481163 0.140000
v 4.301477 3.441329 0.033934
v 4.255166 3.345162 0.290000
v 4.320661 3.481163 0.140000
v 4.301477 3.441329 0.246066
v 4.454072 3.220181 -0.010000
v 4.548188 3.338198 0.140000
v 4.520622 3.303632 0.033934
v 4.454072 3.220181 0.290000
v 4.548188 3.338198 0.140000
v 4.520622 3.303632 0.246066
v 4.620181 3.054072 -0.010000
v 4.738198 3.148188 0.140000
v 4.703631 3.120622 0.033934
v 4.620181 3.054073 0.290000
v 4.738198 3.148188 0.140000
v 4.703631 3.120622 0.246066
v 4.745162 2.855166 -0.010000
v 4.881163 2.920660 0.140000
v 4.841329 2.901478 0.033934
v 4.745162 2.855166 0.290000
v 4.881163 2.920660 0.140000
v 4.841329 2.901478 0.246066
v 4.822749 2.633436 -0.010000
v 4.969913 2.667025 0.140000
v 4.926810 2.657187 0.033934
v 4.822749 2.633436 0.290000
v 4.969913 2.667025 0.140000
v 4.926810 2.657187 0.246066
v 4.849051 2.400000 -0.010000
v 5.000000 2.400000 0.140000
v 4.955788 2.400000 0.033934
v 4.849051 2.400000 0.290000
v 5.000000 2.400000 0.140000
v 4.955788 2.400000 0.246066
v 4.822749 2.166564 -0.010000
v 4.969913 2.132975 0.140000
v 4.926810 2.142813 0.033934
v 4.822749 2.166564 0.290000
v 4.969913 2.132975 0.140000
v 4.926810 2.142813 0.246066
v 4.745162 1.944834 -0.010000
v 4.881163 1.879340 0.140000
v 4.841329 1.898522 0.033934
v 4.745162 1.944834 0.290000
v 4.881163 1.879340 0.140000
v 4.841329 1.898522 0.246066
v 4.620181 1.745928 -0.010000
v 4.738198 1.651812 0.140000
v 4.703631 1.679378 0.033934
v 4.620181 1.745928 0.290000
v 4.738198 1.651812 0.140000
v 4.703631 1.679378 0.246066
v 4.454072 1.579819 -0.010000
v 4.548188 1.461802 0.140000
v 4.520622 1.496369 0.033934
v 4.454072 1.579819 0.290000
v 4.548188 1.461802 0.140000
v 4.520622 1.496369 0.246066
v 4.255166 1.454838 -0.010000
v 4.320661 1.318837 0.140000
v 4.301477 1.358671 0.033934
v 4.255166 1.454838 0.290000
v 4.320661 1.318837 0.140000
v 4.301477 1.358671 0.246066
v 4.033436 1.377251 -0.010000
v 4.067025 1.230087 0.140000
v 4.057187 1.273190 0.033934
v 4.033436 1.377251 0.290000
v 4.067025 1.230087 0.140000
v 4.057187 1.273190 0.246066
vn -0.0000 -0.2073 -0.9783
vn -0.0000 -0.8180 0.5752
vn -0.0000 -0.7187 -0.6953
vn -0.0000 -0.2073 0.9783
vn -0.0000 -0.5454 0.8382
vn -0.0000 -0.7187 0.6953
vn -0.0461 -0.2021 -0.9783
vn -0.1820 -0.7975 0.5752
vn -0.1599 -0.7007 -0.6953
vn -0.0461 -0.2021 0.9783
vn -0.1214 -0.5317 0.8382
vn -0.1599 -0.7007 0.6953
vn -0.0899 -0.1867 -0.9783
vn -0.3549 -0.7370 0.5752
vn -0.3118 -0.6476 -0.6953
vn -0.0899 -0.1867 0.9783
vn -0.2366 -0.4914 0.8382
vn -0.3118 -0.6476 0.6953
vn -0.1292 -0.1620 -0.9783
vn -0.5100 -0.6396 0.5752
vn -0.4481 -0.5619 -0.6953
vn -0.1292 -0.1620 0.9783
vn -0.3401 -0.4264 0.8382
vn -0.4481 -0.5619 0.6953
vn -0.1620 -0.1292 -0.9783
vn -0.6396 -0.5100 0.5752
vn -0.5619 -0.4481 -0.6953
vn -0.1620 -0.1292 0.9783
vn -0.4264 -0.3401 0.8382
vn -0.5619 -0.4481 0.6953
vn -0.1867 -0.0899 -0.9783
vn -0.7370 -0.3549 0.5752
vn -0.6476 -0.3118 -0.6953
vn -0.1867 -0.0899 0.9783
vn -0.4914 -0.2366 0.8382
vn -0.6476 -0.3118 0.6953
vn -0.2021 -0.0461 -0.9783
vn -0.7975 -0.1820 0.5752
vn -0.7007 -0.1599 -0.6953
vn -0.2021 -0.0461 0.9783
vn -0.5317 -0.1214 0.8382
vn -0.7007 -0.1599 0.6953
vn -0.2073 -0.0000 -0.9783
vn -0.8180 -0.0000 0.5752
vn -0.7187 -0.0000 -0.6953
vn -0.2073 -0.0000 0.9783
vn -0.5454 -0.0000 0.8382
vn -0.7187 -0.0000 0.6953
vn -0.2021 0.0461 -0.9783
vn -0.7975 0.1820 0.5752
vn -0.7007 0.1599 -0.6953
vn -0.2021 0.0461 0.9783
vn -0.5317 0.1214 0.8382
vn -0.7007 0.1599 0.6953
vn -0.1867 0.0899 -0.9783
vn -0.7370 0.3549 0.5752
vn -0.6476 0.3118 -0.6953
vn -0.1867 0.0899 0.9783
vn -0.4914 0.2366 0.8382
vn -0.6476 0.3118 0.6953
vn -0.1620 0.1292 -0.9783
vn -0.6396 0.5100 0.5752
vn -0.5619 0.4481 -0.6953
vn -0.1620 0.1292 0.9783
vn -0.4264 0.3401 0.8382
vn -0.5619 0.4481 0.6953
vn -0.1292 0.1620 -0.9783
vn -0.5100 0.6396 0.5752
vn -0.4481 0.5619 -0.6953
vn -0.1292 0.1620 0.9783
vn -0.3401 0.4264 0.8382
vn -0.4481 0.5619 0.6953
vn -0.0899 0.1867 -0.9783
vn -0.3549 0.7370 0.5752
vn -0.3118 0.6476 -0.6953
vn -0.0899 0.1867 0.9783
vn -0.2366 0.4914 0.8382
vn -0.3118 0.6476 0.6953
vn -0.0461 0.2021 -0.9783
vn -0.1820 0.7975 0.5752
vn -0.1599 0.7007 -0.6953
vn -0.0461 0.2021 0.9783
vn -0.1214 0.5317 0.8382
vn -0.1599 0.7007 0.6953
vn -0.0000 0.2073 -0.9783
vn -0.0000 0.8180 0.5752
vn -0.0000 0.7187 -0.6953
vn -0.0000 0.2073 0.9783
vn -0.0000 0.5454 0.8382
vn -0.0000 0.7187 0.6953
vn 0.0461 0.2021 -0.9783
vn 0.1820 0.7975 0.5752
vn 0.1599 0.7007 -0.6953
vn 0.0461 0.2021 0.9783
vn 0.1214 0.5317 0.8382
vn 0.1599 0.7007 0.6953
vn 0.0899 0.1867 -0.9783
vn 0.3549 0.7370 0.5752
vn 0.3118 0.6476 -0.6953
vn 0.0899 0.1867 0.9783
vn 0.2366 0.4914 0.8382
vn 0.3118 0.6476 0.6953
vn 0.1292 0.1620 -0.9783
vn 0.5100 0.6396 0.5752
vn 0.4481 0.5619 -0.6953
vn 0.1292 0.1620 0.9783
vn 0.3401 0.4264 0.8382
vn 0.4481 0.5619 0.6953
vn 0.1620 0.1292 -0.9783
vn 0.6396 0.5100 0.5752
vn 0.5619 0.4481 -0.6953
vn 0.1620 0.1292 0.9783
vn 0.4264 0.3401 0.8382
vn 0.5619 0.4481 0.6953
vn 0.1867 0.0899 -0.9783
vn 0.7370 0.3549 0.5752
vn 0.6476 0.3118 -0.6953
vn 0.1867 0.0899 0.9783
vn 0.4914 0.2366 0.8382
vn 0.6476 0.3118 0.6953
vn 0.2021 0.0461 -0.9783
vn 0.7975 0.1820 0.5752
vn 0.7007 0.1599 -0.6953
vn 0.2021 0.0461 0.9783
vn 0.5317 0.1214 0.8382
vn 0.7007 0.1599 0.6953
vn 0.2073 -0.0000 -0.9783
vn 0.8180 -0.0000 0.5752
vn 0.7187 -0.0000 -0.6953
vn 0.2073 -0.0000 0.9783
vn 0.5454 -0.0000 0.8382
vn 0.7187 -0.0000 0.6953
vn 0.2021 -0.0461 -0.9783
vn 0.7975 -0.1820 0.5752
vn 0.7007 -0.1599 -0.6953
vn 0.2021 -0.0461 0.9783
vn 0.5317 -0.1214 0.8382
vn 0.7007 -0.1599 0.6953
vn 0.1867 -0.0899 -0.9783
vn 0.7370 -0.3549 0.5752
vn 0.6476 -0.3118 -0.6953
vn 0.1867 -0.0899 0.9783
vn 0.4914 -0.2366 0.8382
vn 0.6476 -0.3118 0.6953
vn 0.1620 -0.1292 -0.9783
vn 0.6396 -0.5100 0.5752
vn 0.5619 -0.4481 -0.6953
vn 0.1620 -0.1292 0.9783
vn 0.4264 -0.3401 0.8382
vn 0.5619 -0.4481 0.6953
vn 0.1292 -0.1620 -0.9783
vn 0.5100 -0.6396 0.5752
vn 0.4481 -0.5619 -0.6953
vn 0.1292 -0.1620 0.9783
vn 0.3401 -0.4264 0.8382
vn 0.4481 -0.5619 0.6953
vn 0.0899 -0.1867 -0.9783
vn 0.3549 -0.7370 0.5752
vn 0.3118 -0.6476 -0.6953
vn 0.0899 -0.1867 0.9783
vn 0.2366 -0.4914 0.8382
vn 0.3118 -0.6476 0.6953
vn 0.0461 -0.2021 -0.9783
vn 0.1820 -0.7975 0.5752
vn 0.1599 -0.7007 -0.6953
vn 0.0461 -0.2021 0.9783
vn 0.1214 -0.5317 0.8382
vn 0.1599 -0.7007 0.6953
vt 1.000000 0.750000
vt 0.964286 0.750000
vt 0.964286 0.500000
vt 0.999342 0.500000
vt 0.750000 0.489889
vt 0.803380 0.483875
vt 0.796687 0.454550
vt 0.750000 0.459810
vt 0.999342 1.000000
vt 0.964286 1.000000
vt 0.303380 0.483875
vt 0.250000 0.489889
vt 0.250000 0.459810
vt 0.296687 0.454550
vt 0.928571 0.750000
vt 0.928571 0.500000
vt 0.854084 0.466133
vt 0.841033 0.439032
vt 0.928571 1.000000
vt 0.354084 0.466133
vt 0.341033 0.439032
vt 0.892857 0.750000
vt 0.892857 0.500000
vt 0.899568 0.437553
vt 0.880814 0.414036
vt 0.892857 1.000000
vt 0.399568 0.437553
vt 0.380814 0.414036
vt 0.857143 0.750000
vt 0.857143 0.500000
vt 0.937553 0.399568
vt 0.914036 0.380814
vt 0.857143 1.000000
vt 0.437553 0.399568
vt 0.414036 0.380815
vt 0.821429 0.750000
vt 0.821429 0.500000
vt 0.966133 0.354084
vt 0.939032 0.341033
vt 0.821429 1.000000
vt 0.466133 0.354084
vt 0.439032 0.341033
vt 0.785714 0.750000
vt 0.785714 0.500000
vt 0.983875 0.303380
vt 0.954549 0.296687
vt 0.785714 1.000000
vt 0.483875 0.303380
vt 0.454550 0.296687
vt 0.750000 0.750000
vt 0.750000 0.500000
vt 0.989889 0.250000
vt 0.959810 0.250000
vt 0.750000 1.000000
vt 0.489889 0.250000
vt 0.459810 0.250000
vt 0.714286 0.750000
vt 0.714286 0.500000
vt 0.983875 0.196620
vt 0.954549 0.203313
vt 0.714286 1.000000
vt 0.483875 0.196620
vt 0.454550 0.203313
vt 0.678572 0.750000
vt 0.678572 0.500000
vt 0.966133 0.145916
vt 0.939032 0.158967
vt 0.678572 1.000000
vt 0.466133 0.145916
vt 0.439032 0.158967
vt 0.642857 0.750000
vt 0.642857 0.500000
vt 0.937553 0.100432
vt 0.914036 0.119185
vt 0.642857 1.000000
vt 0.437553 0.100432
vt 0.414036 0.119186
vt 0.607143 0.750000
vt 0.607143 0.500000
vt 0.899568 0.062447
vt 0.880814 0.085964
vt 0.607143 1.000000
vt 0.399568 0.062447
vt 0.380815 0.085964
vt 0.571429 0.750000
vt 0.571429 0.500000
vt 0.854084 0.033867
vt 0.841033 0.060968
vt 0.571429 1.000000
vt 0.354084 0.033867
vt 0.341033 0.060968
vt 0.535715 0.750000
vt 0.535715 0.500000
vt 0.803380 0.016125
vt 0.796687 0.045450
vt 0.535715 1.000000
vt 0.303380 0.016125
vt 0.296687 0.045450
vt 0.500000 0.750000
vt 0.500000 0.500000
vt 0.750000 0.010111
vt 0.750000 0.040190
vt 0.500000 1.000000
vt 0.250000 0.010111
vt 0.250000 0.040190
vt 0.464286 0.750000
vt 0.464286 0.500000
vt 0.696620 0.016125
vt 0.703313 0.045450
vt 0.464286 1.000000
vt 0.196620 0.016125
vt 0.203313 0.045450
vt 0.428572 0.750000
vt 0.428572 0.500000
vt 0.645916 0.033867
vt 0.658967 0.060968
vt 0.428572 1.000000
vt 0.145916 0.033867
vt 0.158967 0.060968
vt 0.392857 0.750000
vt 0.392857 0.500000
vt 0.600432 0.062447
vt 0.619185 0.085964
vt 0.392857 1.000000
vt 0.100432 0.062447
vt 0.119186 0.085964
vt 0.357143 0.750000
vt 0.357143 0.500000
vt 0.562447 0.100432
vt 0.585964 0.119186
vt 0.357143 1.000000
vt 0.062447 0.100432
vt 0.085964 0.119185
vt 0.321429 0.750000
vt 0.321429 0.500000
vt 0.533867 0.145916
vt 0.560968 0.158967
vt 0.321429 1.000000
vt 0.033867 0.145916
vt 0.060968 0.158967
vt 0.285714 0.750000
vt 0.285714 0.500000
vt 0.516125 0.196620
vt 0.545450 0.203313
vt 0.285714 1.000000
vt 0.016125 0.196620
vt 0.045450 0.203313
vt 0.250000 0.750000
vt 0.250000 0.500000
vt 0.510111 0.250000
vt 0.540190 0.250000
vt 0.250000 1.000000
vt 0.010111 0.250000
vt 0.040190 0.250000
vt 0.214286 0.750000
vt 0.214286 0.500000
vt 0.516125 0.303380
vt 0.545450 0.296687
vt 0.214286 1.000000
vt 0.016125 0.303380
vt 0.045450 0.296687
vt 0.178572 0.750000
vt 0.178572 0.500000
vt 0.533867 0.354084
vt 0.560968 0.341033
vt 0.178572 1.000000
vt 0.033867 0.354084
vt 0.060968 0.341033
vt 0.142857 0.750000
vt 0.142857 0.500000
vt 0.562447 0.399568
vt 0.585964 0.380815
vt 0.142857 1.000000
vt 0.062447 0.399568
vt 0.085964 0.380814
vt 0.107143 0.750000
vt 0.107143 0.500000
vt 0.600432 0.437553
vt 0.619186 0.414036
vt 0.107143 1.000000
vt 0.100432 0.437553
vt 0.119185 0.414036
vt 0.071429 0.750000
vt 0.071429 0.500000
vt 0.645916 0.466133
vt 0.658967 0.439032
vt 0.071429 1.000000
vt 0.145916 0.466133
vt 0.158967 0.439032
vt 0.035714 0.750000
vt 0.035714 0.500000
vt 0.696620 0.483875
vt 0.703313 0.454550
vt 0.035714 1.000000
vt 0.196620 0.483875
vt 0.203313 0.454550
vt 0.000000 0.750000
vt 0.000658 0.500000
vt 0.000658 1.000000
s 1
usemtl Sand.002
f 1430/1757/1395 1436/1758/1401 1437/1759/1402 1431/1760/1396
f 1431/1761/1396 1437/1762/1402 1435/1763/1400 1429/1764/1394
f 1439/1758/1404 1433/1757/1398 1434/1765/1399 1440/1766/1405
f 1440/1767/1405 1434/1768/1399 1432/1769/1397 1438/1770/1403
f 1436/1758/1401 1442/1771/1407 1443/1772/1408 1437/1759/1402
f 1437/1762/1402 1443/1773/1408 1441/1774/1406 1435/1763/1400
f 1445/1771/1410 1439/1758/1404 1440/1766/1405 1446/1775/1411
f 1446/1776/1411 1440/1767/1405 1438/1770/1403 1444/1777/1409
f 1442/1771/1407 1448/1778/1413 1449/1779/1414 1443/1772/1408
f 1443/1773/1408 1449/1780/1414 1447/1781/1412 1441/1774/1406
f 1451/1778/1416 1445/1771/1410 1446/1775/1411 1452/1782/1417
f 1452/1783/1417 1446/1776/1411 1444/1777/1409 1450/1784/1415
f 1448/1778/1413 1454/1785/1419 1455/1786/1420 1449/1779/1414
f 1449/1780/1414 1455/1787/1420 1453/1788/1418 1447/1781/1412
f 1457/1785/1422 1451/1778/1416 1452/1782/1417 1458/1789/1423
f 1458/1790/1423 1452/1783/1417 1450/1784/1415 1456/1791/1421
f 1454/1785/1419 1460/1792/1425 1461/1793/1426 1455/1786/1420
f 1455/1787/1420 1461/1794/1426 1459/1795/1424 1453/1788/1418
f 1463/1792/1428 1457/1785/1422 1458/1789/1423 1464/1796/1429
f 1464/1797/1429 1458/1790/1423 1456/1791/1421 1462/1798/1427
f 1460/1792/1425 1466/1799/1431 1467/1800/1432 1461/1793/1426
f 1461/1794/1426 1467/1801/1432 1465/1802/1430 1459/1795/1424
f 1469/1799/1434 1463/1792/1428 1464/1796/1429 1470/1803/1435
f 1470/1804/1435 1464/1797/1429 1462/1798/1427 1468/1805/1433
f 1466/1799/1431 1472/1806/1437 1473/1807/1438 1467/1800/1432
f 1467/1801/1432 1473/1808/1438 1471/1809/1436 1465/1802/1430
f 1475/1806/1440 1469/1799/1434 1470/1803/1435 1476/1810/1441
f 1476/1811/1441 1470/1804/1435 1468/1805/1433 1474/1812/1439
f 1472/1806/1437 1478/1813/1443 1479/1814/1444 1473/1807/1438
f 1473/1808/1438 1479/1815/1444 1477/1816/1442 1471/1809/1436
f 1481/1813/1446 1475/1806/1440 1476/1810/1441 1482/1817/1447
f 1482/1818/1447 1476/1811/1441 1474/1812/1439 1480/1819/1445
f 1478/1813/1443 1484/1820/1449 1485/1821/1450 1479/1814/1444
f 1479/1815/1444 1485/1822/1450 1483/1823/1448 1477/1816/1442
f 1487/1820/1452 1481/1813/1446 1482/1817/1447 1488/1824/1453
f 1488/1825/1453 1482/1818/1447 1480/1819/1445 1486/1826/1451
f 1484/1820/1449 1490/1827/1455 1491/1828/1456 1485/1821/1450
f 1485/1822/1450 1491/1829/1456 1489/1830/1454 1483/1823/1448
f 1493/1827/1458 1487/1820/1452 1488/1824/1453 1494/1831/1459
f 1494/1832/1459 1488/1825/1453 1486/1826/1451 1492/1833/1457
f 1490/1827/1455 1496/1834/1461 1497/1835/1462 1491/1828/1456
f 1491/1829/1456 1497/1836/1462 1495/1837/1460 1489/1830/1454
f 1499/1834/1464 1493/1827/1458 1494/1831/1459 1500/1838/1465
f 1500/1839/1465 1494/1832/1459 1492/1833/1457 1498/1840/1463
f 1496/1834/1461 1502/1841/1467 1503/1842/1468 1497/1835/1462
f 1497/1836/1462 1503/1843/1468 1501/1844/1466 1495/1837/1460
f 1505/1841/1470 1499/1834/1464 1500/1838/1465 1506/1845/1471
f 1506/1846/1471 1500/1839/1465 1498/1840/1463 1504/1847/1469
f 1502/1841/1467 1508/1848/1473 1509/1849/1474 1503/1842/1468
f 1503/1843/1468 1509/1850/1474 1507/1851/1472 1501/1844/1466
f 1511/1848/1476 1505/1841/1470 1506/1845/1471 1512/1852/1477
f 1512/1853/1477 1506/1846/1471 1504/1847/1469 1510/1854/1475
f 1508/1848/1473 1514/1855/1479 1515/1856/1480 1509/1849/1474
f 1509/1850/1474 1515/1857/1480 1513/1858/1478 1507/1851/1472
f 1517/1855/1482 1511/1848/1476 1512/1852/1477 1518/1859/1483
f 1518/1860/1483 1512/1853/1477 1510/1854/1475 1516/1861/1481
f 1514/1855/1479 1520/1862/1485 1521/1863/1486 1515/1856/1480
f 1515/1857/1480 1521/1864/1486 1519/1865/1484 1513/1858/1478
f 1523/1862/1488 1517/1855/1482 1518/1859/1483 1524/1866/1489
f 1524/1867/1489 1518/1860/1483 1516/1861/1481 1522/1868/1487
f 1520/1862/1485 1526/1869/1491 1527/1870/1492 1521/1863/1486
f 1521/1864/1486 1527/1871/1492 1525/1872/1490 1519/1865/1484
f 1529/1869/1494 1523/1862/1488 1524/1866/1489 1530/1873/1495
f 1530/1874/1495 1524/1867/1489 1522/1868/1487 1528/1875/1493
f 1526/1869/1491 1532/1876/1497 1533/1877/1498 1527/1870/1492
f 1527/1871/1492 1533/1878/1498 1531/1879/1496 1525/1872/1490
f 1535/1876/1500 1529/1869/1494 1530/1873/1495 1536/1880/1501
f 1536/1881/1501 1530/1874/1495 1528/1875/1493 1534/1882/1499
f 1532/1876/1497 1538/1883/1503 1539/1884/1504 1533/1877/1498
f 1533/1878/1498 1539/1885/1504 1537/1886/1502 1531/1879/1496
f 1541/1883/1506 1535/1876/1500 1536/1880/1501 1542/1887/1507
f 1542/1888/1507 1536/1881/1501 1534/1882/1499 1540/1889/1505
f 1538/1883/1503 1544/1890/1509 1545/1891/1510 1539/1884/1504
f 1539/1885/1504 1545/1892/1510 1543/1893/1508 1537/1886/1502
f 1547/1890/1512 1541/1883/1506 1542/1887/1507 1548/1894/1513
f 1548/1895/1513 1542/1888/1507 1540/1889/1505 1546/1896/1511
f 1544/1890/1509 1550/1897/1515 1551/1898/1516 1545/1891/1510
f 1545/1892/1510 1551/1899/1516 1549/1900/1514 1543/1893/1508
f 1553/1897/1518 1547/1890/1512 1548/1894/1513 1554/1901/1519
f 1554/1902/1519 1548/1895/1513 1546/1896/1511 1552/1903/1517
f 1550/1897/1515 1556/1904/1521 1557/1905/1522 1551/1898/1516
f 1551/1899/1516 1557/1906/1522 1555/1907/1520 1549/1900/1514
f 1559/1904/1524 1553/1897/1518 1554/1901/1519 1560/1908/1525
f 1560/1909/1525 1554/1902/1519 1552/1903/1517 1558/1910/1523
f 1556/1904/1521 1562/1911/1527 1563/1912/1528 1557/1905/1522
f 1557/1906/1522 1563/1913/1528 1561/1914/1526 1555/1907/1520
f 1565/1911/1530 1559/1904/1524 1560/1908/1525 1566/1915/1531
f 1566/1916/1531 1560/1909/1525 1558/1910/1523 1564/1917/1529
f 1562/1911/1527 1568/1918/1533 1569/1919/1534 1563/1912/1528
f 1563/1913/1528 1569/1920/1534 1567/1921/1532 1561/1914/1526
f 1571/1918/1536 1565/1911/1530 1566/1915/1531 1572/1922/1537
f 1572/1923/1537 1566/1916/1531 1564/1917/1529 1570/1924/1535
f 1568/1918/1533 1574/1925/1539 1575/1926/1540 1569/1919/1534
f 1569/1920/1534 1575/1927/1540 1573/1928/1538 1567/1921/1532
f 1577/1925/1542 1571/1918/1536 1572/1922/1537 1578/1929/1543
f 1578/1930/1543 1572/1923/1537 1570/1924/1535 1576/1931/1541
f 1574/1925/1539 1580/1932/1545 1581/1933/1546 1575/1926/1540
f 1575/1927/1540 1581/1934/1546 1579/1935/1544 1573/1928/1538
f 1583/1932/1548 1577/1925/1542 1578/1929/1543 1584/1936/1549
f 1584/1937/1549 1578/1930/1543 1576/1931/1541 1582/1938/1547
f 1580/1932/1545 1586/1939/1551 1587/1940/1552 1581/1933/1546
f 1581/1934/1546 1587/1941/1552 1585/1942/1550 1579/1935/1544
f 1589/1939/1554 1583/1932/1548 1584/1936/1549 1590/1943/1555
f 1590/1944/1555 1584/1937/1549 1582/1938/1547 1588/1945/1553
f 1586/1939/1551 1592/1946/1557 1593/1947/1558 1587/1940/1552
f 1587/1941/1552 1593/1948/1558 1591/1949/1556 1585/1942/1550
f 1595/1946/1560 1589/1939/1554 1590/1943/1555 1596/1950/1561
f 1596/1951/1561 1590/1944/1555 1588/1945/1553 1594/1952/1559
f 1592/1946/1557 1430/1953/1395 1431/1954/1396 1593/1947/1558
f 1593/1948/1558 1431/1761/1396 1429/1764/1394 1591/1949/1556
f 1433/1953/1398 1595/1946/1560 1596/1950/1561 1434/1955/1399
f 1434/1768/1399 1596/1951/1561 1594/1952/1559 1432/1769/1397
f 1429/1764/1394 1435/1763/1400 1441/1774/1406 1447/1781/1412 1453/1788/1418 1459/1795/1424 1465/1802/1430 1471/1809/1436 1477/1816/1442 1483/1823/1448 1489/1830/1454 1495/1837/1460 1501/1844/1466 1507/1851/1472 1513/1858/1478 1519/1865/1484 1525/1872/1490 1531/1879/1496 1537/1886/1502 1543/1893/1508 1549/1900/1514 1555/1907/1520 1561/1914/1526 1567/1921/1532 1573/1928/1538 1579/1935/1544 1585/1942/1550 1591/1949/1556
f 1430/1757/1395 1433/1757/1398 1439/1758/1404 1436/1758/1401
f 1592/1946/1557 1595/1946/1560 1433/1953/1398 1430/1953/1395
f 1438/1770/1403 1432/1769/1397 1594/1952/1559 1588/1945/1553 1582/1938/1547 1576/1931/1541 1570/1924/1535 1564/1917/1529 1558/1910/1523 1552/1903/1517 1546/1896/1511 1540/1889/1505 1534/1882/1499 1528/1875/1493 1522/1868/1487 1516/1861/1481 1510/1854/1475 1504/1847/1469 1498/1840/1463 1492/1833/1457 1486/1826/1451 1480/1819/1445 1474/1812/1439 1468/1805/1433 1462/1798/1427 1456/1791/1421 1450/1784/1415 1444/1777/1409
f 1436/1758/1401 1439/1758/1404 1445/1771/1410 1442/1771/1407
f 1442/1771/1407 1445/1771/1410 1451/1778/1416 1448/1778/1413
f 1448/1778/1413 1451/1778/1416 1457/1785/1422 1454/1785/1419
f 1454/1785/1419 1457/1785/1422 1463/1792/1428 1460/1792/1425
f 1460/1792/1425 1463/1792/1428 1469/1799/1434 1466/1799/1431
f 1466/1799/1431 1469/1799/1434 1475/1806/1440 1472/1806/1437
f 1472/1806/1437 1475/1806/1440 1481/1813/1446 1478/1813/1443
f 1478/1813/1443 1481/1813/1446 1487/1820/1452 1484/1820/1449
f 1484/1820/1449 1487/1820/1452 1493/1827/1458 1490/1827/1455
f 1490/1827/1455 1493/1827/1458 1499/1834/1464 1496/1834/1461
f 1496/1834/1461 1499/1834/1464 1505/1841/1470 1502/1841/1467
f 1502/1841/1467 1505/1841/1470 1511/1848/1476 1508/1848/1473
f 1508/1848/1473 1511/1848/1476 1517/1855/1482 1514/1855/1479
f 1514/1855/1479 1517/1855/1482 1523/1862/1488 1520/1862/1485
f 1520/1862/1485 1523/1862/1488 1529/1869/1494 1526/1869/1491
f 1526/1869/1491 1529/1869/1494 1535/1876/1500 1532/1876/1497
f 1532/1876/1497 1535/1876/1500 1541/1883/1506 1538/1883/1503
f 1538/1883/1503 1541/1883/1506 1547/1890/1512 1544/1890/1509
f 1544/1890/1509 1547/1890/1512 1553/1897/1518 1550/1897/1515
f 1550/1897/1515 1553/1897/1518 1559/1904/1524 1556/1904/1521
f 1556/1904/1521 1559/1904/1524 1565/1911/1530 1562/1911/1527
f 1562/1911/1527 1565/1911/1530 1571/1918/1536 1568/1918/1533
f 1568/1918/1533 1571/1918/1536 1577/1925/1542 1574/1925/1539
f 1574/1925/1539 1577/1925/1542 1583/1932/1548 1580/1932/1545
f 1580/1932/1545 1583/1932/1548 1589/1939/1554 1586/1939/1551
f 1586/1939/1551 1589/1939/1554 1595/1946/1560 1592/1946/1557
o Cylinder.005
v 3.800000 2.312000 0.000000
v 3.800000 2.312000 0.495000
v 3.737775 2.337775 0.000000
v 3.737775 2.337775 0.495000
v 3.712000 2.400000 0.000000
v 3.712000 2.400000 0.495000
v 3.737775 2.462225 0.000000
v 3.737775 2.462225 0.495000
v 3.800000 2.488000 0.000000
v 3.800000 2.488000 0.495000
v 3.862225 2.462225 0.000000
v 3.862225 2.462225 0.495000
v 3.888000 2.400000 0.000000
v 3.888000 2.400000 0.495000
v 3.862225 2.337775 0.000000
v 3.862225 2.337775 0.495000
vn -0.0000 -0.7764 -0.6303
vn -0.0000 -0.7764 0.6303
vn -0.5490 -0.5490 -0.6303
vn -0.5490 -0.5490 0.6303
vn -0.7764 -0.0000 -0.6303
vn -0.7764 -0.0000 0.6303
vn -0.5490 0.5490 -0.6303
vn -0.5490 0.5490 0.6303
vn -0.0000 0.7764 -0.6303
vn -0.0000 0.7764 0.6303
vn 0.5490 0.5490 -0.6303
vn 0.5490 0.5490 0.6303
vn 0.7764 -0.0000 -0.6303
vn 0.7764 -0.0000 0.6303
vn 0.5490 -0.5490 -0.6303
vn 0.5490 -0.5490 0.6303
vt 1.000000 0.500000
vt 1.000000 1.000000
vt 0.875000 1.000000
vt 0.875000 0.500000
vt 0.750000 1.000000
vt 0.750000 0.500000
vt 0.625000 1.000000
vt 0.625000 0.500000
vt 0.500000 1.000000
vt 0.500000 0.500000
vt 0.375000 1.000000
vt 0.375000 0.500000
vt 0.250000 1.000000
vt 0.250000 0.500000
vt 0.419706 0.419706
vt 0.250000 0.490000
vt 0.080294 0.419706
vt 0.010000 0.250000
vt 0.080294 0.080294
vt 0.250000 0.010000
vt 0.419706 0.080294
vt 0.490000 0.250000
vt 0.125000 1.000000
vt 0.125000 0.500000
vt 0.000000 1.000000
vt 0.000000 0.500000
vt 0.750000 0.490000
vt 0.919706 0.419706
vt 0.990000 0.250000
vt 0.919706 0.080294
vt 0.750000 0.010000
vt 0.580294 0.080294
vt 0.510000 0.250000
vt 0.580294 0.419706
s 1
usemtl Trunk.002
f 1597/1956/1562 1598/1957/1563 1600/1958/1565 1599/1959/1564
f 1599/1959/1564 1600/1958/1565 1602/1960/1567 1601/1961/1566
f 1601/1961/1566 1602/1960/1567 1604/1962/1569 1603/1963/1568
f 1603/1963/1568 1604/1962/1569 1606/1964/1571 1605/1965/1570
f 1605/1965/1570 1606/1964/1571 1608/1966/1573 1607/1967/1572
f 1607/1967/1572 1608/1966/1573 1610/1968/1575 1609/1969/1574
f 1600/1970/1565 1598/1971/1563 1612/1972/1577 1610/1973/1575 1608/1974/1573 1606/1975/1571 1604/1976/1569 1602/1977/1567
f 1609/1969/1574 1610/1968/1575 1612/1978/1577 1611/1979/1576
f 1611/1979/1576 1612/1978/1577 1598/1980/1563 1597/1981/1562
f 1597/1982/1562 1599/1983/1564 1601/1984/1566 1603/1985/1568 1605/1986/1570 1607/1987/1572 1609/1988/1574 1611/1989/1576
o Cone.006
v 3.800000 1.850000 0.357500
v 3.446467 1.978676 0.357500
v 3.258356 2.304494 0.357500
v 3.323686 2.675000 0.357500
v 3.611889 2.916831 0.357500
v 3.988111 2.916831 0.357500
v 4.276314 2.675000 0.357500
v 4.341644 2.304494 0.357500
v 4.153533 1.978676 0.357500
v 3.800000 2.400000 0.907500
vn -0.0000 -0.9453 -0.3261
vn -0.6077 -0.7242 -0.3261
vn -0.9310 -0.1642 -0.3261
vn -0.8187 0.4727 -0.3261
vn -0.3233 0.8883 -0.3261
vn 0.3233 0.8883 -0.3261
vn 0.8187 0.4727 -0.3261
vn 0.9310 -0.1642 -0.3261
vn 0.6077 -0.7242 -0.3261
vn -0.0000 -0.0000 1.0000
vt 0.250000 0.490000
vt 0.250000 0.250000
vt 0.404269 0.433851
vt 0.486354 0.291676
vt 0.457846 0.130000
vt 0.332085 0.024474
vt 0.167915 0.024474
vt 0.042154 0.130000
vt 0.013646 0.291676
vt 0.750000 0.490000
vt 0.904269 0.433851
vt 0.986354 0.291676
vt 0.957846 0.130000
vt 0.832085 0.024474
vt 0.667915 0.024474
vt 0.542154 0.130000
vt 0.513646 0.291676
vt 0.595731 0.433851
vt 0.095731 0.433851
s 1
usemtl Leaf.006
f 1613/1990/1578 1622/1991/1587 1614/1992/1579
f 1614/1992/1579 1622/1991/1587 1615/1993/1580
f 1615/1993/1580 1622/1991/1587 1616/1994/1581
f 1616/1994/1581 1622/1991/1587 1617/1995/1582
f 1617/1995/1582 1622/1991/1587 1618/1996/1583
f 1618/1996/1583 1622/1991/1587 1619/1997/1584
f 1619/1997/1584 1622/1991/1587 1620/1998/1585
f 1613/1999/1578 1614/2000/1579 1615/2001/1580 1616/2002/1581 1617/2003/1582 1618/2004/1583 1619/2005/1584 1620/2006/1585 1621/2007/1586
f 1620/1998/1585 1622/1991/1587 1621/2008/1586
f 1621/2008/1586 1622/1991/1587 1613/1990/1578
o Cone.007
v 3.800000 1.971000 0.687500
v 3.524244 2.071367 0.687500
v 3.377517 2.325505 0.687500
v 3.428475 2.614500 0.687500
v 3.653273 2.803128 0.687500
v 3.946727 2.803128 0.687500
v 4.171525 2.614500 0.687500
v 4.222483 2.325505 0.687500
v 4.075756 2.071367 0.687500
v 3.800000 2.400000 1.237500
vn -0.0000 -0.9265 -0.3764
vn -0.5955 -0.7097 -0.3764
vn -0.9124 -0.1609 -0.3764
vn -0.8023 0.4632 -0.3764
vn -0.3169 0.8706 -0.3764
vn 0.3169 0.8706 -0.3764
vn 0.8023 0.4632 -0.3764
vn 0.9124 -0.1609 -0.3764
vn 0.5955 -0.7097 -0.3764
vn -0.0000 -0.0000 1.0000
vt 0.250000 0.490000
vt 0.250000 0.250000
vt 0.404269 0.433851
vt 0.486354 0.291676
vt 0.457846 0.130000
vt 0.332085 0.024474
vt 0.167915 0.024474
vt 0.042154 0.130000
vt 0.013646 0.291676
vt 0.750000 0.490000
vt 0.904269 0.433851
vt 0.986354 0.291676
vt 0.957846 0.130000
vt 0.832085 0.024474
vt 0.667915 0.024474
vt 0.542154 0.130000
vt 0.513646 0.291676
vt 0.595731 0.433851
vt 0.095731 0.433851
s 1
usemtl Leaf.007
f 1623/2009/1588 1632/2010/1597 1624/2011/1589
f 1624/2011/1589 1632/2010/1597 1625/2012/1590
f 1625/2012/1590 1632/2010/1597 1626/2013/1591
f 1626/2013/1591 1632/2010/1597 1627/2014/1592
f 1627/2014/1592 1632/2010/1597 1628/2015/1593
f 1628/2015/1593 1632/2010/1597 1629/2016/1594
f 1629/2016/1594 1632/2010/1597 1630/2017/1595
f 1623/2018/1588 1624/2019/1589 1625/2020/1590 1626/2021/1591 1627/2022/1592 1628/2023/1593 1629/2024/1594 1630/2025/1595 1631/2026/1596
f 1630/2017/1595 1632/2010/1597 1631/2027/1596
f 1631/2027/1596 1632/2010/1597 1623/2009/1588
o Cone.008
v 3.800000 2.125000 0.990000
v 3.623233 2.189338 0.990000
v 3.529178 2.352247 0.990000
v 3.561843 2.537500 0.990000
v 3.705944 2.658416 0.990000
v 3.894056 2.658416 0.990000
v 4.038157 2.537500 0.990000
v 4.070822 2.352247 0.990000
v 3.976767 2.189338 0.990000
v 3.800000 2.400000 1.540000
vn -0.0000 -0.8896 -0.4568
vn -0.5718 -0.6814 -0.4568
vn -0.8760 -0.1545 -0.4568
vn -0.7704 0.4448 -0.4568
vn -0.3042 0.8359 -0.4568
vn 0.3042 0.8359 -0.4568
vn 0.7704 0.4448 -0.4568
vn 0.8760 -0.1545 -0.4568
vn 0.5718 -0.6814 -0.4568
vn -0.0000 -0.0000 1.0000
vt 0.250000 0.490000
vt 0.250000 0.250000
vt 0.404269 0.433851
vt 0.486354 0.291676
vt 0.457846 0.130000
vt 0.332085 0.024474
vt 0.167915 0.024474
vt 0.042154 0.130000
vt 0.013646 0.291676
vt 0.750000 0.490000
vt 0.904269 0.433851
vt 0.986354 0.291676
vt 0.957846 0.130000
vt 0.832085 0.024474
vt 0.667915 0.024474
vt 0.542154 0.130000
vt 0.513646 0.291676
vt 0.595731 0.433851
vt 0.095731 0.433851
s 1
usemtl Leaf.008
f 1633/2028/1598 1642/2029/1607 1634/2030/1599
f 1634/2030/1599 1642/2029/1607 1635/2031/1600
f 1635/2031/1600 1642/2029/1607 1636/2032/1601
f 1636/2032/1601 1642/2029/1607 1637/2033/1602
f 1637/2033/1602 1642/2029/1607 1638/2034/1603
f 1638/2034/1603 1642/2029/1607 1639/2035/1604
f 1639/2035/1604 1642/2029/1607 1640/2036/1605
f 1633/2037/1598 1634/2038/1599 1635/2039/1600 1636/2040/1601 1637/2041/1602 1638/2042/1603 1639/2043/1604 1640/2044/1605 1641/2045/1606
f 1640/2036/1605 1642/2029/1607 1641/2046/1606
f 1641/2046/1606 1642/2029/1607 1633/2028/1598
o Cylinder.006
v -6.600000 2.340060 -0.010000
v -6.600000 2.300000 0.030000
v -6.600000 2.311733 0.001716
v -6.600000 2.340060 0.070000
v -6.600000 2.300000 0.030000
v -6.600000 2.311733 0.058284
v -6.752005 2.348435 -0.010000
v -6.756434 2.308618 0.030000
v -6.755137 2.320280 0.001716
v -6.752005 2.348435 0.070000
v -6.756434 2.308618 0.030000
v -6.755137 2.320280 0.058284
v -6.900104 2.373323 -0.010000
v -6.909017 2.334260 0.030000
v -6.906406 2.345702 0.001716
v -6.900104 2.373323 0.070000
v -6.909017 2.334260 0.030000
v -6.906406 2.345702 0.058284
v -7.040485 2.414027 -0.010000
v -7.053990 2.376296 0.030000
v -7.050035 2.387347 0.001716
v -7.040485 2.414027 0.070000
v -7.053990 2.376296 0.030000
v -7.050035 2.387347 0.058284
v -7.169557 2.469394 -0.010000
v -7.187785 2.433688 0.030000
v -7.182446 2.444146 0.001716
v -7.169557 2.469394 0.070000
v -7.187785 2.433688 0.030000
v -7.182446 2.444146 0.058284
v -7.284039 2.537838 -0.010000
v -7.307106 2.505025 0.030000
v -7.300350 2.514636 0.001716
v -7.284039 2.537838 0.070000
v -7.307106 2.505025 0.030000
v -7.300350 2.514636 0.058284
v -7.381103 2.617390 -0.010000
v -7.409017 2.588550 0.030000
v -7.400841 2.596997 0.001716
v -7.381103 2.617390 0.070000
v -7.409017 2.588550 0.030000
v -7.400841 2.596997 0.058284
v -7.458468 2.705765 -0.010000
v -7.491006 2.682207 0.030000
v -7.481476 2.689106 0.001716
v -7.458468 2.705765 0.070000
v -7.491006 2.682207 0.030000
v -7.481476 2.689106 0.058284
v -7.514548 2.800537 -0.010000
v -7.551056 2.783688 0.030000
v -7.540363 2.788623 0.001716
v -7.514548 2.800537 0.070000
v -7.551056 2.783688 0.030000
v -7.540363 2.788623 0.058284
v -7.548429 2.899324 -0.010000
v -7.587688 2.890496 0.030000
v -7.576190 2.893081 0.001716
v -7.548429 2.899324 0.070000
v -7.587688 2.890496 0.030000
v -7.576190 2.893081 0.058284
v -7.559748 3.000000 -0.010000
v -7.600000 3.000000 0.030000
v -7.588211 3.000000 0.001716
v -7.559748 3.000000 0.070000
v -7.600000 3.000000 0.030000
v -7.588211 3.000000 0.058284
v -7.548429 3.100676 -0.010000
v -7.587688 3.109504 0.030000
v -7.576190 3.106919 0.001716
v -7.548429 3.100676 0.070000
v -7.587688 3.109504 0.030000
v -7.576190 3.106919 0.058284
v -7.514548 3.199463 -0.010000
v -7.551056 3.216312 0.030000
v -7.540363 3.211377 0.001716
v -7.514548 3.199463 0.070000
v -7.551056 3.216312 0.030000
v -7.540363 3.211377 0.058284
v -7.458468 3.294235 -0.010000
v -7.491006 3.317793 0.030000
v -7.481476 3.310894 0.001716
v -7.458468 3.294235 0.070000
v -7.491006 3.317793 0.030000
v -7.481476 3.310894 0.058284
v -7.381103 3.382610 -0.010000
v -7.409017 3.411450 0.030000
v -7.400841 3.403003 0.001716
v -7.381103 3.382610 0.070000
v -7.409017 3.411450 0.030000
v -7.400841 3.403003 0.058284
v -7.284039 3.462162 -0.010000
v -7.307106 3.494975 0.030000
v -7.300350 3.485364 0.001716
v -7.284039 3.462162 0.070000
v -7.307106 3.494975 0.030000
v -7.300350 3.485364 0.058284
v -7.169557 3.530606 -0.010000
v -7.187785 3.566312 0.030000
v -7.182446 3.555854 0.001716
v -7.169557 3.530606 0.070000
v -7.187785 3.566312 0.030000
v -7.182446 3.555854 0.058284
v -7.040485 3.585973 -0.010000
v -7.053990 3.623704 0.030000
v -7.050035 3.612653 0.001716
v -7.040485 3.585973 0.070000
v -7.053990 3.623704 0.030000
v -7.050035 3.612653 0.058284
v -6.900104 3.626677 -0.010000
v -6.909017 3.665740 0.030000
v -6.906406 3.654298 0.001716
v -6.900104 3.626677 0.070000
v -6.909017 3.665740 0.030000
v -6.906406 3.654298 0.058284
v -6.752005 3.651565 -0.010000
v -6.756434 3.691382 0.030000
v -6.755137 3.679720 0.001716
v -6.752005 3.651565 0.070000
v -6.756434 3.691382 0.030000
v -6.755137 3.679720 0.058284
v -6.600000 3.659940 -0.010000
v -6.600000 3.700000 0.030000
v -6.600000 3.688267 0.001716
v -6.600000 3.659940 0.070000
v -6.600000 3.700000 0.030000
v -6.600000 3.688267 0.058284
v -6.447995 3.651565 -0.010000
v -6.443565 3.691382 0.030000
v -6.444863 3.679720 0.001716
v -6.447995 3.651565 0.070000
v -6.443565 3.691382 0.030000
v -6.444863 3.679720 0.058284
v -6.299896 3.626677 -0.010000
v -6.290983 3.665740 0.030000
v -6.293593 3.654298 0.001716
v -6.299896 3.626677 0.070000
v -6.290983 3.665740 0.030000
v -6.293593 3.654298 0.058284
v -6.159515 3.585973 -0.010000
v -6.146009 3.623704 0.030000
v -6.149965 3.612653 0.001716
v -6.159515 3.585973 0.070000
v -6.146009 3.623704 0.030000
v -6.149965 3.612653 0.058284
v -6.030443 3.530606 -0.010000
v -6.012215 3.566312 0.030000
v -6.017554 3.555854 0.001716
v -6.030443 3.530606 0.070000
v -6.012215 3.566312 0.030000
v -6.017554 3.555854 0.058284
v -5.915960 3.462162 -0.010000
v -5.892893 3.494975 0.030000
v -5.899650 3.485364 0.001716
v -5.915960 3.462162 0.070000
v -5.892893 3.494975 0.030000
v -5.899650 3.485364 0.058284
v -5.818897 3.382610 -0.010000
v -5.790983 3.411450 0.030000
v -5.799159 3.403003 0.001716
v -5.818897 3.382610 0.070000
v -5.790983 3.411450 0.030000
v -5.799159 3.403003 0.058284
v -5.741532 3.294235 -0.010000
v -5.708993 3.317793 0.030000
v -5.718524 3.310894 0.001716
v -5.741532 3.294235 0.070000
v -5.708993 3.317793 0.030000
v -5.718524 3.310894 0.058284
v -5.685452 3.199463 -0.010000
v -5.648943 3.216312 0.030000
v -5.659636 3.211377 0.001716
v -5.685452 3.199463 0.070000
v -5.648943 3.216312 0.030000
v -5.659636 3.211377 0.058284
v -5.651571 3.100676 -0.010000
v -5.612311 3.109504 0.030000
v -5.623810 3.106919 0.001716
v -5.651571 3.100676 0.070000
v -5.612311 3.109504 0.030000
v -5.623810 3.106919 0.058284
v -5.640252 3.000000 -0.010000
v -5.600000 3.000000 0.030000
v -5.611789 3.000000 0.001716
v -5.640252 3.000000 0.070000
v -5.600000 3.000000 0.030000
v -5.611789 3.000000 0.058284
v -5.651571 2.899324 -0.010000
v -5.612311 2.890496 0.030000
v -5.623810 2.893081 0.001716
v -5.651571 2.899324 0.070000
v -5.612311 2.890496 0.030000
v -5.623810 2.893081 0.058284
v -5.685452 2.800537 -0.010000
v -5.648943 2.783688 0.030000
v -5.659636 2.788623 0.001716
v -5.685452 2.800537 0.070000
v -5.648943 2.783688 0.030000
v -5.659636 2.788623 0.058284
v -5.741532 2.705765 -0.010000
v -5.708993 2.682207 0.030000
v -5.718524 2.689106 0.001716
v -5.741532 2.705765 0.070000
v -5.708993 2.682207 0.030000
v -5.718524 2.689106 0.058284
v -5.818897 2.617390 -0.010000
v -5.790983 2.588550 0.030000
v -5.799159 2.596997 0.001716
v -5.818897 2.617390 0.070000
v -5.790983 2.588550 0.030000
v -5.799159 2.596997 0.058284
v -5.915960 2.537838 -0.010000
v -5.892893 2.505025 0.030000
v -5.899650 2.514636 0.001716
v -5.915960 2.537838 0.070000
v -5.892893 2.505025 0.030000
v -5.899650 2.514636 0.058284
v -6.030443 2.469394 -0.010000
v -6.012215 2.433688 0.030000
v -6.017554 2.444146 0.001716
v -6.030443 2.469394 0.070000
v -6.012215 2.433688 0.030000
v -6.017554 2.444146 0.058284
v -6.159515 2.414027 -0.010000
v -6.146009 2.376296 0.030000
v -6.149965 2.387347 0.001716
v -6.159515 2.414027 0.070000
v -6.146009 2.376296 0.030000
v -6.149965 2.387347 0.058284
v -6.299896 2.373323 -0.010000
v -6.290983 2.334260 0.030000
v -6.293593 2.345702 0.001716
v -6.299896 2.373323 0.070000
v -6.290983 2.334260 0.030000
v -6.293593 2.345702 0.058284
v -6.447995 2.348435 -0.010000
v -6.443565 2.308618 0.030000
v -6.444863 2.320280 0.001716
v -6.447995 2.348435 0.070000
v -6.443565 2.308618 0.030000
v -6.444863 2.320280 0.058284
vn -0.0000 -0.2014 -0.9795
vn -0.0000 -0.9810 -0.1939
vn -0.0000 -0.7133 -0.7009
vn -0.0000 -0.2014 0.9795
vn -0.0000 -0.9810 0.1939
vn -0.0000 -0.7133 0.7009
vn -0.0223 -0.2002 -0.9795
vn -0.1035 -0.9755 -0.1944
vn -0.0789 -0.7090 -0.7008
vn -0.0223 -0.2002 0.9795
vn -0.1035 -0.9755 0.1944
vn -0.0789 -0.7090 0.7008
vn -0.0449 -0.1966 -0.9795
vn -0.2581 -0.9463 -0.1945
vn -0.1588 -0.6957 -0.7006
vn -0.0449 -0.1966 0.9795
vn -0.2581 -0.9463 0.1945
vn -0.1588 -0.6957 0.7006
vn -0.0681 -0.1903 -0.9794
vn -0.3682 -0.9093 -0.1939
vn -0.2406 -0.6722 -0.7002
vn -0.0681 -0.1903 0.9794
vn -0.3682 -0.9093 0.1939
vn -0.2406 -0.6722 0.7002
vn -0.0921 -0.1805 -0.9793
vn -0.5129 -0.8358 -0.1959
vn -0.3249 -0.6364 -0.6996
vn -0.0921 -0.1805 0.9793
vn -0.5129 -0.8358 0.1959
vn -0.3249 -0.6364 0.6996
vn -0.1170 -0.1664 -0.9791
vn -0.4760 -0.8557 -0.2028
vn -0.4113 -0.5851 -0.6989
vn -0.1170 -0.1664 0.9791
vn -0.4760 -0.8557 0.2028
vn -0.4113 -0.5851 0.6989
vn -0.1421 -0.1468 -0.9789
vn -0.5793 -0.7882 -0.2078
vn -0.4980 -0.5145 -0.6981
vn -0.1421 -0.1468 0.9789
vn -0.5793 -0.7882 0.2078
vn -0.4980 -0.5145 0.6981
vn -0.1663 -0.1204 -0.9787
vn -0.8273 -0.5273 -0.1938
vn -0.5807 -0.4205 -0.6971
vn -0.1663 -0.1204 0.9787
vn -0.8273 -0.5273 0.1938
vn -0.5807 -0.4205 0.6971
vn -0.1873 -0.0864 -0.9785
vn -0.9045 -0.3799 -0.1935
vn -0.6518 -0.3008 -0.6962
vn -0.1873 -0.0864 0.9785
vn -0.9045 -0.3799 0.1935
vn -0.6518 -0.3008 0.6962
vn -0.2019 -0.0454 -0.9783
vn -0.9605 -0.2003 -0.1934
vn -0.7010 -0.1576 -0.6956
vn -0.2019 -0.0454 0.9783
vn -0.9605 -0.2003 0.1934
vn -0.7010 -0.1576 0.6956
vn -0.2072 -0.0000 -0.9783
vn -0.9811 -0.0000 -0.1934
vn -0.7187 -0.0000 -0.6953
vn -0.2072 -0.0000 0.9783
vn -0.9811 -0.0000 0.1934
vn -0.7187 -0.0000 0.6953
vn -0.2019 0.0454 -0.9783
vn -0.9605 0.2003 -0.1934
vn -0.7010 0.1576 -0.6956
vn -0.2019 0.0454 0.9783
vn -0.9605 0.2003 0.1934
vn -0.7010 0.1576 0.6956
vn -0.1873 0.0864 -0.9785
vn -0.9045 0.3799 -0.1935
vn -0.6518 0.3008 -0.6962
vn -0.1873 0.0864 0.9785
vn -0.9045 0.3799 0.1935
vn -0.6518 0.3008 0.6962
vn -0.1663 0.1204 -0.9787
vn -0.8273 0.5273 -0.1938
vn -0.5807 0.4205 -0.6971
vn -0.1663 0.1204 0.9787
vn -0.8273 0.5273 0.1938
vn -0.5807 0.4205 0.6971
vn -0.1421 0.1468 -0.9789
vn -0.5793 0.7882 -0.2078
vn -0.4980 0.5145 -0.6981
vn -0.1421 0.1468 0.9789
vn -0.5793 0.7882 0.2078
vn -0.4980 0.5145 0.6981
vn -0.1170 0.1664 -0.9791
vn -0.4760 0.8557 -0.2028
vn -0.4113 0.5851 -0.6989
vn -0.1170 0.1664 0.9791
vn -0.4760 0.8557 0.2028
vn -0.4113 0.5851 0.6989
vn -0.0921 0.1805 -0.9793
vn -0.5129 0.8358 -0.1959
vn -0.3249 0.6364 -0.6996
vn -0.0921 0.1805 0.9793
vn -0.5129 0.8358 0.1959
vn -0.3249 0.6364 0.6996
vn -0.0681 0.1903 -0.9794
vn -0.3682 0.9093 -0.1939
vn -0.2406 0.6722 -0.7002
vn -0.0681 0.1903 0.9794
vn -0.3682 0.9093 0.1939
vn -0.2406 0.6722 0.7002
vn -0.0449 0.1966 -0.9795
vn -0.2581 0.9463 -0.1945
vn -0.1588 0.6957 -0.7006
vn -0.0449 0.1966 0.9795
vn -0.2581 0.9463 0.1945
vn -0.1588 0.6957 0.7006
vn -0.0223 0.2002 -0.9795
vn -0.1035 0.9755 -0.1944
vn -0.0789 0.7090 -0.7008
vn -0.0223 0.2002 0.9795
vn -0.1035 0.9755 0.1944
vn -0.0789 0.7090 0.7008
vn -0.0000 0.2014 -0.9795
vn -0.0000 0.9810 -0.1939
vn -0.0000 0.7133 -0.7008
vn -0.0000 0.2014 0.9795
vn -0.0000 0.9810 0.1939
vn -0.0000 0.7133 0.7008
vn 0.0223 0.2002 -0.9795
vn 0.1035 0.9755 -0.1944
vn 0.0789 0.7090 -0.7008
vn 0.0223 0.2002 0.9795
vn 0.1035 0.9755 0.1944
vn 0.0789 0.7090 0.7008
vn 0.0449 0.1966 -0.9795
vn 0.2581 0.9463 -0.1945
vn 0.1588 0.6957 -0.7006
vn 0.0449 0.1966 0.9795
vn 0.2581 0.9463 0.1945
vn 0.1588 0.6957 0.7006
vn 0.0681 0.1903 -0.9794
vn 0.3682 0.9093 -0.1939
vn 0.2406 0.6722 -0.7002
vn 0.0681 0.1903 0.9794
vn 0.3682 0.9093 0.1939
vn 0.2406 0.6722 0.7002
vn 0.0921 0.1805 -0.9793
vn 0.5129 0.8358 -0.1959
vn 0.3249 0.6364 -0.6996
vn 0.0921 0.1805 0.9793
vn 0.5129 0.8358 0.1959
vn 0.3249 0.6364 0.6996
vn 0.1170 0.1664 -0.9791
vn 0.4760 0.8557 -0.2028
vn 0.4113 0.5851 -0.6989
vn 0.1170 0.1664 0.9791
vn 0.4760 0.8557 0.2028
vn 0.4113 0.5851 0.6989
vn 0.1421 0.1468 -0.9789
vn 0.5793 0.7882 -0.2078
vn 0.4980 0.5145 -0.6981
vn 0.1421 0.1468 0.9789
vn 0.5793 0.7882 0.2078
vn 0.4980 0.5145 0.6981
vn 0.1663 0.1204 -0.9787
vn 0.8273 0.5273 -0.1938
vn 0.5807 0.4205 -0.6971
vn 0.1663 0.1204 0.9787
vn 0.8273 0.5273 0.1938
vn 0.5807 0.4205 0.6971
vn 0.1873 0.0864 -0.9785
vn 0.9045 0.3799 -0.1935
vn 0.6518 0.3008 -0.6962
vn 0.1873 0.0864 0.9785
vn 0.9045 0.3799 0.1935
vn 0.6518 0.3008 0.6962
vn 0.2019 0.0454 -0.9783
vn 0.9605 0.2003 -0.1934
vn 0.7010 0.1576 -0.6956
vn 0.2019 0.0454 0.9783
vn 0.9605 0.2003 0.1934
vn 0.7010 0.1576 0.6956
vn 0.2072 -0.0000 -0.9783
vn 0.9811 -0.0000 -0.1934
vn 0.7187 -0.0000 -0.6953
vn 0.2072 -0.0000 0.9783
vn 0.9811 -0.0000 0.1934
vn 0.7187 -0.0000 0.6953
vn 0.2019 -0.0454 -0.9783
vn 0.9605 -0.2003 -0.1934
vn 0.7010 -0.1576 -0.6956
vn 0.2019 -0.0454 0.9783
vn 0.9605 -0.2003 0.1934
vn 0.7010 -0.1576 0.6956
vn 0.1873 -0.0864 -0.9785
vn 0.9045 -0.3799 -0.1935
vn 0.6518 -0.3008 -0.6962
vn 0.1873 -0.0864 0.9785
vn 0.9045 -0.3799 0.1935
vn 0.6518 -0.3008 0.6962
vn 0.1663 -0.1204 -0.9787
vn 0.8273 -0.5273 -0.1938
vn 0.5807 -0.4205 -0.6971
vn 0.1663 -0.1204 0.9787
vn 0.8273 -0.5273 0.1938
vn 0.5807 -0.4205 0.6971
vn 0.1421 -0.1468 -0.9789
vn 0.5793 -0.7882 -0.2078
vn 0.4980 -0.5145 -0.6981
vn 0.1421 -0.1468 0.9789
vn 0.5793 -0.7882 0.2078
vn 0.4980 -0.5145 0.6981
vn 0.1170 -0.1664 -0.9791
vn 0.4760 -0.8557 -0.2028
vn 0.4113 -0.5851 -0.6989
vn 0.1170 -0.1664 0.9791
vn 0.4760 -0.8557 0.2028
vn 0.4113 -0.5851 0.6989
vn 0.0921 -0.1805 -0.9793
vn 0.5129 -0.8358 -0.1959
vn 0.3249 -0.6364 -0.6996
vn 0.0921 -0.1805 0.9793
vn 0.5129 -0.8358 0.1959
vn 0.3249 -0.6364 0.6996
vn 0.0681 -0.1903 -0.9794
vn 0.3682 -0.9093 -0.1939
vn 0.2406 -0.6722 -0.7002
vn 0.0681 -0.1903 0.9794
vn 0.3682 -0.9093 0.1939
vn 0.2406 -0.6722 0.7002
vn 0.0449 -0.1966 -0.9795
vn 0.2581 -0.9463 -0.1945
vn 0.1588 -0.6957 -0.7006
vn 0.0449 -0.1966 0.9795
vn 0.2581 -0.9463 0.1945
vn 0.1588 -0.6957 0.7006
vn 0.0223 -0.2002 -0.9795
vn 0.1035 -0.9755 -0.1944
vn 0.0789 -0.7090 -0.7008
vn 0.0223 -0.2002 0.9795
vn 0.1035 -0.9755 0.1944
vn 0.0789 -0.7090 0.7008
vt 1.000000 0.750000
vt 0.975000 0.750000
vt 0.974999 0.500000
vt 0.999897 0.500000
vt 0.750000 0.489988
vt 0.787543 0.487033
vt 0.786481 0.473394
vt 0.750000 0.476265
vt 0.999897 1.000000
vt 0.974999 1.000000
vt 0.287543 0.487033
vt 0.250000 0.489988
vt 0.250000 0.476265
vt 0.286481 0.473394
vt 0.950000 0.750000
vt 0.949999 0.500000
vt 0.824162 0.478240
vt 0.822025 0.464860
vt 0.949999 1.000000
vt 0.324162 0.478240
vt 0.322025 0.464860
vt 0.925000 0.750000
vt 0.924998 0.500000
vt 0.858954 0.463827
vt 0.855717 0.450905
vt 0.924998 1.000000
vt 0.358954 0.463827
vt 0.355716 0.450905
vt 0.900000 0.750000
vt 0.899997 0.500000
vt 0.891063 0.444148
vt 0.886694 0.431922
vt 0.899997 1.000000
vt 0.391063 0.444148
vt 0.386694 0.431922
vt 0.875000 0.750000
vt 0.874996 0.500000
vt 0.919697 0.419688
vt 0.914169 0.408455
vt 0.874996 1.000000
vt 0.419697 0.419688
vt 0.414170 0.408455
vt 0.850000 0.750000
vt 0.849995 0.500000
vt 0.944151 0.391049
vt 0.937465 0.381181
vt 0.849995 1.000000
vt 0.444151 0.391049
vt 0.437465 0.381181
vt 0.825000 0.750000
vt 0.824994 0.500000
vt 0.963822 0.358938
vt 0.956032 0.350881
vt 0.824994 1.000000
vt 0.463822 0.358938
vt 0.456032 0.350881
vt 0.800000 0.750000
vt 0.799994 0.500000
vt 0.978227 0.324147
vt 0.969491 0.318387
vt 0.799994 1.000000
vt 0.478227 0.324147
vt 0.469491 0.318387
vt 0.775000 0.750000
vt 0.774997 0.500000
vt 0.987012 0.287534
vt 0.977623 0.284518
vt 0.774997 1.000000
vt 0.487012 0.287534
vt 0.477623 0.284518
vt 0.750000 0.750000
vt 0.750000 0.500000
vt 0.989965 0.250000
vt 0.980340 0.250000
vt 0.750000 1.000000
vt 0.489965 0.250000
vt 0.480339 0.250000
vt 0.725000 0.750000
vt 0.725004 0.500000
vt 0.987012 0.212466
vt 0.977623 0.215482
vt 0.725004 1.000000
vt 0.487012 0.212466
vt 0.477623 0.215482
vt 0.700000 0.750000
vt 0.700006 0.500000
vt 0.978227 0.175854
vt 0.969491 0.181613
vt 0.700006 1.000000
vt 0.478227 0.175854
vt 0.469491 0.181613
vt 0.675000 0.750000
vt 0.675006 0.500000
vt 0.963822 0.141062
vt 0.956032 0.149119
vt 0.675006 1.000000
vt 0.463822 0.141062
vt 0.456032 0.149119
vt 0.650000 0.750000
vt 0.650006 0.500000
vt 0.944151 0.108951
vt 0.937465 0.118819
vt 0.650006 1.000000
vt 0.444151 0.108951
vt 0.437465 0.118819
vt 0.625000 0.750000
vt 0.625005 0.500000
vt 0.919697 0.080312
vt 0.914169 0.091545
vt 0.625005 1.000000
vt 0.419697 0.080312
vt 0.414169 0.091545
vt 0.600000 0.750000
vt 0.600004 0.500000
vt 0.891063 0.055852
vt 0.886694 0.068078
vt 0.600004 1.000000
vt 0.391063 0.055852
vt 0.386694 0.068078
vt 0.575000 0.750000
vt 0.575003 0.500000
vt 0.858954 0.036173
vt 0.855716 0.049095
vt 0.575003 1.000000
vt 0.358954 0.036173
vt 0.355716 0.049095
vt 0.550000 0.750000
vt 0.550002 0.500000
vt 0.824162 0.021760
vt 0.822025 0.035139
vt 0.550002 1.000000
vt 0.324162 0.021760
vt 0.322025 0.035139
vt 0.525000 0.750000
vt 0.525001 0.500000
vt 0.787543 0.012967
vt 0.786481 0.026606
vt 0.525001 1.000000
vt 0.287543 0.012967
vt 0.286481 0.026606
vt 0.500000 0.750000
vt 0.500000 0.500000
vt 0.750000 0.010012
vt 0.750000 0.023735
vt 0.500000 1.000000
vt 0.250000 0.010012
vt 0.250000 0.023735
vt 0.475000 0.750000
vt 0.475000 0.500000
vt 0.712457 0.012967
vt 0.713519 0.026606
vt 0.475000 1.000000
vt 0.212457 0.012967
vt 0.213519 0.026606
vt 0.450000 0.750000
vt 0.449999 0.500000
vt 0.675838 0.021760
vt 0.677975 0.035139
vt 0.449999 1.000000
vt 0.175838 0.021760
vt 0.177975 0.035139
vt 0.425000 0.750000
vt 0.424998 0.500000
vt 0.641046 0.036173
vt 0.644284 0.049095
vt 0.424998 1.000000
vt 0.141046 0.036173
vt 0.144284 0.049095
vt 0.400000 0.750000
vt 0.399997 0.500000
vt 0.608937 0.055852
vt 0.613306 0.068078
vt 0.399997 1.000000
vt 0.108937 0.055852
vt 0.113306 0.068078
vt 0.375000 0.750000
vt 0.374996 0.500000
vt 0.580303 0.080312
vt 0.585830 0.091545
vt 0.374996 1.000000
vt 0.080303 0.080312
vt 0.085830 0.091545
vt 0.350000 0.750000
vt 0.349995 0.500000
vt 0.555849 0.108951
vt 0.562535 0.118819
vt 0.349995 1.000000
vt 0.055849 0.108951
vt 0.062535 0.118819
vt 0.325000 0.750000
vt 0.324994 0.500000
vt 0.536178 0.141062
vt 0.543968 0.149119
vt 0.324994 1.000000
vt 0.036178 0.141062
vt 0.043968 0.149119
vt 0.300000 0.750000
vt 0.299995 0.500000
vt 0.521773 0.175854
vt 0.530509 0.181613
vt 0.299995 1.000000
vt 0.021773 0.175854
vt 0.030509 0.181613
vt 0.275000 0.750000
vt 0.274997 0.500000
vt 0.512988 0.212466
vt 0.522377 0.215482
vt 0.274997 1.000000
vt 0.012988 0.212466
vt 0.022377 0.215482
vt 0.250000 0.750000
vt 0.250000 0.500000
vt 0.510035 0.250000
vt 0.519661 0.250000
vt 0.250000 1.000000
vt 0.010035 0.250000
vt 0.019661 0.250000
vt 0.225000 0.750000
vt 0.225004 0.500000
vt 0.512988 0.287534
vt 0.522377 0.284518
vt 0.225004 1.000000
vt 0.012988 0.287534
vt 0.022377 0.284518
vt 0.200000 0.750000
vt 0.200006 0.500000
vt 0.521773 0.324147
vt 0.530509 0.318387
vt 0.200006 1.000000
vt 0.021773 0.324147
vt 0.030509 0.318387
vt 0.175000 0.750000
vt 0.175006 0.500000
vt 0.536178 0.358938
vt 0.543968 0.350881
vt 0.175006 1.000000
vt 0.036178 0.358938
vt 0.043968 0.350881
vt 0.150000 0.750000
vt 0.150006 0.500000
vt 0.555849 0.391049
vt 0.562535 0.381181
vt 0.150006 1.000000
vt 0.055849 0.391049
vt 0.062535 0.381181
vt 0.125000 0.750000
vt 0.125005 0.500000
vt 0.580303 0.419688
vt 0.585830 0.408456
vt 0.125005 1.000000
vt 0.080303 0.419688
vt 0.085830 0.408455
vt 0.100000 0.750000
vt 0.100004 0.500000
vt 0.608937 0.444148
vt 0.613306 0.431922
vt 0.100004 1.000000
vt 0.108937 0.444148
vt 0.113306 0.431922
vt 0.075000 0.750000
vt 0.075003 0.500000
vt 0.641046 0.463827
vt 0.644284 0.450905
vt 0.075003 1.000000
vt 0.141046 0.463827
vt 0.144284 0.450905
vt 0.050000 0.750000
vt 0.050002 0.500000
vt 0.675838 0.478240
vt 0.677975 0.464861
vt 0.050002 1.000000
vt 0.175838 0.478240
vt 0.177975 0.464860
vt 0.025000 0.750000
vt 0.025001 0.500000
vt 0.712457 0.487033
vt 0.713519 0.473394
vt 0.025001 1.000000
vt 0.212457 0.487033
vt 0.213519 0.473394
vt 0.000000 0.750000
vt 0.000103 0.500000
vt 0.000103 1.000000
s 1
usemtl Pond
f 1644/2047/1609 1650/2048/1615 1651/2049/1616 1645/2050/1610
f 1645/2051/1610 1651/2052/1616 1649/2053/1614 1643/2054/1608
f 1653/2048/1618 1647/2047/1612 1648/2055/1613 1654/2056/1619
f 1654/2057/1619 1648/2058/1613 1646/2059/1611 1652/2060/1617
f 1650/2048/1615 1656/2061/1621 1657/2062/1622 1651/2049/1616
f 1651/2052/1616 1657/2063/1622 1655/2064/1620 1649/2053/1614
f 1659/2061/1624 1653/2048/1618 1654/2056/1619 1660/2065/1625
f 1660/2066/1625 1654/2057/1619 1652/2060/1617 1658/2067/1623
f 1656/2061/1621 1662/2068/1627 1663/2069/1628 1657/2062/1622
f 1657/2063/1622 1663/2070/1628 1661/2071/1626 1655/2064/1620
f 1665/2068/1630 1659/2061/1624 1660/2065/1625 1666/2072/1631
f 1666/2073/1631 1660/2066/1625 1658/2067/1623 1664/2074/1629
f 1662/2068/1627 1668/2075/1633 1669/2076/1634 1663/2069/1628
f 1663/2070/1628 1669/2077/1634 1667/2078/1632 1661/2071/1626
f 1671/2075/1636 1665/2068/1630 1666/2072/1631 1672/2079/1637
f 1672/2080/1637 1666/2073/1631 1664/2074/1629 1670/2081/1635
f 1668/2075/1633 1674/2082/1639 1675/2083/1640 1669/2076/1634
f 1669/2077/1634 1675/2084/1640 1673/2085/1638 1667/2078/1632
f 1677/2082/1642 1671/2075/1636 1672/2079/1637 1678/2086/1643
f 1678/2087/1643 1672/2080/1637 1670/2081/1635 1676/2088/1641
f 1674/2082/1639 1680/2089/1645 1681/2090/1646 1675/2083/1640
f 1675/2084/1640 1681/2091/1646 1679/2092/1644 1673/2085/1638
f 1683/2089/1648 1677/2082/1642 1678/2086/1643 1684/2093/1649
f 1684/2094/1649 1678/2087/1643 1676/2088/1641 1682/2095/1647
f 1680/2089/1645 1686/2096/1651 1687/2097/1652 1681/2090/1646
f 1681/2091/1646 1687/2098/1652 1685/2099/1650 1679/2092/1644
f 1689/2096/1654 1683/2089/1648 1684/2093/1649 1690/2100/1655
f 1690/2101/1655 1684/2094/1649 1682/2095/1647 1688/2102/1653
f 1686/2096/1651 1692/2103/1657 1693/2104/1658 1687/2097/1652
f 1687/2098/1652 1693/2105/1658 1691/2106/1656 1685/2099/1650
f 1695/2103/1660 1689/2096/1654 1690/2100/1655 1696/2107/1661
f 1696/2108/1661 1690/2101/1655 1688/2102/1653 1694/2109/1659
f 1692/2103/1657 1698/2110/1663 1699/2111/1664 1693/2104/1658
f 1693/2105/1658 1699/2112/1664 1697/2113/1662 1691/2106/1656
f 1701/2110/1666 1695/2103/1660 1696/2107/1661 1702/2114/1667
f 1702/2115/1667 1696/2108/1661 1694/2109/1659 1700/2116/1665
f 1698/2110/1663 1704/2117/1669 1705/2118/1670 1699/2111/1664
f 1699/2112/1664 1705/2119/1670 1703/2120/1668 1697/2113/1662
f 1707/2117/1672 1701/2110/1666 1702/2114/1667 1708/2121/1673
f 1708/2122/1673 1702/2115/1667 1700/2116/1665 1706/2123/1671
f 1704/2117/1669 1710/2124/1675 1711/2125/1676 1705/2118/1670
f 1705/2119/1670 1711/2126/1676 1709/2127/1674 1703/2120/1668
f 1713/2124/1678 1707/2117/1672 1708/2121/1673 1714/2128/1679
f 1714/2129/1679 1708/2122/1673 1706/2123/1671 1712/2130/1677
f 1710/2124/1675 1716/2131/1681 1717/2132/1682 1711/2125/1676
f 1711/2126/1676 1717/2133/1682 1715/2134/1680 1709/2127/1674
f 1719/2131/1684 1713/2124/1678 1714/2128/1679 1720/2135/1685
f 1720/2136/1685 1714/2129/1679 1712/2130/1677 1718/2137/1683
f 1716/2131/1681 1722/2138/1687 1723/2139/1688 1717/2132/1682
f 1717/2133/1682 1723/2140/1688 1721/2141/1686 1715/2134/1680
f 1725/2138/1690 1719/2131/1684 1720/2135/1685 1726/2142/1691
f 1726/2143/1691 1720/2136/1685 1718/2137/1683 1724/2144/1689
f 1722/2138/1687 1728/2145/1693 1729/2146/1694 1723/2139/1688
f 1723/2140/1688 1729/2147/1694 1727/2148/1692 1721/2141/1686
f 1731/2145/1696 1725/2138/1690 1726/2142/1691 1732/2149/1697
f 1732/2150/1697 1726/2143/1691 1724/2144/1689 1730/2151/1695
f 1728/2145/1693 1734/2152/1699 1735/2153/1700 1729/2146/1694
f 1729/2147/1694 1735/2154/1700 1733/2155/1698 1727/2148/1692
f 1737/2152/1702 1731/2145/1696 1732/2149/1697 1738/2156/1703
f 1738/2157/1703 1732/2150/1697 1730/2151/1695 1736/2158/1701
f 1734/2152/1699 1740/2159/1705 1741/2160/1706 1735/2153/1700
f 1735/2154/1700 1741/2161/1706 1739/2162/1704 1733/2155/1698
f 1743/2159/1708 1737/2152/1702 1738/2156/1703 1744/2163/1709
f 1744/2164/1709 1738/2157/1703 1736/2158/1701 1742/2165/1707
f 1740/2159/1705 1746/2166/1711 1747/2167/1712 1741/2160/1706
f 1741/2161/1706 1747/2168/1712 1745/2169/1710 1739/2162/1704
f 1749/2166/1714 1743/2159/1708 1744/2163/1709 1750/2170/1715
f 1750/2171/1715 1744/2164/1709 1742/2165/1707 1748/2172/1713
f 1746/2166/1711 1752/2173/1717 1753/2174/1718 1747/2167/1712
f 1747/2168/1712 1753/2175/1718 1751/2176/1716 1745/2169/1710
f 1755/2173/1720 1749/2166/1714 1750/2170/1715 1756/2177/1721
f 1756/2178/1721 1750/2171/1715 1748/2172/1713 1754/2179/1719
f 1752/2173/1717 1758/2180/1723 1759/2181/1724 1753/2174/1718
f 1753/2175/1718 1759/2182/1724 1757/2183/1722 1751/2176/1716
f 1761/2180/1726 1755/2173/1720 1756/2177/1721 1762/2184/1727
f 1762/2185/1727 1756/2178/1721 1754/2179/1719 1760/2186/1725
f 1758/2180/1723 1764/2187/1729 1765/2188/1730 1759/2181/1724
f 1759/2182/1724 1765/2189/1730 1763/2190/1728 1757/2183/1722
f 1767/2187/1732 1761/2180/1726 1762/2184/1727 1768/2191/1733
f 1768/2192/1733 1762/2185/1727 1760/2186/1725 1766/2193/1731
f 1764/2187/1729 1770/2194/1735 1771/2195/1736 1765/2188/1730
f 1765/2189/1730 1771/2196/1736 1769/2197/1734 1763/2190/1728
f 1773/2194/1738 1767/2187/1732 1768/2191/1733 1774/2198/1739
f 1774/2199/1739 1768/2192/1733 1766/2193/1731 1772/2200/1737
f 1770/2194/1735 1776/2201/1741 1777/2202/1742 1771/2195/1736
f 1771/2196/1736 1777/2203/1742 1775/2204/1740 1769/2197/1734
f 1779/2201/1744 1773/2194/1738 1774/2198/1739 1780/2205/1745
f 1780/2206/1745 1774/2199/1739 1772/2200/1737 1778/2207/1743
f 1776/2201/1741 1782/2208/1747 1783/2209/1748 1777/2202/1742
f 1777/2203/1742 1783/2210/1748 1781/2211/1746 1775/2204/1740
f 1785/2208/1750 1779/2201/1744 1780/2205/1745 1786/2212/1751
f 1786/2213/1751 1780/2206/1745 1778/2207/1743 1784/2214/1749
f 1782/2208/1747 1788/2215/1753 1789/2216/1754 1783/2209/1748
f 1783/2210/1748 1789/2217/1754 1787/2218/1752 1781/2211/1746
f 1791/2215/1756 1785/2208/1750 1786/2212/1751 1792/2219/1757
f 1792/2220/1757 1786/2213/1751 1784/2214/1749 1790/2221/1755
f 1788/2215/1753 1794/2222/1759 1795/2223/1760 1789/2216/1754
f 1789/2217/1754 1795/2224/1760 1793/2225/1758 1787/2218/1752
f 1797/2222/1762 1791/2215/1756 1792/2219/1757 1798/2226/1763
f 1798/2227/1763 1792/2220/1757 1790/2221/1755 1796/2228/1761
f 1794/2222/1759 1800/2229/1765 1801/2230/1766 1795/2223/1760
f 1795/2224/1760 1801/2231/1766 1799/2232/1764 1793/2225/1758
f 1803/2229/1768 1797/2222/1762 1798/2226/1763 1804/2233/1769
f 1804/2234/1769 1798/2227/1763 1796/2228/1761 1802/2235/1767
f 1800/2229/1765 1806/2236/1771 1807/2237/1772 1801/2230/1766
f 1801/2231/1766 1807/2238/1772 1805/2239/1770 1799/2232/1764
f 1809/2236/1774 1803/2229/1768 1804/2233/1769 1810/2240/1775
f 1810/2241/1775 1804/2234/1769 1802/2235/1767 1808/2242/1773
f 1806/2236/1771 1812/2243/1777 1813/2244/1778 1807/2237/1772
f 1807/2238/1772 1813/2245/1778 1811/2246/1776 1805/2239/1770
f 1815/2243/1780 1809/2236/1774 1810/2240/1775 1816/2247/1781
f 1816/2248/1781 1810/2241/1775 1808/2242/1773 1814/2249/1779
f 1812/2243/1777 1818/2250/1783 1819/2251/1784 1813/2244/1778
f 1813/2245/1778 1819/2252/1784 1817/2253/1782 1811/2246/1776
f 1821/2250/1786 1815/2243/1780 1816/2247/1781 1822/2254/1787
f 1822/2255/1787 1816/2248/1781 1814/2249/1779 1820/2256/1785
f 1818/2250/1783 1824/2257/1789 1825/2258/1790 1819/2251/1784
f 1819/2252/1784 1825/2259/1790 1823/2260/1788 1817/2253/1782
f 1827/2257/1792 1821/2250/1786 1822/2254/1787 1828/2261/1793
f 1828/2262/1793 1822/2255/1787 1820/2256/1785 1826/2263/1791
f 1824/2257/1789 1830/2264/1795 1831/2265/1796 1825/2258/1790
f 1825/2259/1790 1831/2266/1796 1829/2267/1794 1823/2260/1788
f 1833/2264/1798 1827/2257/1792 1828/2261/1793 1834/2268/1799
f 1834/2269/1799 1828/2262/1793 1826/2263/1791 1832/2270/1797
f 1830/2264/1795 1836/2271/1801 1837/2272/1802 1831/2265/1796
f 1831/2266/1796 1837/2273/1802 1835/2274/1800 1829/2267/1794
f 1839/2271/1804 1833/2264/1798 1834/2268/1799 1840/2275/1805
f 1840/2276/1805 1834/2269/1799 1832/2270/1797 1838/2277/1803
f 1836/2271/1801 1842/2278/1807 1843/2279/1808 1837/2272/1802
f 1837/2273/1802 1843/2280/1808 1841/2281/1806 1835/2274/1800
f 1845/2278/1810 1839/2271/1804 1840/2275/1805 1846/2282/1811
f 1846/2283/1811 1840/2276/1805 1838/2277/1803 1844/2284/1809
f 1842/2278/1807 1848/2285/1813 1849/2286/1814 1843/2279/1808
f 1843/2280/1808 1849/2287/1814 1847/2288/1812 1841/2281/1806
f 1851/2285/1816 1845/2278/1810 1846/2282/1811 1852/2289/1817
f 1852/2290/1817 1846/2283/1811 1844/2284/1809 1850/2291/1815
f 1848/2285/1813 1854/2292/1819 1855/2293/1820 1849/2286/1814
f 1849/2287/1814 1855/2294/1820 1853/2295/1818 1847/2288/1812
f 1857/2292/1822 1851/2285/1816 1852/2289/1817 1858/2296/1823
f 1858/2297/1823 1852/2290/1817 1850/2291/1815 1856/2298/1821
f 1854/2292/1819 1860/2299/1825 1861/2300/1826 1855/2293/1820
f 1855/2294/1820 1861/2301/1826 1859/2302/1824 1853/2295/1818
f 1863/2299/1828 1857/2292/1822 1858/2296/1823 1864/2303/1829
f 1864/2304/1829 1858/2297/1823 1856/2298/1821 1862/2305/1827
f 1860/2299/1825 1866/2306/1831 1867/2307/1832 1861/2300/1826
f 1861/2301/1826 1867/2308/1832 1865/2309/1830 1859/2302/1824
f 1869/2306/1834 1863/2299/1828 1864/2303/1829 1870/2310/1835
f 1870/2311/1835 1864/2304/1829 1862/2305/1827 1868/2312/1833
f 1866/2306/1831 1872/2313/1837 1873/2314/1838 1867/2307/1832
f 1867/2308/1832 1873/2315/1838 1871/2316/1836 1865/2309/1830
f 1875/2313/1840 1869/2306/1834 1870/2310/1835 1876/2317/1841
f 1876/2318/1841 1870/2311/1835 1868/2312/1833 1874/2319/1839
f 1872/2313/1837 1878/2320/1843 1879/2321/1844 1873/2314/1838
f 1873/2315/1838 1879/2322/1844 1877/2323/1842 1871/2316/1836
f 1881/2320/1846 1875/2313/1840 1876/2317/1841 1882/2324/1847
f 1882/2325/1847 1876/2318/1841 1874/2319/1839 1880/2326/1845
f 1878/2320/1843 1644/2327/1609 1645/2328/1610 1879/2321/1844
f 1879/2322/1844 1645/2051/1610 1643/2054/1608 1877/2323/1842
f 1647/2327/1612 1881/2320/1846 1882/2324/1847 1648/2329/1613
f 1648/2058/1613 1882/2325/1847 1880/2326/1845 1646/2059/1611
f 1643/2054/1608 1649/2053/1614 1655/2064/1620 1661/2071/1626 1667/2078/1632 1673/2085/1638 1679/2092/1644 1685/2099/1650 1691/2106/1656 1697/2113/1662 1703/2120/1668 1709/2127/1674 1715/2134/1680 1721/2141/1686 1727/2148/1692 1733/2155/1698 1739/2162/1704 1745/2169/1710 1751/2176/1716 1757/2183/1722 1763/2190/1728 1769/2197/1734 1775/2204/1740 1781/2211/1746 1787/2218/1752 1793/2225/1758 1799/2232/1764 1805/2239/1770 1811/2246/1776 1817/2253/1782 1823/2260/1788 1829/2267/1794 1835/2274/1800 1841/2281/1806 1847/2288/1812 1853/2295/1818 1859/2302/1824 1865/2309/1830 1871/2316/1836 1877/2323/1842
f 1644/2047/1609 1647/2047/1612 1653/2048/1618 1650/2048/1615
f 1878/2320/1843 1881/2320/1846 1647/2327/1612 1644/2327/1609
f 1652/2060/1617 1646/2059/1611 1880/2326/1845 1874/2319/1839 1868/2312/1833 1862/2305/1827 1856/2298/1821 1850/2291/1815 1844/2284/1809 1838/2277/1803 1832/2270/1797 1826/2263/1791 1820/2256/1785 1814/2249/1779 1808/2242/1773 1802/2235/1767 1796/2228/1761 1790/2221/1755 1784/2214/1749 1778/2207/1743 1772/2200/1737 1766/2193/1731 1760/2186/1725 1754/2179/1719 1748/2172/1713 1742/2165/1707 1736/2158/1701 1730/2151/1695 1724/2144/1689 1718/2137/1683 1712/2130/1677 1706/2123/1671 1700/2116/1665 1694/2109/1659 1688/2102/1653 1682/2095/1647 1676/2088/1641 1670/2081/1635 1664/2074/1629 1658/2067/1623
f 1650/2048/1615 1653/2048/1618 1659/2061/1624 1656/2061/1621
f 1656/2061/1621 1659/2061/1624 1665/2068/1630 1662/2068/1627
f 1662/2068/1627 1665/2068/1630 1671/2075/1636 1668/2075/1633
f 1668/2075/1633 1671/2075/1636 1677/2082/1642 1674/2082/1639
f 1674/2082/1639 1677/2082/1642 1683/2089/1648 1680/2089/1645
f 1680/2089/1645 1683/2089/1648 1689/2096/1654 1686/2096/1651
f 1686/2096/1651 1689/2096/1654 1695/2103/1660 1692/2103/1657
f 1692/2103/1657 1695/2103/1660 1701/2110/1666 1698/2110/1663
f 1698/2110/1663 1701/2110/1666 1707/2117/1672 1704/2117/1669
f 1704/2117/1669 1707/2117/1672 1713/2124/1678 1710/2124/1675
f 1710/2124/1675 1713/2124/1678 1719/2131/1684 1716/2131/1681
f 1716/2131/1681 1719/2131/1684 1725/2138/1690 1722/2138/1687
f 1722/2138/1687 1725/2138/1690 1731/2145/1696 1728/2145/1693
f 1728/2145/1693 1731/2145/1696 1737/2152/1702 1734/2152/1699
f 1734/2152/1699 1737/2152/1702 1743/2159/1708 1740/2159/1705
f 1740/2159/1705 1743/2159/1708 1749/2166/1714 1746/2166/1711
f 1746/2166/1711 1749/2166/1714 1755/2173/1720 1752/2173/1717
f 1752/2173/1717 1755/2173/1720 1761/2180/1726 1758/2180/1723
f 1758/2180/1723 1761/2180/1726 1767/2187/1732 1764/2187/1729
f 1764/2187/1729 1767/2187/1732 1773/2194/1738 1770/2194/1735
f 1770/2194/1735 1773/2194/1738 1779/2201/1744 1776/2201/1741
f 1776/2201/1741 1779/2201/1744 1785/2208/1750 1782/2208/1747
f 1782/2208/1747 1785/2208/1750 1791/2215/1756 1788/2215/1753
f 1788/2215/1753 1791/2215/1756 1797/2222/1762 1794/2222/1759
f 1794/2222/1759 1797/2222/1762 1803/2229/1768 1800/2229/1765
f 1800/2229/1765 1803/2229/1768 1809/2236/1774 1806/2236/1771
f 1806/2236/1771 1809/2236/1774 1815/2243/1780 1812/2243/1777
f 1812/2243/1777 1815/2243/1780 1821/2250/1786 1818/2250/1783
f 1818/2250/1783 1821/2250/1786 1827/2257/1792 1824/2257/1789
f 1824/2257/1789 1827/2257/1792 1833/2264/1798 1830/2264/1795
f 1830/2264/1795 1833/2264/1798 1839/2271/1804 1836/2271/1801
f 1836/2271/1801 1839/2271/1804 1845/2278/1810 1842/2278/1807
f 1842/2278/1807 1845/2278/1810 1851/2285/1816 1848/2285/1813
f 1848/2285/1813 1851/2285/1816 1857/2292/1822 1854/2292/1819
f 1854/2292/1819 1857/2292/1822 1863/2299/1828 1860/2299/1825
f 1860/2299/1825 1863/2299/1828 1869/2306/1834 1866/2306/1831
f 1866/2306/1831 1869/2306/1834 1875/2313/1840 1872/2313/1837
f 1872/2313/1837 1875/2313/1840 1881/2320/1846 1878/2320/1843
o Icosphere
v 12.000000 -6.000000 -0.120000
v 11.493480 -5.705597 0.112170
v 12.193469 -5.523642 0.112170
v 12.626098 -6.000000 0.112170
v 12.193469 -6.476358 0.112170
v 11.493480 -6.294403 0.112170
v 11.806531 -5.523642 0.487830
v 12.506520 -5.705597 0.487830
v 12.506520 -6.294403 0.487830
v 11.806531 -6.476358 0.487830
v 11.373902 -6.000000 0.487830
v 12.000000 -6.000000 0.720000
vn -0.0008 -0.0000 -1.0000
vn -0.6876 0.5442 -0.4807
vn 0.2482 0.8457 -0.4725
vn 0.8763 -0.0000 -0.4817
vn 0.2482 -0.8457 -0.4725
vn -0.6876 -0.5442 -0.4807
vn -0.2482 0.8457 0.4725
vn 0.6876 0.5442 0.4807
vn 0.6876 -0.5442 0.4807
vn -0.2482 -0.8457 0.4725
vn -0.8763 -0.0000 0.4817
vn 0.0008 -0.0000 1.0000
vt 0.181819 0.000000
vt 0.272728 0.157461
vt 0.090910 0.157461
vt 0.363637 0.000000
vt 0.454546 0.157461
vt 0.909091 0.000000
vt 1.000000 0.157461
vt 0.818182 0.157461
vt 0.727273 0.000000
vt 0.636364 0.157461
vt 0.545455 0.000000
vt 0.363637 0.314921
vt 0.181819 0.314921
vt 0.909091 0.314921
vt 0.727273 0.314921
vt 0.545455 0.314921
vt 0.000000 0.314921
vt 0.272728 0.472382
vt 0.090910 0.472382
vt 0.818182 0.472382
vt 0.636364 0.472382
vt 0.454546 0.472382
s 1
usemtl Rock
f 1883/2330/1848 1884/2331/1849 1885/2332/1850
f 1884/2331/1849 1883/2333/1848 1888/2334/1853
f 1883/2335/1848 1885/2336/1850 1886/2337/1851
f 1883/2338/1848 1886/2337/1851 1887/2339/1852
f 1883/2340/1848 1887/2339/1852 1888/2334/1853
f 1884/2331/1849 1888/2334/1853 1893/2341/1858
f 1885/2332/1850 1884/2331/1849 1889/2342/1854
f 1886/2337/1851 1885/2336/1850 1890/2343/1855
f 1887/2339/1852 1886/2337/1851 1891/2344/1856
f 1888/2334/1853 1887/2339/1852 1892/2345/1857
f 1884/2331/1849 1893/2341/1858 1889/2342/1854
f 1885/2332/1850 1889/2342/1854 1890/2346/1855
f 1886/2337/1851 1890/2343/1855 1891/2344/1856
f 1887/2339/1852 1891/2344/1856 1892/2345/1857
f 1888/2334/1853 1892/2345/1857 1893/2341/1858
f 1889/2342/1854 1893/2341/1858 1894/2347/1859
f 1890/2346/1855 1889/2342/1854 1894/2348/1859
f 1891/2344/1856 1890/2343/1855 1894/2349/1859
f 1892/2345/1857 1891/2344/1856 1894/2350/1859
f 1893/2341/1858 1892/2345/1857 1894/2351/1859
o Icosphere.001
v -12.000000 -6.500000 -0.144000
v -12.607824 -6.146716 0.134604
v -11.767837 -5.928370 0.134604
v -11.248683 -6.500000 0.134604
v -11.767837 -7.071630 0.134604
v -12.607824 -6.853284 0.134604
v -12.232163 -5.928370 0.585396
v -11.392176 -6.146716 0.585396
v -11.392176 -6.853284 0.585396
v -12.232163 -7.071630 0.585396
v -12.751317 -6.500000 0.585396
v -12.000000 -6.500000 0.864000
vn -0.0008 -0.0000 -1.0000
vn -0.6876 0.5442 -0.4807
vn 0.2482 0.8457 -0.4725
vn 0.8763 -0.0000 -0.4817
vn 0.2482 -0.8457 -0.4725
vn -0.6876 -0.5442 -0.4807
vn -0.2482 0.8457 0.4725
vn 0.6876 0.5442 0.4807
vn 0.6876 -0.5442 0.4807
vn -0.2482 -0.8457 0.4725
vn -0.8763 -0.0000 0.4817
vn 0.0008 -0.0000 1.0000
vt 0.181819 0.000000
vt 0.272728 0.157461
vt 0.090910 0.157461
vt 0.363637 0.000000
vt 0.454546 0.157461
vt 0.909091 0.000000
vt 1.000000 0.157461
vt 0.818182 0.157461
vt 0.727273 0.000000
vt 0.636364 0.157461
vt 0.545455 0.000000
vt 0.363637 0.314921
vt 0.181819 0.314921
vt 0.909091 0.314921
vt 0.727273 0.314921
vt 0.545455 0.314921
vt 0.000000 0.314921
vt 0.272728 0.472382
vt 0.090910 0.472382
vt 0.818182 0.472382
vt 0.636364 0.472382
vt 0.454546 0.472382
s 1
usemtl Rock.001
f 1895/2352/1860 1896/2353/1861 1897/2354/1862
f 1896/2353/1861 1895/2355/1860 1900/2356/1865
f 1895/2357/1860 1897/2358/1862 1898/2359/1863
f 1895/2360/1860 1898/2359/1863 1899/2361/1864
f 1895/2362/1860 1899/2361/1864 1900/2356/1865
f 1896/2353/1861 1900/2356/1865 1905/2363/1870
f 1897/2354/1862 1896/2353/1861 1901/2364/1866
f 1898/2359/1863 1897/2358/1862 1902/2365/1867
f 1899/2361/1864 1898/2359/1863 1903/2366/1868
f 1900/2356/1865 1899/2361/1864 1904/2367/1869
f 1896/2353/1861 1905/2363/1870 1901/2364/1866
f 1897/2354/1862 1901/2364/1866 1902/2368/1867
f 1898/2359/1863 1902/2365/1867 1903/2366/1868
f 1899/2361/1864 1903/2366/1868 1904/2367/1869
f 1900/2356/1865 1904/2367/1869 1905/2363/1870
f 1901/2364/1866 1905/2363/1870 1906/2369/1871
f 1902/2368/1867 1901/2364/1866 1906/2370/1871
f 1903/2366/1868 1902/2365/1867 1906/2371/1871
f 1904/2367/1869 1903/2366/1868 1906/2372/1871
f 1905/2363/1870 1904/2367/1869 1906/2373/1871
o Icosphere.002
v -12.500000 6.000000 -0.108000
v -12.955868 6.264963 0.100953
v -12.325877 6.428722 0.100953
v -11.936512 6.000000 0.100953
v -12.325877 5.571278 0.100953
v -12.955868 5.735037 0.100953
v -12.674123 6.428722 0.439047
v -12.044132 6.264963 0.439047
v -12.044132 5.735037 0.439047
v -12.674123 5.571278 0.439047
v -13.063488 6.000000 0.439047
v -12.500000 6.000000 0.648000
vn -0.0008 -0.0000 -1.0000
vn -0.6876 0.5442 -0.4807
vn 0.2483 0.8457 -0.4725
vn 0.8763 -0.0000 -0.4817
vn 0.2483 -0.8457 -0.4725
vn -0.6876 -0.5442 -0.4807
vn -0.2482 0.8457 0.4725
vn 0.6876 0.5442 0.4807
vn 0.6876 -0.5442 0.4807
vn -0.2482 -0.8457 0.4725
vn -0.8763 -0.0000 0.4817
vn 0.0008 -0.0000 1.0000
vt 0.181819 0.000000
vt 0.272728 0.157461
vt 0.090910 0.157461
vt 0.363637 0.000000
vt 0.454546 0.157461
vt 0.909091 0.000000
vt 1.000000 0.157461
vt 0.818182 0.157461
vt 0.727273 0.000000
vt 0.636364 0.157461
vt 0.545455 0.000000
vt 0.363637 0.314921
vt 0.181819 0.314921
vt 0.909091 0.314921
vt 0.727273 0.314921
vt 0.545455 0.314921
vt 0.000000 0.314921
vt 0.272728 0.472382
vt 0.090910 0.472382
vt 0.818182 0.472382
vt 0.636364 0.472382
vt 0.454546 0.472382
s 1
usemtl Rock.002
f 1907/2374/1872 1908/2375/1873 1909/2376/1874
f 1908/2375/1873 1907/2377/1872 1912/2378/1877
f 1907/2379/1872 1909/2380/1874 1910/2381/1875
f 1907/2382/1872 1910/2381/1875 1911/2383/1876
f 1907/2384/1872 1911/2383/1876 1912/2378/1877
f 1908/2375/1873 1912/2378/1877 1917/2385/1882
f 1909/2376/1874 1908/2375/1873 1913/2386/1878
f 1910/2381/1875 1909/2380/1874 1914/2387/1879
f 1911/2383/1876 1910/2381/1875 1915/2388/1880
f 1912/2378/1877 1911/2383/1876 1916/2389/1881
f 1908/2375/1873 1917/2385/1882 1913/2386/1878
f 1909/2376/1874 1913/2386/1878 1914/2390/1879
f 1910/2381/1875 1914/2387/1879 1915/2388/1880
f 1911/2383/1876 1915/2388/1880 1916/2389/1881
f 1912/2378/1877 1916/2389/1881 1917/2385/1882
f 1913/2386/1878 1917/2385/1882 1918/2391/1883
f 1914/2390/1879 1913/2386/1878 1918/2392/1883
f 1915/2388/1880 1914/2387/1879 1918/2393/1883
f 1916/2389/1881 1915/2388/1880 1918/2394/1883
f 1917/2385/1882 1916/2389/1881 1918/2395/1883
o Icosphere.003
v 12.500000 6.000000 -0.132000
v 11.942828 6.323843 0.123387
v 12.712816 6.523994 0.123387
v 13.188707 6.000000 0.123387
v 12.712816 5.476006 0.123387
v 11.942828 5.676157 0.123387
v 12.287184 6.523994 0.536613
v 13.057172 6.323843 0.536613
v 13.057172 5.676157 0.536613
v 12.287184 5.476006 0.536613
v 11.811293 6.000000 0.536613
v 12.500000 6.000000 0.792000
vn -0.0008 -0.0000 -1.0000
vn -0.6876 0.5442 -0.4807
vn 0.2482 0.8457 -0.4725
vn 0.8763 -0.0000 -0.4817
vn 0.2482 -0.8457 -0.4725
vn -0.6876 -0.5442 -0.4807
vn -0.2482 0.8457 0.4725
vn 0.6876 0.5442 0.4807
vn 0.6876 -0.5442 0.4807
vn -0.2482 -0.8457 0.4725
vn -0.8763 -0.0000 0.4817
vn 0.0008 -0.0000 1.0000
vt 0.181819 0.000000
vt 0.272728 0.157461
vt 0.090910 0.157461
vt 0.363637 0.000000
vt 0.454546 0.157461
vt 0.909091 0.000000
vt 1.000000 0.157461
vt 0.818182 0.157461
vt 0.727273 0.000000
vt 0.636364 0.157461
vt 0.545455 0.000000
vt 0.363637 0.314921
vt 0.181819 0.314921
vt 0.909091 0.314921
vt 0.727273 0.314921
vt 0.545455 0.314921
vt 0.000000 0.314921
vt 0.272728 0.472382
vt 0.090910 0.472382
vt 0.818182 0.472382
vt 0.636364 0.472382
vt 0.454546 0.472382
s 1
usemtl Rock.003
f 1919/2396/1884 1920/2397/1885 1921/2398/1886
f 1920/2397/1885 1919/2399/1884 1924/2400/1889
f 1919/2401/1884 1921/2402/1886 1922/2403/1887
f 1919/2404/1884 1922/2403/1887 1923/2405/1888
f 1919/2406/1884 1923/2405/1888 1924/2400/1889
f 1920/2397/1885 1924/2400/1889 1929/2407/1894
f 1921/2398/1886 1920/2397/1885 1925/2408/1890
f 1922/2403/1887 1921/2402/1886 1926/2409/1891
f 1923/2405/1888 1922/2403/1887 1927/2410/1892
f 1924/2400/1889 1923/2405/1888 1928/2411/1893
f 1920/2397/1885 1929/2407/1894 1925/2408/1890
f 1921/2398/1886 1925/2408/1890 1926/2412/1891
f 1922/2403/1887 1926/2409/1891 1927/2410/1892
f 1923/2405/1888 1927/2410/1892 1928/2411/1893
f 1924/2400/1889 1928/2411/1893 1929/2407/1894
f 1925/2408/1890 1929/2407/1894 1930/2413/1895
f 1926/2412/1891 1925/2408/1890 1930/2414/1895
f 1927/2410/1892 1926/2409/1891 1930/2415/1895
f 1928/2411/1893 1927/2410/1892 1930/2416/1895
f 1929/2407/1894 1928/2411/1893 1930/2417/1895
o Icosphere.004
v 0.000000 -8.600000 -0.120000
v -0.506520 -8.305597 0.112170
v 0.193469 -8.123642 0.112170
v 0.626097 -8.600000 0.112170
v 0.193469 -9.076359 0.112170
v -0.506520 -8.894403 0.112170
v -0.193469 -8.123642 0.487830
v 0.506520 -8.305597 0.487830
v 0.506520 -8.894403 0.487830
v -0.193469 -9.076359 0.487830
v -0.626097 -8.600000 0.487830
v 0.000000 -8.600000 0.720000
vn -0.0008 -0.0000 -1.0000
vn -0.6876 0.5442 -0.4807
vn 0.2482 0.8457 -0.4725
vn 0.8763 -0.0000 -0.4817
vn 0.2482 -0.8457 -0.4725
vn -0.6876 -0.5442 -0.4807
vn -0.2482 0.8457 0.4725
vn 0.6876 0.5442 0.4807
vn 0.6876 -0.5442 0.4807
vn -0.2482 -0.8457 0.4725
vn -0.8763 -0.0000 0.4817
vn 0.0008 -0.0000 1.0000
vt 0.181819 0.000000
vt 0.272728 0.157461
vt 0.090910 0.157461
vt 0.363637 0.000000
vt 0.454546 0.157461
vt 0.909091 0.000000
vt 1.000000 0.157461
vt 0.818182 0.157461
vt 0.727273 0.000000
vt 0.636364 0.157461
vt 0.545455 0.000000
vt 0.363637 0.314921
vt 0.181819 0.314921
vt 0.909091 0.314921
vt 0.727273 0.314921
vt 0.545455 0.314921
vt 0.000000 0.314921
vt 0.272728 0.472382
vt 0.090910 0.472382
vt 0.818182 0.472382
vt 0.636364 0.472382
vt 0.454546 0.472382
s 1
usemtl Rock.004
f 1931/2418/1896 1932/2419/1897 1933/2420/1898
f 1932/2419/1897 1931/2421/1896 1936/2422/1901
f 1931/2423/1896 1933/2424/1898 1934/2425/1899
f 1931/2426/1896 1934/2425/1899 1935/2427/1900
f 1931/2428/1896 1935/2427/1900 1936/2422/1901
f 1932/2419/1897 1936/2422/1901 1941/2429/1906
f 1933/2420/1898 1932/2419/1897 1937/2430/1902
f 1934/2425/1899 1933/2424/1898 1938/2431/1903
f 1935/2427/1900 1934/2425/1899 1939/2432/1904
f 1936/2422/1901 1935/2427/1900 1940/2433/1905
f 1932/2419/1897 1941/2429/1906 1937/2430/1902
f 1933/2420/1898 1937/2430/1902 1938/2434/1903
f 1934/2425/1899 1938/2431/1903 1939/2432/1904
f 1935/2427/1900 1939/2432/1904 1940/2433/1905
f 1936/2422/1901 1940/2433/1905 1941/2429/1906
f 1937/2430/1902 1941/2429/1906 1942/2435/1907
f 1938/2434/1903 1937/2430/1902 1942/2436/1907
f 1939/2432/1904 1938/2431/1903 1942/2437/1907
f 1940/2433/1905 1939/2432/1904 1942/2438/1907
f 1941/2429/1906 1940/2433/1905 1942/2439/1907
o Icosphere.005
v -8.500000 -7.000000 -0.020000
v -8.934164 -6.684565 0.212168
v -8.334167 -6.489611 0.212168
v -7.963344 -7.000000 0.212169
v -8.334167 -7.510389 0.212168
v -8.934164 -7.315435 0.212168
v -8.665833 -6.489611 0.587832
v -8.065836 -6.684565 0.587832
v -8.065836 -7.315435 0.587832
v -8.665833 -7.510389 0.587832
v -9.036655 -7.000000 0.587831
v -8.500000 -7.000000 0.820000
v -8.402527 -6.700003 0.042725
v -8.755194 -6.814593 0.042725
v -8.657722 -6.514593 0.179190
v -9.010388 -7.000000 0.179191
v -8.755194 -7.185407 0.042725
v -8.184562 -7.000000 0.042726
v -8.087087 -6.700002 0.179191
v -8.402527 -7.299997 0.042725
v -8.087087 -7.299998 0.179191
v -8.657722 -7.485407 0.179190
v -9.070635 -6.814592 0.400000
v -9.070635 -7.185408 0.400000
v -8.500000 -6.400000 0.400000
v -8.852672 -6.514590 0.400000
v -7.929365 -6.814592 0.400000
v -8.147328 -6.514590 0.400000
v -8.147328 -7.485410 0.400000
v -7.929365 -7.185408 0.400000
v -8.852672 -7.485410 0.400000
v -8.500000 -7.600000 0.400000
v -8.912913 -6.700002 0.620809
v -8.342278 -6.514593 0.620810
v -7.989611 -7.000000 0.620809
v -8.342278 -7.485407 0.620810
v -8.912913 -7.299998 0.620809
v -8.597473 -6.700003 0.757275
v -8.815438 -7.000000 0.757274
v -8.244806 -6.814593 0.757275
v -8.244806 -7.185407 0.757275
v -8.597473 -7.299997 0.757275
vn -0.0000 -0.0000 -1.0000
vn -0.6766 0.4916 -0.5483
vn 0.2584 0.7954 -0.5483
vn 0.8363 -0.0000 -0.5483
vn 0.2584 -0.7954 -0.5483
vn -0.6766 -0.4916 -0.5483
vn -0.2584 0.7954 0.5483
vn 0.6766 0.4916 0.5483
vn 0.6766 -0.4916 0.5483
vn -0.2584 -0.7954 0.5483
vn -0.8363 -0.0000 0.5483
vn -0.0000 -0.0000 1.0000
vn 0.1286 0.3957 -0.9093
vn -0.3366 0.2446 -0.9093
vn -0.2411 0.7419 -0.6256
vn -0.7801 -0.0000 -0.6256
vn -0.3366 -0.2446 -0.9093
vn 0.4161 -0.0000 -0.9093
vn 0.6311 0.4585 -0.6256
vn 0.1286 -0.3957 -0.9093
vn 0.6311 -0.4585 -0.6256
vn -0.2411 -0.7419 -0.6256
vn -0.9511 0.3090 -0.0000
vn -0.9511 -0.3090 -0.0000
vn -0.0000 1.0000 -0.0000
vn -0.5878 0.8090 -0.0000
vn 0.9511 0.3090 -0.0000
vn 0.5878 0.8090 -0.0000
vn 0.5878 -0.8090 -0.0000
vn 0.9511 -0.3090 -0.0000
vn -0.5878 -0.8090 -0.0000
vn -0.0000 -1.0000 -0.0000
vn -0.6311 0.4585 0.6256
vn 0.2411 0.7419 0.6256
vn 0.7801 -0.0000 0.6256
vn 0.2411 -0.7419 0.6256
vn -0.6311 -0.4585 0.6256
vn -0.1286 0.3957 0.9093
vn -0.4161 -0.0000 0.9093
vn 0.3366 0.2446 0.9093
vn 0.3366 -0.2446 0.9093
vn -0.1286 -0.3957 0.9093
vt 0.181819 0.000000
vt 0.227273 0.078731
vt 0.136365 0.078731
vt 0.272728 0.157461
vt 0.318182 0.078731
vt 0.363637 0.157461
vt 0.909091 0.000000
vt 0.954545 0.078731
vt 0.863636 0.078731
vt 0.727273 0.000000
vt 0.772727 0.078731
vt 0.681818 0.078731
vt 0.545455 0.000000
vt 0.590909 0.078731
vt 0.500000 0.078731
vt 0.318182 0.236191
vt 0.090910 0.157461
vt 0.181819 0.157461
vt 0.136365 0.236191
vt 0.818182 0.157461
vt 0.909091 0.157461
vt 0.863636 0.236191
vt 0.636364 0.157461
vt 0.727273 0.157461
vt 0.681818 0.236191
vt 0.454546 0.157461
vt 0.545455 0.157461
vt 0.500000 0.236191
vt 0.227273 0.236191
vt 0.045455 0.236191
vt 0.772727 0.236191
vt 0.590909 0.236191
vt 0.409092 0.236191
vt 0.181819 0.314921
vt 0.272728 0.314921
vt 0.227273 0.393651
vt 0.000000 0.314921
vt 0.090910 0.314921
vt 0.045455 0.393651
vt 0.727273 0.314921
vt 0.818182 0.314921
vt 0.772727 0.393651
vt 0.545455 0.314921
vt 0.636364 0.314921
vt 0.590909 0.393651
vt 0.363637 0.314921
vt 0.454546 0.314921
vt 0.409092 0.393651
vt 0.500000 0.393651
vt 0.454546 0.472382
vt 0.681818 0.393651
vt 0.636364 0.472382
vt 0.863636 0.393651
vt 0.818182 0.472382
vt 0.909091 0.314921
vt 0.136365 0.393651
vt 0.090910 0.472382
vt 0.318182 0.393651
vt 0.272728 0.472382
vt 0.954545 0.236191
vt 1.000000 0.157461
vt 0.409092 0.078731
vt 0.363637 0.000000
s 1
usemtl Bush
f 1943/2440/1908 1956/2441/1921 1955/2442/1920
f 1944/2443/1909 1956/2444/1921 1958/2445/1923
f 1943/2446/1908 1955/2447/1920 1960/2448/1925
f 1943/2449/1908 1960/2450/1925 1962/2451/1927
f 1943/2452/1908 1962/2453/1927 1959/2454/1924
f 1944/2443/1909 1958/2445/1923 1965/2455/1930
f 1945/2456/1910 1957/2457/1922 1967/2458/1932
f 1946/2459/1911 1961/2460/1926 1969/2461/1934
f 1947/2462/1912 1963/2463/1928 1971/2464/1936
f 1948/2465/1913 1964/2466/1929 1973/2467/1938
f 1944/2443/1909 1965/2455/1930 1968/2468/1933
f 1945/2456/1910 1967/2458/1932 1970/2469/1935
f 1946/2459/1911 1969/2461/1934 1972/2470/1937
f 1947/2462/1912 1971/2464/1936 1974/2471/1939
f 1948/2465/1913 1973/2467/1938 1966/2472/1931
f 1949/2473/1914 1975/2474/1940 1980/2475/1945
f 1950/2476/1915 1976/2477/1941 1982/2478/1947
f 1951/2479/1916 1977/2480/1942 1983/2481/1948
f 1952/2482/1917 1978/2483/1943 1984/2484/1949
f 1953/2485/1918 1979/2486/1944 1981/2487/1946
f 1981/2487/1946 1984/2488/1949 1954/2489/1919
f 1981/2487/1946 1979/2486/1944 1984/2488/1949
f 1979/2486/1944 1952/2482/1917 1984/2488/1949
f 1984/2484/1949 1983/2490/1948 1954/2491/1919
f 1984/2484/1949 1978/2483/1943 1983/2490/1948
f 1978/2483/1943 1951/2479/1916 1983/2490/1948
f 1983/2481/1948 1982/2492/1947 1954/2493/1919
f 1983/2481/1948 1977/2480/1942 1982/2492/1947
f 1977/2480/1942 1950/2494/1915 1982/2492/1947
f 1982/2478/1947 1980/2495/1945 1954/2496/1919
f 1982/2478/1947 1976/2477/1941 1980/2495/1945
f 1976/2477/1941 1949/2473/1914 1980/2495/1945
f 1980/2475/1945 1981/2497/1946 1954/2498/1919
f 1980/2475/1945 1975/2474/1940 1981/2497/1946
f 1975/2474/1940 1953/2485/1918 1981/2497/1946
f 1966/2472/1931 1979/2486/1944 1953/2485/1918
f 1966/2472/1931 1973/2467/1938 1979/2486/1944
f 1973/2467/1938 1952/2482/1917 1979/2486/1944
f 1974/2471/1939 1978/2483/1943 1952/2482/1917
f 1974/2471/1939 1971/2464/1936 1978/2483/1943
f 1971/2464/1936 1951/2479/1916 1978/2483/1943
f 1972/2470/1937 1977/2480/1942 1951/2479/1916
f 1972/2470/1937 1969/2461/1934 1977/2480/1942
f 1969/2461/1934 1950/2494/1915 1977/2480/1942
f 1970/2469/1935 1976/2477/1941 1950/2476/1915
f 1970/2469/1935 1967/2458/1932 1976/2477/1941
f 1967/2458/1932 1949/2473/1914 1976/2477/1941
f 1968/2468/1933 1975/2474/1940 1949/2473/1914
f 1968/2468/1933 1965/2455/1930 1975/2474/1940
f 1965/2455/1930 1953/2485/1918 1975/2474/1940
f 1973/2467/1938 1974/2471/1939 1952/2482/1917
f 1973/2467/1938 1964/2466/1929 1974/2471/1939
f 1964/2466/1929 1947/2462/1912 1974/2471/1939
f 1971/2464/1936 1972/2470/1937 1951/2479/1916
f 1971/2464/1936 1963/2463/1928 1972/2470/1937
f 1963/2463/1928 1946/2459/1911 1972/2470/1937
f 1969/2461/1934 1970/2499/1935 1950/2494/1915
f 1969/2461/1934 1961/2460/1926 1970/2499/1935
f 1961/2460/1926 1945/2500/1910 1970/2499/1935
f 1967/2458/1932 1968/2468/1933 1949/2473/1914
f 1967/2458/1932 1957/2457/1922 1968/2468/1933
f 1957/2457/1922 1944/2443/1909 1968/2468/1933
f 1965/2455/1930 1966/2472/1931 1953/2485/1918
f 1965/2455/1930 1958/2445/1923 1966/2472/1931
f 1958/2445/1923 1948/2465/1913 1966/2472/1931
f 1959/2454/1924 1964/2466/1929 1948/2465/1913
f 1959/2454/1924 1962/2453/1927 1964/2466/1929
f 1962/2453/1927 1947/2462/1912 1964/2466/1929
f 1962/2451/1927 1963/2463/1928 1947/2462/1912
f 1962/2451/1927 1960/2450/1925 1963/2463/1928
f 1960/2450/1925 1946/2459/1911 1963/2463/1928
f 1960/2448/1925 1961/2460/1926 1946/2459/1911
f 1960/2448/1925 1955/2447/1920 1961/2460/1926
f 1955/2447/1920 1945/2500/1910 1961/2460/1926
f 1958/2445/1923 1959/2501/1924 1948/2465/1913
f 1958/2445/1923 1956/2444/1921 1959/2501/1924
f 1956/2444/1921 1943/2502/1908 1959/2501/1924
f 1955/2442/1920 1957/2457/1922 1945/2456/1910
f 1955/2442/1920 1956/2441/1921 1957/2457/1922
f 1956/2441/1921 1944/2443/1909 1957/2457/1922
o Icosphere.006
v 8.000000 -7.500000 -0.018000
v 7.609252 -7.216108 0.190951
v 8.149249 -7.040649 0.190951
v 8.482990 -7.500000 0.190953
v 8.149249 -7.959351 0.190951
v 7.609252 -7.783892 0.190951
v 7.850750 -7.040649 0.529049
v 8.390748 -7.216108 0.529049
v 8.390748 -7.783892 0.529049
v 7.850750 -7.959351 0.529049
v 7.517010 -7.500000 0.529047
v 8.000000 -7.500000 0.738000
v 8.087726 -7.230002 0.038453
v 7.770326 -7.333134 0.038453
v 7.858051 -7.063134 0.161271
v 7.540650 -7.500000 0.161272
v 7.770326 -7.666866 0.038453
v 8.283895 -7.500000 0.038454
v 8.371622 -7.230001 0.161272
v 8.087726 -7.769998 0.038453
v 8.371622 -7.769999 0.161272
v 7.858051 -7.936866 0.161271
v 7.486429 -7.333133 0.360000
v 7.486429 -7.666867 0.360000
v 8.000000 -6.960000 0.360000
v 7.682596 -7.063131 0.360000
v 8.513572 -7.333133 0.360000
v 8.317404 -7.063131 0.360000
v 8.317404 -7.936869 0.360000
v 8.513572 -7.666867 0.360000
v 7.682596 -7.936869 0.360000
v 8.000000 -8.040000 0.360000
v 7.628378 -7.230001 0.558728
v 8.141949 -7.063134 0.558729
v 8.459350 -7.500000 0.558728
v 8.141949 -7.936866 0.558729
v 7.628378 -7.769999 0.558728
v 7.912274 -7.230002 0.681547
v 7.716106 -7.500000 0.681546
v 8.229674 -7.333134 0.681547
v 8.229674 -7.666866 0.681547
v 7.912274 -7.769998 0.681547
vn -0.0000 -0.0000 -1.0000
vn -0.6766 0.4916 -0.5483
vn 0.2584 0.7954 -0.5483
vn 0.8363 -0.0000 -0.5483
vn 0.2584 -0.7954 -0.5483
vn -0.6766 -0.4916 -0.5483
vn -0.2584 0.7954 0.5483
vn 0.6766 0.4916 0.5483
vn 0.6766 -0.4916 0.5483
vn -0.2584 -0.7954 0.5483
vn -0.8363 -0.0000 0.5483
vn -0.0000 -0.0000 1.0000
vn 0.1286 0.3957 -0.9093
vn -0.3366 0.2446 -0.9093
vn -0.2411 0.7419 -0.6256
vn -0.7801 -0.0000 -0.6256
vn -0.3366 -0.2446 -0.9093
vn 0.4161 -0.0000 -0.9093
vn 0.6311 0.4585 -0.6256
vn 0.1286 -0.3957 -0.9093
vn 0.6311 -0.4585 -0.6256
vn -0.2411 -0.7419 -0.6256
vn -0.9511 0.3090 -0.0000
vn -0.9511 -0.3090 -0.0000
vn -0.0000 1.0000 -0.0000
vn -0.5878 0.8090 -0.0000
vn 0.9511 0.3090 -0.0000
vn 0.5878 0.8090 -0.0000
vn 0.5878 -0.8090 -0.0000
vn 0.9511 -0.3090 -0.0000
vn -0.5878 -0.8090 -0.0000
vn -0.0000 -1.0000 -0.0000
vn -0.6311 0.4585 0.6256
vn 0.2411 0.7419 0.6256
vn 0.7801 -0.0000 0.6256
vn 0.2411 -0.7419 0.6256
vn -0.6311 -0.4585 0.6256
vn -0.1286 0.3957 0.9093
vn -0.4161 -0.0000 0.9093
vn 0.3366 0.2446 0.9093
vn 0.3366 -0.2446 0.9093
vn -0.1286 -0.3957 0.9093
vt 0.181819 0.000000
vt 0.227273 0.078731
vt 0.136365 0.078731
vt 0.272728 0.157461
vt 0.318182 0.078731
vt 0.363637 0.157461
vt 0.909091 0.000000
vt 0.954545 0.078731
vt 0.863636 0.078731
vt 0.727273 0.000000
vt 0.772727 0.078731
vt 0.681818 0.078731
vt 0.545455 0.000000
vt 0.590909 0.078731
vt 0.500000 0.078731
vt 0.318182 0.236191
vt 0.090910 0.157461
vt 0.181819 0.157461
vt 0.136365 0.236191
vt 0.818182 0.157461
vt 0.909091 0.157461
vt 0.863636 0.236191
vt 0.636364 0.157461
vt 0.727273 0.157461
vt 0.681818 0.236191
vt 0.454546 0.157461
vt 0.545455 0.157461
vt 0.500000 0.236191
vt 0.227273 0.236191
vt 0.045455 0.236191
vt 0.772727 0.236191
vt 0.590909 0.236191
vt 0.409092 0.236191
vt 0.181819 0.314921
vt 0.272728 0.314921
vt 0.227273 0.393651
vt 0.000000 0.314921
vt 0.090910 0.314921
vt 0.045455 0.393651
vt 0.727273 0.314921
vt 0.818182 0.314921
vt 0.772727 0.393651
vt 0.545455 0.314921
vt 0.636364 0.314921
vt 0.590909 0.393651
vt 0.363637 0.314921
vt 0.454546 0.314921
vt 0.409092 0.393651
vt 0.500000 0.393651
vt 0.454546 0.472382
vt 0.681818 0.393651
vt 0.636364 0.472382
vt 0.863636 0.393651
vt 0.818182 0.472382
vt 0.909091 0.314921
vt 0.136365 0.393651
vt 0.090910 0.472382
vt 0.318182 0.393651
vt 0.272728 0.472382
vt 0.954545 0.236191
vt 1.000000 0.157461
vt 0.409092 0.078731
vt 0.363637 0.000000
s 1
usemtl Bush.001
f 1985/2503/1950 1998/2504/1963 1997/2505/1962
f 1986/2506/1951 1998/2507/1963 2000/2508/1965
f 1985/2509/1950 1997/2510/1962 2002/2511/1967
f 1985/2512/1950 2002/2513/1967 2004/2514/1969
f 1985/2515/1950 2004/2516/1969 2001/2517/1966
f 1986/2506/1951 2000/2508/1965 2007/2518/1972
f 1987/2519/1952 1999/2520/1964 2009/2521/1974
f 1988/2522/1953 2003/2523/1968 2011/2524/1976
f 1989/2525/1954 2005/2526/1970 2013/2527/1978
f 1990/2528/1955 2006/2529/1971 2015/2530/1980
f 1986/2506/1951 2007/2518/1972 2010/2531/1975
f 1987/2519/1952 2009/2521/1974 2012/2532/1977
f 1988/2522/1953 2011/2524/1976 2014/2533/1979
f 1989/2525/1954 2013/2527/1978 2016/2534/1981
f 1990/2528/1955 2015/2530/1980 2008/2535/1973
f 1991/2536/1956 2017/2537/1982 2022/2538/1987
f 1992/2539/1957 2018/2540/1983 2024/2541/1989
f 1993/2542/1958 2019/2543/1984 2025/2544/1990
f 1994/2545/1959 2020/2546/1985 2026/2547/1991
f 1995/2548/1960 2021/2549/1986 2023/2550/1988
f 2023/2550/1988 2026/2551/1991 1996/2552/1961
f 2023/2550/1988 2021/2549/1986 2026/2551/1991
f 2021/2549/1986 1994/2545/1959 2026/2551/1991
f 2026/2547/1991 2025/2553/1990 1996/2554/1961
f 2026/2547/1991 2020/2546/1985 2025/2553/1990
f 2020/2546/1985 1993/2542/1958 2025/2553/1990
f 2025/2544/1990 2024/2555/1989 1996/2556/1961
f 2025/2544/1990 2019/2543/1984 2024/2555/1989
f 2019/2543/1984 1992/2557/1957 2024/2555/1989
f 2024/2541/1989 2022/2558/1987 1996/2559/1961
f 2024/2541/1989 2018/2540/1983 2022/2558/1987
f 2018/2540/1983 1991/2536/1956 2022/2558/1987
f 2022/2538/1987 2023/2560/1988 1996/2561/1961
f 2022/2538/1987 2017/2537/1982 2023/2560/1988
f 2017/2537/1982 1995/2548/1960 2023/2560/1988
f 2008/2535/1973 2021/2549/1986 1995/2548/1960
f 2008/2535/1973 2015/2530/1980 2021/2549/1986
f 2015/2530/1980 1994/2545/1959 2021/2549/1986
f 2016/2534/1981 2020/2546/1985 1994/2545/1959
f 2016/2534/1981 2013/2527/1978 2020/2546/1985
f 2013/2527/1978 1993/2542/1958 2020/2546/1985
f 2014/2533/1979 2019/2543/1984 1993/2542/1958
f 2014/2533/1979 2011/2524/1976 2019/2543/1984
f 2011/2524/1976 1992/2557/1957 2019/2543/1984
f 2012/2532/1977 2018/2540/1983 1992/2539/1957
f 2012/2532/1977 2009/2521/1974 2018/2540/1983
f 2009/2521/1974 1991/2536/1956 2018/2540/1983
f 2010/2531/1975 2017/2537/1982 1991/2536/1956
f 2010/2531/1975 2007/2518/1972 2017/2537/1982
f 2007/2518/1972 1995/2548/1960 2017/2537/1982
f 2015/2530/1980 2016/2534/1981 1994/2545/1959
f 2015/2530/1980 2006/2529/1971 2016/2534/1981
f 2006/2529/1971 1989/2525/1954 2016/2534/1981
f 2013/2527/1978 2014/2533/1979 1993/2542/1958
f 2013/2527/1978 2005/2526/1970 2014/2533/1979
f 2005/2526/1970 1988/2522/1953 2014/2533/1979
f 2011/2524/1976 2012/2562/1977 1992/2557/1957
f 2011/2524/1976 2003/2523/1968 2012/2562/1977
f 2003/2523/1968 1987/2563/1952 2012/2562/1977
f 2009/2521/1974 2010/2531/1975 1991/2536/1956
f 2009/2521/1974 1999/2520/1964 2010/2531/1975
f 1999/2520/1964 1986/2506/1951 2010/2531/1975
f 2007/2518/1972 2008/2535/1973 1995/2548/1960
f 2007/2518/1972 2000/2508/1965 2008/2535/1973
f 2000/2508/1965 1990/2528/1955 2008/2535/1973
f 2001/2517/1966 2006/2529/1971 1990/2528/1955
f 2001/2517/1966 2004/2516/1969 2006/2529/1971
f 2004/2516/1969 1989/2525/1954 2006/2529/1971
f 2004/2514/1969 2005/2526/1970 1989/2525/1954
f 2004/2514/1969 2002/2513/1967 2005/2526/1970
f 2002/2513/1967 1988/2522/1953 2005/2526/1970
f 2002/2511/1967 2003/2523/1968 1988/2522/1953
f 2002/2511/1967 1997/2510/1962 2003/2523/1968
f 1997/2510/1962 1987/2563/1952 2003/2523/1968
f 2000/2508/1965 2001/2564/1966 1990/2528/1955
f 2000/2508/1965 1998/2507/1963 2001/2564/1966
f 1998/2507/1963 1985/2565/1950 2001/2564/1966
f 1997/2505/1962 1999/2520/1964 1987/2519/1952
f 1997/2505/1962 1998/2504/1963 1999/2520/1964
f 1998/2504/1963 1986/2506/1951 1999/2520/1964
