# Blender 5.1.2
# www.blender.org
mtllib carthabot_map_city.mtl
o MatRim
v 14.309999 10.309999 -0.190000
v 14.309999 10.400000 -0.100000
v 14.400000 10.309999 -0.100000
v 14.309999 10.354940 -0.177976
v 14.354939 10.309999 -0.177976
v 14.353038 10.353039 -0.166297
v 14.354939 10.387976 -0.100000
v 14.309999 10.387976 -0.144941
v 14.353038 10.376296 -0.143039
v 14.387975 10.309999 -0.144941
v 14.387975 10.354940 -0.100000
v 14.376295 10.353039 -0.143039
v 14.309999 10.400000 -0.100000
v 14.309999 10.309999 -0.010000
v 14.400000 10.309999 -0.100000
v 14.309999 10.387976 -0.055059
v 14.354939 10.387976 -0.100000
v 14.353038 10.376296 -0.056961
v 14.354939 10.309999 -0.022024
v 14.309999 10.354940 -0.022024
v 14.353038 10.353039 -0.033703
v 14.387975 10.354940 -0.100000
v 14.387975 10.309999 -0.055059
v 14.376295 10.353039 -0.056961
v 14.309999 -10.309999 -0.190000
v 14.400000 -10.309999 -0.100000
v 14.309999 -10.400000 -0.100000
v 14.354939 -10.309999 -0.177976
v 14.309999 -10.354940 -0.177976
v 14.353038 -10.353039 -0.166297
v 14.387975 -10.354940 -0.100000
v 14.387975 -10.309999 -0.144941
v 14.376295 -10.353039 -0.143039
v 14.309999 -10.387976 -0.144941
v 14.354939 -10.387976 -0.100000
v 14.353038 -10.376296 -0.143039
v 14.309999 -10.309999 -0.010000
v 14.309999 -10.400000 -0.100000
v 14.400000 -10.309999 -0.100000
v 14.309999 -10.354940 -0.022024
v 14.354939 -10.309999 -0.022024
v 14.353038 -10.353039 -0.033703
v 14.354939 -10.387976 -0.100000
v 14.309999 -10.387976 -0.055059
v 14.353038 -10.376296 -0.056961
v 14.387975 -10.309999 -0.055059
v 14.387975 -10.354940 -0.100000
v 14.376295 -10.353039 -0.056961
v -14.309999 10.309999 -0.190000
v -14.400000 10.309999 -0.100000
v -14.309999 10.400000 -0.100000
v -14.354939 10.309999 -0.177976
v -14.309999 10.354940 -0.177976
v -14.353038 10.353039 -0.166297
v -14.387975 10.354940 -0.100000
v -14.387975 10.309999 -0.144941
v -14.376295 10.353039 -0.143039
v -14.309999 10.387976 -0.144941
v -14.354939 10.387976 -0.100000
v -14.353038 10.376296 -0.143039
v -14.309999 10.309999 -0.010000
v -14.309999 10.400000 -0.100000
v -14.400000 10.309999 -0.100000
v -14.309999 10.354940 -0.022024
v -14.354939 10.309999 -0.022024
v -14.353038 10.353039 -0.033703
v -14.354939 10.387976 -0.100000
v -14.309999 10.387976 -0.055059
v -14.353038 10.376296 -0.056961
v -14.387975 10.309999 -0.055059
v -14.387975 10.354940 -0.100000
v -14.376295 10.353039 -0.056961
v -14.309999 -10.309999 -0.190000
v -14.309999 -10.400000 -0.100000
v -14.400000 -10.309999 -0.100000
v -14.309999 -10.354940 -0.177976
v -14.354939 -10.309999 -0.177976
v -14.353038 -10.353039 -0.166297
v -14.354939 -10.387976 -0.100000
v -14.309999 -10.387976 -0.144941
v -14.353038 -10.376296 -0.143039
v -14.387975 -10.309999 -0.144941
v -14.387975 -10.354940 -0.100000
v -14.376295 -10.353039 -0.143039
v -14.309999 -10.309999 -0.010000
v -14.400000 -10.309999 -0.100000
v -14.309999 -10.400000 -0.100000
v -14.354939 -10.309999 -0.022024
v -14.309999 -10.354940 -0.022024
v -14.353038 -10.353039 -0.033703
v -14.387975 -10.354940 -0.100000
v -14.387975 -10.309999 -0.055059
v -14.376295 -10.353039 -0.056961
v -14.309999 -10.387976 -0.055059
v -14.354939 -10.387976 -0.100000
v -14.353038 -10.376296 -0.056961
vn 0.1296 0.1296 -0.9831
vn 0.0630 0.9896 -0.1293
vn 0.7749 0.1024 0.6238
vn 0.1216 0.4916 -0.8623
vn 0.4915 0.1216 -0.8623
vn 0.4474 0.4474 -0.7744
vn 0.3186 0.9274 0.1959
vn 0.1216 0.8623 -0.4916
vn 0.4474 0.7744 -0.4473
vn 0.8623 0.1216 -0.4916
vn 0.6618 0.3723 0.6507
vn 0.7744 0.4473 -0.4474
vn 0.0630 0.9896 0.1293
vn 0.1296 0.1296 0.9831
vn 0.5941 0.0785 0.8006
vn 0.1216 0.8623 0.4916
vn 0.2863 0.8334 0.4727
vn 0.4473 0.7744 0.4473
vn 0.4915 0.1216 0.8623
vn 0.1216 0.4916 0.8623
vn 0.4473 0.4474 0.7744
vn 0.5152 0.2898 0.8066
vn 0.8623 0.1216 0.4916
vn 0.7744 0.4474 0.4474
vn 0.1296 -0.1296 -0.9831
vn 0.7749 -0.1025 0.6238
vn 0.0630 -0.9896 -0.1293
vn 0.4915 -0.1216 -0.8623
vn 0.1216 -0.4915 -0.8623
vn 0.4474 -0.4473 -0.7744
vn 0.6618 -0.3723 0.6507
vn 0.8623 -0.1216 -0.4916
vn 0.7744 -0.4474 -0.4474
vn 0.1216 -0.8623 -0.4916
vn 0.3186 -0.9274 0.1959
vn 0.4474 -0.7744 -0.4474
vn 0.1296 -0.1296 0.9831
vn 0.0630 -0.9896 0.1293
vn 0.5941 -0.0785 0.8006
vn 0.1216 -0.4916 0.8623
vn 0.4915 -0.1216 0.8623
vn 0.4473 -0.4474 0.7744
vn 0.2863 -0.8334 0.4727
vn 0.1216 -0.8623 0.4916
vn 0.4473 -0.7744 0.4473
vn 0.8623 -0.1216 0.4916
vn 0.5152 -0.2898 0.8066
vn 0.7744 -0.4474 0.4473
vn -0.1296 0.1296 -0.9831
vn -0.7749 0.1025 0.6238
vn -0.0630 0.9896 -0.1293
vn -0.4915 0.1216 -0.8623
vn -0.1216 0.4915 -0.8623
vn -0.4474 0.4473 -0.7744
vn -0.6618 0.3723 0.6507
vn -0.8623 0.1216 -0.4916
vn -0.7744 0.4474 -0.4474
vn -0.1216 0.8623 -0.4916
vn -0.3186 0.9274 0.1959
vn -0.4474 0.7744 -0.4474
vn -0.1296 0.1296 0.9831
vn -0.0630 0.9896 0.1293
vn -0.5941 0.0785 0.8006
vn -0.1216 0.4916 0.8623
vn -0.4915 0.1216 0.8623
vn -0.4473 0.4474 0.7744
vn -0.2863 0.8334 0.4727
vn -0.1216 0.8623 0.4916
vn -0.4473 0.7744 0.4473
vn -0.8623 0.1216 0.4916
vn -0.5152 0.2898 0.8066
vn -0.7744 0.4474 0.4473
vn -0.1296 -0.1296 -0.9831
vn -0.0630 -0.9896 -0.1293
vn -0.7749 -0.1024 0.6238
vn -0.1216 -0.4916 -0.8623
vn -0.4915 -0.1216 -0.8623
vn -0.4474 -0.4474 -0.7744
vn -0.3186 -0.9274 0.1959
vn -0.1216 -0.8623 -0.4916
vn -0.4474 -0.7744 -0.4473
vn -0.8623 -0.1216 -0.4916
vn -0.6618 -0.3723 0.6507
vn -0.7744 -0.4473 -0.4474
vn -0.1296 -0.1296 0.9831
vn -0.5941 -0.0785 0.8006
vn -0.0630 -0.9896 0.1293
vn -0.4915 -0.1216 0.8623
vn -0.1216 -0.4916 0.8623
vn -0.4473 -0.4474 0.7744
vn -0.5152 -0.2898 0.8066
vn -0.8623 -0.1216 0.4916
vn -0.7744 -0.4474 0.4474
vn -0.1216 -0.8623 0.4916
vn -0.2863 -0.8334 0.4727
vn -0.4473 -0.7744 0.4473
vt 0.125781 0.748918
vt 0.125781 0.749458
vt 0.125408 0.749436
vt 0.125391 0.748918
vt 0.125781 0.750000
vt 0.125408 0.750000
vt 0.500000 0.999219
vt 0.500000 1.000000
vt 0.375000 0.999592
vt 0.375000 0.999219
vt 0.500000 0.000000
vt 0.500000 0.000542
vt 0.375000 0.000564
vt 0.375000 0.000000
vt 0.500000 0.001082
vt 0.375000 0.001082
vt 0.125000 0.748918
vt 0.125000 0.749436
vt 0.500000 0.999219
vt 0.562418 0.999219
vt 0.559776 1.000000
vt 0.625000 0.999219
vt 0.625000 1.000000
vt 0.874219 0.748918
vt 0.875000 0.748918
vt 0.875000 0.749436
vt 0.874219 0.750000
vt 0.625000 0.001082
vt 0.562418 0.001082
vt 0.559776 0.000564
vt 0.625000 0.000564
vt 0.559776 0.000000
vt 0.125781 0.501082
vt 0.125391 0.501082
vt 0.125408 0.500564
vt 0.125781 0.500542
vt 0.125000 0.501082
vt 0.125000 0.500564
vt 0.500000 0.248918
vt 0.500000 0.249458
vt 0.375000 0.249436
vt 0.375000 0.248918
vt 0.500000 0.250391
vt 0.375000 0.250408
vt 0.500000 0.250781
vt 0.375000 0.250781
vt 0.125781 0.500000
vt 0.125408 0.500000
vt 0.874219 0.501082
vt 0.874219 0.500000
vt 0.875000 0.500564
vt 0.875000 0.501082
vt 0.625000 0.250781
vt 0.562418 0.250781
vt 0.559776 0.250235
vt 0.625000 0.249624
vt 0.559776 0.249436
vt 0.562418 0.248918
vt 0.625000 0.248918
vt 0.374219 0.748918
vt 0.374609 0.748918
vt 0.374592 0.749435
vt 0.374219 0.749458
vt 0.437582 0.748918
vt 0.423866 0.749436
vt 0.500000 0.748918
vt 0.500000 0.749458
vt 0.500000 0.750391
vt 0.374796 0.750204
vt 0.500000 0.750781
vt 0.374609 0.750391
vt 0.625781 0.748918
vt 0.625391 0.750391
vt 0.625204 0.750204
vt 0.625391 0.748918
vt 0.562418 0.750781
vt 0.559776 0.750408
vt 0.559776 0.749628
vt 0.562418 0.748918
vt 0.374219 0.501082
vt 0.374219 0.500542
vt 0.374592 0.500564
vt 0.374609 0.501082
vt 0.374609 0.499609
vt 0.374796 0.499796
vt 0.500000 0.499219
vt 0.500000 0.499609
vt 0.500000 0.500542
vt 0.423866 0.500564
vt 0.500000 0.501082
vt 0.437582 0.501082
vt 0.625781 0.501082
vt 0.625391 0.501082
vt 0.625204 0.499796
vt 0.625391 0.499609
vt 0.562418 0.501082
vt 0.559776 0.500372
vt 0.559776 0.499592
vt 0.500000 0.499219
vt 0.562418 0.499219
s 1
usemtl Rim
f 1/1/1 4/2/4 6/3/6 5/4/5
f 4/2/4 8/5/8 9/6/9 6/3/6
f 2/7/2 7/8/7 9/9/9 8/10/8
f 7/11/7 11/12/11 12/13/12 9/14/9
f 3/15/3 10/16/10 12/13/12 11/12/11
f 10/17/10 5/4/5 6/3/6 12/18/12
f 6/3/6 9/6/9 12/18/12
f 13/19/13 16/20/16 18/21/18 17/8/17
f 16/20/16 20/22/20 21/23/21 18/21/18
f 14/24/14 19/25/19 21/26/21 20/27/20
f 19/28/19 23/29/23 24/30/24 21/31/21
f 15/15/15 22/12/22 24/30/24 23/29/23
f 22/12/22 17/11/17 18/32/18 24/30/24
f 18/32/18 21/31/21 24/30/24
f 25/33/25 28/34/28 30/35/30 29/36/29
f 28/34/28 32/37/32 33/38/33 30/35/30
f 26/39/26 31/40/31 33/41/33 32/42/32
f 31/40/31 35/43/35 36/44/36 33/41/33
f 27/45/27 34/46/34 36/44/36 35/43/35
f 34/47/34 29/36/29 30/35/30 36/48/36
f 30/35/30 33/38/33 36/48/36
f 37/49/37 40/50/40 42/51/42 41/52/41
f 40/53/40 44/54/44 45/55/45 42/56/42
f 38/45/38 43/43/43 45/55/45 44/54/44
f 43/43/43 47/40/47 48/57/48 45/55/45
f 39/39/39 46/58/46 48/57/48 47/40/47
f 46/58/46 41/59/41 42/56/42 48/57/48
f 42/56/42 45/55/45 48/57/48
f 49/60/49 52/61/52 54/62/54 53/63/53
f 52/61/52 56/64/56 57/65/57 54/62/54
f 50/66/50 55/67/55 57/65/57 56/64/56
f 55/67/55 59/68/59 60/69/60 57/65/57
f 51/70/51 58/71/58 60/69/60 59/68/59
f 58/71/58 53/63/53 54/62/54 60/69/60
f 54/62/54 57/65/57 60/69/60
f 61/72/61 64/73/64 66/74/66 65/75/65
f 64/73/64 68/76/68 69/77/69 66/74/66
f 62/70/62 67/68/67 69/77/69 68/76/68
f 67/68/67 71/67/71 72/78/72 69/77/69
f 63/66/63 70/79/70 72/78/72 71/67/71
f 70/79/70 65/75/65 66/74/66 72/78/72
f 66/74/66 69/77/69 72/78/72
f 73/80/73 76/81/76 78/82/78 77/83/77
f 76/81/76 80/84/80 81/85/81 78/82/78
f 74/86/74 79/87/79 81/85/81 80/84/80
f 79/87/79 83/88/83 84/89/84 81/85/81
f 75/90/75 82/91/82 84/89/84 83/88/83
f 82/91/82 77/83/77 78/82/78 84/89/84
f 78/82/78 81/85/81 84/89/84
f 85/92/85 88/93/88 90/94/90 89/95/89
f 88/93/88 92/96/92 93/97/93 90/94/90
f 86/90/86 91/88/91 93/97/93 92/96/92
f 91/88/91 95/87/95 96/98/96 93/97/93
f 87/99/87 94/100/94 96/98/96 95/87/95
f 94/100/94 89/95/89 90/94/90 96/98/96
f 90/94/90 93/97/93 96/98/96
f 25/33/25 1/1/1 5/4/5 28/34/28
f 28/34/28 5/4/5 10/17/10 32/37/32
f 32/42/32 10/16/10 3/15/3 26/39/26
f 2/7/2 13/19/13 17/8/17 7/8/7
f 7/11/7 17/11/17 22/12/22 11/12/11
f 11/12/11 22/12/22 15/15/15 3/15/3
f 14/24/14 37/49/37 41/52/41 19/25/19
f 19/28/19 41/59/41 46/58/46 23/29/23
f 23/29/23 46/58/46 39/39/39 15/15/15
f 38/45/38 27/45/27 35/43/35 43/43/43
f 43/43/43 35/43/35 31/40/31 47/40/47
f 47/40/47 31/40/31 26/39/26 39/39/39
f 73/80/73 25/33/25 29/36/29 76/81/76
f 76/81/76 29/36/29 34/47/34 80/84/80
f 80/84/80 34/46/34 27/45/27 74/86/74
f 37/49/37 85/92/85 89/95/89 40/50/40
f 40/53/40 89/95/89 94/100/94 44/54/44
f 44/54/44 94/100/94 87/99/87 38/45/38
f 86/90/86 75/90/75 83/88/83 91/88/91
f 91/88/91 83/88/83 79/87/79 95/87/95
f 95/87/95 79/87/79 74/86/74 87/99/87
f 49/60/49 73/80/73 77/83/77 52/61/52
f 52/61/52 77/83/77 82/91/82 56/64/56
f 56/64/56 82/91/82 75/90/75 50/66/50
f 85/92/85 61/72/61 65/75/65 88/93/88
f 88/93/88 65/75/65 70/79/70 92/96/92
f 92/96/92 70/79/70 63/66/63 86/90/86
f 62/70/62 51/70/51 59/68/59 67/68/67
f 67/68/67 59/68/59 55/67/55 71/67/71
f 71/67/71 55/67/55 50/66/50 63/66/63
f 1/1/1 49/60/49 53/63/53 4/2/4
f 4/2/4 53/63/53 58/71/58 8/5/8
f 8/10/8 58/71/58 51/70/51 2/7/2
f 61/72/61 14/24/14 20/27/20 64/73/64
f 64/73/64 20/22/20 16/20/16 68/76/68
f 68/76/68 16/20/16 13/19/13 62/70/62
f 25/33/25 73/80/73 49/60/49 1/1/1
f 3/15/3 15/15/15 39/39/39 26/39/26
f 51/70/51 62/70/62 13/19/13 2/7/2
f 85/92/85 37/49/37 14/24/14 61/72/61
f 27/45/27 38/45/38 87/99/87 74/86/74
f 75/90/75 86/90/86 63/66/63 50/66/50
o PlayMat
v 14.000000 10.000000 0.000000
v -14.000000 10.000000 0.000000
v 14.000000 -10.000000 0.000000
v -14.000000 -10.000000 0.000000
vn -0.0000 -0.0000 1.0000
vt 0.000000 0.000000
vt 1.000000 0.000000
vt 1.000000 1.000000
vt 0.000000 1.000000
s 1
usemtl MatColor
f 97/101/97 98/102/97 100/103/97 99/104/97
o LineLoop
v 6.896030 5.919196 0.108778
v 6.898484 5.969135 0.145106
v 6.901516 6.030865 0.145106
v 6.903970 6.080804 0.108779
v 6.904907 6.099880 0.050000
v 6.903970 6.080804 -0.008779
v 6.901516 6.030864 -0.045106
v 6.898484 5.969135 -0.045106
v 6.896030 5.919196 -0.008779
v 6.895093 5.900120 0.050000
v -6.896030 5.919196 0.108778
v -6.898484 5.969135 0.145106
v -6.901516 6.030865 0.145106
v -6.903970 6.080804 0.108779
v -6.904907 6.099880 0.050000
v -6.903970 6.080804 -0.008779
v -6.901516 6.030864 -0.045106
v -6.898484 5.969135 -0.045106
v -6.896030 5.919196 -0.008779
v -6.895093 5.900120 0.050000
v -7.391451 5.870695 0.108778
v -7.401206 5.919734 0.145106
v -7.413263 5.980350 0.145106
v -7.423018 6.029389 0.108779
v -7.426744 6.048120 0.050000
v -7.423018 6.029389 -0.008779
v -7.413263 5.980350 -0.045106
v -7.401206 5.919734 -0.045106
v -7.391451 5.870695 -0.008779
v -7.387726 5.851963 0.050000
v -7.864017 5.727344 0.108778
v -7.883152 5.773537 0.145106
v -7.906803 5.830637 0.145106
v -7.925937 5.876830 0.108779
v -7.933246 5.894475 0.050000
v -7.925937 5.876830 -0.008779
v -7.906803 5.830637 -0.045106
v -7.883152 5.773537 -0.045106
v -7.864017 5.727344 -0.008779
v -7.856709 5.709699 0.050000
v -8.299536 5.494554 0.108778
v -8.327314 5.536127 0.145106
v -8.361650 5.587515 0.145106
v -8.389429 5.629088 0.108779
v -8.400040 5.644968 0.050000
v -8.389429 5.629088 -0.008779
v -8.361650 5.587515 -0.045106
v -8.327314 5.536127 -0.045106
v -8.299536 5.494554 -0.008779
v -8.288925 5.478674 0.050000
v -8.681272 5.181272 0.108778
v -8.716627 5.216627 0.145106
v -8.760328 5.260328 0.145106
v -8.795684 5.295684 0.108779
v -8.809189 5.309188 0.050000
v -8.795684 5.295684 -0.008779
v -8.760328 5.260328 -0.045106
v -8.716627 5.216627 -0.045106
v -8.681272 5.181272 -0.008779
v -8.667767 5.167767 0.050000
v -8.994554 4.799536 0.108778
v -9.036127 4.827314 0.145106
v -9.087515 4.861650 0.145106
v -9.129088 4.889429 0.108779
v -9.144968 4.900040 0.050000
v -9.129088 4.889429 -0.008779
v -9.087515 4.861650 -0.045106
v -9.036127 4.827314 -0.045106
v -8.994554 4.799536 -0.008779
v -8.978674 4.788925 0.050000
v -9.227344 4.364017 0.108778
v -9.273538 4.383152 0.145106
v -9.330636 4.406803 0.145106
v -9.376830 4.425937 0.108779
v -9.394475 4.433246 0.050000
v -9.376830 4.425937 -0.008779
v -9.330636 4.406803 -0.045106
v -9.273538 4.383152 -0.045106
v -9.227344 4.364017 -0.008779
v -9.209699 4.356709 0.050000
v -9.370057 3.895091 0.108778
v -9.419490 3.902596 0.145106
v -9.480594 3.911874 0.145106
v -9.530026 3.919379 0.108779
v -9.548908 3.922246 0.050000
v -9.530026 3.919379 -0.008779
v -9.480594 3.911874 -0.045106
v -9.419490 3.902596 -0.045106
v -9.370057 3.895091 -0.008779
v -9.351175 3.892224 0.050000
v -9.419183 -3.396307 0.108778
v -9.469131 -3.398589 0.145106
v -9.530869 -3.401411 0.145106
v -9.580817 -3.403693 0.108779
v -9.599895 -3.404565 0.050000
v -9.580817 -3.403693 -0.008779
v -9.530869 -3.401411 -0.045106
v -9.469131 -3.398589 -0.045106
v -9.419183 -3.396307 -0.008779
v -9.400105 -3.395435 0.050000
v -9.370694 -3.891452 0.108778
v -9.419734 -3.901206 0.145106
v -9.480350 -3.913264 0.145106
v -9.529389 -3.923018 0.108779
v -9.548120 -3.926744 0.050000
v -9.529389 -3.923018 -0.008779
v -9.480350 -3.913264 -0.045106
v -9.419734 -3.901206 -0.045106
v -9.370694 -3.891452 -0.008779
v -9.351963 -3.887726 0.050000
v -9.227344 -4.364017 0.108778
v -9.273538 -4.383152 0.145106
v -9.330636 -4.406803 0.145106
v -9.376830 -4.425937 0.108779
v -9.394475 -4.433246 0.050000
v -9.376830 -4.425937 -0.008779
v -9.330636 -4.406803 -0.045106
v -9.273538 -4.383152 -0.045106
v -9.227344 -4.364017 -0.008779
v -9.209699 -4.356709 0.050000
v -8.994554 -4.799536 0.108778
v -9.036127 -4.827314 0.145106
v -9.087515 -4.861650 0.145106
v -9.129088 -4.889429 0.108779
v -9.144968 -4.900040 0.050000
v -9.129088 -4.889429 -0.008779
v -9.087515 -4.861650 -0.045106
v -9.036127 -4.827314 -0.045106
v -8.994554 -4.799536 -0.008779
v -8.978674 -4.788925 0.050000
v -8.681272 -5.181272 0.108778
v -8.716627 -5.216627 0.145106
v -8.760328 -5.260328 0.145106
v -8.795684 -5.295684 0.108779
v -8.809189 -5.309188 0.050000
v -8.795684 -5.295684 -0.008779
v -8.760328 -5.260328 -0.045106
v -8.716627 -5.216627 -0.045106
v -8.681272 -5.181272 -0.008779
v -8.667767 -5.167767 0.050000
v -8.299536 -5.494554 0.108778
v -8.327314 -5.536127 0.145106
v -8.361650 -5.587515 0.145106
v -8.389429 -5.629088 0.108779
v -8.400040 -5.644968 0.050000
v -8.389429 -5.629088 -0.008779
v -8.361650 -5.587515 -0.045106
v -8.327314 -5.536127 -0.045106
v -8.299536 -5.494554 -0.008779
v -8.288925 -5.478674 0.050000
v -7.864017 -5.727344 0.108778
v -7.883152 -5.773537 0.145106
v -7.906803 -5.830636 0.145106
v -7.925937 -5.876830 0.108779
v -7.933246 -5.894475 0.050000
v -7.925937 -5.876830 -0.008779
v -7.906803 -5.830637 -0.045106
v -7.883152 -5.773537 -0.045106
v -7.864017 -5.727344 -0.008779
v -7.856709 -5.709699 0.050000
v -7.395224 -5.870037 0.108778
v -7.402647 -5.919482 0.145106
v -7.411822 -5.980601 0.145106
v -7.419245 -6.030047 0.108779
v -7.422081 -6.048934 0.050000
v -7.419245 -6.030047 -0.008779
v -7.411822 -5.980601 -0.045106
v -7.402647 -5.919483 -0.045106
v -7.395224 -5.870037 -0.008779
v -7.392389 -5.851150 0.050000
v 6.896172 -5.919189 0.108778
v 6.898538 -5.969133 0.145106
v 6.901463 -6.030867 0.145106
v 6.903829 -6.080811 0.108779
v 6.904733 -6.099888 0.050000
v 6.903829 -6.080811 -0.008779
v 6.901463 -6.030867 -0.045106
v 6.898538 -5.969133 -0.045106
v 6.896172 -5.919189 -0.008779
v 6.895267 -5.900112 0.050000
v 7.391451 -5.870695 0.108778
v 7.401206 -5.919734 0.145106
v 7.413263 -5.980350 0.145106
v 7.423018 -6.029389 0.108779
v 7.426744 -6.048120 0.050000
v 7.423018 -6.029389 -0.008779
v 7.413263 -5.980350 -0.045106
v 7.401206 -5.919734 -0.045106
v 7.391451 -5.870695 -0.008779
v 7.387726 -5.851963 0.050000
v 7.864017 -5.727344 0.108778
v 7.883152 -5.773537 0.145106
v 7.906803 -5.830636 0.145106
v 7.925937 -5.876830 0.108779
v 7.933246 -5.894475 0.050000
v 7.925937 -5.876830 -0.008779
v 7.906803 -5.830637 -0.045106
v 7.883152 -5.773538 -0.045106
v 7.864017 -5.727344 -0.008779
v 7.856709 -5.709699 0.050000
v 8.299536 -5.494554 0.108778
v 8.327314 -5.536127 0.145106
v 8.361650 -5.587515 0.145106
v 8.389429 -5.629088 0.108779
v 8.400040 -5.644968 0.050000
v 8.389429 -5.629088 -0.008779
v 8.361650 -5.587515 -0.045106
v 8.327314 -5.536127 -0.045106
v 8.299536 -5.494554 -0.008779
v 8.288925 -5.478674 0.050000
v 8.681272 -5.181272 0.108778
v 8.716627 -5.216627 0.145106
v 8.760328 -5.260328 0.145106
v 8.795684 -5.295684 0.108779
v 8.809189 -5.309188 0.050000
v 8.795684 -5.295684 -0.008779
v 8.760328 -5.260329 -0.045106
v 8.716627 -5.216627 -0.045106
v 8.681272 -5.181272 -0.008779
v 8.667767 -5.167767 0.050000
v 8.994554 -4.799536 0.108778
v 9.036127 -4.827314 0.145106
v 9.087515 -4.861650 0.145106
v 9.129088 -4.889429 0.108779
v 9.144968 -4.900040 0.050000
v 9.129088 -4.889429 -0.008779
v 9.087515 -4.861650 -0.045106
v 9.036127 -4.827314 -0.045106
v 8.994554 -4.799536 -0.008779
v 8.978674 -4.788925 0.050000
v 9.227344 -4.364017 0.108778
v 9.273538 -4.383152 0.145106
v 9.330636 -4.406803 0.145106
v 9.376830 -4.425937 0.108779
v 9.394475 -4.433246 0.050000
v 9.376830 -4.425937 -0.008779
v 9.330636 -4.406803 -0.045106
v 9.273538 -4.383152 -0.045106
v 9.227344 -4.364017 -0.008779
v 9.209699 -4.356709 0.050000
v 9.370057 -3.895091 0.108778
v 9.419490 -3.902596 0.145106
v 9.480594 -3.911874 0.145106
v 9.530026 -3.919379 0.108779
v 9.548908 -3.922246 0.050000
v 9.530026 -3.919379 -0.008779
v 9.480594 -3.911874 -0.045106
v 9.419490 -3.902596 -0.045106
v 9.370057 -3.895091 -0.008779
v 9.351175 -3.892224 0.050000
v 9.419183 3.396307 0.108778
v 9.469131 3.398589 0.145106
v 9.530869 3.401411 0.145106
v 9.580817 3.403693 0.108779
v 9.599895 3.404565 0.050000
v 9.580817 3.403693 -0.008779
v 9.530869 3.401411 -0.045106
v 9.469131 3.398589 -0.045106
v 9.419183 3.396307 -0.008779
v 9.400105 3.395435 0.050000
v 9.370694 3.891452 0.108778
v 9.419734 3.901206 0.145106
v 9.480350 3.913264 0.145106
v 9.529389 3.923018 0.108779
v 9.548120 3.926744 0.050000
v 9.529389 3.923018 -0.008779
v 9.480350 3.913264 -0.045106
v 9.419734 3.901206 -0.045106
v 9.370694 3.891452 -0.008779
v 9.351963 3.887726 0.050000
v 9.227344 4.364017 0.108778
v 9.273538 4.383152 0.145106
v 9.330636 4.406803 0.145106
v 9.376830 4.425937 0.108779
v 9.394475 4.433246 0.050000
v 9.376830 4.425937 -0.008779
v 9.330636 4.406803 -0.045106
v 9.273538 4.383152 -0.045106
v 9.227344 4.364017 -0.008779
v 9.209699 4.356709 0.050000
v 8.994554 4.799536 0.108778
v 9.036127 4.827314 0.145106
v 9.087515 4.861650 0.145106
v 9.129088 4.889429 0.108779
v 9.144968 4.900040 0.050000
v 9.129088 4.889429 -0.008779
v 9.087515 4.861650 -0.045106
v 9.036127 4.827314 -0.045106
v 8.994554 4.799536 -0.008779
v 8.978674 4.788925 0.050000
v 8.681272 5.181272 0.108778
v 8.716627 5.216627 0.145106
v 8.760328 5.260328 0.145106
v 8.795684 5.295684 0.108779
v 8.809189 5.309188 0.050000
v 8.795684 5.295684 -0.008779
v 8.760328 5.260328 -0.045106
v 8.716627 5.216627 -0.045106
v 8.681272 5.181272 -0.008779
v 8.667767 5.167767 0.050000
v 8.299536 5.494554 0.108778
v 8.327314 5.536127 0.145106
v 8.361650 5.587515 0.145106
v 8.389429 5.629088 0.108779
v 8.400040 5.644968 0.050000
v 8.389429 5.629088 -0.008779
v 8.361650 5.587515 -0.045106
v 8.327314 5.536127 -0.045106
v 8.299536 5.494554 -0.008779
v 8.288925 5.478674 0.050000
v 7.864017 5.727344 0.108778
v 7.883152 5.773537 0.145106
v 7.906803 5.830637 0.145106
v 7.925937 5.876830 0.108779
v 7.933246 5.894475 0.050000
v 7.925937 5.876830 -0.008779
v 7.906803 5.830637 -0.045106
v 7.883152 5.773537 -0.045106
v 7.864017 5.727344 -0.008779
v 7.856709 5.709699 0.050000
v 7.391451 5.870695 0.108778
v 7.401206 5.919734 0.145106
v 7.413263 5.980350 0.145106
v 7.423018 6.029389 0.108779
v 7.426744 6.048120 0.050000
v 7.423018 6.029389 -0.008779
v 7.413263 5.980350 -0.045106
v 7.401206 5.919734 -0.045106
v 7.391451 5.870695 -0.008779
v 7.387726 5.851963 0.050000
vn -0.0393 -0.8049 0.5921
vn -0.0147 -0.3001 0.9538
vn 0.0157 0.3175 0.9481
vn 0.0401 0.8115 0.5829
vn 0.0494 0.9988 -0.0000
vn 0.0401 0.8115 -0.5829
vn 0.0157 0.3175 -0.9481
vn -0.0147 -0.3001 -0.9538
vn -0.0393 -0.8049 -0.5921
vn -0.0487 -0.9988 -0.0000
vn 0.0393 -0.8049 0.5921
vn 0.0147 -0.3001 0.9538
vn -0.0157 0.3175 0.9481
vn -0.0401 0.8115 0.5829
vn -0.0494 0.9988 -0.0000
vn -0.0401 0.8115 -0.5829
vn -0.0157 0.3175 -0.9481
vn 0.0147 -0.3001 -0.9538
vn 0.0393 -0.8049 -0.5921
vn 0.0487 -0.9988 -0.0000
vn 0.1562 -0.7865 0.5974
vn 0.0568 -0.2856 0.9567
vn -0.0637 0.3198 0.9454
vn -0.1593 0.7996 0.5791
vn -0.1954 0.9807 -0.0000
vn -0.1593 0.7996 -0.5791
vn -0.0637 0.3198 -0.9454
vn 0.0568 -0.2856 -0.9567
vn 0.1562 -0.7865 -0.5974
vn 0.1948 -0.9808 -0.0000
vn 0.3070 -0.7411 0.5971
vn 0.1115 -0.2692 0.9566
vn -0.1249 0.3014 0.9453
vn -0.3121 0.7534 0.5788
vn -0.3827 0.9239 -0.0000
vn -0.3121 0.7534 -0.5788
vn -0.1249 0.3014 -0.9453
vn 0.1115 -0.2692 -0.9566
vn 0.3070 -0.7411 -0.5971
vn 0.3827 -0.9239 -0.0000
vn 0.4456 -0.6670 0.5971
vn 0.1619 -0.2423 0.9566
vn -0.1813 0.2713 0.9453
vn -0.4531 0.6780 0.5788
vn -0.5556 0.8315 -0.0000
vn -0.4531 0.6780 -0.5788
vn -0.1813 0.2713 -0.9453
vn 0.1619 -0.2423 -0.9566
vn 0.4456 -0.6670 -0.5971
vn 0.5556 -0.8315 -0.0000
vn 0.5672 -0.5672 0.5971
vn 0.2060 -0.2060 0.9566
vn -0.2307 0.2307 0.9453
vn -0.5766 0.5766 0.5788
vn -0.7071 0.7071 -0.0000
vn -0.5766 0.5766 -0.5788
vn -0.2307 0.2307 -0.9453
vn 0.2060 -0.2060 -0.9566
vn 0.5672 -0.5672 -0.5971
vn 0.7071 -0.7071 -0.0000
vn 0.6670 -0.4456 0.5971
vn 0.2423 -0.1619 0.9566
vn -0.2713 0.1813 0.9453
vn -0.6780 0.4531 0.5788
vn -0.8315 0.5556 -0.0000
vn -0.6780 0.4531 -0.5788
vn -0.2713 0.1813 -0.9453
vn 0.2423 -0.1619 -0.9566
vn 0.6670 -0.4456 -0.5971
vn 0.8315 -0.5556 -0.0000
vn 0.7413 -0.3074 0.5966
vn 0.2695 -0.1117 0.9565
vn -0.3018 0.1249 0.9452
vn -0.7538 0.3119 0.5783
vn -0.9241 0.3822 -0.0000
vn -0.7538 0.3119 -0.5783
vn -0.3018 0.1249 -0.9452
vn 0.2695 -0.1117 -0.9565
vn 0.7413 -0.3074 -0.5966
vn 0.9237 -0.3832 -0.0000
vn 0.7888 -0.1201 0.6028
vn 0.2790 -0.0425 0.9594
vn -0.3295 0.0500 0.9428
vn -0.8083 0.1225 0.5759
vn -0.9887 0.1497 -0.0000
vn -0.8083 0.1225 -0.5759
vn -0.3295 0.0500 -0.9428
vn 0.2790 -0.0425 -0.9594
vn 0.7888 -0.1201 -0.6028
vn 0.9886 -0.1506 -0.0000
vn 0.8053 0.0366 0.5917
vn 0.3000 0.0137 0.9538
vn -0.3187 -0.0146 0.9477
vn -0.8124 -0.0373 0.5819
vn -0.9989 -0.0459 -0.0000
vn -0.8124 -0.0373 -0.5819
vn -0.3187 -0.0146 -0.9477
vn 0.3000 0.0137 -0.9538
vn 0.8053 0.0366 -0.5917
vn 0.9990 0.0454 -0.0000
vn 0.7865 0.1563 0.5974
vn 0.2856 0.0568 0.9567
vn -0.3198 -0.0637 0.9454
vn -0.7996 -0.1593 0.5791
vn -0.9807 -0.1954 -0.0000
vn -0.7996 -0.1593 -0.5791
vn -0.3198 -0.0637 -0.9454
vn 0.2856 0.0568 -0.9567
vn 0.7865 0.1563 -0.5974
vn 0.9808 0.1948 -0.0000
vn 0.7411 0.3070 0.5971
vn 0.2692 0.1115 0.9566
vn -0.3014 -0.1249 0.9453
vn -0.7534 -0.3121 0.5788
vn -0.9239 -0.3827 -0.0000
vn -0.7534 -0.3121 -0.5788
vn -0.3014 -0.1249 -0.9453
vn 0.2692 0.1115 -0.9566
vn 0.7411 0.3070 -0.5971
vn 0.9239 0.3827 -0.0000
vn 0.6670 0.4456 0.5971
vn 0.2423 0.1619 0.9566
vn -0.2713 -0.1813 0.9453
vn -0.6780 -0.4531 0.5788
vn -0.8315 -0.5556 -0.0000
vn -0.6780 -0.4531 -0.5788
vn -0.2713 -0.1813 -0.9453
vn 0.2423 0.1619 -0.9566
vn 0.6670 0.4456 -0.5971
vn 0.8315 0.5556 -0.0000
vn 0.5672 0.5672 0.5971
vn 0.2060 0.2060 0.9566
vn -0.2307 -0.2307 0.9453
vn -0.5766 -0.5766 0.5788
vn -0.7071 -0.7071 -0.0000
vn -0.5766 -0.5766 -0.5788
vn -0.2307 -0.2307 -0.9453
vn 0.2060 0.2060 -0.9566
vn 0.5672 0.5672 -0.5971
vn 0.7071 0.7071 -0.0000
vn 0.4456 0.6670 0.5971
vn 0.1619 0.2423 0.9566
vn -0.1813 -0.2713 0.9453
vn -0.4531 -0.6780 0.5788
vn -0.5556 -0.8315 -0.0000
vn -0.4531 -0.6780 -0.5788
vn -0.1813 -0.2713 -0.9453
vn 0.1619 0.2423 -0.9566
vn 0.4456 0.6670 -0.5971
vn 0.5556 0.8315 -0.0000
vn 0.3074 0.7413 0.5966
vn 0.1117 0.2695 0.9565
vn -0.1249 -0.3018 0.9452
vn -0.3118 -0.7539 0.5783
vn -0.3822 -0.9241 -0.0000
vn -0.3118 -0.7539 -0.5783
vn -0.1249 -0.3018 -0.9452
vn 0.1117 0.2695 -0.9565
vn 0.3074 0.7413 -0.5966
vn 0.3832 0.9237 -0.0000
vn 0.1188 0.7889 0.6030
vn 0.0420 0.2787 0.9595
vn -0.0494 -0.3298 0.9428
vn -0.1211 -0.8086 0.5758
vn -0.1480 -0.9890 -0.0000
vn -0.1211 -0.8086 -0.5758
vn -0.0494 -0.3298 -0.9428
vn 0.0420 0.2787 -0.9595
vn 0.1188 0.7888 -0.6030
vn 0.1490 0.9888 -0.0000
vn -0.0379 0.8054 0.5915
vn -0.0142 0.3003 0.9537
vn 0.0151 -0.3184 0.9478
vn 0.0387 -0.8122 0.5821
vn 0.0476 -0.9989 -0.0000
vn 0.0387 -0.8122 -0.5821
vn 0.0151 -0.3184 -0.9478
vn -0.0142 0.3003 -0.9537
vn -0.0379 0.8054 -0.5915
vn -0.0470 0.9989 -0.0000
vn -0.1563 0.7865 0.5974
vn -0.0568 0.2856 0.9567
vn 0.0637 -0.3198 0.9454
vn 0.1593 -0.7996 0.5791
vn 0.1954 -0.9807 -0.0000
vn 0.1593 -0.7996 -0.5791
vn 0.0637 -0.3198 -0.9454
vn -0.0568 0.2856 -0.9567
vn -0.1563 0.7865 -0.5974
vn -0.1948 0.9808 -0.0000
vn -0.3070 0.7411 0.5971
vn -0.1115 0.2692 0.9566
vn 0.1249 -0.3014 0.9453
vn 0.3121 -0.7534 0.5788
vn 0.3121 -0.7534 -0.5788
vn 0.1249 -0.3014 -0.9453
vn -0.1115 0.2692 -0.9566
vn -0.3070 0.7411 -0.5971
vn -0.4456 0.6670 0.5971
vn -0.1619 0.2423 0.9566
vn 0.1813 -0.2713 0.9453
vn 0.4531 -0.6780 0.5788
vn 0.4531 -0.6780 -0.5788
vn 0.1813 -0.2713 -0.9453
vn -0.1619 0.2423 -0.9566
vn -0.4456 0.6670 -0.5971
vn -0.5672 0.5672 0.5971
vn -0.2060 0.2060 0.9566
vn 0.2307 -0.2307 0.9453
vn 0.5766 -0.5766 0.5788
vn 0.5766 -0.5766 -0.5788
vn 0.2307 -0.2307 -0.9453
vn -0.2060 0.2060 -0.9566
vn -0.5672 0.5672 -0.5971
vn -0.6670 0.4456 0.5971
vn -0.2423 0.1619 0.9566
vn 0.2713 -0.1813 0.9453
vn 0.6780 -0.4531 0.5788
vn 0.6780 -0.4531 -0.5788
vn 0.2713 -0.1813 -0.9453
vn -0.2423 0.1619 -0.9566
vn -0.6670 0.4456 -0.5971
vn -0.7413 0.3074 0.5966
vn -0.2695 0.1117 0.9565
vn 0.3018 -0.1249 0.9452
vn 0.7538 -0.3119 0.5783
vn 0.9241 -0.3822 -0.0000
vn 0.7538 -0.3119 -0.5783
vn 0.3018 -0.1249 -0.9452
vn -0.2695 0.1117 -0.9565
vn -0.7413 0.3074 -0.5966
vn -0.9237 0.3832 -0.0000
vn -0.7888 0.1201 0.6028
vn -0.2790 0.0425 0.9594
vn 0.3295 -0.0500 0.9428
vn 0.8083 -0.1225 0.5759
vn 0.9887 -0.1497 -0.0000
vn 0.8083 -0.1225 -0.5759
vn 0.3295 -0.0500 -0.9428
vn -0.2790 0.0425 -0.9594
vn -0.7888 0.1201 -0.6028
vn -0.9886 0.1506 -0.0000
vn -0.8053 -0.0366 0.5917
vn -0.3000 -0.0137 0.9538
vn 0.3187 0.0146 0.9477
vn 0.8124 0.0373 0.5819
vn 0.9989 0.0459 -0.0000
vn 0.8124 0.0373 -0.5819
vn 0.3187 0.0146 -0.9477
vn -0.3000 -0.0137 -0.9538
vn -0.8053 -0.0366 -0.5917
vn -0.9990 -0.0454 -0.0000
vn -0.7865 -0.1563 0.5974
vn -0.2856 -0.0568 0.9567
vn 0.3198 0.0637 0.9454
vn 0.7996 0.1593 0.5791
vn 0.9807 0.1954 -0.0000
vn 0.7996 0.1593 -0.5791
vn 0.3198 0.0637 -0.9454
vn -0.2856 -0.0568 -0.9567
vn -0.7865 -0.1563 -0.5974
vn -0.9808 -0.1948 -0.0000
vn -0.7411 -0.3070 0.5971
vn -0.2692 -0.1115 0.9566
vn 0.3014 0.1249 0.9453
vn 0.7534 0.3121 0.5788
vn 0.7534 0.3121 -0.5788
vn 0.3014 0.1249 -0.9453
vn -0.2692 -0.1115 -0.9566
vn -0.7411 -0.3070 -0.5971
vn -0.6670 -0.4456 0.5971
vn -0.2423 -0.1619 0.9566
vn 0.2713 0.1813 0.9453
vn 0.6780 0.4531 0.5788
vn 0.6780 0.4531 -0.5788
vn 0.2713 0.1813 -0.9453
vn -0.2423 -0.1619 -0.9566
vn -0.6670 -0.4456 -0.5971
vn -0.5672 -0.5672 0.5971
vn -0.2060 -0.2060 0.9566
vn 0.2307 0.2307 0.9453
vn 0.5766 0.5766 0.5788
vn 0.5766 0.5766 -0.5788
vn 0.2307 0.2307 -0.9453
vn -0.2060 -0.2060 -0.9566
vn -0.5672 -0.5672 -0.5971
vn -0.4456 -0.6670 0.5971
vn -0.1619 -0.2423 0.9566
vn 0.1813 0.2713 0.9453
vn 0.4531 0.6780 0.5788
vn 0.4531 0.6780 -0.5788
vn 0.1813 0.2713 -0.9453
vn -0.1619 -0.2423 -0.9566
vn -0.4456 -0.6670 -0.5971
vn -0.3070 -0.7411 0.5971
vn -0.1115 -0.2692 0.9566
vn 0.1249 0.3014 0.9453
vn 0.3121 0.7534 0.5788
vn 0.3827 0.9239 -0.0000
vn 0.3121 0.7534 -0.5788
vn 0.1249 0.3014 -0.9453
vn -0.1115 -0.2692 -0.9566
vn -0.3070 -0.7411 -0.5971
vn -0.3827 -0.9239 -0.0000
vn -0.1562 -0.7865 0.5974
vn -0.0568 -0.2856 0.9567
vn 0.0637 0.3198 0.9454
vn 0.1593 0.7996 0.5791
vn 0.1954 0.9807 -0.0000
vn 0.1593 0.7996 -0.5791
vn 0.0637 0.3198 -0.9454
vn -0.0568 -0.2856 -0.9567
vn -0.1562 -0.7865 -0.5974
vn -0.1948 -0.9808 -0.0000
vt 0.000000 1.000000
vt 0.030303 1.000000
vt 0.030303 0.900000
vt 0.000000 0.900000
vt 0.000000 0.100000
vt 0.030303 0.100000
vt 0.030303 0.000000
vt 0.000000 0.000000
vt 0.000000 0.200000
vt 0.030303 0.200000
vt 0.000000 0.300000
vt 0.030303 0.300000
vt 0.000000 0.400000
vt 0.030303 0.400000
vt 0.000000 0.500000
vt 0.030303 0.500000
vt 0.000000 0.600000
vt 0.030303 0.600000
vt 0.000000 0.700000
vt 0.030303 0.700000
vt 0.000000 0.800000
vt 0.030303 0.800000
vt 0.060606 1.000000
vt 0.060606 0.900000
vt 0.060606 0.100000
vt 0.060606 0.000000
vt 0.060606 0.200000
vt 0.060606 0.300000
vt 0.060606 0.400000
vt 0.060606 0.500000
vt 0.060606 0.600000
vt 0.060606 0.700000
vt 0.060606 0.800000
vt 0.090909 1.000000
vt 0.090909 0.900000
vt 0.090909 0.100000
vt 0.090909 0.000000
vt 0.090909 0.200000
vt 0.090909 0.300000
vt 0.090909 0.400000
vt 0.090909 0.500000
vt 0.090909 0.600000
vt 0.090909 0.700000
vt 0.090909 0.800000
vt 0.121212 1.000000
vt 0.121212 0.900000
vt 0.121212 0.100000
vt 0.121212 0.000000
vt 0.121212 0.200000
vt 0.121212 0.300000
vt 0.121212 0.400000
vt 0.121212 0.500000
vt 0.121212 0.600000
vt 0.121212 0.700000
vt 0.121212 0.800000
vt 0.151515 1.000000
vt 0.151515 0.900000
vt 0.151515 0.100000
vt 0.151515 0.000000
vt 0.151515 0.200000
vt 0.151515 0.300000
vt 0.151515 0.400000
vt 0.151515 0.500000
vt 0.151515 0.600000
vt 0.151515 0.700000
vt 0.151515 0.800000
vt 0.181818 1.000000
vt 0.181818 0.900000
vt 0.181818 0.100000
vt 0.181818 0.000000
vt 0.181818 0.200000
vt 0.181818 0.300000
vt 0.181818 0.400000
vt 0.181818 0.500000
vt 0.181818 0.600000
vt 0.181818 0.700000
vt 0.181818 0.800000
vt 0.212121 1.000000
vt 0.212121 0.900000
vt 0.212121 0.100000
vt 0.212121 0.000000
vt 0.212121 0.200000
vt 0.212121 0.300000
vt 0.212121 0.400000
vt 0.212121 0.500000
vt 0.212121 0.600000
vt 0.212121 0.700000
vt 0.212121 0.800000
vt 0.242424 1.000000
vt 0.242424 0.900000
vt 0.242424 0.100000
vt 0.242424 0.000000
vt 0.242424 0.200000
vt 0.242424 0.300000
vt 0.242424 0.400000
vt 0.242424 0.500000
vt 0.242424 0.600000
vt 0.242424 0.700000
vt 0.242424 0.800000
vt 0.272727 1.000000
vt 0.272727 0.900000
vt 0.272727 0.100000
vt 0.272727 0.000000
vt 0.272727 0.200000
vt 0.272727 0.300000
vt 0.272727 0.400000
vt 0.272727 0.500000
vt 0.272727 0.600000
vt 0.272727 0.700000
vt 0.272727 0.800000
vt 0.303030 1.000000
vt 0.303030 0.900000
vt 0.303030 0.100000
vt 0.303030 0.000000
vt 0.303030 0.200000
vt 0.303030 0.300000
vt 0.303030 0.400000
vt 0.303030 0.500000
vt 0.303030 0.600000
vt 0.303030 0.700000
vt 0.303030 0.800000
vt 0.333333 1.000000
vt 0.333333 0.900000
vt 0.333333 0.100000
vt 0.333333 0.000000
vt 0.333333 0.200000
vt 0.333333 0.300000
vt 0.333333 0.400000
vt 0.333333 0.500000
vt 0.333333 0.600000
vt 0.333333 0.700000
vt 0.333333 0.800000
vt 0.363636 1.000000
vt 0.363636 0.900000
vt 0.363636 0.100000
vt 0.363636 0.000000
vt 0.363636 0.200000
vt 0.363636 0.300000
vt 0.363636 0.400000
vt 0.363636 0.500000
vt 0.363636 0.600000
vt 0.363636 0.700000
vt 0.363636 0.800000
vt 0.393939 1.000000
vt 0.393939 0.900000
vt 0.393939 0.100000
vt 0.393939 0.000000
vt 0.393939 0.200000
vt 0.393939 0.300000
vt 0.393939 0.400000
vt 0.393939 0.500000
vt 0.393939 0.600000
vt 0.393939 0.700000
vt 0.393939 0.800000
vt 0.424242 1.000000
vt 0.424242 0.900000
vt 0.424242 0.100000
vt 0.424242 0.000000
vt 0.424242 0.200000
vt 0.424242 0.300000
vt 0.424242 0.400000
vt 0.424242 0.500000
vt 0.424242 0.600000
vt 0.424242 0.700000
vt 0.424242 0.800000
vt 0.454545 1.000000
vt 0.454545 0.900000
vt 0.454545 0.100000
vt 0.454545 0.000000
vt 0.454545 0.200000
vt 0.454545 0.300000
vt 0.454545 0.400000
vt 0.454545 0.500000
vt 0.454545 0.600000
vt 0.454545 0.700000
vt 0.454545 0.800000
vt 0.484848 1.000000
vt 0.484848 0.900000
vt 0.484848 0.100000
vt 0.484848 0.000000
vt 0.484848 0.200000
vt 0.484848 0.300000
vt 0.484848 0.400000
vt 0.484848 0.500000
vt 0.484848 0.600000
vt 0.484848 0.700000
vt 0.484848 0.800000
vt 0.515152 1.000000
vt 0.515152 0.900000
vt 0.515152 0.100000
vt 0.515152 0.000000
vt 0.515152 0.200000
vt 0.515152 0.300000
vt 0.515152 0.400000
vt 0.515152 0.500000
vt 0.515152 0.600000
vt 0.515152 0.700000
vt 0.515152 0.800000
vt 0.545455 1.000000
vt 0.545455 0.900000
vt 0.545455 0.100000
vt 0.545455 0.000000
vt 0.545455 0.200000
vt 0.545455 0.300000
vt 0.545455 0.400000
vt 0.545455 0.500000
vt 0.545455 0.600000
vt 0.545455 0.700000
vt 0.545455 0.800000
vt 0.575758 1.000000
vt 0.575758 0.900000
vt 0.575758 0.100000
vt 0.575758 0.000000
vt 0.575758 0.200000
vt 0.575758 0.300000
vt 0.575758 0.400000
vt 0.575758 0.500000
vt 0.575758 0.600000
vt 0.575758 0.700000
vt 0.575758 0.800000
vt 0.606061 1.000000
vt 0.606061 0.900000
vt 0.606061 0.100000
vt 0.606061 0.000000
vt 0.606061 0.200000
vt 0.606061 0.300000
vt 0.606061 0.400000
vt 0.606061 0.500000
vt 0.606061 0.600000
vt 0.606061 0.700000
vt 0.606061 0.800000
vt 0.636364 1.000000
vt 0.636364 0.900000
vt 0.636364 0.100000
vt 0.636364 0.000000
vt 0.636364 0.200000
vt 0.636364 0.300000
vt 0.636364 0.400000
vt 0.636364 0.500000
vt 0.636364 0.600000
vt 0.636364 0.700000
vt 0.636364 0.800000
vt 0.666667 1.000000
vt 0.666667 0.900000
vt 0.666667 0.100000
vt 0.666667 0.000000
vt 0.666667 0.200000
vt 0.666667 0.300000
vt 0.666667 0.400000
vt 0.666667 0.500000
vt 0.666667 0.600000
vt 0.666667 0.700000
vt 0.666667 0.800000
vt 0.696970 1.000000
vt 0.696970 0.900000
vt 0.696970 0.100000
vt 0.696970 0.000000
vt 0.696970 0.200000
vt 0.696970 0.300000
vt 0.696970 0.400000
vt 0.696970 0.500000
vt 0.696970 0.600000
vt 0.696970 0.700000
vt 0.696970 0.800000
vt 0.727273 1.000000
vt 0.727273 0.900000
vt 0.727273 0.100000
vt 0.727273 0.000000
vt 0.727273 0.200000
vt 0.727273 0.300000
vt 0.727273 0.400000
vt 0.727273 0.500000
vt 0.727273 0.600000
vt 0.727273 0.700000
vt 0.727273 0.800000
vt 0.757576 1.000000
vt 0.757576 0.900000
vt 0.757576 0.100000
vt 0.757576 0.000000
vt 0.757576 0.200000
vt 0.757576 0.300000
vt 0.757576 0.400000
vt 0.757576 0.500000
vt 0.757576 0.600000
vt 0.757576 0.700000
vt 0.757576 0.800000
vt 0.787879 1.000000
vt 0.787879 0.900000
vt 0.787879 0.100000
vt 0.787879 0.000000
vt 0.787879 0.200000
vt 0.787879 0.300000
vt 0.787879 0.400000
vt 0.787879 0.500000
vt 0.787879 0.600000
vt 0.787879 0.700000
vt 0.787879 0.800000
vt 0.818182 1.000000
vt 0.818182 0.900000
vt 0.818182 0.100000
vt 0.818182 0.000000
vt 0.818182 0.200000
vt 0.818182 0.300000
vt 0.818182 0.400000
vt 0.818182 0.500000
vt 0.818182 0.600000
vt 0.818182 0.700000
vt 0.818182 0.800000
vt 0.848485 1.000000
vt 0.848485 0.900000
vt 0.848485 0.100000
vt 0.848485 0.000000
vt 0.848485 0.200000
vt 0.848485 0.300000
vt 0.848485 0.400000
vt 0.848485 0.500000
vt 0.848485 0.600000
vt 0.848485 0.700000
vt 0.848485 0.800000
vt 0.878788 1.000000
vt 0.878788 0.900000
vt 0.878788 0.100000
vt 0.878788 0.000000
vt 0.878788 0.200000
vt 0.878788 0.300000
vt 0.878788 0.400000
vt 0.878788 0.500000
vt 0.878788 0.600000
vt 0.878788 0.700000
vt 0.878788 0.800000
vt 0.909091 1.000000
vt 0.909091 0.900000
vt 0.909091 0.100000
vt 0.909091 0.000000
vt 0.909091 0.200000
vt 0.909091 0.300000
vt 0.909091 0.400000
vt 0.909091 0.500000
vt 0.909091 0.600000
vt 0.909091 0.700000
vt 0.909091 0.800000
vt 0.939394 1.000000
vt 0.939394 0.900000
vt 0.939394 0.100000
vt 0.939394 0.000000
vt 0.939394 0.200000
vt 0.939394 0.300000
vt 0.939394 0.400000
vt 0.939394 0.500000
vt 0.939394 0.600000
vt 0.939394 0.700000
vt 0.939394 0.800000
vt 0.969697 1.000000
vt 0.969697 0.900000
vt 0.969697 0.100000
vt 0.969697 0.000000
vt 0.969697 0.200000
vt 0.969697 0.300000
vt 0.969697 0.400000
vt 0.969697 0.500000
vt 0.969697 0.600000
vt 0.969697 0.700000
vt 0.969697 0.800000
vt 1.000000 1.000000
vt 1.000000 0.900000
vt 1.000000 0.100000
vt 1.000000 0.000000
vt 1.000000 0.200000
vt 1.000000 0.300000
vt 1.000000 0.400000
vt 1.000000 0.500000
vt 1.000000 0.600000
vt 1.000000 0.700000
vt 1.000000 0.800000
s 1
usemtl Track
f 101/105/98 111/106/108 120/107/117 110/108/107
f 102/109/99 112/110/109 111/111/108 101/112/98
f 103/113/100 113/114/110 112/110/109 102/109/99
f 104/115/101 114/116/111 113/114/110 103/113/100
f 105/117/102 115/118/112 114/116/111 104/115/101
f 106/119/103 116/120/113 115/118/112 105/117/102
f 107/121/104 117/122/114 116/120/113 106/119/103
f 108/123/105 118/124/115 117/122/114 107/121/104
f 109/125/106 119/126/116 118/124/115 108/123/105
f 110/108/107 120/107/117 119/126/116 109/125/106
f 111/106/108 121/127/118 130/128/127 120/107/117
f 112/110/109 122/129/119 121/130/118 111/111/108
f 113/114/110 123/131/120 122/129/119 112/110/109
f 114/116/111 124/132/121 123/131/120 113/114/110
f 115/118/112 125/133/122 124/132/121 114/116/111
f 116/120/113 126/134/123 125/133/122 115/118/112
f 117/122/114 127/135/124 126/134/123 116/120/113
f 118/124/115 128/136/125 127/135/124 117/122/114
f 119/126/116 129/137/126 128/136/125 118/124/115
f 120/107/117 130/128/127 129/137/126 119/126/116
f 121/127/118 131/138/128 140/139/137 130/128/127
f 122/129/119 132/140/129 131/141/128 121/130/118
f 123/131/120 133/142/130 132/140/129 122/129/119
f 124/132/121 134/143/131 133/142/130 123/131/120
f 125/133/122 135/144/132 134/143/131 124/132/121
f 126/134/123 136/145/133 135/144/132 125/133/122
f 127/135/124 137/146/134 136/145/133 126/134/123
f 128/136/125 138/147/135 137/146/134 127/135/124
f 129/137/126 139/148/136 138/147/135 128/136/125
f 130/128/127 140/139/137 139/148/136 129/137/126
f 131/138/128 141/149/138 150/150/147 140/139/137
f 132/140/129 142/151/139 141/152/138 131/141/128
f 133/142/130 143/153/140 142/151/139 132/140/129
f 134/143/131 144/154/141 143/153/140 133/142/130
f 135/144/132 145/155/142 144/154/141 134/143/131
f 136/145/133 146/156/143 145/155/142 135/144/132
f 137/146/134 147/157/144 146/156/143 136/145/133
f 138/147/135 148/158/145 147/157/144 137/146/134
f 139/148/136 149/159/146 148/158/145 138/147/135
f 140/139/137 150/150/147 149/159/146 139/148/136
f 141/149/138 151/160/148 160/161/157 150/150/147
f 142/151/139 152/162/149 151/163/148 141/152/138
f 143/153/140 153/164/150 152/162/149 142/151/139
f 144/154/141 154/165/151 153/164/150 143/153/140
f 145/155/142 155/166/152 154/165/151 144/154/141
f 146/156/143 156/167/153 155/166/152 145/155/142
f 147/157/144 157/168/154 156/167/153 146/156/143
f 148/158/145 158/169/155 157/168/154 147/157/144
f 149/159/146 159/170/156 158/169/155 148/158/145
f 150/150/147 160/161/157 159/170/156 149/159/146
f 151/160/148 161/171/158 170/172/167 160/161/157
f 152/162/149 162/173/159 161/174/158 151/163/148
f 153/164/150 163/175/160 162/173/159 152/162/149
f 154/165/151 164/176/161 163/175/160 153/164/150
f 155/166/152 165/177/162 164/176/161 154/165/151
f 156/167/153 166/178/163 165/177/162 155/166/152
f 157/168/154 167/179/164 166/178/163 156/167/153
f 158/169/155 168/180/165 167/179/164 157/168/154
f 159/170/156 169/181/166 168/180/165 158/169/155
f 160/161/157 170/172/167 169/181/166 159/170/156
f 161/171/158 171/182/168 180/183/177 170/172/167
f 162/173/159 172/184/169 171/185/168 161/174/158
f 163/175/160 173/186/170 172/184/169 162/173/159
f 164/176/161 174/187/171 173/186/170 163/175/160
f 165/177/162 175/188/172 174/187/171 164/176/161
f 166/178/163 176/189/173 175/188/172 165/177/162
f 167/179/164 177/190/174 176/189/173 166/178/163
f 168/180/165 178/191/175 177/190/174 167/179/164
f 169/181/166 179/192/176 178/191/175 168/180/165
f 170/172/167 180/183/177 179/192/176 169/181/166
f 171/182/168 181/193/178 190/194/187 180/183/177
f 172/184/169 182/195/179 181/196/178 171/185/168
f 173/186/170 183/197/180 182/195/179 172/184/169
f 174/187/171 184/198/181 183/197/180 173/186/170
f 175/188/172 185/199/182 184/198/181 174/187/171
f 176/189/173 186/200/183 185/199/182 175/188/172
f 177/190/174 187/201/184 186/200/183 176/189/173
f 178/191/175 188/202/185 187/201/184 177/190/174
f 179/192/176 189/203/186 188/202/185 178/191/175
f 180/183/177 190/194/187 189/203/186 179/192/176
f 181/193/178 191/204/188 200/205/197 190/194/187
f 182/195/179 192/206/189 191/207/188 181/196/178
f 183/197/180 193/208/190 192/206/189 182/195/179
f 184/198/181 194/209/191 193/208/190 183/197/180
f 185/199/182 195/210/192 194/209/191 184/198/181
f 186/200/183 196/211/193 195/210/192 185/199/182
f 187/201/184 197/212/194 196/211/193 186/200/183
f 188/202/185 198/213/195 197/212/194 187/201/184
f 189/203/186 199/214/196 198/213/195 188/202/185
f 190/194/187 200/205/197 199/214/196 189/203/186
f 191/204/188 201/215/198 210/216/207 200/205/197
f 192/206/189 202/217/199 201/218/198 191/207/188
f 193/208/190 203/219/200 202/217/199 192/206/189
f 194/209/191 204/220/201 203/219/200 193/208/190
f 195/210/192 205/221/202 204/220/201 194/209/191
f 196/211/193 206/222/203 205/221/202 195/210/192
f 197/212/194 207/223/204 206/222/203 196/211/193
f 198/213/195 208/224/205 207/223/204 197/212/194
f 199/214/196 209/225/206 208/224/205 198/213/195
f 200/205/197 210/216/207 209/225/206 199/214/196
f 201/215/198 211/226/208 220/227/217 210/216/207
f 202/217/199 212/228/209 211/229/208 201/218/198
f 203/219/200 213/230/210 212/228/209 202/217/199
f 204/220/201 214/231/211 213/230/210 203/219/200
f 205/221/202 215/232/212 214/231/211 204/220/201
f 206/222/203 216/233/213 215/232/212 205/221/202
f 207/223/204 217/234/214 216/233/213 206/222/203
f 208/224/205 218/235/215 217/234/214 207/223/204
f 209/225/206 219/236/216 218/235/215 208/224/205
f 210/216/207 220/227/217 219/236/216 209/225/206
f 211/226/208 221/237/218 230/238/227 220/227/217
f 212/228/209 222/239/219 221/240/218 211/229/208
f 213/230/210 223/241/220 222/239/219 212/228/209
f 214/231/211 224/242/221 223/241/220 213/230/210
f 215/232/212 225/243/222 224/242/221 214/231/211
f 216/233/213 226/244/223 225/243/222 215/232/212
f 217/234/214 227/245/224 226/244/223 216/233/213
f 218/235/215 228/246/225 227/245/224 217/234/214
f 219/236/216 229/247/226 228/246/225 218/235/215
f 220/227/217 230/238/227 229/247/226 219/236/216
f 221/237/218 231/248/228 240/249/237 230/238/227
f 222/239/219 232/250/229 231/251/228 221/240/218
f 223/241/220 233/252/230 232/250/229 222/239/219
f 224/242/221 234/253/231 233/252/230 223/241/220
f 225/243/222 235/254/232 234/253/231 224/242/221
f 226/244/223 236/255/233 235/254/232 225/243/222
f 227/245/224 237/256/234 236/255/233 226/244/223
f 228/246/225 238/257/235 237/256/234 227/245/224
f 229/247/226 239/258/236 238/257/235 228/246/225
f 230/238/227 240/249/237 239/258/236 229/247/226
f 231/248/228 241/259/238 250/260/247 240/249/237
f 232/250/229 242/261/239 241/262/238 231/251/228
f 233/252/230 243/263/240 242/261/239 232/250/229
f 234/253/231 244/264/241 243/263/240 233/252/230
f 235/254/232 245/265/242 244/264/241 234/253/231
f 236/255/233 246/266/243 245/265/242 235/254/232
f 237/256/234 247/267/244 246/266/243 236/255/233
f 238/257/235 248/268/245 247/267/244 237/256/234
f 239/258/236 249/269/246 248/268/245 238/257/235
f 240/249/237 250/260/247 249/269/246 239/258/236
f 241/259/238 251/270/248 260/271/257 250/260/247
f 242/261/239 252/272/249 251/273/248 241/262/238
f 243/263/240 253/274/250 252/272/249 242/261/239
f 244/264/241 254/275/251 253/274/250 243/263/240
f 245/265/242 255/276/252 254/275/251 244/264/241
f 246/266/243 256/277/253 255/276/252 245/265/242
f 247/267/244 257/278/254 256/277/253 246/266/243
f 248/268/245 258/279/255 257/278/254 247/267/244
f 249/269/246 259/280/256 258/279/255 248/268/245
f 250/260/247 260/271/257 259/280/256 249/269/246
f 251/270/248 261/281/258 270/282/267 260/271/257
f 252/272/249 262/283/259 261/284/258 251/273/248
f 253/274/250 263/285/260 262/283/259 252/272/249
f 254/275/251 264/286/261 263/285/260 253/274/250
f 255/276/252 265/287/262 264/286/261 254/275/251
f 256/277/253 266/288/263 265/287/262 255/276/252
f 257/278/254 267/289/264 266/288/263 256/277/253
f 258/279/255 268/290/265 267/289/264 257/278/254
f 259/280/256 269/291/266 268/290/265 258/279/255
f 260/271/257 270/282/267 269/291/266 259/280/256
f 261/281/258 271/292/268 280/293/277 270/282/267
f 262/283/259 272/294/269 271/295/268 261/284/258
f 263/285/260 273/296/270 272/294/269 262/283/259
f 264/286/261 274/297/271 273/296/270 263/285/260
f 265/287/262 275/298/272 274/297/271 264/286/261
f 266/288/263 276/299/273 275/298/272 265/287/262
f 267/289/264 277/300/274 276/299/273 266/288/263
f 268/290/265 278/301/275 277/300/274 267/289/264
f 269/291/266 279/302/276 278/301/275 268/290/265
f 270/282/267 280/293/277 279/302/276 269/291/266
f 271/292/268 281/303/278 290/304/287 280/293/277
f 272/294/269 282/305/279 281/306/278 271/295/268
f 273/296/270 283/307/280 282/305/279 272/294/269
f 274/297/271 284/308/281 283/307/280 273/296/270
f 275/298/272 285/309/282 284/308/281 274/297/271
f 276/299/273 286/310/283 285/309/282 275/298/272
f 277/300/274 287/311/284 286/310/283 276/299/273
f 278/301/275 288/312/285 287/311/284 277/300/274
f 279/302/276 289/313/286 288/312/285 278/301/275
f 280/293/277 290/304/287 289/313/286 279/302/276
f 281/303/278 291/314/288 300/315/132 290/304/287
f 282/305/279 292/316/289 291/317/288 281/306/278
f 283/307/280 293/318/290 292/316/289 282/305/279
f 284/308/281 294/319/291 293/318/290 283/307/280
f 285/309/282 295/320/137 294/319/291 284/308/281
f 286/310/283 296/321/292 295/320/137 285/309/282
f 287/311/284 297/322/293 296/321/292 286/310/283
f 288/312/285 298/323/294 297/322/293 287/311/284
f 289/313/286 299/324/295 298/323/294 288/312/285
f 290/304/287 300/315/132 299/324/295 289/313/286
f 291/314/288 301/325/296 310/326/142 300/315/132
f 292/316/289 302/327/297 301/328/296 291/317/288
f 293/318/290 303/329/298 302/327/297 292/316/289
f 294/319/291 304/330/299 303/329/298 293/318/290
f 295/320/137 305/331/147 304/330/299 294/319/291
f 296/321/292 306/332/300 305/331/147 295/320/137
f 297/322/293 307/333/301 306/332/300 296/321/292
f 298/323/294 308/334/302 307/333/301 297/322/293
f 299/324/295 309/335/303 308/334/302 298/323/294
f 300/315/132 310/326/142 309/335/303 299/324/295
f 301/325/296 311/336/304 320/337/152 310/326/142
f 302/327/297 312/338/305 311/339/304 301/328/296
f 303/329/298 313/340/306 312/338/305 302/327/297
f 304/330/299 314/341/307 313/340/306 303/329/298
f 305/331/147 315/342/157 314/341/307 304/330/299
f 306/332/300 316/343/308 315/342/157 305/331/147
f 307/333/301 317/344/309 316/343/308 306/332/300
f 308/334/302 318/345/310 317/344/309 307/333/301
f 309/335/303 319/346/311 318/345/310 308/334/302
f 310/326/142 320/337/152 319/346/311 309/335/303
f 311/336/304 321/347/312 330/348/162 320/337/152
f 312/338/305 322/349/313 321/350/312 311/339/304
f 313/340/306 323/351/314 322/349/313 312/338/305
f 314/341/307 324/352/315 323/351/314 313/340/306
f 315/342/157 325/353/167 324/352/315 314/341/307
f 316/343/308 326/354/316 325/353/167 315/342/157
f 317/344/309 327/355/317 326/354/316 316/343/308
f 318/345/310 328/356/318 327/355/317 317/344/309
f 319/346/311 329/357/319 328/356/318 318/345/310
f 320/337/152 330/348/162 329/357/319 319/346/311
f 321/347/312 331/358/320 340/359/329 330/348/162
f 322/349/313 332/360/321 331/361/320 321/350/312
f 323/351/314 333/362/322 332/360/321 322/349/313
f 324/352/315 334/363/323 333/362/322 323/351/314
f 325/353/167 335/364/324 334/363/323 324/352/315
f 326/354/316 336/365/325 335/364/324 325/353/167
f 327/355/317 337/366/326 336/365/325 326/354/316
f 328/356/318 338/367/327 337/366/326 327/355/317
f 329/357/319 339/368/328 338/367/327 328/356/318
f 330/348/162 340/359/329 339/368/328 329/357/319
f 331/358/320 341/369/330 350/370/339 340/359/329
f 332/360/321 342/371/331 341/372/330 331/361/320
f 333/362/322 343/373/332 342/371/331 332/360/321
f 334/363/323 344/374/333 343/373/332 333/362/322
f 335/364/324 345/375/334 344/374/333 334/363/323
f 336/365/325 346/376/335 345/375/334 335/364/324
f 337/366/326 347/377/336 346/376/335 336/365/325
f 338/367/327 348/378/337 347/377/336 337/366/326
f 339/368/328 349/379/338 348/378/337 338/367/327
f 340/359/329 350/370/339 349/379/338 339/368/328
f 341/369/330 351/380/340 360/381/349 350/370/339
f 342/371/331 352/382/341 351/383/340 341/372/330
f 343/373/332 353/384/342 352/382/341 342/371/331
f 344/374/333 354/385/343 353/384/342 343/373/332
f 345/375/334 355/386/344 354/385/343 344/374/333
f 346/376/335 356/387/345 355/386/344 345/375/334
f 347/377/336 357/388/346 356/387/345 346/376/335
f 348/378/337 358/389/347 357/388/346 347/377/336
f 349/379/338 359/390/348 358/389/347 348/378/337
f 350/370/339 360/381/349 359/390/348 349/379/338
f 351/380/340 361/391/350 370/392/359 360/381/349
f 352/382/341 362/393/351 361/394/350 351/383/340
f 353/384/342 363/395/352 362/393/351 352/382/341
f 354/385/343 364/396/353 363/395/352 353/384/342
f 355/386/344 365/397/354 364/396/353 354/385/343
f 356/387/345 366/398/355 365/397/354 355/386/344
f 357/388/346 367/399/356 366/398/355 356/387/345
f 358/389/347 368/400/357 367/399/356 357/388/346
f 359/390/348 369/401/358 368/400/357 358/389/347
f 360/381/349 370/392/359 369/401/358 359/390/348
f 361/391/350 371/402/360 380/403/212 370/392/359
f 362/393/351 372/404/361 371/405/360 361/394/350
f 363/395/352 373/406/362 372/404/361 362/393/351
f 364/396/353 374/407/363 373/406/362 363/395/352
f 365/397/354 375/408/217 374/407/363 364/396/353
f 366/398/355 376/409/364 375/408/217 365/397/354
f 367/399/356 377/410/365 376/409/364 366/398/355
f 368/400/357 378/411/366 377/410/365 367/399/356
f 369/401/358 379/412/367 378/411/366 368/400/357
f 370/392/359 380/403/212 379/412/367 369/401/358
f 371/402/360 381/413/368 390/414/222 380/403/212
f 372/404/361 382/415/369 381/416/368 371/405/360
f 373/406/362 383/417/370 382/415/369 372/404/361
f 374/407/363 384/418/371 383/417/370 373/406/362
f 375/408/217 385/419/227 384/418/371 374/407/363
f 376/409/364 386/420/372 385/419/227 375/408/217
f 377/410/365 387/421/373 386/420/372 376/409/364
f 378/411/366 388/422/374 387/421/373 377/410/365
f 379/412/367 389/423/375 388/422/374 378/411/366
f 380/403/212 390/414/222 389/423/375 379/412/367
f 381/413/368 391/424/376 400/425/232 390/414/222
f 382/415/369 392/426/377 391/427/376 381/416/368
f 383/417/370 393/428/378 392/426/377 382/415/369
f 384/418/371 394/429/379 393/428/378 383/417/370
f 385/419/227 395/430/237 394/429/379 384/418/371
f 386/420/372 396/431/380 395/430/237 385/419/227
f 387/421/373 397/432/381 396/431/380 386/420/372
f 388/422/374 398/433/382 397/432/381 387/421/373
f 389/423/375 399/434/383 398/433/382 388/422/374
f 390/414/222 400/425/232 399/434/383 389/423/375
f 391/424/376 401/435/384 410/436/242 400/425/232
f 392/426/377 402/437/385 401/438/384 391/427/376
f 393/428/378 403/439/386 402/437/385 392/426/377
f 394/429/379 404/440/387 403/439/386 393/428/378
f 395/430/237 405/441/247 404/440/387 394/429/379
f 396/431/380 406/442/388 405/441/247 395/430/237
f 397/432/381 407/443/389 406/442/388 396/431/380
f 398/433/382 408/444/390 407/443/389 397/432/381
f 399/434/383 409/445/391 408/444/390 398/433/382
f 400/425/232 410/436/242 409/445/391 399/434/383
f 401/435/384 411/446/392 420/447/401 410/436/242
f 402/437/385 412/448/393 411/449/392 401/438/384
f 403/439/386 413/450/394 412/448/393 402/437/385
f 404/440/387 414/451/395 413/450/394 403/439/386
f 405/441/247 415/452/396 414/451/395 404/440/387
f 406/442/388 416/453/397 415/452/396 405/441/247
f 407/443/389 417/454/398 416/453/397 406/442/388
f 408/444/390 418/455/399 417/454/398 407/443/389
f 409/445/391 419/456/400 418/455/399 408/444/390
f 410/436/242 420/447/401 419/456/400 409/445/391
f 411/446/392 421/457/402 430/458/411 420/447/401
f 412/448/393 422/459/403 421/460/402 411/449/392
f 413/450/394 423/461/404 422/459/403 412/448/393
f 414/451/395 424/462/405 423/461/404 413/450/394
f 415/452/396 425/463/406 424/462/405 414/451/395
f 416/453/397 426/464/407 425/463/406 415/452/396
f 417/454/398 427/465/408 426/464/407 416/453/397
f 418/455/399 428/466/409 427/465/408 417/454/398
f 419/456/400 429/467/410 428/466/409 418/455/399
f 420/447/401 430/458/411 429/467/410 419/456/400
f 421/457/402 101/468/98 110/469/107 430/458/411
f 422/459/403 102/470/99 101/471/98 421/460/402
f 423/461/404 103/472/100 102/470/99 422/459/403
f 424/462/405 104/473/101 103/472/100 423/461/404
f 425/463/406 105/474/102 104/473/101 424/462/405
f 426/464/407 106/475/103 105/474/102 425/463/406
f 427/465/408 107/476/104 106/475/103 426/464/407
f 428/466/409 108/477/105 107/476/104 427/465/408
f 429/467/410 109/478/106 108/477/105 428/466/409
f 430/458/411 110/469/107 109/478/106 429/467/410
o LineLoop
v 6.896030 5.919196 0.108778
v 6.898484 5.969135 0.145106
v 6.901516 6.030865 0.145106
v 6.903970 6.080804 0.108779
v 6.904907 6.099880 0.050000
v 6.903970 6.080804 -0.008779
v 6.901516 6.030864 -0.045106
v 6.898484 5.969135 -0.045106
v 6.896030 5.919196 -0.008779
v 6.895093 5.900120 0.050000
v -6.896030 5.919196 0.108778
v -6.898484 5.969135 0.145106
v -6.901516 6.030865 0.145106
v -6.903970 6.080804 0.108779
v -6.904907 6.099880 0.050000
v -6.903970 6.080804 -0.008779
v -6.901516 6.030864 -0.045106
v -6.898484 5.969135 -0.045106
v -6.896030 5.919196 -0.008779
v -6.895093 5.900120 0.050000
v -7.391451 5.870695 0.108778
v -7.401206 5.919734 0.145106
v -7.413263 5.980350 0.145106
v -7.423018 6.029389 0.108779
v -7.426744 6.048120 0.050000
v -7.423018 6.029389 -0.008779
v -7.413263 5.980350 -0.045106
v -7.401206 5.919734 -0.045106
v -7.391451 5.870695 -0.008779
v -7.387726 5.851963 0.050000
v -7.864017 5.727344 0.108778
v -7.883152 5.773537 0.145106
v -7.906803 5.830637 0.145106
v -7.925937 5.876830 0.108779
v -7.933246 5.894475 0.050000
v -7.925937 5.876830 -0.008779
v -7.906803 5.830637 -0.045106
v -7.883152 5.773537 -0.045106
v -7.864017 5.727344 -0.008779
v -7.856709 5.709699 0.050000
v -8.299536 5.494554 0.108778
v -8.327314 5.536127 0.145106
v -8.361650 5.587515 0.145106
v -8.389429 5.629088 0.108779
v -8.400040 5.644968 0.050000
v -8.389429 5.629088 -0.008779
v -8.361650 5.587515 -0.045106
v -8.327314 5.536127 -0.045106
v -8.299536 5.494554 -0.008779
v -8.288925 5.478674 0.050000
v -8.681272 5.181272 0.108778
v -8.716627 5.216627 0.145106
v -8.760328 5.260328 0.145106
v -8.795684 5.295684 0.108779
v -8.809189 5.309188 0.050000
v -8.795684 5.295684 -0.008779
v -8.760328 5.260328 -0.045106
v -8.716627 5.216627 -0.045106
v -8.681272 5.181272 -0.008779
v -8.667767 5.167767 0.050000
v -8.994554 4.799536 0.108778
v -9.036127 4.827314 0.145106
v -9.087515 4.861650 0.145106
v -9.129088 4.889429 0.108779
v -9.144968 4.900040 0.050000
v -9.129088 4.889429 -0.008779
v -9.087515 4.861650 -0.045106
v -9.036127 4.827314 -0.045106
v -8.994554 4.799536 -0.008779
v -8.978674 4.788925 0.050000
v -9.227344 4.364017 0.108778
v -9.273538 4.383152 0.145106
v -9.330636 4.406803 0.145106
v -9.376830 4.425937 0.108779
v -9.394475 4.433246 0.050000
v -9.376830 4.425937 -0.008779
v -9.330636 4.406803 -0.045106
v -9.273538 4.383152 -0.045106
v -9.227344 4.364017 -0.008779
v -9.209699 4.356709 0.050000
v -9.370057 3.895091 0.108778
v -9.419490 3.902596 0.145106
v -9.480594 3.911874 0.145106
v -9.530026 3.919379 0.108779
v -9.548908 3.922246 0.050000
v -9.530026 3.919379 -0.008779
v -9.480594 3.911874 -0.045106
v -9.419490 3.902596 -0.045106
v -9.370057 3.895091 -0.008779
v -9.351175 3.892224 0.050000
v -9.419183 -3.396307 0.108778
v -9.469131 -3.398589 0.145106
v -9.530869 -3.401411 0.145106
v -9.580817 -3.403693 0.108779
v -9.599895 -3.404565 0.050000
v -9.580817 -3.403693 -0.008779
v -9.530869 -3.401411 -0.045106
v -9.469131 -3.398589 -0.045106
v -9.419183 -3.396307 -0.008779
v -9.400105 -3.395435 0.050000
v -9.370694 -3.891452 0.108778
v -9.419734 -3.901206 0.145106
v -9.480350 -3.913264 0.145106
v -9.529389 -3.923018 0.108779
v -9.548120 -3.926744 0.050000
v -9.529389 -3.923018 -0.008779
v -9.480350 -3.913264 -0.045106
v -9.419734 -3.901206 -0.045106
v -9.370694 -3.891452 -0.008779
v -9.351963 -3.887726 0.050000
v -9.227344 -4.364017 0.108778
v -9.273538 -4.383152 0.145106
v -9.330636 -4.406803 0.145106
v -9.376830 -4.425937 0.108779
v -9.394475 -4.433246 0.050000
v -9.376830 -4.425937 -0.008779
v -9.330636 -4.406803 -0.045106
v -9.273538 -4.383152 -0.045106
v -9.227344 -4.364017 -0.008779
v -9.209699 -4.356709 0.050000
v -8.994554 -4.799536 0.108778
v -9.036127 -4.827314 0.145106
v -9.087515 -4.861650 0.145106
v -9.129088 -4.889429 0.108779
v -9.144968 -4.900040 0.050000
v -9.129088 -4.889429 -0.008779
v -9.087515 -4.861650 -0.045106
v -9.036127 -4.827314 -0.045106
v -8.994554 -4.799536 -0.008779
v -8.978674 -4.788925 0.050000
v -8.681272 -5.181272 0.108778
v -8.716627 -5.216627 0.145106
v -8.760328 -5.260328 0.145106
v -8.795684 -5.295684 0.108779
v -8.809189 -5.309188 0.050000
v -8.795684 -5.295684 -0.008779
v -8.760328 -5.260328 -0.045106
v -8.716627 -5.216627 -0.045106
v -8.681272 -5.181272 -0.008779
v -8.667767 -5.167767 0.050000
v -8.299536 -5.494554 0.108778
v -8.327314 -5.536127 0.145106
v -8.361650 -5.587515 0.145106
v -8.389429 -5.629088 0.108779
v -8.400040 -5.644968 0.050000
v -8.389429 -5.629088 -0.008779
v -8.361650 -5.587515 -0.045106
v -8.327314 -5.536127 -0.045106
v -8.299536 -5.494554 -0.008779
v -8.288925 -5.478674 0.050000
v -7.864017 -5.727344 0.108778
v -7.883152 -5.773537 0.145106
v -7.906803 -5.830636 0.145106
v -7.925937 -5.876830 0.108779
v -7.933246 -5.894475 0.050000
v -7.925937 -5.876830 -0.008779
v -7.906803 -5.830637 -0.045106
v -7.883152 -5.773537 -0.045106
v -7.864017 -5.727344 -0.008779
v -7.856709 -5.709699 0.050000
v -7.395224 -5.870037 0.108778
v -7.402647 -5.919482 0.145106
v -7.411822 -5.980601 0.145106
v -7.419245 -6.030047 0.108779
v -7.422081 -6.048934 0.050000
v -7.419245 -6.030047 -0.008779
v -7.411822 -5.980601 -0.045106
v -7.402647 -5.919483 -0.045106
v -7.395224 -5.870037 -0.008779
v -7.392389 -5.851150 0.050000
v 6.896172 -5.919189 0.108778
v 6.898538 -5.969133 0.145106
v 6.901463 -6.030867 0.145106
v 6.903829 -6.080811 0.108779
v 6.904733 -6.099888 0.050000
v 6.903829 -6.080811 -0.008779
v 6.901463 -6.030867 -0.045106
v 6.898538 -5.969133 -0.045106
v 6.896172 -5.919189 -0.008779
v 6.895267 -5.900112 0.050000
v 7.391451 -5.870695 0.108778
v 7.401206 -5.919734 0.145106
v 7.413263 -5.980350 0.145106
v 7.423018 -6.029389 0.108779
v 7.426744 -6.048120 0.050000
v 7.423018 -6.029389 -0.008779
v 7.413263 -5.980350 -0.045106
v 7.401206 -5.919734 -0.045106
v 7.391451 -5.870695 -0.008779
v 7.387726 -5.851963 0.050000
v 7.864017 -5.727344 0.108778
v 7.883152 -5.773537 0.145106
v 7.906803 -5.830636 0.145106
v 7.925937 -5.876830 0.108779
v 7.933246 -5.894475 0.050000
v 7.925937 -5.876830 -0.008779
v 7.906803 -5.830637 -0.045106
v 7.883152 -5.773538 -0.045106
v 7.864017 -5.727344 -0.008779
v 7.856709 -5.709699 0.050000
v 8.299536 -5.494554 0.108778
v 8.327314 -5.536127 0.145106
v 8.361650 -5.587515 0.145106
v 8.389429 -5.629088 0.108779
v 8.400040 -5.644968 0.050000
v 8.389429 -5.629088 -0.008779
v 8.361650 -5.587515 -0.045106
v 8.327314 -5.536127 -0.045106
v 8.299536 -5.494554 -0.008779
v 8.288925 -5.478674 0.050000
v 8.681272 -5.181272 0.108778
v 8.716627 -5.216627 0.145106
v 8.760328 -5.260328 0.145106
v 8.795684 -5.295684 0.108779
v 8.809189 -5.309188 0.050000
v 8.795684 -5.295684 -0.008779
v 8.760328 -5.260329 -0.045106
v 8.716627 -5.216627 -0.045106
v 8.681272 -5.181272 -0.008779
v 8.667767 -5.167767 0.050000
v 8.994554 -4.799536 0.108778
v 9.036127 -4.827314 0.145106
v 9.087515 -4.861650 0.145106
v 9.129088 -4.889429 0.108779
v 9.144968 -4.900040 0.050000
v 9.129088 -4.889429 -0.008779
v 9.087515 -4.861650 -0.045106
v 9.036127 -4.827314 -0.045106
v 8.994554 -4.799536 -0.008779
v 8.978674 -4.788925 0.050000
v 9.227344 -4.364017 0.108778
v 9.273538 -4.383152 0.145106
v 9.330636 -4.406803 0.145106
v 9.376830 -4.425937 0.108779
v 9.394475 -4.433246 0.050000
v 9.376830 -4.425937 -0.008779
v 9.330636 -4.406803 -0.045106
v 9.273538 -4.383152 -0.045106
v 9.227344 -4.364017 -0.008779
v 9.209699 -4.356709 0.050000
v 9.370057 -3.895091 0.108778
v 9.419490 -3.902596 0.145106
v 9.480594 -3.911874 0.145106
v 9.530026 -3.919379 0.108779
v 9.548908 -3.922246 0.050000
v 9.530026 -3.919379 -0.008779
v 9.480594 -3.911874 -0.045106
v 9.419490 -3.902596 -0.045106
v 9.370057 -3.895091 -0.008779
v 9.351175 -3.892224 0.050000
v 9.419183 3.396307 0.108778
v 9.469131 3.398589 0.145106
v 9.530869 3.401411 0.145106
v 9.580817 3.403693 0.108779
v 9.599895 3.404565 0.050000
v 9.580817 3.403693 -0.008779
v 9.530869 3.401411 -0.045106
v 9.469131 3.398589 -0.045106
v 9.419183 3.396307 -0.008779
v 9.400105 3.395435 0.050000
v 9.370694 3.891452 0.108778
v 9.419734 3.901206 0.145106
v 9.480350 3.913264 0.145106
v 9.529389 3.923018 0.108779
v 9.548120 3.926744 0.050000
v 9.529389 3.923018 -0.008779
v 9.480350 3.913264 -0.045106
v 9.419734 3.901206 -0.045106
v 9.370694 3.891452 -0.008779
v 9.351963 3.887726 0.050000
v 9.227344 4.364017 0.108778
v 9.273538 4.383152 0.145106
v 9.330636 4.406803 0.145106
v 9.376830 4.425937 0.108779
v 9.394475 4.433246 0.050000
v 9.376830 4.425937 -0.008779
v 9.330636 4.406803 -0.045106
v 9.273538 4.383152 -0.045106
v 9.227344 4.364017 -0.008779
v 9.209699 4.356709 0.050000
v 8.994554 4.799536 0.108778
v 9.036127 4.827314 0.145106
v 9.087515 4.861650 0.145106
v 9.129088 4.889429 0.108779
v 9.144968 4.900040 0.050000
v 9.129088 4.889429 -0.008779
v 9.087515 4.861650 -0.045106
v 9.036127 4.827314 -0.045106
v 8.994554 4.799536 -0.008779
v 8.978674 4.788925 0.050000
v 8.681272 5.181272 0.108778
v 8.716627 5.216627 0.145106
v 8.760328 5.260328 0.145106
v 8.795684 5.295684 0.108779
v 8.809189 5.309188 0.050000
v 8.795684 5.295684 -0.008779
v 8.760328 5.260328 -0.045106
v 8.716627 5.216627 -0.045106
v 8.681272 5.181272 -0.008779
v 8.667767 5.167767 0.050000
v 8.299536 5.494554 0.108778
v 8.327314 5.536127 0.145106
v 8.361650 5.587515 0.145106
v 8.389429 5.629088 0.108779
v 8.400040 5.644968 0.050000
v 8.389429 5.629088 -0.008779
v 8.361650 5.587515 -0.045106
v 8.327314 5.536127 -0.045106
v 8.299536 5.494554 -0.008779
v 8.288925 5.478674 0.050000
v 7.864017 5.727344 0.108778
v 7.883152 5.773537 0.145106
v 7.906803 5.830637 0.145106
v 7.925937 5.876830 0.108779
v 7.933246 5.894475 0.050000
v 7.925937 5.876830 -0.008779
v 7.906803 5.830637 -0.045106
v 7.883152 5.773537 -0.045106
v 7.864017 5.727344 -0.008779
v 7.856709 5.709699 0.050000
v 7.391451 5.870695 0.108778
v 7.401206 5.919734 0.145106
v 7.413263 5.980350 0.145106
v 7.423018 6.029389 0.108779
v 7.426744 6.048120 0.050000
v 7.423018 6.029389 -0.008779
v 7.413263 5.980350 -0.045106
v 7.401206 5.919734 -0.045106
v 7.391451 5.870695 -0.008779
v 7.387726 5.851963 0.050000
vn -0.0393 -0.8049 0.5921
vn -0.0147 -0.3001 0.9538
vn 0.0157 0.3175 0.9481
vn 0.0401 0.8115 0.5829
vn 0.0494 0.9988 -0.0000
vn 0.0401 0.8115 -0.5829
vn 0.0157 0.3175 -0.9481
vn -0.0147 -0.3001 -0.9538
vn -0.0393 -0.8049 -0.5921
vn -0.0487 -0.9988 -0.0000
vn 0.0393 -0.8049 0.5921
vn 0.0147 -0.3001 0.9538
vn -0.0157 0.3175 0.9481
vn -0.0401 0.8115 0.5829
vn -0.0494 0.9988 -0.0000
vn -0.0401 0.8115 -0.5829
vn -0.0157 0.3175 -0.9481
vn 0.0147 -0.3001 -0.9538
vn 0.0393 -0.8049 -0.5921
vn 0.0487 -0.9988 -0.0000
vn 0.1562 -0.7865 0.5974
vn 0.0568 -0.2856 0.9567
vn -0.0637 0.3198 0.9454
vn -0.1593 0.7996 0.5791
vn -0.1954 0.9807 -0.0000
vn -0.1593 0.7996 -0.5791
vn -0.0637 0.3198 -0.9454
vn 0.0568 -0.2856 -0.9567
vn 0.1562 -0.7865 -0.5974
vn 0.1948 -0.9808 -0.0000
vn 0.3070 -0.7411 0.5971
vn 0.1115 -0.2692 0.9566
vn -0.1249 0.3014 0.9453
vn -0.3121 0.7534 0.5788
vn -0.3827 0.9239 -0.0000
vn -0.3121 0.7534 -0.5788
vn -0.1249 0.3014 -0.9453
vn 0.1115 -0.2692 -0.9566
vn 0.3070 -0.7411 -0.5971
vn 0.3827 -0.9239 -0.0000
vn 0.4456 -0.6670 0.5971
vn 0.1619 -0.2423 0.9566
vn -0.1813 0.2713 0.9453
vn -0.4531 0.6780 0.5788
vn -0.5556 0.8315 -0.0000
vn -0.4531 0.6780 -0.5788
vn -0.1813 0.2713 -0.9453
vn 0.1619 -0.2423 -0.9566
vn 0.4456 -0.6670 -0.5971
vn 0.5556 -0.8315 -0.0000
vn 0.5672 -0.5672 0.5971
vn 0.2060 -0.2060 0.9566
vn -0.2307 0.2307 0.9453
vn -0.5766 0.5766 0.5788
vn -0.7071 0.7071 -0.0000
vn -0.5766 0.5766 -0.5788
vn -0.2307 0.2307 -0.9453
vn 0.2060 -0.2060 -0.9566
vn 0.5672 -0.5672 -0.5971
vn 0.7071 -0.7071 -0.0000
vn 0.6670 -0.4456 0.5971
vn 0.2423 -0.1619 0.9566
vn -0.2713 0.1813 0.9453
vn -0.6780 0.4531 0.5788
vn -0.8315 0.5556 -0.0000
vn -0.6780 0.4531 -0.5788
vn -0.2713 0.1813 -0.9453
vn 0.2423 -0.1619 -0.9566
vn 0.6670 -0.4456 -0.5971
vn 0.8315 -0.5556 -0.0000
vn 0.7413 -0.3074 0.5966
vn 0.2695 -0.1117 0.9565
vn -0.3018 0.1249 0.9452
vn -0.7538 0.3119 0.5783
vn -0.9241 0.3822 -0.0000
vn -0.7538 0.3119 -0.5783
vn -0.3018 0.1249 -0.9452
vn 0.2695 -0.1117 -0.9565
vn 0.7413 -0.3074 -0.5966
vn 0.9237 -0.3832 -0.0000
vn 0.7888 -0.1201 0.6028
vn 0.2790 -0.0425 0.9594
vn -0.3295 0.0500 0.9428
vn -0.8083 0.1225 0.5759
vn -0.9887 0.1497 -0.0000
vn -0.8083 0.1225 -0.5759
vn -0.3295 0.0500 -0.9428
vn 0.2790 -0.0425 -0.9594
vn 0.7888 -0.1201 -0.6028
vn 0.9886 -0.1506 -0.0000
vn 0.8053 0.0366 0.5917
vn 0.3000 0.0137 0.9538
vn -0.3187 -0.0146 0.9477
vn -0.8124 -0.0373 0.5819
vn -0.9989 -0.0459 -0.0000
vn -0.8124 -0.0373 -0.5819
vn -0.3187 -0.0146 -0.9477
vn 0.3000 0.0137 -0.9538
vn 0.8053 0.0366 -0.5917
vn 0.9990 0.0454 -0.0000
vn 0.7865 0.1563 0.5974
vn 0.2856 0.0568 0.9567
vn -0.3198 -0.0637 0.9454
vn -0.7996 -0.1593 0.5791
vn -0.9807 -0.1954 -0.0000
vn -0.7996 -0.1593 -0.5791
vn -0.3198 -0.0637 -0.9454
vn 0.2856 0.0568 -0.9567
vn 0.7865 0.1563 -0.5974
vn 0.9808 0.1948 -0.0000
vn 0.7411 0.3070 0.5971
vn 0.2692 0.1115 0.9566
vn -0.3014 -0.1249 0.9453
vn -0.7534 -0.3121 0.5788
vn -0.9239 -0.3827 -0.0000
vn -0.7534 -0.3121 -0.5788
vn -0.3014 -0.1249 -0.9453
vn 0.2692 0.1115 -0.9566
vn 0.7411 0.3070 -0.5971
vn 0.9239 0.3827 -0.0000
vn 0.6670 0.4456 0.5971
vn 0.2423 0.1619 0.9566
vn -0.2713 -0.1813 0.9453
vn -0.6780 -0.4531 0.5788
vn -0.8315 -0.5556 -0.0000
vn -0.6780 -0.4531 -0.5788
vn -0.2713 -0.1813 -0.9453
vn 0.2423 0.1619 -0.9566
vn 0.6670 0.4456 -0.5971
vn 0.8315 0.5556 -0.0000
vn 0.5672 0.5672 0.5971
vn 0.2060 0.2060 0.9566
vn -0.2307 -0.2307 0.9453
vn -0.5766 -0.5766 0.5788
vn -0.7071 -0.7071 -0.0000
vn -0.5766 -0.5766 -0.5788
vn -0.2307 -0.2307 -0.9453
vn 0.2060 0.2060 -0.9566
vn 0.5672 0.5672 -0.5971
vn 0.7071 0.7071 -0.0000
vn 0.4456 0.6670 0.5971
vn 0.1619 0.2423 0.9566
vn -0.1813 -0.2713 0.9453
vn -0.4531 -0.6780 0.5788
vn -0.5556 -0.8315 -0.0000
vn -0.4531 -0.6780 -0.5788
vn -0.1813 -0.2713 -0.9453
vn 0.1619 0.2423 -0.9566
vn 0.4456 0.6670 -0.5971
vn 0.5556 0.8315 -0.0000
vn 0.3074 0.7413 0.5966
vn 0.1117 0.2695 0.9565
vn -0.1249 -0.3018 0.9452
vn -0.3118 -0.7539 0.5783
vn -0.3822 -0.9241 -0.0000
vn -0.3118 -0.7539 -0.5783
vn -0.1249 -0.3018 -0.9452
vn 0.1117 0.2695 -0.9565
vn 0.3074 0.7413 -0.5966
vn 0.3832 0.9237 -0.0000
vn 0.1188 0.7889 0.6030
vn 0.0420 0.2787 0.9595
vn -0.0494 -0.3298 0.9428
vn -0.1211 -0.8086 0.5758
vn -0.1480 -0.9890 -0.0000
vn -0.1211 -0.8086 -0.5758
vn -0.0494 -0.3298 -0.9428
vn 0.0420 0.2787 -0.9595
vn 0.1188 0.7888 -0.6030
vn 0.1490 0.9888 -0.0000
vn -0.0379 0.8054 0.5915
vn -0.0142 0.3003 0.9537
vn 0.0151 -0.3184 0.9478
vn 0.0387 -0.8122 0.5821
vn 0.0476 -0.9989 -0.0000
vn 0.0387 -0.8122 -0.5821
vn 0.0151 -0.3184 -0.9478
vn -0.0142 0.3003 -0.9537
vn -0.0379 0.8054 -0.5915
vn -0.0470 0.9989 -0.0000
vn -0.1563 0.7865 0.5974
vn -0.0568 0.2856 0.9567
vn 0.0637 -0.3198 0.9454
vn 0.1593 -0.7996 0.5791
vn 0.1954 -0.9807 -0.0000
vn 0.1593 -0.7996 -0.5791
vn 0.0637 -0.3198 -0.9454
vn -0.0568 0.2856 -0.9567
vn -0.1563 0.7865 -0.5974
vn -0.1948 0.9808 -0.0000
vn -0.3070 0.7411 0.5971
vn -0.1115 0.2692 0.9566
vn 0.1249 -0.3014 0.9453
vn 0.3121 -0.7534 0.5788
vn 0.3121 -0.7534 -0.5788
vn 0.1249 -0.3014 -0.9453
vn -0.1115 0.2692 -0.9566
vn -0.3070 0.7411 -0.5971
vn -0.4456 0.6670 0.5971
vn -0.1619 0.2423 0.9566
vn 0.1813 -0.2713 0.9453
vn 0.4531 -0.6780 0.5788
vn 0.4531 -0.6780 -0.5788
vn 0.1813 -0.2713 -0.9453
vn -0.1619 0.2423 -0.9566
vn -0.4456 0.6670 -0.5971
vn -0.5672 0.5672 0.5971
vn -0.2060 0.2060 0.9566
vn 0.2307 -0.2307 0.9453
vn 0.5766 -0.5766 0.5788
vn 0.5766 -0.5766 -0.5788
vn 0.2307 -0.2307 -0.9453
vn -0.2060 0.2060 -0.9566
vn -0.5672 0.5672 -0.5971
vn -0.6670 0.4456 0.5971
vn -0.2423 0.1619 0.9566
vn 0.2713 -0.1813 0.9453
vn 0.6780 -0.4531 0.5788
vn 0.6780 -0.4531 -0.5788
vn 0.2713 -0.1813 -0.9453
vn -0.2423 0.1619 -0.9566
vn -0.6670 0.4456 -0.5971
vn -0.7413 0.3074 0.5966
vn -0.2695 0.1117 0.9565
vn 0.3018 -0.1249 0.9452
vn 0.7538 -0.3119 0.5783
vn 0.9241 -0.3822 -0.0000
vn 0.7538 -0.3119 -0.5783
vn 0.3018 -0.1249 -0.9452
vn -0.2695 0.1117 -0.9565
vn -0.7413 0.3074 -0.5966
vn -0.9237 0.3832 -0.0000
vn -0.7888 0.1201 0.6028
vn -0.2790 0.0425 0.9594
vn 0.3295 -0.0500 0.9428
vn 0.8083 -0.1225 0.5759
vn 0.9887 -0.1497 -0.0000
vn 0.8083 -0.1225 -0.5759
vn 0.3295 -0.0500 -0.9428
vn -0.2790 0.0425 -0.9594
vn -0.7888 0.1201 -0.6028
vn -0.9886 0.1506 -0.0000
vn -0.8053 -0.0366 0.5917
vn -0.3000 -0.0137 0.9538
vn 0.3187 0.0146 0.9477
vn 0.8124 0.0373 0.5819
vn 0.9989 0.0459 -0.0000
vn 0.8124 0.0373 -0.5819
vn 0.3187 0.0146 -0.9477
vn -0.3000 -0.0137 -0.9538
vn -0.8053 -0.0366 -0.5917
vn -0.9990 -0.0454 -0.0000
vn -0.7865 -0.1563 0.5974
vn -0.2856 -0.0568 0.9567
vn 0.3198 0.0637 0.9454
vn 0.7996 0.1593 0.5791
vn 0.9807 0.1954 -0.0000
vn 0.7996 0.1593 -0.5791
vn 0.3198 0.0637 -0.9454
vn -0.2856 -0.0568 -0.9567
vn -0.7865 -0.1563 -0.5974
vn -0.9808 -0.1948 -0.0000
vn -0.7411 -0.3070 0.5971
vn -0.2692 -0.1115 0.9566
vn 0.3014 0.1249 0.9453
vn 0.7534 0.3121 0.5788
vn 0.7534 0.3121 -0.5788
vn 0.3014 0.1249 -0.9453
vn -0.2692 -0.1115 -0.9566
vn -0.7411 -0.3070 -0.5971
vn -0.6670 -0.4456 0.5971
vn -0.2423 -0.1619 0.9566
vn 0.2713 0.1813 0.9453
vn 0.6780 0.4531 0.5788
vn 0.6780 0.4531 -0.5788
vn 0.2713 0.1813 -0.9453
vn -0.2423 -0.1619 -0.9566
vn -0.6670 -0.4456 -0.5971
vn -0.5672 -0.5672 0.5971
vn -0.2060 -0.2060 0.9566
vn 0.2307 0.2307 0.9453
vn 0.5766 0.5766 0.5788
vn 0.5766 0.5766 -0.5788
vn 0.2307 0.2307 -0.9453
vn -0.2060 -0.2060 -0.9566
vn -0.5672 -0.5672 -0.5971
vn -0.4456 -0.6670 0.5971
vn -0.1619 -0.2423 0.9566
vn 0.1813 0.2713 0.9453
vn 0.4531 0.6780 0.5788
vn 0.4531 0.6780 -0.5788
vn 0.1813 0.2713 -0.9453
vn -0.1619 -0.2423 -0.9566
vn -0.4456 -0.6670 -0.5971
vn -0.3070 -0.7411 0.5971
vn -0.1115 -0.2692 0.9566
vn 0.1249 0.3014 0.9453
vn 0.3121 0.7534 0.5788
vn 0.3827 0.9239 -0.0000
vn 0.3121 0.7534 -0.5788
vn 0.1249 0.3014 -0.9453
vn -0.1115 -0.2692 -0.9566
vn -0.3070 -0.7411 -0.5971
vn -0.3827 -0.9239 -0.0000
vn -0.1562 -0.7865 0.5974
vn -0.0568 -0.2856 0.9567
vn 0.0637 0.3198 0.9454
vn 0.1593 0.7996 0.5791
vn 0.1954 0.9807 -0.0000
vn 0.1593 0.7996 -0.5791
vn 0.0637 0.3198 -0.9454
vn -0.0568 -0.2856 -0.9567
vn -0.1562 -0.7865 -0.5974
vn -0.1948 -0.9808 -0.0000
vt 0.000000 1.000000
vt 0.030303 1.000000
vt 0.030303 0.900000
vt 0.000000 0.900000
vt 0.000000 0.100000
vt 0.030303 0.100000
vt 0.030303 0.000000
vt 0.000000 0.000000
vt 0.000000 0.200000
vt 0.030303 0.200000
vt 0.000000 0.300000
vt 0.030303 0.300000
vt 0.000000 0.400000
vt 0.030303 0.400000
vt 0.000000 0.500000
vt 0.030303 0.500000
vt 0.000000 0.600000
vt 0.030303 0.600000
vt 0.000000 0.700000
vt 0.030303 0.700000
vt 0.000000 0.800000
vt 0.030303 0.800000
vt 0.060606 1.000000
vt 0.060606 0.900000
vt 0.060606 0.100000
vt 0.060606 0.000000
vt 0.060606 0.200000
vt 0.060606 0.300000
vt 0.060606 0.400000
vt 0.060606 0.500000
vt 0.060606 0.600000
vt 0.060606 0.700000
vt 0.060606 0.800000
vt 0.090909 1.000000
vt 0.090909 0.900000
vt 0.090909 0.100000
vt 0.090909 0.000000
vt 0.090909 0.200000
vt 0.090909 0.300000
vt 0.090909 0.400000
vt 0.090909 0.500000
vt 0.090909 0.600000
vt 0.090909 0.700000
vt 0.090909 0.800000
vt 0.121212 1.000000
vt 0.121212 0.900000
vt 0.121212 0.100000
vt 0.121212 0.000000
vt 0.121212 0.200000
vt 0.121212 0.300000
vt 0.121212 0.400000
vt 0.121212 0.500000
vt 0.121212 0.600000
vt 0.121212 0.700000
vt 0.121212 0.800000
vt 0.151515 1.000000
vt 0.151515 0.900000
vt 0.151515 0.100000
vt 0.151515 0.000000
vt 0.151515 0.200000
vt 0.151515 0.300000
vt 0.151515 0.400000
vt 0.151515 0.500000
vt 0.151515 0.600000
vt 0.151515 0.700000
vt 0.151515 0.800000
vt 0.181818 1.000000
vt 0.181818 0.900000
vt 0.181818 0.100000
vt 0.181818 0.000000
vt 0.181818 0.200000
vt 0.181818 0.300000
vt 0.181818 0.400000
vt 0.181818 0.500000
vt 0.181818 0.600000
vt 0.181818 0.700000
vt 0.181818 0.800000
vt 0.212121 1.000000
vt 0.212121 0.900000
vt 0.212121 0.100000
vt 0.212121 0.000000
vt 0.212121 0.200000
vt 0.212121 0.300000
vt 0.212121 0.400000
vt 0.212121 0.500000
vt 0.212121 0.600000
vt 0.212121 0.700000
vt 0.212121 0.800000
vt 0.242424 1.000000
vt 0.242424 0.900000
vt 0.242424 0.100000
vt 0.242424 0.000000
vt 0.242424 0.200000
vt 0.242424 0.300000
vt 0.242424 0.400000
vt 0.242424 0.500000
vt 0.242424 0.600000
vt 0.242424 0.700000
vt 0.242424 0.800000
vt 0.272727 1.000000
vt 0.272727 0.900000
vt 0.272727 0.100000
vt 0.272727 0.000000
vt 0.272727 0.200000
vt 0.272727 0.300000
vt 0.272727 0.400000
vt 0.272727 0.500000
vt 0.272727 0.600000
vt 0.272727 0.700000
vt 0.272727 0.800000
vt 0.303030 1.000000
vt 0.303030 0.900000
vt 0.303030 0.100000
vt 0.303030 0.000000
vt 0.303030 0.200000
vt 0.303030 0.300000
vt 0.303030 0.400000
vt 0.303030 0.500000
vt 0.303030 0.600000
vt 0.303030 0.700000
vt 0.303030 0.800000
vt 0.333333 1.000000
vt 0.333333 0.900000
vt 0.333333 0.100000
vt 0.333333 0.000000
vt 0.333333 0.200000
vt 0.333333 0.300000
vt 0.333333 0.400000
vt 0.333333 0.500000
vt 0.333333 0.600000
vt 0.333333 0.700000
vt 0.333333 0.800000
vt 0.363636 1.000000
vt 0.363636 0.900000
vt 0.363636 0.100000
vt 0.363636 0.000000
vt 0.363636 0.200000
vt 0.363636 0.300000
vt 0.363636 0.400000
vt 0.363636 0.500000
vt 0.363636 0.600000
vt 0.363636 0.700000
vt 0.363636 0.800000
vt 0.393939 1.000000
vt 0.393939 0.900000
vt 0.393939 0.100000
vt 0.393939 0.000000
vt 0.393939 0.200000
vt 0.393939 0.300000
vt 0.393939 0.400000
vt 0.393939 0.500000
vt 0.393939 0.600000
vt 0.393939 0.700000
vt 0.393939 0.800000
vt 0.424242 1.000000
vt 0.424242 0.900000
vt 0.424242 0.100000
vt 0.424242 0.000000
vt 0.424242 0.200000
vt 0.424242 0.300000
vt 0.424242 0.400000
vt 0.424242 0.500000
vt 0.424242 0.600000
vt 0.424242 0.700000
vt 0.424242 0.800000
vt 0.454545 1.000000
vt 0.454545 0.900000
vt 0.454545 0.100000
vt 0.454545 0.000000
vt 0.454545 0.200000
vt 0.454545 0.300000
vt 0.454545 0.400000
vt 0.454545 0.500000
vt 0.454545 0.600000
vt 0.454545 0.700000
vt 0.454545 0.800000
vt 0.484848 1.000000
vt 0.484848 0.900000
vt 0.484848 0.100000
vt 0.484848 0.000000
vt 0.484848 0.200000
vt 0.484848 0.300000
vt 0.484848 0.400000
vt 0.484848 0.500000
vt 0.484848 0.600000
vt 0.484848 0.700000
vt 0.484848 0.800000
vt 0.515152 1.000000
vt 0.515152 0.900000
vt 0.515152 0.100000
vt 0.515152 0.000000
vt 0.515152 0.200000
vt 0.515152 0.300000
vt 0.515152 0.400000
vt 0.515152 0.500000
vt 0.515152 0.600000
vt 0.515152 0.700000
vt 0.515152 0.800000
vt 0.545455 1.000000
vt 0.545455 0.900000
vt 0.545455 0.100000
vt 0.545455 0.000000
vt 0.545455 0.200000
vt 0.545455 0.300000
vt 0.545455 0.400000
vt 0.545455 0.500000
vt 0.545455 0.600000
vt 0.545455 0.700000
vt 0.545455 0.800000
vt 0.575758 1.000000
vt 0.575758 0.900000
vt 0.575758 0.100000
vt 0.575758 0.000000
vt 0.575758 0.200000
vt 0.575758 0.300000
vt 0.575758 0.400000
vt 0.575758 0.500000
vt 0.575758 0.600000
vt 0.575758 0.700000
vt 0.575758 0.800000
vt 0.606061 1.000000
vt 0.606061 0.900000
vt 0.606061 0.100000
vt 0.606061 0.000000
vt 0.606061 0.200000
vt 0.606061 0.300000
vt 0.606061 0.400000
vt 0.606061 0.500000
vt 0.606061 0.600000
vt 0.606061 0.700000
vt 0.606061 0.800000
vt 0.636364 1.000000
vt 0.636364 0.900000
vt 0.636364 0.100000
vt 0.636364 0.000000
vt 0.636364 0.200000
vt 0.636364 0.300000
vt 0.636364 0.400000
vt 0.636364 0.500000
vt 0.636364 0.600000
vt 0.636364 0.700000
vt 0.636364 0.800000
vt 0.666667 1.000000
vt 0.666667 0.900000
vt 0.666667 0.100000
vt 0.666667 0.000000
vt 0.666667 0.200000
vt 0.666667 0.300000
vt 0.666667 0.400000
vt 0.666667 0.500000
vt 0.666667 0.600000
vt 0.666667 0.700000
vt 0.666667 0.800000
vt 0.696970 1.000000
vt 0.696970 0.900000
vt 0.696970 0.100000
vt 0.696970 0.000000
vt 0.696970 0.200000
vt 0.696970 0.300000
vt 0.696970 0.400000
vt 0.696970 0.500000
vt 0.696970 0.600000
vt 0.696970 0.700000
vt 0.696970 0.800000
vt 0.727273 1.000000
vt 0.727273 0.900000
vt 0.727273 0.100000
vt 0.727273 0.000000
vt 0.727273 0.200000
vt 0.727273 0.300000
vt 0.727273 0.400000
vt 0.727273 0.500000
vt 0.727273 0.600000
vt 0.727273 0.700000
vt 0.727273 0.800000
vt 0.757576 1.000000
vt 0.757576 0.900000
vt 0.757576 0.100000
vt 0.757576 0.000000
vt 0.757576 0.200000
vt 0.757576 0.300000
vt 0.757576 0.400000
vt 0.757576 0.500000
vt 0.757576 0.600000
vt 0.757576 0.700000
vt 0.757576 0.800000
vt 0.787879 1.000000
vt 0.787879 0.900000
vt 0.787879 0.100000
vt 0.787879 0.000000
vt 0.787879 0.200000
vt 0.787879 0.300000
vt 0.787879 0.400000
vt 0.787879 0.500000
vt 0.787879 0.600000
vt 0.787879 0.700000
vt 0.787879 0.800000
vt 0.818182 1.000000
vt 0.818182 0.900000
vt 0.818182 0.100000
vt 0.818182 0.000000
vt 0.818182 0.200000
vt 0.818182 0.300000
vt 0.818182 0.400000
vt 0.818182 0.500000
vt 0.818182 0.600000
vt 0.818182 0.700000
vt 0.818182 0.800000
vt 0.848485 1.000000
vt 0.848485 0.900000
vt 0.848485 0.100000
vt 0.848485 0.000000
vt 0.848485 0.200000
vt 0.848485 0.300000
vt 0.848485 0.400000
vt 0.848485 0.500000
vt 0.848485 0.600000
vt 0.848485 0.700000
vt 0.848485 0.800000
vt 0.878788 1.000000
vt 0.878788 0.900000
vt 0.878788 0.100000
vt 0.878788 0.000000
vt 0.878788 0.200000
vt 0.878788 0.300000
vt 0.878788 0.400000
vt 0.878788 0.500000
vt 0.878788 0.600000
vt 0.878788 0.700000
vt 0.878788 0.800000
vt 0.909091 1.000000
vt 0.909091 0.900000
vt 0.909091 0.100000
vt 0.909091 0.000000
vt 0.909091 0.200000
vt 0.909091 0.300000
vt 0.909091 0.400000
vt 0.909091 0.500000
vt 0.909091 0.600000
vt 0.909091 0.700000
vt 0.909091 0.800000
vt 0.939394 1.000000
vt 0.939394 0.900000
vt 0.939394 0.100000
vt 0.939394 0.000000
vt 0.939394 0.200000
vt 0.939394 0.300000
vt 0.939394 0.400000
vt 0.939394 0.500000
vt 0.939394 0.600000
vt 0.939394 0.700000
vt 0.939394 0.800000
vt 0.969697 1.000000
vt 0.969697 0.900000
vt 0.969697 0.100000
vt 0.969697 0.000000
vt 0.969697 0.200000
vt 0.969697 0.300000
vt 0.969697 0.400000
vt 0.969697 0.500000
vt 0.969697 0.600000
vt 0.969697 0.700000
vt 0.969697 0.800000
vt 1.000000 1.000000
vt 1.000000 0.900000
vt 1.000000 0.100000
vt 1.000000 0.000000
vt 1.000000 0.200000
vt 1.000000 0.300000
vt 1.000000 0.400000
vt 1.000000 0.500000
vt 1.000000 0.600000
vt 1.000000 0.700000
vt 1.000000 0.800000
s 1
usemtl Track
f 431/479/412 441/480/422 450/481/431 440/482/421
f 432/483/413 442/484/423 441/485/422 431/486/412
f 433/487/414 443/488/424 442/484/423 432/483/413
f 434/489/415 444/490/425 443/488/424 433/487/414
f 435/491/416 445/492/426 444/490/425 434/489/415
f 436/493/417 446/494/427 445/492/426 435/491/416
f 437/495/418 447/496/428 446/494/427 436/493/417
f 438/497/419 448/498/429 447/496/428 437/495/418
f 439/499/420 449/500/430 448/498/429 438/497/419
f 440/482/421 450/481/431 449/500/430 439/499/420
f 441/480/422 451/501/432 460/502/441 450/481/431
f 442/484/423 452/503/433 451/504/432 441/485/422
f 443/488/424 453/505/434 452/503/433 442/484/423
f 444/490/425 454/506/435 453/505/434 443/488/424
f 445/492/426 455/507/436 454/506/435 444/490/425
f 446/494/427 456/508/437 455/507/436 445/492/426
f 447/496/428 457/509/438 456/508/437 446/494/427
f 448/498/429 458/510/439 457/509/438 447/496/428
f 449/500/430 459/511/440 458/510/439 448/498/429
f 450/481/431 460/502/441 459/511/440 449/500/430
f 451/501/432 461/512/442 470/513/451 460/502/441
f 452/503/433 462/514/443 461/515/442 451/504/432
f 453/505/434 463/516/444 462/514/443 452/503/433
f 454/506/435 464/517/445 463/516/444 453/505/434
f 455/507/436 465/518/446 464/517/445 454/506/435
f 456/508/437 466/519/447 465/518/446 455/507/436
f 457/509/438 467/520/448 466/519/447 456/508/437
f 458/510/439 468/521/449 467/520/448 457/509/438
f 459/511/440 469/522/450 468/521/449 458/510/439
f 460/502/441 470/513/451 469/522/450 459/511/440
f 461/512/442 471/523/452 480/524/461 470/513/451
f 462/514/443 472/525/453 471/526/452 461/515/442
f 463/516/444 473/527/454 472/525/453 462/514/443
f 464/517/445 474/528/455 473/527/454 463/516/444
f 465/518/446 475/529/456 474/528/455 464/517/445
f 466/519/447 476/530/457 475/529/456 465/518/446
f 467/520/448 477/531/458 476/530/457 466/519/447
f 468/521/449 478/532/459 477/531/458 467/520/448
f 469/522/450 479/533/460 478/532/459 468/521/449
f 470/513/451 480/524/461 479/533/460 469/522/450
f 471/523/452 481/534/462 490/535/471 480/524/461
f 472/525/453 482/536/463 481/537/462 471/526/452
f 473/527/454 483/538/464 482/536/463 472/525/453
f 474/528/455 484/539/465 483/538/464 473/527/454
f 475/529/456 485/540/466 484/539/465 474/528/455
f 476/530/457 486/541/467 485/540/466 475/529/456
f 477/531/458 487/542/468 486/541/467 476/530/457
f 478/532/459 488/543/469 487/542/468 477/531/458
f 479/533/460 489/544/470 488/543/469 478/532/459
f 480/524/461 490/535/471 489/544/470 479/533/460
f 481/534/462 491/545/472 500/546/481 490/535/471
f 482/536/463 492/547/473 491/548/472 481/537/462
f 483/538/464 493/549/474 492/547/473 482/536/463
f 484/539/465 494/550/475 493/549/474 483/538/464
f 485/540/466 495/551/476 494/550/475 484/539/465
f 486/541/467 496/552/477 495/551/476 485/540/466
f 487/542/468 497/553/478 496/552/477 486/541/467
f 488/543/469 498/554/479 497/553/478 487/542/468
f 489/544/470 499/555/480 498/554/479 488/543/469
f 490/535/471 500/546/481 499/555/480 489/544/470
f 491/545/472 501/556/482 510/557/491 500/546/481
f 492/547/473 502/558/483 501/559/482 491/548/472
f 493/549/474 503/560/484 502/558/483 492/547/473
f 494/550/475 504/561/485 503/560/484 493/549/474
f 495/551/476 505/562/486 504/561/485 494/550/475
f 496/552/477 506/563/487 505/562/486 495/551/476
f 497/553/478 507/564/488 506/563/487 496/552/477
f 498/554/479 508/565/489 507/564/488 497/553/478
f 499/555/480 509/566/490 508/565/489 498/554/479
f 500/546/481 510/557/491 509/566/490 499/555/480
f 501/556/482 511/567/492 520/568/501 510/557/491
f 502/558/483 512/569/493 511/570/492 501/559/482
f 503/560/484 513/571/494 512/569/493 502/558/483
f 504/561/485 514/572/495 513/571/494 503/560/484
f 505/562/486 515/573/496 514/572/495 504/561/485
f 506/563/487 516/574/497 515/573/496 505/562/486
f 507/564/488 517/575/498 516/574/497 506/563/487
f 508/565/489 518/576/499 517/575/498 507/564/488
f 509/566/490 519/577/500 518/576/499 508/565/489
f 510/557/491 520/568/501 519/577/500 509/566/490
f 511/567/492 521/578/502 530/579/511 520/568/501
f 512/569/493 522/580/503 521/581/502 511/570/492
f 513/571/494 523/582/504 522/580/503 512/569/493
f 514/572/495 524/583/505 523/582/504 513/571/494
f 515/573/496 525/584/506 524/583/505 514/572/495
f 516/574/497 526/585/507 525/584/506 515/573/496
f 517/575/498 527/586/508 526/585/507 516/574/497
f 518/576/499 528/587/509 527/586/508 517/575/498
f 519/577/500 529/588/510 528/587/509 518/576/499
f 520/568/501 530/579/511 529/588/510 519/577/500
f 521/578/502 531/589/512 540/590/521 530/579/511
f 522/580/503 532/591/513 531/592/512 521/581/502
f 523/582/504 533/593/514 532/591/513 522/580/503
f 524/583/505 534/594/515 533/593/514 523/582/504
f 525/584/506 535/595/516 534/594/515 524/583/505
f 526/585/507 536/596/517 535/595/516 525/584/506
f 527/586/508 537/597/518 536/596/517 526/585/507
f 528/587/509 538/598/519 537/597/518 527/586/508
f 529/588/510 539/599/520 538/598/519 528/587/509
f 530/579/511 540/590/521 539/599/520 529/588/510
f 531/589/512 541/600/522 550/601/531 540/590/521
f 532/591/513 542/602/523 541/603/522 531/592/512
f 533/593/514 543/604/524 542/602/523 532/591/513
f 534/594/515 544/605/525 543/604/524 533/593/514
f 535/595/516 545/606/526 544/605/525 534/594/515
f 536/596/517 546/607/527 545/606/526 535/595/516
f 537/597/518 547/608/528 546/607/527 536/596/517
f 538/598/519 548/609/529 547/608/528 537/597/518
f 539/599/520 549/610/530 548/609/529 538/598/519
f 540/590/521 550/601/531 549/610/530 539/599/520
f 541/600/522 551/611/532 560/612/541 550/601/531
f 542/602/523 552/613/533 551/614/532 541/603/522
f 543/604/524 553/615/534 552/613/533 542/602/523
f 544/605/525 554/616/535 553/615/534 543/604/524
f 545/606/526 555/617/536 554/616/535 544/605/525
f 546/607/527 556/618/537 555/617/536 545/606/526
f 547/608/528 557/619/538 556/618/537 546/607/527
f 548/609/529 558/620/539 557/619/538 547/608/528
f 549/610/530 559/621/540 558/620/539 548/609/529
f 550/601/531 560/612/541 559/621/540 549/610/530
f 551/611/532 561/622/542 570/623/551 560/612/541
f 552/613/533 562/624/543 561/625/542 551/614/532
f 553/615/534 563/626/544 562/624/543 552/613/533
f 554/616/535 564/627/545 563/626/544 553/615/534
f 555/617/536 565/628/546 564/627/545 554/616/535
f 556/618/537 566/629/547 565/628/546 555/617/536
f 557/619/538 567/630/548 566/629/547 556/618/537
f 558/620/539 568/631/549 567/630/548 557/619/538
f 559/621/540 569/632/550 568/631/549 558/620/539
f 560/612/541 570/623/551 569/632/550 559/621/540
f 561/622/542 571/633/552 580/634/561 570/623/551
f 562/624/543 572/635/553 571/636/552 561/625/542
f 563/626/544 573/637/554 572/635/553 562/624/543
f 564/627/545 574/638/555 573/637/554 563/626/544
f 565/628/546 575/639/556 574/638/555 564/627/545
f 566/629/547 576/640/557 575/639/556 565/628/546
f 567/630/548 577/641/558 576/640/557 566/629/547
f 568/631/549 578/642/559 577/641/558 567/630/548
f 569/632/550 579/643/560 578/642/559 568/631/549
f 570/623/551 580/634/561 579/643/560 569/632/550
f 571/633/552 581/644/562 590/645/571 580/634/561
f 572/635/553 582/646/563 581/647/562 571/636/552
f 573/637/554 583/648/564 582/646/563 572/635/553
f 574/638/555 584/649/565 583/648/564 573/637/554
f 575/639/556 585/650/566 584/649/565 574/638/555
f 576/640/557 586/651/567 585/650/566 575/639/556
f 577/641/558 587/652/568 586/651/567 576/640/557
f 578/642/559 588/653/569 587/652/568 577/641/558
f 579/643/560 589/654/570 588/653/569 578/642/559
f 580/634/561 590/645/571 589/654/570 579/643/560
f 581/644/562 591/655/572 600/656/581 590/645/571
f 582/646/563 592/657/573 591/658/572 581/647/562
f 583/648/564 593/659/574 592/657/573 582/646/563
f 584/649/565 594/660/575 593/659/574 583/648/564
f 585/650/566 595/661/576 594/660/575 584/649/565
f 586/651/567 596/662/577 595/661/576 585/650/566
f 587/652/568 597/663/578 596/662/577 586/651/567
f 588/653/569 598/664/579 597/663/578 587/652/568
f 589/654/570 599/665/580 598/664/579 588/653/569
f 590/645/571 600/656/581 599/665/580 589/654/570
f 591/655/572 601/666/582 610/667/591 600/656/581
f 592/657/573 602/668/583 601/669/582 591/658/572
f 593/659/574 603/670/584 602/668/583 592/657/573
f 594/660/575 604/671/585 603/670/584 593/659/574
f 595/661/576 605/672/586 604/671/585 594/660/575
f 596/662/577 606/673/587 605/672/586 595/661/576
f 597/663/578 607/674/588 606/673/587 596/662/577
f 598/664/579 608/675/589 607/674/588 597/663/578
f 599/665/580 609/676/590 608/675/589 598/664/579
f 600/656/581 610/667/591 609/676/590 599/665/580
f 601/666/582 611/677/592 620/678/601 610/667/591
f 602/668/583 612/679/593 611/680/592 601/669/582
f 603/670/584 613/681/594 612/679/593 602/668/583
f 604/671/585 614/682/595 613/681/594 603/670/584
f 605/672/586 615/683/596 614/682/595 604/671/585
f 606/673/587 616/684/597 615/683/596 605/672/586
f 607/674/588 617/685/598 616/684/597 606/673/587
f 608/675/589 618/686/599 617/685/598 607/674/588
f 609/676/590 619/687/600 618/686/599 608/675/589
f 610/667/591 620/678/601 619/687/600 609/676/590
f 611/677/592 621/688/602 630/689/446 620/678/601
f 612/679/593 622/690/603 621/691/602 611/680/592
f 613/681/594 623/692/604 622/690/603 612/679/593
f 614/682/595 624/693/605 623/692/604 613/681/594
f 615/683/596 625/694/451 624/693/605 614/682/595
f 616/684/597 626/695/606 625/694/451 615/683/596
f 617/685/598 627/696/607 626/695/606 616/684/597
f 618/686/599 628/697/608 627/696/607 617/685/598
f 619/687/600 629/698/609 628/697/608 618/686/599
f 620/678/601 630/689/446 629/698/609 619/687/600
f 621/688/602 631/699/610 640/700/456 630/689/446
f 622/690/603 632/701/611 631/702/610 621/691/602
f 623/692/604 633/703/612 632/701/611 622/690/603
f 624/693/605 634/704/613 633/703/612 623/692/604
f 625/694/451 635/705/461 634/704/613 624/693/605
f 626/695/606 636/706/614 635/705/461 625/694/451
f 627/696/607 637/707/615 636/706/614 626/695/606
f 628/697/608 638/708/616 637/707/615 627/696/607
f 629/698/609 639/709/617 638/708/616 628/697/608
f 630/689/446 640/700/456 639/709/617 629/698/609
f 631/699/610 641/710/618 650/711/466 640/700/456
f 632/701/611 642/712/619 641/713/618 631/702/610
f 633/703/612 643/714/620 642/712/619 632/701/611
f 634/704/613 644/715/621 643/714/620 633/703/612
f 635/705/461 645/716/471 644/715/621 634/704/613
f 636/706/614 646/717/622 645/716/471 635/705/461
f 637/707/615 647/718/623 646/717/622 636/706/614
f 638/708/616 648/719/624 647/718/623 637/707/615
f 639/709/617 649/720/625 648/719/624 638/708/616
f 640/700/456 650/711/466 649/720/625 639/709/617
f 641/710/618 651/721/626 660/722/476 650/711/466
f 642/712/619 652/723/627 651/724/626 641/713/618
f 643/714/620 653/725/628 652/723/627 642/712/619
f 644/715/621 654/726/629 653/725/628 643/714/620
f 645/716/471 655/727/481 654/726/629 644/715/621
f 646/717/622 656/728/630 655/727/481 645/716/471
f 647/718/623 657/729/631 656/728/630 646/717/622
f 648/719/624 658/730/632 657/729/631 647/718/623
f 649/720/625 659/731/633 658/730/632 648/719/624
f 650/711/466 660/722/476 659/731/633 649/720/625
f 651/721/626 661/732/634 670/733/643 660/722/476
f 652/723/627 662/734/635 661/735/634 651/724/626
f 653/725/628 663/736/636 662/734/635 652/723/627
f 654/726/629 664/737/637 663/736/636 653/725/628
f 655/727/481 665/738/638 664/737/637 654/726/629
f 656/728/630 666/739/639 665/738/638 655/727/481
f 657/729/631 667/740/640 666/739/639 656/728/630
f 658/730/632 668/741/641 667/740/640 657/729/631
f 659/731/633 669/742/642 668/741/641 658/730/632
f 660/722/476 670/733/643 669/742/642 659/731/633
f 661/732/634 671/743/644 680/744/653 670/733/643
f 662/734/635 672/745/645 671/746/644 661/735/634
f 663/736/636 673/747/646 672/745/645 662/734/635
f 664/737/637 674/748/647 673/747/646 663/736/636
f 665/738/638 675/749/648 674/748/647 664/737/637
f 666/739/639 676/750/649 675/749/648 665/738/638
f 667/740/640 677/751/650 676/750/649 666/739/639
f 668/741/641 678/752/651 677/751/650 667/740/640
f 669/742/642 679/753/652 678/752/651 668/741/641
f 670/733/643 680/744/653 679/753/652 669/742/642
f 671/743/644 681/754/654 690/755/663 680/744/653
f 672/745/645 682/756/655 681/757/654 671/746/644
f 673/747/646 683/758/656 682/756/655 672/745/645
f 674/748/647 684/759/657 683/758/656 673/747/646
f 675/749/648 685/760/658 684/759/657 674/748/647
f 676/750/649 686/761/659 685/760/658 675/749/648
f 677/751/650 687/762/660 686/761/659 676/750/649
f 678/752/651 688/763/661 687/762/660 677/751/650
f 679/753/652 689/764/662 688/763/661 678/752/651
f 680/744/653 690/755/663 689/764/662 679/753/652
f 681/754/654 691/765/664 700/766/673 690/755/663
f 682/756/655 692/767/665 691/768/664 681/757/654
f 683/758/656 693/769/666 692/767/665 682/756/655
f 684/759/657 694/770/667 693/769/666 683/758/656
f 685/760/658 695/771/668 694/770/667 684/759/657
f 686/761/659 696/772/669 695/771/668 685/760/658
f 687/762/660 697/773/670 696/772/669 686/761/659
f 688/763/661 698/774/671 697/773/670 687/762/660
f 689/764/662 699/775/672 698/774/671 688/763/661
f 690/755/663 700/766/673 699/775/672 689/764/662
f 691/765/664 701/776/674 710/777/526 700/766/673
f 692/767/665 702/778/675 701/779/674 691/768/664
f 693/769/666 703/780/676 702/778/675 692/767/665
f 694/770/667 704/781/677 703/780/676 693/769/666
f 695/771/668 705/782/531 704/781/677 694/770/667
f 696/772/669 706/783/678 705/782/531 695/771/668
f 697/773/670 707/784/679 706/783/678 696/772/669
f 698/774/671 708/785/680 707/784/679 697/773/670
f 699/775/672 709/786/681 708/785/680 698/774/671
f 700/766/673 710/777/526 709/786/681 699/775/672
f 701/776/674 711/787/682 720/788/536 710/777/526
f 702/778/675 712/789/683 711/790/682 701/779/674
f 703/780/676 713/791/684 712/789/683 702/778/675
f 704/781/677 714/792/685 713/791/684 703/780/676
f 705/782/531 715/793/541 714/792/685 704/781/677
f 706/783/678 716/794/686 715/793/541 705/782/531
f 707/784/679 717/795/687 716/794/686 706/783/678
f 708/785/680 718/796/688 717/795/687 707/784/679
f 709/786/681 719/797/689 718/796/688 708/785/680
f 710/777/526 720/788/536 719/797/689 709/786/681
f 711/787/682 721/798/690 730/799/546 720/788/536
f 712/789/683 722/800/691 721/801/690 711/790/682
f 713/791/684 723/802/692 722/800/691 712/789/683
f 714/792/685 724/803/693 723/802/692 713/791/684
f 715/793/541 725/804/551 724/803/693 714/792/685
f 716/794/686 726/805/694 725/804/551 715/793/541
f 717/795/687 727/806/695 726/805/694 716/794/686
f 718/796/688 728/807/696 727/806/695 717/795/687
f 719/797/689 729/808/697 728/807/696 718/796/688
f 720/788/536 730/799/546 729/808/697 719/797/689
f 721/798/690 731/809/698 740/810/556 730/799/546
f 722/800/691 732/811/699 731/812/698 721/801/690
f 723/802/692 733/813/700 732/811/699 722/800/691
f 724/803/693 734/814/701 733/813/700 723/802/692
f 725/804/551 735/815/561 734/814/701 724/803/693
f 726/805/694 736/816/702 735/815/561 725/804/551
f 727/806/695 737/817/703 736/816/702 726/805/694
f 728/807/696 738/818/704 737/817/703 727/806/695
f 729/808/697 739/819/705 738/818/704 728/807/696
f 730/799/546 740/810/556 739/819/705 729/808/697
f 731/809/698 741/820/706 750/821/715 740/810/556
f 732/811/699 742/822/707 741/823/706 731/812/698
f 733/813/700 743/824/708 742/822/707 732/811/699
f 734/814/701 744/825/709 743/824/708 733/813/700
f 735/815/561 745/826/710 744/825/709 734/814/701
f 736/816/702 746/827/711 745/826/710 735/815/561
f 737/817/703 747/828/712 746/827/711 736/816/702
f 738/818/704 748/829/713 747/828/712 737/817/703
f 739/819/705 749/830/714 748/829/713 738/818/704
f 740/810/556 750/821/715 749/830/714 739/819/705
f 741/820/706 751/831/716 760/832/725 750/821/715
f 742/822/707 752/833/717 751/834/716 741/823/706
f 743/824/708 753/835/718 752/833/717 742/822/707
f 744/825/709 754/836/719 753/835/718 743/824/708
f 745/826/710 755/837/720 754/836/719 744/825/709
f 746/827/711 756/838/721 755/837/720 745/826/710
f 747/828/712 757/839/722 756/838/721 746/827/711
f 748/829/713 758/840/723 757/839/722 747/828/712
f 749/830/714 759/841/724 758/840/723 748/829/713
f 750/821/715 760/832/725 759/841/724 749/830/714
f 751/831/716 431/842/412 440/843/421 760/832/725
f 752/833/717 432/844/413 431/845/412 751/834/716
f 753/835/718 433/846/414 432/844/413 752/833/717
f 754/836/719 434/847/415 433/846/414 753/835/718
f 755/837/720 435/848/416 434/847/415 754/836/719
f 756/838/721 436/849/417 435/848/416 755/837/720
f 757/839/722 437/850/418 436/849/417 756/838/721
f 758/840/723 438/851/419 437/850/418 757/839/722
f 759/841/724 439/852/420 438/851/419 758/840/723
f 760/832/725 440/843/421 439/852/420 759/841/724
o Block_0_0
v 1.100000 1.100000 0.000000
v 1.100000 1.100000 0.040000
v 1.100000 -1.100000 0.000000
v 1.100000 -1.100000 0.040000
v -1.100000 1.100000 0.000000
v -1.100000 1.100000 0.040000
v -1.100000 -1.100000 0.000000
v -1.100000 -1.100000 0.040000
vn 1.0000 -0.0000 -0.0000
vn -0.0000 -1.0000 -0.0000
vn -1.0000 -0.0000 -0.0000
vn -0.0000 1.0000 -0.0000
vn -0.0000 -0.0000 -1.0000
vn -0.0000 -0.0000 1.0000
vt 0.375000 0.000000
vt 0.625000 0.000000
vt 0.625000 0.250000
vt 0.375000 0.250000
vt 0.625000 0.500000
vt 0.375000 0.500000
vt 0.625000 0.750000
vt 0.375000 0.750000
vt 0.625000 1.000000
vt 0.375000 1.000000
vt 0.125000 0.500000
vt 0.125000 0.750000
vt 0.875000 0.500000
vt 0.875000 0.750000
s 0
usemtl Block
f 761/853/726 762/854/726 764/855/726 763/856/726
f 763/856/727 764/855/727 768/857/727 767/858/727
f 767/858/728 768/857/728 766/859/728 765/860/728
f 765/860/729 766/859/729 762/861/729 761/862/729
f 763/863/730 767/858/730 765/860/730 761/864/730
f 768/857/731 764/865/731 762/866/731 766/859/731
o Block_-4_3
v 5.100000 -1.900000 0.000000
v 5.100000 -1.900000 0.040000
v 5.100000 -4.100000 0.000000
v 5.100000 -4.100000 0.040000
v 2.900000 -1.900000 0.000000
v 2.900000 -1.900000 0.040000
v 2.900000 -4.100000 0.000000
v 2.900000 -4.100000 0.040000
vn 1.0000 -0.0000 -0.0000
vn -0.0000 -1.0000 -0.0000
vn -1.0000 -0.0000 -0.0000
vn -0.0000 1.0000 -0.0000
vn -0.0000 -0.0000 -1.0000
vn -0.0000 -0.0000 1.0000
vt 0.375000 0.000000
vt 0.625000 0.000000
vt 0.625000 0.250000
vt 0.375000 0.250000
vt 0.625000 0.500000
vt 0.375000 0.500000
vt 0.625000 0.750000
vt 0.375000 0.750000
vt 0.625000 1.000000
vt 0.375000 1.000000
vt 0.125000 0.500000
vt 0.125000 0.750000
vt 0.875000 0.500000
vt 0.875000 0.750000
s 0
usemtl Block.001
f 769/867/732 770/868/732 772/869/732 771/870/732
f 771/870/733 772/869/733 776/871/733 775/872/733
f 775/872/734 776/871/734 774/873/734 773/874/734
f 773/874/735 774/873/735 770/875/735 769/876/735
f 771/877/736 775/872/736 773/874/736 769/878/736
f 776/871/737 772/879/737 770/880/737 774/873/737
o Block_4_-3
v -2.900000 4.100000 0.000000
v -2.900000 4.100000 0.040000
v -2.900000 1.900000 0.000000
v -2.900000 1.900000 0.040000
v -5.100000 4.100000 0.000000
v -5.100000 4.100000 0.040000
v -5.100000 1.900000 0.000000
v -5.100000 1.900000 0.040000
vn 1.0000 -0.0000 -0.0000
vn -0.0000 -1.0000 -0.0000
vn -1.0000 -0.0000 -0.0000
vn -0.0000 1.0000 -0.0000
vn -0.0000 -0.0000 -1.0000
vn -0.0000 -0.0000 1.0000
vt 0.375000 0.000000
vt 0.625000 0.000000
vt 0.625000 0.250000
vt 0.375000 0.250000
vt 0.625000 0.500000
vt 0.375000 0.500000
vt 0.625000 0.750000
vt 0.375000 0.750000
vt 0.625000 1.000000
vt 0.375000 1.000000
vt 0.125000 0.500000
vt 0.125000 0.750000
vt 0.875000 0.500000
vt 0.875000 0.750000
s 0
usemtl Block.002
f 777/881/738 778/882/738 780/883/738 779/884/738
f 779/884/739 780/883/739 784/885/739 783/886/739
f 783/886/740 784/885/740 782/887/740 781/888/740
f 781/888/741 782/887/741 778/889/741 777/890/741
f 779/891/742 783/886/742 781/888/742 777/892/742
f 784/885/743 780/893/743 778/894/743 782/887/743
o StartPad
v 9.500000 -1.059876 0.000000
v 9.500000 -1.100000 0.040000
v 9.500000 -1.088248 0.011716
v 9.500000 -1.059876 0.120000
v 9.500000 -1.100000 0.080000
v 9.500000 -1.088248 0.108284
v 9.334199 -1.046828 0.000000
v 9.327922 -1.086457 0.040000
v 9.329761 -1.074850 0.011716
v 9.334199 -1.046828 0.120000
v 9.327922 -1.086457 0.080000
v 9.329761 -1.074850 0.108284
v 9.172481 -1.008003 0.000000
v 9.160081 -1.046162 0.040000
v 9.163713 -1.034986 0.011716
v 9.172481 -1.008003 0.120000
v 9.160081 -1.046162 0.080000
v 9.163713 -1.034986 0.108284
v 9.018826 -0.944357 0.000000
v 9.000610 -0.980107 0.040000
v 9.005945 -0.969636 0.011716
v 9.018826 -0.944357 0.120000
v 9.000610 -0.980107 0.080000
v 9.005945 -0.969636 0.108284
v 8.877020 -0.857458 0.000000
v 8.853436 -0.889919 0.040000
v 8.860344 -0.880411 0.011716
v 8.877020 -0.857458 0.120000
v 8.853436 -0.889919 0.080000
v 8.860344 -0.880411 0.108284
v 8.750554 -0.749446 0.000000
v 8.722182 -0.777817 0.040000
v 8.730493 -0.769508 0.011716
v 8.750554 -0.749446 0.120000
v 8.722182 -0.777817 0.080000
v 8.730493 -0.769508 0.108284
v 8.642542 -0.622980 0.000000
v 8.610082 -0.646564 0.040000
v 8.619589 -0.639656 0.011716
v 8.642542 -0.622980 0.120000
v 8.610082 -0.646564 0.080000
v 8.619589 -0.639656 0.108284
v 8.555643 -0.481174 0.000000
v 8.519893 -0.499390 0.040000
v 8.530364 -0.494054 0.011716
v 8.555643 -0.481174 0.120000
v 8.519893 -0.499390 0.080000
v 8.530364 -0.494054 0.108284
v 8.491998 -0.327519 0.000000
v 8.453837 -0.339919 0.040000
v 8.465014 -0.336287 0.011716
v 8.491998 -0.327519 0.120000
v 8.453837 -0.339919 0.080000
v 8.465014 -0.336287 0.108284
v 8.453173 -0.165801 0.000000
v 8.413543 -0.172078 0.040000
v 8.425150 -0.170240 0.011716
v 8.453173 -0.165801 0.120000
v 8.413543 -0.172078 0.080000
v 8.425150 -0.170240 0.108284
v 8.440124 0.000000 0.000000
v 8.400000 0.000000 0.040000
v 8.411752 0.000000 0.011716
v 8.440124 0.000000 0.120000
v 8.400000 0.000000 0.080000
v 8.411752 0.000000 0.108284
v 8.453173 0.165801 0.000000
v 8.413543 0.172078 0.040000
v 8.425150 0.170240 0.011716
v 8.453173 0.165801 0.120000
v 8.413543 0.172078 0.080000
v 8.425150 0.170240 0.108284
v 8.491998 0.327519 0.000000
v 8.453837 0.339919 0.040000
v 8.465014 0.336287 0.011716
v 8.491998 0.327519 0.120000
v 8.453837 0.339919 0.080000
v 8.465014 0.336287 0.108284
v 8.555643 0.481174 0.000000
v 8.519893 0.499390 0.040000
v 8.530364 0.494054 0.011716
v 8.555643 0.481174 0.120000
v 8.519893 0.499390 0.080000
v 8.530364 0.494054 0.108284
v 8.642542 0.622980 0.000000
v 8.610082 0.646564 0.040000
v 8.619589 0.639656 0.011716
v 8.642542 0.622980 0.120000
v 8.610082 0.646564 0.080000
v 8.619589 0.639656 0.108284
v 8.750554 0.749446 0.000000
v 8.722182 0.777817 0.040000
v 8.730493 0.769508 0.011716
v 8.750554 0.749446 0.120000
v 8.722182 0.777817 0.080000
v 8.730493 0.769508 0.108284
v 8.877020 0.857458 0.000000
v 8.853436 0.889919 0.040000
v 8.860344 0.880411 0.011716
v 8.877020 0.857458 0.120000
v 8.853436 0.889919 0.080000
v 8.860344 0.880411 0.108284
v 9.018826 0.944357 0.000000
v 9.000610 0.980107 0.040000
v 9.005945 0.969636 0.011716
v 9.018826 0.944357 0.120000
v 9.000610 0.980107 0.080000
v 9.005945 0.969636 0.108284
v 9.172481 1.008003 0.000000
v 9.160081 1.046162 0.040000
v 9.163713 1.034986 0.011716
v 9.172481 1.008003 0.120000
v 9.160081 1.046162 0.080000
v 9.163713 1.034986 0.108284
v 9.334199 1.046828 0.000000
v 9.327922 1.086457 0.040000
v 9.329761 1.074850 0.011716
v 9.334199 1.046828 0.120000
v 9.327922 1.086457 0.080000
v 9.329761 1.074850 0.108284
v 9.500000 1.059876 0.000000
v 9.500000 1.100000 0.040000
v 9.500000 1.088248 0.011716
v 9.500000 1.059876 0.120000
v 9.500000 1.100000 0.080000
v 9.500000 1.088248 0.108284
v 9.665801 1.046828 0.000000
v 9.672078 1.086457 0.040000
v 9.670239 1.074850 0.011716
v 9.665801 1.046828 0.120000
v 9.672078 1.086457 0.080000
v 9.670239 1.074850 0.108284
v 9.827519 1.008003 0.000000
v 9.839919 1.046162 0.040000
v 9.836287 1.034986 0.011716
v 9.827519 1.008003 0.120000
v 9.839919 1.046162 0.080000
v 9.836287 1.034986 0.108284
v 9.981174 0.944357 0.000000
v 9.999390 0.980107 0.040000
v 9.994055 0.969636 0.011716
v 9.981174 0.944357 0.120000
v 9.999390 0.980107 0.080000
v 9.994055 0.969636 0.108284
v 10.122980 0.857458 0.000000
v 10.146564 0.889919 0.040000
v 10.139656 0.880411 0.011716
v 10.122980 0.857458 0.120000
v 10.146564 0.889919 0.080000
v 10.139656 0.880411 0.108284
v 10.249446 0.749446 0.000000
v 10.277818 0.777817 0.040000
v 10.269507 0.769508 0.011716
v 10.249446 0.749446 0.120000
v 10.277818 0.777817 0.080000
v 10.269507 0.769508 0.108284
v 10.357458 0.622980 0.000000
v 10.389918 0.646564 0.040000
v 10.380411 0.639656 0.011716
v 10.357458 0.622980 0.120000
v 10.389918 0.646564 0.080000
v 10.380411 0.639656 0.108284
v 10.444357 0.481174 0.000000
v 10.480107 0.499390 0.040000
v 10.469636 0.494054 0.011716
v 10.444357 0.481174 0.120000
v 10.480107 0.499390 0.080000
v 10.469636 0.494054 0.108284
v 10.508002 0.327519 0.000000
v 10.546163 0.339919 0.040000
v 10.534986 0.336287 0.011716
v 10.508002 0.327519 0.120000
v 10.546163 0.339919 0.080000
v 10.534986 0.336287 0.108284
v 10.546827 0.165801 0.000000
v 10.586457 0.172078 0.040000
v 10.574850 0.170240 0.011716
v 10.546827 0.165801 0.120000
v 10.586457 0.172078 0.080000
v 10.574850 0.170240 0.108284
v 10.559876 0.000000 0.000000
v 10.600000 0.000000 0.040000
v 10.588248 0.000000 0.011716
v 10.559876 0.000000 0.120000
v 10.600000 0.000000 0.080000
v 10.588248 0.000000 0.108284
v 10.546827 -0.165801 0.000000
v 10.586457 -0.172078 0.040000
v 10.574850 -0.170240 0.011716
v 10.546827 -0.165801 0.120000
v 10.586457 -0.172078 0.080000
v 10.574850 -0.170240 0.108284
v 10.508002 -0.327519 0.000000
v 10.546163 -0.339919 0.040000
v 10.534986 -0.336287 0.011716
v 10.508002 -0.327519 0.120000
v 10.546163 -0.339919 0.080000
v 10.534986 -0.336287 0.108284
v 10.444357 -0.481174 0.000000
v 10.480107 -0.499390 0.040000
v 10.469636 -0.494054 0.011716
v 10.444357 -0.481174 0.120000
v 10.480107 -0.499390 0.080000
v 10.469636 -0.494054 0.108284
v 10.357458 -0.622980 0.000000
v 10.389918 -0.646564 0.040000
v 10.380411 -0.639656 0.011716
v 10.357458 -0.622980 0.120000
v 10.389918 -0.646564 0.080000
v 10.380411 -0.639656 0.108284
v 10.249446 -0.749446 0.000000
v 10.277818 -0.777817 0.040000
v 10.269507 -0.769508 0.011716
v 10.249446 -0.749446 0.120000
v 10.277818 -0.777817 0.080000
v 10.269507 -0.769508 0.108284
v 10.122980 -0.857458 0.000000
v 10.146564 -0.889919 0.040000
v 10.139656 -0.880411 0.011716
v 10.122980 -0.857458 0.120000
v 10.146564 -0.889919 0.080000
v 10.139656 -0.880411 0.108284
v 9.981174 -0.944357 0.000000
v 9.999390 -0.980107 0.040000
v 9.994055 -0.969636 0.011716
v 9.981174 -0.944357 0.120000
v 9.999390 -0.980107 0.080000
v 9.994055 -0.969636 0.108284
v 9.827519 -1.008003 0.000000
v 9.839919 -1.046162 0.040000
v 9.836287 -1.034986 0.011716
v 9.827519 -1.008003 0.120000
v 9.839919 -1.046162 0.080000
v 9.836287 -1.034986 0.108284
v 9.665801 -1.046828 0.000000
v 9.672078 -1.086457 0.040000
v 9.670239 -1.074850 0.011716
v 9.665801 -1.046828 0.120000
v 9.672078 -1.086457 0.080000
v 9.670239 -1.074850 0.108284
vn -0.0000 -0.2039 -0.9790
vn -0.0000 -0.9810 -0.1938
vn -0.0000 -0.7157 -0.6984
vn -0.0000 -0.2039 0.9790
vn -0.0000 -0.9810 0.1938
vn -0.0000 -0.7157 0.6984
vn -0.0319 -0.2014 -0.9790
vn -0.1535 -0.9690 -0.1938
vn -0.1120 -0.7069 -0.6984
vn -0.0319 -0.2014 0.9790
vn -0.1535 -0.9690 0.1938
vn -0.1120 -0.7069 0.6984
vn -0.0630 -0.1939 -0.9790
vn -0.3032 -0.9330 -0.1938
vn -0.2212 -0.6806 -0.6984
vn -0.0630 -0.1939 0.9790
vn -0.3032 -0.9330 0.1938
vn -0.2212 -0.6806 0.6984
vn -0.0926 -0.1817 -0.9790
vn -0.4454 -0.8741 -0.1938
vn -0.3249 -0.6377 -0.6984
vn -0.0926 -0.1817 0.9790
vn -0.4454 -0.8741 0.1938
vn -0.3249 -0.6377 0.6984
vn -0.1198 -0.1649 -0.9790
vn -0.5766 -0.7937 -0.1938
vn -0.4207 -0.5790 -0.6984
vn -0.1198 -0.1649 0.9790
vn -0.5766 -0.7937 0.1938
vn -0.4207 -0.5790 0.6984
vn -0.1442 -0.1442 -0.9790
vn -0.6937 -0.6937 -0.1938
vn -0.5060 -0.5060 -0.6984
vn -0.1442 -0.1442 0.9790
vn -0.6937 -0.6937 0.1938
vn -0.5060 -0.5060 0.6984
vn -0.1649 -0.1198 -0.9790
vn -0.7937 -0.5766 -0.1938
vn -0.5790 -0.4207 -0.6984
vn -0.1649 -0.1198 0.9790
vn -0.7937 -0.5766 0.1938
vn -0.5790 -0.4207 0.6984
vn -0.1817 -0.0926 -0.9790
vn -0.8741 -0.4454 -0.1938
vn -0.6377 -0.3249 -0.6984
vn -0.1817 -0.0926 0.9790
vn -0.8741 -0.4454 0.1938
vn -0.6377 -0.3249 0.6984
vn -0.1939 -0.0630 -0.9790
vn -0.9330 -0.3032 -0.1938
vn -0.6806 -0.2212 -0.6984
vn -0.1939 -0.0630 0.9790
vn -0.9330 -0.3032 0.1938
vn -0.6806 -0.2212 0.6984
vn -0.2014 -0.0319 -0.9790
vn -0.9690 -0.1535 -0.1938
vn -0.7068 -0.1120 -0.6984
vn -0.2014 -0.0319 0.9790
vn -0.9690 -0.1535 0.1938
vn -0.7068 -0.1120 0.6984
vn -0.2039 -0.0000 -0.9790
vn -0.9810 -0.0000 -0.1938
vn -0.7157 -0.0000 -0.6984
vn -0.2039 -0.0000 0.9790
vn -0.9810 -0.0000 0.1938
vn -0.7157 -0.0000 0.6984
vn -0.2014 0.0319 -0.9790
vn -0.9690 0.1535 -0.1938
vn -0.7068 0.1120 -0.6984
vn -0.2014 0.0319 0.9790
vn -0.9690 0.1535 0.1938
vn -0.7068 0.1120 0.6984
vn -0.1939 0.0630 -0.9790
vn -0.9330 0.3032 -0.1938
vn -0.6806 0.2212 -0.6984
vn -0.1939 0.0630 0.9790
vn -0.9330 0.3032 0.1938
vn -0.6806 0.2212 0.6984
vn -0.1817 0.0926 -0.9790
vn -0.8741 0.4454 -0.1938
vn -0.6377 0.3249 -0.6984
vn -0.1817 0.0926 0.9790
vn -0.8741 0.4454 0.1938
vn -0.6377 0.3249 0.6984
vn -0.1649 0.1198 -0.9790
vn -0.7937 0.5766 -0.1938
vn -0.5790 0.4207 -0.6984
vn -0.1649 0.1198 0.9790
vn -0.7937 0.5766 0.1938
vn -0.5790 0.4207 0.6984
vn -0.1442 0.1442 -0.9790
vn -0.6937 0.6937 -0.1938
vn -0.5060 0.5060 -0.6984
vn -0.1442 0.1442 0.9790
vn -0.6937 0.6937 0.1938
vn -0.5060 0.5060 0.6984
vn -0.1198 0.1649 -0.9790
vn -0.5766 0.7937 -0.1938
vn -0.4207 0.5790 -0.6984
vn -0.1198 0.1649 0.9790
vn -0.5766 0.7937 0.1938
vn -0.4207 0.5790 0.6984
vn -0.0926 0.1817 -0.9790
vn -0.4454 0.8741 -0.1938
vn -0.3249 0.6377 -0.6984
vn -0.0926 0.1817 0.9790
vn -0.4454 0.8741 0.1938
vn -0.3249 0.6377 0.6984
vn -0.0630 0.1939 -0.9790
vn -0.3032 0.9330 -0.1938
vn -0.2212 0.6806 -0.6984
vn -0.0630 0.1939 0.9790
vn -0.3032 0.9330 0.1938
vn -0.2212 0.6806 0.6984
vn -0.0319 0.2014 -0.9790
vn -0.1535 0.9690 -0.1938
vn -0.1120 0.7069 -0.6984
vn -0.0319 0.2014 0.9790
vn -0.1535 0.9690 0.1938
vn -0.1120 0.7069 0.6984
vn -0.0000 0.2039 -0.9790
vn -0.0000 0.9810 -0.1938
vn -0.0000 0.7157 -0.6984
vn -0.0000 0.2039 0.9790
vn -0.0000 0.9810 0.1938
vn -0.0000 0.7157 0.6984
vn 0.0319 0.2014 -0.9790
vn 0.1535 0.9690 -0.1938
vn 0.1120 0.7069 -0.6984
vn 0.0319 0.2014 0.9790
vn 0.1535 0.9690 0.1938
vn 0.1120 0.7069 0.6984
vn 0.0630 0.1939 -0.9790
vn 0.3032 0.9330 -0.1938
vn 0.2212 0.6806 -0.6984
vn 0.0630 0.1939 0.9790
vn 0.3032 0.9330 0.1938
vn 0.2212 0.6806 0.6984
vn 0.0926 0.1817 -0.9790
vn 0.4454 0.8741 -0.1938
vn 0.3249 0.6377 -0.6984
vn 0.0926 0.1817 0.9790
vn 0.4454 0.8741 0.1938
vn 0.3249 0.6377 0.6984
vn 0.1198 0.1649 -0.9790
vn 0.5766 0.7937 -0.1938
vn 0.4207 0.5790 -0.6984
vn 0.1198 0.1649 0.9790
vn 0.5766 0.7937 0.1938
vn 0.4207 0.5790 0.6984
vn 0.1442 0.1442 -0.9790
vn 0.6937 0.6937 -0.1938
vn 0.5060 0.5060 -0.6984
vn 0.1442 0.1442 0.9790
vn 0.6937 0.6937 0.1938
vn 0.5060 0.5060 0.6984
vn 0.1649 0.1198 -0.9790
vn 0.7937 0.5766 -0.1938
vn 0.5790 0.4207 -0.6984
vn 0.1649 0.1198 0.9790
vn 0.7937 0.5766 0.1938
vn 0.5790 0.4207 0.6984
vn 0.1817 0.0926 -0.9790
vn 0.8741 0.4454 -0.1938
vn 0.6377 0.3249 -0.6984
vn 0.1817 0.0926 0.9790
vn 0.8741 0.4454 0.1938
vn 0.6377 0.3249 0.6984
vn 0.1939 0.0630 -0.9790
vn 0.9330 0.3032 -0.1938
vn 0.6806 0.2212 -0.6984
vn 0.1939 0.0630 0.9790
vn 0.9330 0.3032 0.1938
vn 0.6806 0.2212 0.6984
vn 0.2014 0.0319 -0.9790
vn 0.9690 0.1535 -0.1938
vn 0.7068 0.1120 -0.6984
vn 0.2014 0.0319 0.9790
vn 0.9690 0.1535 0.1938
vn 0.7068 0.1120 0.6984
vn 0.2039 -0.0000 -0.9790
vn 0.9810 -0.0000 -0.1938
vn 0.7157 -0.0000 -0.6984
vn 0.2039 -0.0000 0.9790
vn 0.9810 -0.0000 0.1938
vn 0.7157 -0.0000 0.6984
vn 0.2014 -0.0319 -0.9790
vn 0.9690 -0.1535 -0.1938
vn 0.7068 -0.1120 -0.6984
vn 0.2014 -0.0319 0.9790
vn 0.9690 -0.1535 0.1938
vn 0.7068 -0.1120 0.6984
vn 0.1939 -0.0630 -0.9790
vn 0.9330 -0.3032 -0.1938
vn 0.6806 -0.2212 -0.6984
vn 0.1939 -0.0630 0.9790
vn 0.9330 -0.3032 0.1938
vn 0.6806 -0.2212 0.6984
vn 0.1817 -0.0926 -0.9790
vn 0.8741 -0.4454 -0.1938
vn 0.6377 -0.3249 -0.6984
vn 0.1817 -0.0926 0.9790
vn 0.8741 -0.4454 0.1938
vn 0.6377 -0.3249 0.6984
vn 0.1649 -0.1198 -0.9790
vn 0.7937 -0.5766 -0.1938
vn 0.5790 -0.4207 -0.6984
vn 0.1649 -0.1198 0.9790
vn 0.7937 -0.5766 0.1938
vn 0.5790 -0.4207 0.6984
vn 0.1442 -0.1442 -0.9790
vn 0.6937 -0.6937 -0.1938
vn 0.5060 -0.5060 -0.6984
vn 0.1442 -0.1442 0.9790
vn 0.6937 -0.6937 0.1938
vn 0.5060 -0.5060 0.6984
vn 0.1198 -0.1649 -0.9790
vn 0.5766 -0.7937 -0.1938
vn 0.4207 -0.5790 -0.6984
vn 0.1198 -0.1649 0.9790
vn 0.5766 -0.7937 0.1938
vn 0.4207 -0.5790 0.6984
vn 0.0926 -0.1817 -0.9790
vn 0.4454 -0.8741 -0.1938
vn 0.3249 -0.6377 -0.6984
vn 0.0926 -0.1817 0.9790
vn 0.4454 -0.8741 0.1938
vn 0.3249 -0.6377 0.6984
vn 0.0630 -0.1939 -0.9790
vn 0.3032 -0.9330 -0.1938
vn 0.2212 -0.6806 -0.6984
vn 0.0630 -0.1939 0.9790
vn 0.3032 -0.9330 0.1938
vn 0.2212 -0.6806 0.6984
vn 0.0319 -0.2014 -0.9790
vn 0.1535 -0.9690 -0.1938
vn 0.1120 -0.7069 -0.6984
vn 0.0319 -0.2014 0.9790
vn 0.1535 -0.9690 0.1938
vn 0.1120 -0.7069 0.6984
vt 1.000000 0.666667
vt 0.975000 0.666667
vt 0.975000 0.500000
vt 0.999866 0.500000
vt 0.750000 0.489984
vt 0.787542 0.487030
vt 0.786175 0.478399
vt 0.750000 0.481246
vt 0.975000 0.833333
vt 1.000000 0.833333
vt 0.999866 1.000000
vt 0.975000 1.000000
vt 0.287542 0.487030
vt 0.250000 0.489984
vt 0.250000 0.481246
vt 0.286175 0.478399
vt 0.950000 0.666667
vt 0.950000 0.500000
vt 0.824159 0.478239
vt 0.821459 0.469928
vt 0.950000 0.833333
vt 0.950000 1.000000
vt 0.324159 0.478239
vt 0.321459 0.469928
vt 0.925000 0.666667
vt 0.925000 0.500000
vt 0.858950 0.463827
vt 0.854983 0.456042
vt 0.925000 0.833333
vt 0.925000 1.000000
vt 0.358951 0.463827
vt 0.354983 0.456041
vt 0.900000 0.666667
vt 0.900000 0.500000
vt 0.891059 0.444151
vt 0.885923 0.437082
vt 0.900000 0.833333
vt 0.900000 1.000000
vt 0.391059 0.444151
vt 0.385923 0.437082
vt 0.875000 0.666667
vt 0.875000 0.500000
vt 0.919694 0.419694
vt 0.913515 0.413515
vt 0.875000 0.833333
vt 0.875000 1.000000
vt 0.419694 0.419694
vt 0.413515 0.413515
vt 0.850000 0.666667
vt 0.850000 0.500000
vt 0.944151 0.391059
vt 0.937082 0.385923
vt 0.850000 0.833333
vt 0.850000 1.000000
vt 0.444151 0.391059
vt 0.437082 0.385923
vt 0.825000 0.666667
vt 0.825000 0.500000
vt 0.963827 0.358951
vt 0.956041 0.354983
vt 0.825000 0.833333
vt 0.825000 1.000000
vt 0.463827 0.358951
vt 0.456041 0.354983
vt 0.800000 0.666667
vt 0.800000 0.500000
vt 0.978239 0.324159
vt 0.969928 0.321459
vt 0.800000 0.833333
vt 0.800000 1.000000
vt 0.478239 0.324159
vt 0.469928 0.321459
vt 0.775000 0.666667
vt 0.775000 0.500000
vt 0.987030 0.287542
vt 0.978399 0.286175
vt 0.775000 0.833333
vt 0.775000 1.000000
vt 0.487030 0.287542
vt 0.478399 0.286175
vt 0.750000 0.666667
vt 0.750000 0.500000
vt 0.989984 0.250000
vt 0.981246 0.250000
vt 0.750000 0.833333
vt 0.750000 1.000000
vt 0.489984 0.250000
vt 0.481246 0.250000
vt 0.725000 0.666667
vt 0.725000 0.500000
vt 0.987030 0.212458
vt 0.978399 0.213825
vt 0.725000 0.833333
vt 0.725000 1.000000
vt 0.487030 0.212458
vt 0.478399 0.213825
vt 0.700000 0.666667
vt 0.700000 0.500000
vt 0.978239 0.175841
vt 0.969928 0.178541
vt 0.700000 0.833333
vt 0.700000 1.000000
vt 0.478239 0.175841
vt 0.469928 0.178541
vt 0.675000 0.666667
vt 0.675000 0.500000
vt 0.963827 0.141049
vt 0.956041 0.145017
vt 0.675000 0.833333
vt 0.675000 1.000000
vt 0.463827 0.141049
vt 0.456042 0.145017
vt 0.650000 0.666667
vt 0.650000 0.500000
vt 0.944151 0.108941
vt 0.937082 0.114077
vt 0.650000 0.833333
vt 0.650000 1.000000
vt 0.444151 0.108941
vt 0.437082 0.114077
vt 0.625000 0.666667
vt 0.625000 0.500000
vt 0.919694 0.080306
vt 0.913516 0.086485
vt 0.625000 0.833333
vt 0.625000 1.000000
vt 0.419694 0.080306
vt 0.413515 0.086485
vt 0.600000 0.666667
vt 0.600000 0.500000
vt 0.891059 0.055849
vt 0.885923 0.062918
vt 0.600000 0.833333
vt 0.600000 1.000000
vt 0.391059 0.055849
vt 0.385923 0.062918
vt 0.575000 0.666667
vt 0.575000 0.500000
vt 0.858951 0.036173
vt 0.854983 0.043959
vt 0.575000 0.833333
vt 0.575000 1.000000
vt 0.358951 0.036173
vt 0.354983 0.043959
vt 0.550000 0.666667
vt 0.550000 0.500000
vt 0.824159 0.021761
vt 0.821459 0.030072
vt 0.550000 0.833333
vt 0.550000 1.000000
vt 0.324159 0.021761
vt 0.321459 0.030072
vt 0.525000 0.666667
vt 0.525000 0.500000
vt 0.787542 0.012970
vt 0.786175 0.021601
vt 0.525000 0.833333
vt 0.525000 1.000000
vt 0.287542 0.012970
vt 0.286175 0.021601
vt 0.500000 0.666667
vt 0.500000 0.500000
vt 0.750000 0.010016
vt 0.750000 0.018754
vt 0.500000 0.833333
vt 0.500000 1.000000
vt 0.250000 0.010016
vt 0.250000 0.018754
vt 0.475000 0.666667
vt 0.475000 0.500000
vt 0.712458 0.012970
vt 0.713825 0.021601
vt 0.475000 0.833333
vt 0.475000 1.000000
vt 0.212458 0.012970
vt 0.213825 0.021601
vt 0.450000 0.666667
vt 0.450000 0.500000
vt 0.675841 0.021761
vt 0.678541 0.030072
vt 0.450000 0.833333
vt 0.450000 1.000000
vt 0.175841 0.021761
vt 0.178541 0.030072
vt 0.425000 0.666667
vt 0.425000 0.500000
vt 0.641049 0.036173
vt 0.645017 0.043959
vt 0.425000 0.833333
vt 0.425000 1.000000
vt 0.141049 0.036173
vt 0.145017 0.043959
vt 0.400000 0.666667
vt 0.400000 0.500000
vt 0.608941 0.055849
vt 0.614077 0.062918
vt 0.400000 0.833333
vt 0.400000 1.000000
vt 0.108941 0.055849
vt 0.114077 0.062918
vt 0.375000 0.666667
vt 0.375000 0.500000
vt 0.580306 0.080306
vt 0.586485 0.086485
vt 0.375000 0.833333
vt 0.375000 1.000000
vt 0.080306 0.080306
vt 0.086485 0.086485
vt 0.350000 0.666667
vt 0.350000 0.500000
vt 0.555849 0.108941
vt 0.562918 0.114077
vt 0.350000 0.833333
vt 0.350000 1.000000
vt 0.055849 0.108941
vt 0.062918 0.114077
vt 0.325000 0.666667
vt 0.325000 0.500000
vt 0.536173 0.141049
vt 0.543959 0.145017
vt 0.325000 0.833333
vt 0.325000 1.000000
vt 0.036173 0.141049
vt 0.043959 0.145017
vt 0.300000 0.666667
vt 0.300000 0.500000
vt 0.521761 0.175841
vt 0.530072 0.178541
vt 0.300000 0.833333
vt 0.300000 1.000000
vt 0.021761 0.175841
vt 0.030072 0.178541
vt 0.275000 0.666667
vt 0.275000 0.500000
vt 0.512970 0.212458
vt 0.521601 0.213825
vt 0.275000 0.833333
vt 0.275000 1.000000
vt 0.012970 0.212458
vt 0.021601 0.213825
vt 0.250000 0.666667
vt 0.250000 0.500000
vt 0.510016 0.250000
vt 0.518754 0.250000
vt 0.250000 0.833333
vt 0.250000 1.000000
vt 0.010016 0.250000
vt 0.018754 0.250000
vt 0.225000 0.666667
vt 0.225000 0.500000
vt 0.512970 0.287542
vt 0.521601 0.286175
vt 0.225000 0.833333
vt 0.225000 1.000000
vt 0.012970 0.287542
vt 0.021601 0.286175
vt 0.200000 0.666667
vt 0.200000 0.500000
vt 0.521761 0.324159
vt 0.530072 0.321459
vt 0.200000 0.833333
vt 0.200000 1.000000
vt 0.021761 0.324159
vt 0.030072 0.321459
vt 0.175000 0.666667
vt 0.175000 0.500000
vt 0.536173 0.358951
vt 0.543959 0.354983
vt 0.175000 0.833333
vt 0.175000 1.000000
vt 0.036173 0.358951
vt 0.043959 0.354983
vt 0.150000 0.666667
vt 0.150000 0.500000
vt 0.555849 0.391059
vt 0.562918 0.385923
vt 0.150000 0.833333
vt 0.150000 1.000000
vt 0.055849 0.391059
vt 0.062918 0.385923
vt 0.125000 0.666667
vt 0.125000 0.500000
vt 0.580306 0.419694
vt 0.586485 0.413515
vt 0.125000 0.833333
vt 0.125000 1.000000
vt 0.080306 0.419694
vt 0.086485 0.413515
vt 0.100000 0.666667
vt 0.100000 0.500000
vt 0.608941 0.444151
vt 0.614077 0.437082
vt 0.100000 0.833333
vt 0.100000 1.000000
vt 0.108941 0.444151
vt 0.114077 0.437082
vt 0.075000 0.666667
vt 0.075000 0.500000
vt 0.641049 0.463827
vt 0.645017 0.456041
vt 0.075000 0.833333
vt 0.075000 1.000000
vt 0.141049 0.463827
vt 0.145017 0.456041
vt 0.050000 0.666667
vt 0.050000 0.500000
vt 0.675841 0.478239
vt 0.678541 0.469928
vt 0.050000 0.833333
vt 0.050000 1.000000
vt 0.175841 0.478239
vt 0.178541 0.469928
vt 0.025000 0.666667
vt 0.025000 0.500000
vt 0.712458 0.487030
vt 0.713825 0.478399
vt 0.025000 0.833333
vt 0.025000 1.000000
vt 0.212458 0.487030
vt 0.213825 0.478399
vt 0.000000 0.666667
vt 0.000134 0.500000
vt 0.000000 0.833333
vt 0.000134 1.000000
s 1
usemtl StartPad
f 786/895/745 792/896/751 793/897/752 787/898/746
f 787/899/746 793/900/752 791/901/750 785/902/744
f 795/903/754 789/904/748 790/905/749 796/906/755
f 796/907/755 790/908/749 788/909/747 794/910/753
f 792/896/751 798/911/757 799/912/758 793/897/752
f 793/900/752 799/913/758 797/914/756 791/901/750
f 801/915/760 795/903/754 796/906/755 802/916/761
f 802/917/761 796/907/755 794/910/753 800/918/759
f 798/911/757 804/919/763 805/920/764 799/912/758
f 799/913/758 805/921/764 803/922/762 797/914/756
f 807/923/766 801/915/760 802/916/761 808/924/767
f 808/925/767 802/917/761 800/918/759 806/926/765
f 804/919/763 810/927/769 811/928/770 805/920/764
f 805/921/764 811/929/770 809/930/768 803/922/762
f 813/931/772 807/923/766 808/924/767 814/932/773
f 814/933/773 808/925/767 806/926/765 812/934/771
f 810/927/769 816/935/775 817/936/776 811/928/770
f 811/929/770 817/937/776 815/938/774 809/930/768
f 819/939/778 813/931/772 814/932/773 820/940/779
f 820/941/779 814/933/773 812/934/771 818/942/777
f 816/935/775 822/943/781 823/944/782 817/936/776
f 817/937/776 823/945/782 821/946/780 815/938/774
f 825/947/784 819/939/778 820/940/779 826/948/785
f 826/949/785 820/941/779 818/942/777 824/950/783
f 822/943/781 828/951/787 829/952/788 823/944/782
f 823/945/782 829/953/788 827/954/786 821/946/780
f 831/955/790 825/947/784 826/948/785 832/956/791
f 832/957/791 826/949/785 824/950/783 830/958/789
f 828/951/787 834/959/793 835/960/794 829/952/788
f 829/953/788 835/961/794 833/962/792 827/954/786
f 837/963/796 831/955/790 832/956/791 838/964/797
f 838/965/797 832/957/791 830/958/789 836/966/795
f 834/959/793 840/967/799 841/968/800 835/960/794
f 835/961/794 841/969/800 839/970/798 833/962/792
f 843/971/802 837/963/796 838/964/797 844/972/803
f 844/973/803 838/965/797 836/966/795 842/974/801
f 840/967/799 846/975/805 847/976/806 841/968/800
f 841/969/800 847/977/806 845/978/804 839/970/798
f 849/979/808 843/971/802 844/972/803 850/980/809
f 850/981/809 844/973/803 842/974/801 848/982/807
f 846/975/805 852/983/811 853/984/812 847/976/806
f 847/977/806 853/985/812 851/986/810 845/978/804
f 855/987/814 849/979/808 850/980/809 856/988/815
f 856/989/815 850/981/809 848/982/807 854/990/813
f 852/983/811 858/991/817 859/992/818 853/984/812
f 853/985/812 859/993/818 857/994/816 851/986/810
f 861/995/820 855/987/814 856/988/815 862/996/821
f 862/997/821 856/989/815 854/990/813 860/998/819
f 858/991/817 864/999/823 865/1000/824 859/992/818
f 859/993/818 865/1001/824 863/1002/822 857/994/816
f 867/1003/826 861/995/820 862/996/821 868/1004/827
f 868/1005/827 862/997/821 860/998/819 866/1006/825
f 864/999/823 870/1007/829 871/1008/830 865/1000/824
f 865/1001/824 871/1009/830 869/1010/828 863/1002/822
f 873/1011/832 867/1003/826 868/1004/827 874/1012/833
f 874/1013/833 868/1005/827 866/1006/825 872/1014/831
f 870/1007/829 876/1015/835 877/1016/836 871/1008/830
f 871/1009/830 877/1017/836 875/1018/834 869/1010/828
f 879/1019/838 873/1011/832 874/1012/833 880/1020/839
f 880/1021/839 874/1013/833 872/1014/831 878/1022/837
f 876/1015/835 882/1023/841 883/1024/842 877/1016/836
f 877/1017/836 883/1025/842 881/1026/840 875/1018/834
f 885/1027/844 879/1019/838 880/1020/839 886/1028/845
f 886/1029/845 880/1021/839 878/1022/837 884/1030/843
f 882/1023/841 888/1031/847 889/1032/848 883/1024/842
f 883/1025/842 889/1033/848 887/1034/846 881/1026/840
f 891/1035/850 885/1027/844 886/1028/845 892/1036/851
f 892/1037/851 886/1029/845 884/1030/843 890/1038/849
f 888/1031/847 894/1039/853 895/1040/854 889/1032/848
f 889/1033/848 895/1041/854 893/1042/852 887/1034/846
f 897/1043/856 891/1035/850 892/1036/851 898/1044/857
f 898/1045/857 892/1037/851 890/1038/849 896/1046/855
f 894/1039/853 900/1047/859 901/1048/860 895/1040/854
f 895/1041/854 901/1049/860 899/1050/858 893/1042/852
f 903/1051/862 897/1043/856 898/1044/857 904/1052/863
f 904/1053/863 898/1045/857 896/1046/855 902/1054/861
f 900/1047/859 906/1055/865 907/1056/866 901/1048/860
f 901/1049/860 907/1057/866 905/1058/864 899/1050/858
f 909/1059/868 903/1051/862 904/1052/863 910/1060/869
f 910/1061/869 904/1053/863 902/1054/861 908/1062/867
f 906/1055/865 912/1063/871 913/1064/872 907/1056/866
f 907/1057/866 913/1065/872 911/1066/870 905/1058/864
f 915/1067/874 909/1059/868 910/1060/869 916/1068/875
f 916/1069/875 910/1061/869 908/1062/867 914/1070/873
f 912/1063/871 918/1071/877 919/1072/878 913/1064/872
f 913/1065/872 919/1073/878 917/1074/876 911/1066/870
f 921/1075/880 915/1067/874 916/1068/875 922/1076/881
f 922/1077/881 916/1069/875 914/1070/873 920/1078/879
f 918/1071/877 924/1079/883 925/1080/884 919/1072/878
f 919/1073/878 925/1081/884 923/1082/882 917/1074/876
f 927/1083/886 921/1075/880 922/1076/881 928/1084/887
f 928/1085/887 922/1077/881 920/1078/879 926/1086/885
f 924/1079/883 930/1087/889 931/1088/890 925/1080/884
f 925/1081/884 931/1089/890 929/1090/888 923/1082/882
f 933/1091/892 927/1083/886 928/1084/887 934/1092/893
f 934/1093/893 928/1085/887 926/1086/885 932/1094/891
f 930/1087/889 936/1095/895 937/1096/896 931/1088/890
f 931/1089/890 937/1097/896 935/1098/894 929/1090/888
f 939/1099/898 933/1091/892 934/1092/893 940/1100/899
f 940/1101/899 934/1093/893 932/1094/891 938/1102/897
f 936/1095/895 942/1103/901 943/1104/902 937/1096/896
f 937/1097/896 943/1105/902 941/1106/900 935/1098/894
f 945/1107/904 939/1099/898 940/1100/899 946/1108/905
f 946/1109/905 940/1101/899 938/1102/897 944/1110/903
f 942/1103/901 948/1111/907 949/1112/908 943/1104/902
f 943/1105/902 949/1113/908 947/1114/906 941/1106/900
f 951/1115/910 945/1107/904 946/1108/905 952/1116/911
f 952/1117/911 946/1109/905 944/1110/903 950/1118/909
f 948/1111/907 954/1119/913 955/1120/914 949/1112/908
f 949/1113/908 955/1121/914 953/1122/912 947/1114/906
f 957/1123/916 951/1115/910 952/1116/911 958/1124/917
f 958/1125/917 952/1117/911 950/1118/909 956/1126/915
f 954/1119/913 960/1127/919 961/1128/920 955/1120/914
f 955/1121/914 961/1129/920 959/1130/918 953/1122/912
f 963/1131/922 957/1123/916 958/1124/917 964/1132/923
f 964/1133/923 958/1125/917 956/1126/915 962/1134/921
f 960/1127/919 966/1135/925 967/1136/926 961/1128/920
f 961/1129/920 967/1137/926 965/1138/924 959/1130/918
f 969/1139/928 963/1131/922 964/1132/923 970/1140/929
f 970/1141/929 964/1133/923 962/1134/921 968/1142/927
f 966/1135/925 972/1143/931 973/1144/932 967/1136/926
f 967/1137/926 973/1145/932 971/1146/930 965/1138/924
f 975/1147/934 969/1139/928 970/1140/929 976/1148/935
f 976/1149/935 970/1141/929 968/1142/927 974/1150/933
f 972/1143/931 978/1151/937 979/1152/938 973/1144/932
f 973/1145/932 979/1153/938 977/1154/936 971/1146/930
f 981/1155/940 975/1147/934 976/1148/935 982/1156/941
f 982/1157/941 976/1149/935 974/1150/933 980/1158/939
f 978/1151/937 984/1159/943 985/1160/944 979/1152/938
f 979/1153/938 985/1161/944 983/1162/942 977/1154/936
f 987/1163/946 981/1155/940 982/1156/941 988/1164/947
f 988/1165/947 982/1157/941 980/1158/939 986/1166/945
f 984/1159/943 990/1167/949 991/1168/950 985/1160/944
f 985/1161/944 991/1169/950 989/1170/948 983/1162/942
f 993/1171/952 987/1163/946 988/1164/947 994/1172/953
f 994/1173/953 988/1165/947 986/1166/945 992/1174/951
f 990/1167/949 996/1175/955 997/1176/956 991/1168/950
f 991/1169/950 997/1177/956 995/1178/954 989/1170/948
f 999/1179/958 993/1171/952 994/1172/953 1000/1180/959
f 1000/1181/959 994/1173/953 992/1174/951 998/1182/957
f 996/1175/955 1002/1183/961 1003/1184/962 997/1176/956
f 997/1177/956 1003/1185/962 1001/1186/960 995/1178/954
f 1005/1187/964 999/1179/958 1000/1180/959 1006/1188/965
f 1006/1189/965 1000/1181/959 998/1182/957 1004/1190/963
f 1002/1183/961 1008/1191/967 1009/1192/968 1003/1184/962
f 1003/1185/962 1009/1193/968 1007/1194/966 1001/1186/960
f 1011/1195/970 1005/1187/964 1006/1188/965 1012/1196/971
f 1012/1197/971 1006/1189/965 1004/1190/963 1010/1198/969
f 1008/1191/967 1014/1199/973 1015/1200/974 1009/1192/968
f 1009/1193/968 1015/1201/974 1013/1202/972 1007/1194/966
f 1017/1203/976 1011/1195/970 1012/1196/971 1018/1204/977
f 1018/1205/977 1012/1197/971 1010/1198/969 1016/1206/975
f 1014/1199/973 1020/1207/979 1021/1208/980 1015/1200/974
f 1015/1201/974 1021/1209/980 1019/1210/978 1013/1202/972
f 1023/1211/982 1017/1203/976 1018/1204/977 1024/1212/983
f 1024/1213/983 1018/1205/977 1016/1206/975 1022/1214/981
f 1020/1207/979 786/1215/745 787/1216/746 1021/1208/980
f 1021/1209/980 787/899/746 785/902/744 1019/1210/978
f 789/1217/748 1023/1211/982 1024/1212/983 790/1218/749
f 790/908/749 1024/1213/983 1022/1214/981 788/909/747
f 785/902/744 791/901/750 797/914/756 803/922/762 809/930/768 815/938/774 821/946/780 827/954/786 833/962/792 839/970/798 845/978/804 851/986/810 857/994/816 863/1002/822 869/1010/828 875/1018/834 881/1026/840 887/1034/846 893/1042/852 899/1050/858 905/1058/864 911/1066/870 917/1074/876 923/1082/882 929/1090/888 935/1098/894 941/1106/900 947/1114/906 953/1122/912 959/1130/918 965/1138/924 971/1146/930 977/1154/936 983/1162/942 989/1170/948 995/1178/954 1001/1186/960 1007/1194/966 1013/1202/972 1019/1210/978
f 786/895/745 789/904/748 795/903/754 792/896/751
f 1020/1207/979 1023/1211/982 789/1217/748 786/1215/745
f 794/910/753 788/909/747 1022/1214/981 1016/1206/975 1010/1198/969 1004/1190/963 998/1182/957 992/1174/951 986/1166/945 980/1158/939 974/1150/933 968/1142/927 962/1134/921 956/1126/915 950/1118/909 944/1110/903 938/1102/897 932/1094/891 926/1086/885 920/1078/879 914/1070/873 908/1062/867 902/1054/861 896/1046/855 890/1038/849 884/1030/843 878/1022/837 872/1014/831 866/1006/825 860/998/819 854/990/813 848/982/807 842/974/801 836/966/795 830/958/789 824/950/783 818/942/777 812/934/771 806/926/765 800/918/759
f 792/896/751 795/903/754 801/915/760 798/911/757
f 798/911/757 801/915/760 807/923/766 804/919/763
f 804/919/763 807/923/766 813/931/772 810/927/769
f 810/927/769 813/931/772 819/939/778 816/935/775
f 816/935/775 819/939/778 825/947/784 822/943/781
f 822/943/781 825/947/784 831/955/790 828/951/787
f 828/951/787 831/955/790 837/963/796 834/959/793
f 834/959/793 837/963/796 843/971/802 840/967/799
f 840/967/799 843/971/802 849/979/808 846/975/805
f 846/975/805 849/979/808 855/987/814 852/983/811
f 852/983/811 855/987/814 861/995/820 858/991/817
f 858/991/817 861/995/820 867/1003/826 864/999/823
f 864/999/823 867/1003/826 873/1011/832 870/1007/829
f 870/1007/829 873/1011/832 879/1019/838 876/1015/835
f 876/1015/835 879/1019/838 885/1027/844 882/1023/841
f 882/1023/841 885/1027/844 891/1035/850 888/1031/847
f 888/1031/847 891/1035/850 897/1043/856 894/1039/853
f 894/1039/853 897/1043/856 903/1051/862 900/1047/859
f 900/1047/859 903/1051/862 909/1059/868 906/1055/865
f 906/1055/865 909/1059/868 915/1067/874 912/1063/871
f 912/1063/871 915/1067/874 921/1075/880 918/1071/877
f 918/1071/877 921/1075/880 927/1083/886 924/1079/883
f 924/1079/883 927/1083/886 933/1091/892 930/1087/889
f 930/1087/889 933/1091/892 939/1099/898 936/1095/895
f 936/1095/895 939/1099/898 945/1107/904 942/1103/901
f 942/1103/901 945/1107/904 951/1115/910 948/1111/907
f 948/1111/907 951/1115/910 957/1123/916 954/1119/913
f 954/1119/913 957/1123/916 963/1131/922 960/1127/919
f 960/1127/919 963/1131/922 969/1139/928 966/1135/925
f 966/1135/925 969/1139/928 975/1147/934 972/1143/931
f 972/1143/931 975/1147/934 981/1155/940 978/1151/937
f 978/1151/937 981/1155/940 987/1163/946 984/1159/943
f 984/1159/943 987/1163/946 993/1171/952 990/1167/949
f 990/1167/949 993/1171/952 999/1179/958 996/1175/955
f 996/1175/955 999/1179/958 1005/1187/964 1002/1183/961
f 1002/1183/961 1005/1187/964 1011/1195/970 1008/1191/967
f 1008/1191/967 1011/1195/970 1017/1203/976 1014/1199/973
f 1014/1199/973 1017/1203/976 1023/1211/982 1020/1207/979
