# Blender 5.1.2
# www.blender.org
mtllib carthabot_map_space.mtl
o MatRim
v 14.309999 10.309999 -0.190000
v 14.309999 10.400000 -0.100000
v 14.400000 10.309999 -0.100000
v 14.309999 10.354940 -0.177976
v 14.354939 10.309999 -0.177976
v 14.353038 10.353039 -0.166297
v 14.354939 10.387976 -0.100000
v 14.309999 10.387976 -0.144941
v 14.353038 10.376296 -0.143039
v 14.387975 10.309999 -0.144941
v 14.387975 10.354940 -0.100000
v 14.376295 10.353039 -0.143039
v 14.309999 10.400000 -0.100000
v 14.309999 10.309999 -0.010000
v 14.400000 10.309999 -0.100000
v 14.309999 10.387976 -0.055059
v 14.354939 10.387976 -0.100000
v 14.353038 10.376296 -0.056961
v 14.354939 10.309999 -0.022024
v 14.309999 10.354940 -0.022024
v 14.353038 10.353039 -0.033703
v 14.387975 10.354940 -0.100000
v 14.387975 10.309999 -0.055059
v 14.376295 10.353039 -0.056961
v 14.309999 -10.309999 -0.190000
v 14.400000 -10.309999 -0.100000
v 14.309999 -10.400000 -0.100000
v 14.354939 -10.309999 -0.177976
v 14.309999 -10.354940 -0.177976
v 14.353038 -10.353039 -0.166297
v 14.387975 -10.354940 -0.100000
v 14.387975 -10.309999 -0.144941
v 14.376295 -10.353039 -0.143039
v 14.309999 -10.387976 -0.144941
v 14.354939 -10.387976 -0.100000
v 14.353038 -10.376296 -0.143039
v 14.309999 -10.309999 -0.010000
v 14.309999 -10.400000 -0.100000
v 14.400000 -10.309999 -0.100000
v 14.309999 -10.354940 -0.022024
v 14.354939 -10.309999 -0.022024
v 14.353038 -10.353039 -0.033703
v 14.354939 -10.387976 -0.100000
v 14.309999 -10.387976 -0.055059
v 14.353038 -10.376296 -0.056961
v 14.387975 -10.309999 -0.055059
v 14.387975 -10.354940 -0.100000
v 14.376295 -10.353039 -0.056961
v -14.309999 10.309999 -0.190000
v -14.400000 10.309999 -0.100000
v -14.309999 10.400000 -0.100000
v -14.354939 10.309999 -0.177976
v -14.309999 10.354940 -0.177976
v -14.353038 10.353039 -0.166297
v -14.387975 10.354940 -0.100000
v -14.387975 10.309999 -0.144941
v -14.376295 10.353039 -0.143039
v -14.309999 10.387976 -0.144941
v -14.354939 10.387976 -0.100000
v -14.353038 10.376296 -0.143039
v -14.309999 10.309999 -0.010000
v -14.309999 10.400000 -0.100000
v -14.400000 10.309999 -0.100000
v -14.309999 10.354940 -0.022024
v -14.354939 10.309999 -0.022024
v -14.353038 10.353039 -0.033703
v -14.354939 10.387976 -0.100000
v -14.309999 10.387976 -0.055059
v -14.353038 10.376296 -0.056961
v -14.387975 10.309999 -0.055059
v -14.387975 10.354940 -0.100000
v -14.376295 10.353039 -0.056961
v -14.309999 -10.309999 -0.190000
v -14.309999 -10.400000 -0.100000
v -14.400000 -10.309999 -0.100000
v -14.309999 -10.354940 -0.177976
v -14.354939 -10.309999 -0.177976
v -14.353038 -10.353039 -0.166297
v -14.354939 -10.387976 -0.100000
v -14.309999 -10.387976 -0.144941
v -14.353038 -10.376296 -0.143039
v -14.387975 -10.309999 -0.144941
v -14.387975 -10.354940 -0.100000
v -14.376295 -10.353039 -0.143039
v -14.309999 -10.309999 -0.010000
v -14.400000 -10.309999 -0.100000
v -14.309999 -10.400000 -0.100000
v -14.354939 -10.309999 -0.022024
v -14.309999 -10.354940 -0.022024
v -14.353038 -10.353039 -0.033703
v -14.387975 -10.354940 -0.100000
v -14.387975 -10.309999 -0.055059
v -14.376295 -10.353039 -0.056961
v -14.309999 -10.387976 -0.055059
v -14.354939 -10.387976 -0.100000
v -14.353038 -10.376296 -0.056961
vn 0.1296 0.1296 -0.9831
vn 0.0630 0.9896 -0.1293
vn 0.7749 0.1024 0.6238
vn 0.1216 0.4916 -0.8623
vn 0.4915 0.1216 -0.8623
vn 0.4474 0.4474 -0.7744
vn 0.3186 0.9274 0.1959
vn 0.1216 0.8623 -0.4916
vn 0.4474 0.7744 -0.4473
vn 0.8623 0.1216 -0.4916
vn 0.6618 0.3723 0.6507
vn 0.7744 0.4473 -0.4474
vn 0.0630 0.9896 0.1293
vn 0.1296 0.1296 0.9831
vn 0.5941 0.0785 0.8006
vn 0.1216 0.8623 0.4916
vn 0.2863 0.8334 0.4727
vn 0.4473 0.7744 0.4473
vn 0.4915 0.1216 0.8623
vn 0.1216 0.4916 0.8623
vn 0.4473 0.4474 0.7744
vn 0.5152 0.2898 0.8066
vn 0.8623 0.1216 0.4916
vn 0.7744 0.4474 0.4474
vn 0.1296 -0.1296 -0.9831
vn 0.7749 -0.1025 0.6238
vn 0.0630 -0.9896 -0.1293
vn 0.4915 -0.1216 -0.8623
vn 0.1216 -0.4915 -0.8623
vn 0.4474 -0.4473 -0.7744
vn 0.6618 -0.3723 0.6507
vn 0.8623 -0.1216 -0.4916
vn 0.7744 -0.4474 -0.4474
vn 0.1216 -0.8623 -0.4916
vn 0.3186 -0.9274 0.1959
vn 0.4474 -0.7744 -0.4474
vn 0.1296 -0.1296 0.9831
vn 0.0630 -0.9896 0.1293
vn 0.5941 -0.0785 0.8006
vn 0.1216 -0.4916 0.8623
vn 0.4915 -0.1216 0.8623
vn 0.4473 -0.4474 0.7744
vn 0.2863 -0.8334 0.4727
vn 0.1216 -0.8623 0.4916
vn 0.4473 -0.7744 0.4473
vn 0.8623 -0.1216 0.4916
vn 0.5152 -0.2898 0.8066
vn 0.7744 -0.4474 0.4473
vn -0.1296 0.1296 -0.9831
vn -0.7749 0.1025 0.6238
vn -0.0630 0.9896 -0.1293
vn -0.4915 0.1216 -0.8623
vn -0.1216 0.4915 -0.8623
vn -0.4474 0.4473 -0.7744
vn -0.6618 0.3723 0.6507
vn -0.8623 0.1216 -0.4916
vn -0.7744 0.4474 -0.4474
vn -0.1216 0.8623 -0.4916
vn -0.3186 0.9274 0.1959
vn -0.4474 0.7744 -0.4474
vn -0.1296 0.1296 0.9831
vn -0.0630 0.9896 0.1293
vn -0.5941 0.0785 0.8006
vn -0.1216 0.4916 0.8623
vn -0.4915 0.1216 0.8623
vn -0.4473 0.4474 0.7744
vn -0.2863 0.8334 0.4727
vn -0.1216 0.8623 0.4916
vn -0.4473 0.7744 0.4473
vn -0.8623 0.1216 0.4916
vn -0.5152 0.2898 0.8066
vn -0.7744 0.4474 0.4473
vn -0.1296 -0.1296 -0.9831
vn -0.0630 -0.9896 -0.1293
vn -0.7749 -0.1024 0.6238
vn -0.1216 -0.4916 -0.8623
vn -0.4915 -0.1216 -0.8623
vn -0.4474 -0.4474 -0.7744
vn -0.3186 -0.9274 0.1959
vn -0.1216 -0.8623 -0.4916
vn -0.4474 -0.7744 -0.4473
vn -0.8623 -0.1216 -0.4916
vn -0.6618 -0.3723 0.6507
vn -0.7744 -0.4473 -0.4474
vn -0.1296 -0.1296 0.9831
vn -0.5941 -0.0785 0.8006
vn -0.0630 -0.9896 0.1293
vn -0.4915 -0.1216 0.8623
vn -0.1216 -0.4916 0.8623
vn -0.4473 -0.4474 0.7744
vn -0.5152 -0.2898 0.8066
vn -0.8623 -0.1216 0.4916
vn -0.7744 -0.4474 0.4474
vn -0.1216 -0.8623 0.4916
vn -0.2863 -0.8334 0.4727
vn -0.4473 -0.7744 0.4473
vt 0.125781 0.748918
vt 0.125781 0.749458
vt 0.125408 0.749436
vt 0.125391 0.748918
vt 0.125781 0.750000
vt 0.125408 0.750000
vt 0.500000 0.999219
vt 0.500000 1.000000
vt 0.375000 0.999592
vt 0.375000 0.999219
vt 0.500000 0.000000
vt 0.500000 0.000542
vt 0.375000 0.000564
vt 0.375000 0.000000
vt 0.500000 0.001082
vt 0.375000 0.001082
vt 0.125000 0.748918
vt 0.125000 0.749436
vt 0.500000 0.999219
vt 0.562418 0.999219
vt 0.559776 1.000000
vt 0.625000 0.999219
vt 0.625000 1.000000
vt 0.874219 0.748918
vt 0.875000 0.748918
vt 0.875000 0.749436
vt 0.874219 0.750000
vt 0.625000 0.001082
vt 0.562418 0.001082
vt 0.559776 0.000564
vt 0.625000 0.000564
vt 0.559776 0.000000
vt 0.125781 0.501082
vt 0.125391 0.501082
vt 0.125408 0.500564
vt 0.125781 0.500542
vt 0.125000 0.501082
vt 0.125000 0.500564
vt 0.500000 0.248918
vt 0.500000 0.249458
vt 0.375000 0.249436
vt 0.375000 0.248918
vt 0.500000 0.250391
vt 0.375000 0.250408
vt 0.500000 0.250781
vt 0.375000 0.250781
vt 0.125781 0.500000
vt 0.125408 0.500000
vt 0.874219 0.501082
vt 0.874219 0.500000
vt 0.875000 0.500564
vt 0.875000 0.501082
vt 0.625000 0.250781
vt 0.562418 0.250781
vt 0.559776 0.250235
vt 0.625000 0.249624
vt 0.559776 0.249436
vt 0.562418 0.248918
vt 0.625000 0.248918
vt 0.374219 0.748918
vt 0.374609 0.748918
vt 0.374592 0.749435
vt 0.374219 0.749458
vt 0.437582 0.748918
vt 0.423866 0.749436
vt 0.500000 0.748918
vt 0.500000 0.749458
vt 0.500000 0.750391
vt 0.374796 0.750204
vt 0.500000 0.750781
vt 0.374609 0.750391
vt 0.625781 0.748918
vt 0.625391 0.750391
vt 0.625204 0.750204
vt 0.625391 0.748918
vt 0.562418 0.750781
vt 0.559776 0.750408
vt 0.559776 0.749628
vt 0.562418 0.748918
vt 0.374219 0.501082
vt 0.374219 0.500542
vt 0.374592 0.500564
vt 0.374609 0.501082
vt 0.374609 0.499609
vt 0.374796 0.499796
vt 0.500000 0.499219
vt 0.500000 0.499609
vt 0.500000 0.500542
vt 0.423866 0.500564
vt 0.500000 0.501082
vt 0.437582 0.501082
vt 0.625781 0.501082
vt 0.625391 0.501082
vt 0.625204 0.499796
vt 0.625391 0.499609
vt 0.562418 0.501082
vt 0.559776 0.500372
vt 0.559776 0.499592
vt 0.500000 0.499219
vt 0.562418 0.499219
s 1
usemtl Rim
f 1/1/1 4/2/4 6/3/6 5/4/5
f 4/2/4 8/5/8 9/6/9 6/3/6
f 2/7/2 7/8/7 9/9/9 8/10/8
f 7/11/7 11/12/11 12/13/12 9/14/9
f 3/15/3 10/16/10 12/13/12 11/12/11
f 10/17/10 5/4/5 6/3/6 12/18/12
f 6/3/6 9/6/9 12/18/12
f 13/19/13 16/20/16 18/21/18 17/8/17
f 16/20/16 20/22/20 21/23/21 18/21/18
f 14/24/14 19/25/19 21/26/21 20/27/20
f 19/28/19 23/29/23 24/30/24 21/31/21
f 15/15/15 22/12/22 24/30/24 23/29/23
f 22/12/22 17/11/17 18/32/18 24/30/24
f 18/32/18 21/31/21 24/30/24
f 25/33/25 28/34/28 30/35/30 29/36/29
f 28/34/28 32/37/32 33/38/33 30/35/30
f 26/39/26 31/40/31 33/41/33 32/42/32
f 31/40/31 35/43/35 36/44/36 33/41/33
f 27/45/27 34/46/34 36/44/36 35/43/35
f 34/47/34 29/36/29 30/35/30 36/48/36
f 30/35/30 33/38/33 36/48/36
f 37/49/37 40/50/40 42/51/42 41/52/41
f 40/53/40 44/54/44 45/55/45 42/56/42
f 38/45/38 43/43/43 45/55/45 44/54/44
f 43/43/43 47/40/47 48/57/48 45/55/45
f 39/39/39 46/58/46 48/57/48 47/40/47
f 46/58/46 41/59/41 42/56/42 48/57/48
f 42/56/42 45/55/45 48/57/48
f 49/60/49 52/61/52 54/62/54 53/63/53
f 52/61/52 56/64/56 57/65/57 54/62/54
f 50/66/50 55/67/55 57/65/57 56/64/56
f 55/67/55 59/68/59 60/69/60 57/65/57
f 51/70/51 58/71/58 60/69/60 59/68/59
f 58/71/58 53/63/53 54/62/54 60/69/60
f 54/62/54 57/65/57 60/69/60
f 61/72/61 64/73/64 66/74/66 65/75/65
f 64/73/64 68/76/68 69/77/69 66/74/66
f 62/70/62 67/68/67 69/77/69 68/76/68
f 67/68/67 71/67/71 72/78/72 69/77/69
f 63/66/63 70/79/70 72/78/72 71/67/71
f 70/79/70 65/75/65 66/74/66 72/78/72
f 66/74/66 69/77/69 72/78/72
f 73/80/73 76/81/76 78/82/78 77/83/77
f 76/81/76 80/84/80 81/85/81 78/82/78
f 74/86/74 79/87/79 81/85/81 80/84/80
f 79/87/79 83/88/83 84/89/84 81/85/81
f 75/90/75 82/91/82 84/89/84 83/88/83
f 82/91/82 77/83/77 78/82/78 84/89/84
f 78/82/78 81/85/81 84/89/84
f 85/92/85 88/93/88 90/94/90 89/95/89
f 88/93/88 92/96/92 93/97/93 90/94/90
f 86/90/86 91/88/91 93/97/93 92/96/92
f 91/88/91 95/87/95 96/98/96 93/97/93
f 87/99/87 94/100/94 96/98/96 95/87/95
f 94/100/94 89/95/89 90/94/90 96/98/96
f 90/94/90 93/97/93 96/98/96
f 25/33/25 1/1/1 5/4/5 28/34/28
f 28/34/28 5/4/5 10/17/10 32/37/32
f 32/42/32 10/16/10 3/15/3 26/39/26
f 2/7/2 13/19/13 17/8/17 7/8/7
f 7/11/7 17/11/17 22/12/22 11/12/11
f 11/12/11 22/12/22 15/15/15 3/15/3
f 14/24/14 37/49/37 41/52/41 19/25/19
f 19/28/19 41/59/41 46/58/46 23/29/23
f 23/29/23 46/58/46 39/39/39 15/15/15
f 38/45/38 27/45/27 35/43/35 43/43/43
f 43/43/43 35/43/35 31/40/31 47/40/47
f 47/40/47 31/40/31 26/39/26 39/39/39
f 73/80/73 25/33/25 29/36/29 76/81/76
f 76/81/76 29/36/29 34/47/34 80/84/80
f 80/84/80 34/46/34 27/45/27 74/86/74
f 37/49/37 85/92/85 89/95/89 40/50/40
f 40/53/40 89/95/89 94/100/94 44/54/44
f 44/54/44 94/100/94 87/99/87 38/45/38
f 86/90/86 75/90/75 83/88/83 91/88/91
f 91/88/91 83/88/83 79/87/79 95/87/95
f 95/87/95 79/87/79 74/86/74 87/99/87
f 49/60/49 73/80/73 77/83/77 52/61/52
f 52/61/52 77/83/77 82/91/82 56/64/56
f 56/64/56 82/91/82 75/90/75 50/66/50
f 85/92/85 61/72/61 65/75/65 88/93/88
f 88/93/88 65/75/65 70/79/70 92/96/92
f 92/96/92 70/79/70 63/66/63 86/90/86
f 62/70/62 51/70/51 59/68/59 67/68/67
f 67/68/67 59/68/59 55/67/55 71/67/71
f 71/67/71 55/67/55 50/66/50 63/66/63
f 1/1/1 49/60/49 53/63/53 4/2/4
f 4/2/4 53/63/53 58/71/58 8/5/8
f 8/10/8 58/71/58 51/70/51 2/7/2
f 61/72/61 14/24/14 20/27/20 64/73/64
f 64/73/64 20/22/20 16/20/16 68/76/68
f 68/76/68 16/20/16 13/19/13 62/70/62
f 25/33/25 73/80/73 49/60/49 1/1/1
f 3/15/3 15/15/15 39/39/39 26/39/26
f 51/70/51 62/70/62 13/19/13 2/7/2
f 85/92/85 37/49/37 14/24/14 61/72/61
f 27/45/27 38/45/38 87/99/87 74/86/74
f 75/90/75 86/90/86 63/66/63 50/66/50
o PlayMat
v 14.000000 10.000000 0.000000
v -14.000000 10.000000 0.000000
v 14.000000 -10.000000 0.000000
v -14.000000 -10.000000 0.000000
vn -0.0000 -0.0000 1.0000
vt 0.000000 0.000000
vt 1.000000 0.000000
vt 1.000000 1.000000
vt 0.000000 1.000000
s 1
usemtl MatColor
f 97/101/97 98/102/97 100/103/97 99/104/97
o LineLoop
v -9.419098 0.000000 0.108778
v -9.469098 0.000000 0.145106
v -9.530902 0.000000 0.145106
v -9.580902 0.000000 0.108779
v -9.600000 -0.000000 0.050000
v -9.580902 -0.000000 -0.008779
v -9.530902 -0.000000 -0.045106
v -9.469098 -0.000000 -0.045106
v -9.419098 -0.000000 -0.008779
v -9.400000 0.000000 0.050000
v -9.324523 -0.807026 0.108778
v -9.373212 -0.818398 0.145106
v -9.433396 -0.832454 0.145106
v -9.482085 -0.843827 0.108779
v -9.500683 -0.848170 0.050000
v -9.482085 -0.843827 -0.008779
v -9.433396 -0.832454 -0.045106
v -9.373212 -0.818398 -0.045106
v -9.324523 -0.807026 -0.008779
v -9.305925 -0.802682 0.050000
v -9.042172 -1.599199 0.108779
v -9.087296 -1.620737 0.145106
v -9.143070 -1.647360 0.145106
v -9.188193 -1.668899 0.108779
v -9.205429 -1.677126 0.050000
v -9.188193 -1.668899 -0.008779
v -9.143070 -1.647360 -0.045106
v -9.087296 -1.620737 -0.045106
v -9.042172 -1.599199 -0.008779
v -9.024937 -1.590972 0.050000
v -8.576568 -2.361154 0.108779
v -8.616701 -2.390976 0.145106
v -8.666307 -2.427838 0.145106
v -8.706441 -2.457660 0.108779
v -8.721770 -2.469051 0.050000
v -8.706441 -2.457660 -0.008779
v -8.666307 -2.427838 -0.045106
v -8.616701 -2.390976 -0.045106
v -8.576568 -2.361154 -0.008779
v -8.561238 -2.349763 0.050000
v -7.936020 -3.077223 0.108779
v -7.970561 -3.113374 0.145106
v -8.013256 -3.158059 0.145106
v -8.047797 -3.194211 0.108779
v -8.060991 -3.208019 0.050000
v -8.047797 -3.194211 -0.008779
v -8.013256 -3.158059 -0.045106
v -7.970561 -3.113374 -0.045106
v -7.936020 -3.077223 -0.008779
v -7.922826 -3.063414 0.050000
v -7.132868 -3.732167 0.108779
v -7.161763 -3.772973 0.145106
v -7.197479 -3.823411 0.145106
v -7.226373 -3.864217 0.108779
v -7.237410 -3.879804 0.050000
v -7.226373 -3.864217 -0.008779
v -7.197479 -3.823411 -0.045106
v -7.161763 -3.772973 -0.045106
v -7.132868 -3.732167 -0.008779
v -7.121831 -3.716581 0.050000
v -6.183217 -4.311904 0.108778
v -6.206677 -4.356059 0.145106
v -6.235677 -4.410636 0.145106
v -6.259138 -4.454790 0.108779
v -6.268099 -4.471656 0.050000
v -6.259138 -4.454790 -0.008779
v -6.235677 -4.410636 -0.045106
v -6.206677 -4.356059 -0.045106
v -6.183217 -4.311904 -0.008779
v -6.174255 -4.295039 0.050000
v -5.106438 -4.803998 0.108778
v -5.124763 -4.850519 0.145106
v -5.147413 -4.908022 0.145106
v -5.165738 -4.954543 0.108779
v -5.172737 -4.972312 0.050000
v -5.165738 -4.954543 -0.008779
v -5.147413 -4.908022 -0.045106
v -5.124763 -4.850519 -0.045106
v -5.106438 -4.803998 -0.008779
v -5.099439 -4.786229 0.050000
v -3.924642 -5.197957 0.108778
v -3.938116 -5.246107 0.145106
v -3.954770 -5.305624 0.145106
v -3.968243 -5.353775 0.108779
v -3.973389 -5.372167 0.050000
v -3.968243 -5.353775 -0.008779
v -3.954770 -5.305624 -0.045106
v -3.938116 -5.246107 -0.045106
v -3.924642 -5.197957 -0.008779
v -3.919496 -5.179564 0.050000
v -2.662137 -5.485435 0.108778
v -2.670989 -5.534646 0.145106
v -2.681930 -5.595473 0.145106
v -2.690781 -5.644683 0.108779
v -2.694162 -5.663480 0.050000
v -2.690781 -5.644683 -0.008779
v -2.681930 -5.595473 -0.045106
v -2.670989 -5.534646 -0.045106
v -2.662137 -5.485435 -0.008779
v -2.658756 -5.466639 0.050000
v -1.344894 -5.660375 0.108778
v -1.349280 -5.710182 0.145106
v -1.354702 -5.771747 0.145106
v -1.359088 -5.821554 0.108779
v -1.360764 -5.840579 0.050000
v -1.359088 -5.821554 -0.008779
v -1.354702 -5.771747 -0.045106
v -1.349280 -5.710182 -0.045106
v -1.344894 -5.660375 -0.008779
v -1.343218 -5.641350 0.050000
v -0.000000 -5.719099 0.108778
v -0.000000 -5.769098 0.145106
v -0.000000 -5.830902 0.145106
v -0.000000 -5.880902 0.108779
v -0.000000 -5.900000 0.050000
v -0.000000 -5.880902 -0.008779
v 0.000000 -5.830902 -0.045106
v 0.000000 -5.769098 -0.045106
v 0.000000 -5.719099 -0.008779
v 0.000000 -5.700000 0.050000
v 1.344894 -5.660375 0.108779
v 1.349280 -5.710182 0.145106
v 1.354702 -5.771747 0.145106
v 1.359088 -5.821554 0.108779
v 1.360764 -5.840579 0.050000
v 1.359088 -5.821554 -0.008779
v 1.354702 -5.771747 -0.045106
v 1.349280 -5.710182 -0.045106
v 1.344894 -5.660375 -0.008779
v 1.343218 -5.641350 0.050000
v 2.662137 -5.485435 0.108779
v 2.670989 -5.534646 0.145106
v 2.681930 -5.595473 0.145106
v 2.690781 -5.644683 0.108779
v 2.694162 -5.663480 0.050000
v 2.690781 -5.644683 -0.008779
v 2.681930 -5.595473 -0.045106
v 2.670989 -5.534646 -0.045106
v 2.662137 -5.485435 -0.008779
v 2.658756 -5.466639 0.050000
v 3.924642 -5.197957 0.108778
v 3.938116 -5.246107 0.145106
v 3.954770 -5.305624 0.145106
v 3.968243 -5.353775 0.108779
v 3.973389 -5.372167 0.050000
v 3.968243 -5.353775 -0.008779
v 3.954770 -5.305624 -0.045106
v 3.938116 -5.246107 -0.045106
v 3.924642 -5.197957 -0.008779
v 3.919496 -5.179564 0.050000
v 5.106438 -4.803998 0.108779
v 5.124763 -4.850519 0.145106
v 5.147413 -4.908022 0.145106
v 5.165738 -4.954543 0.108779
v 5.172737 -4.972312 0.050000
v 5.165738 -4.954543 -0.008779
v 5.147413 -4.908022 -0.045106
v 5.124763 -4.850519 -0.045106
v 5.106438 -4.803998 -0.008779
v 5.099439 -4.786229 0.050000
v 6.183217 -4.311904 0.108779
v 6.206677 -4.356059 0.145106
v 6.235677 -4.410636 0.145106
v 6.259138 -4.454791 0.108779
v 6.268099 -4.471656 0.050000
v 6.259138 -4.454790 -0.008779
v 6.235677 -4.410636 -0.045106
v 6.206677 -4.356059 -0.045106
v 6.183217 -4.311904 -0.008779
v 6.174255 -4.295039 0.050000
v 7.132868 -3.732167 0.108778
v 7.161763 -3.772973 0.145106
v 7.197479 -3.823411 0.145106
v 7.226373 -3.864217 0.108779
v 7.237410 -3.879804 0.050000
v 7.226373 -3.864217 -0.008779
v 7.197479 -3.823411 -0.045106
v 7.161763 -3.772973 -0.045106
v 7.132868 -3.732167 -0.008779
v 7.121831 -3.716581 0.050000
v 7.936020 -3.077223 0.108779
v 7.970561 -3.113374 0.145106
v 8.013256 -3.158059 0.145106
v 8.047797 -3.194211 0.108779
v 8.060991 -3.208019 0.050000
v 8.047797 -3.194211 -0.008779
v 8.013256 -3.158059 -0.045106
v 7.970561 -3.113374 -0.045106
v 7.936020 -3.077223 -0.008779
v 7.922826 -3.063414 0.050000
v 8.576568 -2.361154 0.108779
v 8.616701 -2.390976 0.145106
v 8.666307 -2.427838 0.145106
v 8.706441 -2.457660 0.108779
v 8.721770 -2.469051 0.050000
v 8.706441 -2.457660 -0.008779
v 8.666307 -2.427838 -0.045106
v 8.616701 -2.390976 -0.045106
v 8.576568 -2.361154 -0.008779
v 8.561238 -2.349763 0.050000
v 9.042172 -1.599199 0.108779
v 9.087296 -1.620737 0.145106
v 9.143070 -1.647360 0.145106
v 9.188193 -1.668899 0.108779
v 9.205429 -1.677126 0.050000
v 9.188193 -1.668899 -0.008779
v 9.143070 -1.647360 -0.045106
v 9.087296 -1.620737 -0.045106
v 9.042172 -1.599199 -0.008779
v 9.024937 -1.590972 0.050000
v 9.324523 -0.807026 0.108778
v 9.373212 -0.818398 0.145106
v 9.433396 -0.832454 0.145106
v 9.482085 -0.843827 0.108779
v 9.500683 -0.848170 0.050000
v 9.482085 -0.843827 -0.008779
v 9.433396 -0.832454 -0.045106
v 9.373212 -0.818398 -0.045106
v 9.324523 -0.807025 -0.008779
v 9.305925 -0.802682 0.050000
v 9.419098 0.000000 0.108779
v 9.469098 -0.000000 0.145106
v 9.530902 -0.000000 0.145106
v 9.580902 -0.000000 0.108779
v 9.600000 -0.000000 0.050000
v 9.580902 -0.000000 -0.008779
v 9.530902 0.000000 -0.045106
v 9.469098 0.000000 -0.045106
v 9.419098 0.000000 -0.008779
v 9.400000 0.000000 0.050000
v 9.324523 0.807026 0.108779
v 9.373212 0.818398 0.145106
v 9.433396 0.832454 0.145106
v 9.482085 0.843827 0.108779
v 9.500683 0.848170 0.050000
v 9.482085 0.843827 -0.008779
v 9.433396 0.832454 -0.045106
v 9.373212 0.818398 -0.045106
v 9.324523 0.807026 -0.008779
v 9.305925 0.802682 0.050000
v 9.042172 1.599199 0.108779
v 9.087296 1.620737 0.145106
v 9.143070 1.647360 0.145106
v 9.188193 1.668899 0.108779
v 9.205429 1.677126 0.050000
v 9.188193 1.668899 -0.008779
v 9.143070 1.647360 -0.045106
v 9.087296 1.620737 -0.045106
v 9.042172 1.599199 -0.008779
v 9.024937 1.590972 0.050000
v 8.576568 2.361154 0.108779
v 8.616701 2.390976 0.145106
v 8.666307 2.427838 0.145106
v 8.706441 2.457660 0.108779
v 8.721770 2.469051 0.050000
v 8.706441 2.457660 -0.008779
v 8.666307 2.427838 -0.045106
v 8.616701 2.390976 -0.045106
v 8.576568 2.361155 -0.008779
v 8.561238 2.349764 0.050000
v 7.936020 3.077223 0.108778
v 7.970561 3.113374 0.145106
v 8.013256 3.158059 0.145106
v 8.047797 3.194210 0.108779
v 8.060991 3.208019 0.050000
v 8.047797 3.194211 -0.008779
v 8.013256 3.158059 -0.045106
v 7.970561 3.113374 -0.045106
v 7.936019 3.077223 -0.008779
v 7.922826 3.063414 0.050000
v 7.132868 3.732167 0.108778
v 7.161763 3.772973 0.145106
v 7.197479 3.823411 0.145106
v 7.226373 3.864217 0.108779
v 7.237410 3.879804 0.050000
v 7.226373 3.864217 -0.008779
v 7.197479 3.823411 -0.045106
v 7.161763 3.772973 -0.045106
v 7.132868 3.732167 -0.008779
v 7.121831 3.716581 0.050000
v 6.183217 4.311904 0.108779
v 6.206677 4.356059 0.145106
v 6.235677 4.410636 0.145106
v 6.259138 4.454790 0.108779
v 6.268099 4.471656 0.050000
v 6.259138 4.454790 -0.008779
v 6.235677 4.410636 -0.045106
v 6.206677 4.356059 -0.045106
v 6.183217 4.311905 -0.008779
v 6.174255 4.295039 0.050000
v 5.106438 4.803998 0.108779
v 5.124763 4.850519 0.145106
v 5.147413 4.908022 0.145106
v 5.165738 4.954543 0.108779
v 5.172737 4.972312 0.050000
v 5.165738 4.954543 -0.008779
v 5.147413 4.908022 -0.045106
v 5.124763 4.850519 -0.045106
v 5.106438 4.803998 -0.008779
v 5.099439 4.786229 0.050000
v 3.924642 5.197957 0.108779
v 3.938116 5.246107 0.145106
v 3.954770 5.305624 0.145106
v 3.968243 5.353775 0.108779
v 3.973390 5.372167 0.050000
v 3.968243 5.353775 -0.008779
v 3.954770 5.305624 -0.045106
v 3.938116 5.246107 -0.045106
v 3.924642 5.197957 -0.008779
v 3.919496 5.179564 0.050000
v 2.662137 5.485435 0.108778
v 2.670989 5.534646 0.145106
v 2.681930 5.595473 0.145106
v 2.690781 5.644683 0.108779
v 2.694162 5.663480 0.050000
v 2.690781 5.644683 -0.008779
v 2.681930 5.595473 -0.045106
v 2.670989 5.534646 -0.045106
v 2.662137 5.485435 -0.008779
v 2.658756 5.466639 0.050000
v 1.344894 5.660375 0.108779
v 1.349280 5.710182 0.145106
v 1.354702 5.771747 0.145106
v 1.359088 5.821554 0.108779
v 1.360764 5.840579 0.050000
v 1.359088 5.821554 -0.008779
v 1.354702 5.771747 -0.045106
v 1.349280 5.710182 -0.045106
v 1.344894 5.660375 -0.008779
v 1.343218 5.641350 0.050000
v -0.000000 5.719099 0.108778
v 0.000000 5.769098 0.145106
v 0.000000 5.830902 0.145106
v 0.000000 5.880902 0.108779
v 0.000000 5.900000 0.050000
v 0.000000 5.880902 -0.008779
v 0.000000 5.830902 -0.045106
v -0.000000 5.769098 -0.045106
v -0.000000 5.719099 -0.008779
v -0.000000 5.700000 0.050000
v -1.344894 5.660375 0.108779
v -1.349280 5.710182 0.145106
v -1.354702 5.771747 0.145106
v -1.359088 5.821554 0.108779
v -1.360763 5.840579 0.050000
v -1.359088 5.821554 -0.008779
v -1.354702 5.771747 -0.045106
v -1.349280 5.710182 -0.045106
v -1.344894 5.660375 -0.008779
v -1.343218 5.641350 0.050000
v -2.662137 5.485435 0.108778
v -2.670989 5.534646 0.145106
v -2.681930 5.595473 0.145106
v -2.690781 5.644683 0.108779
v -2.694162 5.663480 0.050000
v -2.690781 5.644683 -0.008779
v -2.681930 5.595473 -0.045106
v -2.670989 5.534646 -0.045106
v -2.662137 5.485435 -0.008779
v -2.658756 5.466639 0.050000
v -3.924642 5.197957 0.108779
v -3.938116 5.246107 0.145106
v -3.954770 5.305624 0.145106
v -3.968243 5.353775 0.108779
v -3.973389 5.372167 0.050000
v -3.968243 5.353775 -0.008779
v -3.954770 5.305624 -0.045106
v -3.938116 5.246107 -0.045106
v -3.924642 5.197957 -0.008779
v -3.919496 5.179564 0.050000
v -5.106438 4.803998 0.108779
v -5.124763 4.850519 0.145106
v -5.147413 4.908022 0.145106
v -5.165738 4.954543 0.108779
v -5.172737 4.972312 0.050000
v -5.165738 4.954543 -0.008779
v -5.147413 4.908022 -0.045106
v -5.124763 4.850519 -0.045106
v -5.106438 4.803998 -0.008779
v -5.099439 4.786229 0.050000
v -6.183217 4.311904 0.108778
v -6.206677 4.356059 0.145106
v -6.235677 4.410636 0.145106
v -6.259138 4.454791 0.108779
v -6.268099 4.471656 0.050000
v -6.259138 4.454790 -0.008779
v -6.235677 4.410636 -0.045106
v -6.206677 4.356059 -0.045106
v -6.183217 4.311904 -0.008779
v -6.174255 4.295039 0.050000
v -7.132868 3.732167 0.108778
v -7.161763 3.772973 0.145106
v -7.197479 3.823412 0.145106
v -7.226373 3.864217 0.108779
v -7.237410 3.879804 0.050000
v -7.226373 3.864217 -0.008779
v -7.197479 3.823411 -0.045106
v -7.161763 3.772973 -0.045106
v -7.132868 3.732167 -0.008779
v -7.121831 3.716581 0.050000
v -7.936020 3.077223 0.108779
v -7.970561 3.113374 0.145106
v -8.013256 3.158059 0.145106
v -8.047797 3.194211 0.108779
v -8.060991 3.208019 0.050000
v -8.047797 3.194211 -0.008779
v -8.013256 3.158059 -0.045106
v -7.970561 3.113374 -0.045106
v -7.936020 3.077223 -0.008779
v -7.922826 3.063414 0.050000
v -8.576568 2.361154 0.108779
v -8.616701 2.390976 0.145106
v -8.666307 2.427838 0.145106
v -8.706441 2.457660 0.108779
v -8.721770 2.469051 0.050000
v -8.706441 2.457660 -0.008779
v -8.666307 2.427838 -0.045106
v -8.616701 2.390976 -0.045106
v -8.576568 2.361154 -0.008779
v -8.561238 2.349763 0.050000
v -9.042172 1.599199 0.108779
v -9.087296 1.620737 0.145106
v -9.143070 1.647360 0.145106
v -9.188193 1.668899 0.108779
v -9.205429 1.677126 0.050000
v -9.188193 1.668899 -0.008779
v -9.143070 1.647360 -0.045106
v -9.087296 1.620737 -0.045106
v -9.042172 1.599199 -0.008779
v -9.024937 1.590972 0.050000
v -9.324523 0.807026 0.108778
v -9.373212 0.818398 0.145106
v -9.433396 0.832454 0.145106
v -9.482085 0.843827 0.108779
v -9.500683 0.848170 0.050000
v -9.482085 0.843827 -0.008779
v -9.433396 0.832454 -0.045106
v -9.373212 0.818398 -0.045106
v -9.324523 0.807026 -0.008779
v -9.305925 0.802682 0.050000
vn 0.8008 -0.0000 0.5990
vn 0.2879 -0.0000 0.9576
vn -0.3294 -0.0000 0.9442
vn -0.8166 -0.0000 0.5772
vn -1.0000 -0.0000 -0.0000
vn -0.8166 -0.0000 -0.5772
vn -0.3294 -0.0000 -0.9442
vn 0.2879 -0.0000 -0.9576
vn 0.8008 -0.0000 -0.5990
vn 1.0000 -0.0000 -0.0000
vn 0.7800 0.1822 0.5986
vn 0.2811 0.0657 0.9574
vn -0.3202 -0.0748 0.9444
vn -0.7950 -0.1856 0.5775
vn -0.9738 -0.2274 -0.0000
vn -0.7950 -0.1856 -0.5775
vn -0.3202 -0.0748 -0.9444
vn 0.2811 0.0657 -0.9574
vn 0.7800 0.1822 -0.5986
vn 0.9738 0.2275 -0.0000
vn 0.7236 0.3454 0.5976
vn 0.2621 0.1251 0.9569
vn -0.2952 -0.1409 0.9450
vn -0.7363 -0.3513 0.5784
vn -0.9025 -0.4307 -0.0000
vn -0.7363 -0.3513 -0.5784
vn -0.2952 -0.1409 -0.9450
vn 0.2621 0.1251 -0.9569
vn 0.7236 0.3454 -0.5976
vn 0.9024 0.4309 -0.0000
vn 0.6443 0.4788 0.5964
vn 0.2350 0.1746 0.9562
vn -0.2609 -0.1938 0.9457
vn -0.6542 -0.4860 0.5795
vn -0.8027 -0.5963 -0.0000
vn -0.6542 -0.4860 -0.5795
vn -0.2609 -0.1938 -0.9457
vn 0.2350 0.1746 -0.9562
vn 0.6443 0.4788 -0.5964
vn 0.8026 0.5965 -0.0000
vn 0.5551 0.5810 0.5952
vn 0.2038 0.2133 0.9555
vn -0.2231 -0.2334 0.9464
vn -0.5625 -0.5887 0.5805
vn -0.6909 -0.7230 -0.0000
vn -0.5625 -0.5887 -0.5805
vn -0.2231 -0.2334 -0.9464
vn 0.2038 0.2133 -0.9555
vn 0.5551 0.5810 -0.5952
vn 0.6908 0.7231 -0.0000
vn 0.4648 0.6564 0.5942
vn 0.1715 0.2423 0.9549
vn -0.1855 -0.2620 0.9471
vn -0.4702 -0.6639 0.5815
vn -0.5779 -0.8161 -0.0000
vn -0.4702 -0.6639 -0.5815
vn -0.1855 -0.2620 -0.9471
vn 0.1715 0.2423 -0.9549
vn 0.4648 0.6564 -0.5942
vn 0.5778 0.8161 -0.0000
vn 0.3777 0.7108 0.5934
vn 0.1400 0.2635 0.9545
vn -0.1500 -0.2822 0.9476
vn -0.3815 -0.7179 0.5823
vn -0.4692 -0.8831 -0.0000
vn -0.3815 -0.7179 -0.5823
vn -0.1500 -0.2822 -0.9476
vn 0.1400 0.2635 -0.9545
vn 0.3777 0.7108 -0.5934
vn 0.4692 0.8831 -0.0000
vn 0.2951 0.7493 0.5928
vn 0.1097 0.2786 0.9541
vn -0.1167 -0.2963 0.9479
vn -0.2978 -0.7560 0.5828
vn -0.3665 -0.9304 -0.0000
vn -0.2978 -0.7560 -0.5828
vn -0.1167 -0.2963 -0.9479
vn 0.1097 0.2786 -0.9541
vn 0.2951 0.7493 -0.5928
vn 0.3665 0.9304 -0.0000
vn 0.2171 0.7758 0.5924
vn 0.0809 0.2892 0.9539
vn -0.0856 -0.3059 0.9482
vn -0.2189 -0.7822 0.5832
vn -0.2695 -0.9630 -0.0000
vn -0.2189 -0.7822 -0.5832
vn -0.0856 -0.3059 -0.9482
vn 0.0809 0.2892 -0.9539
vn 0.2171 0.7758 -0.5924
vn 0.2695 0.9630 -0.0000
vn 0.1427 0.7931 0.5921
vn 0.0533 0.2961 0.9537
vn -0.0561 -0.3121 0.9484
vn -0.1438 -0.7993 0.5835
vn -0.1770 -0.9842 -0.0000
vn -0.1438 -0.7993 -0.5835
vn -0.0561 -0.3121 -0.9484
vn 0.0533 0.2961 -0.9537
vn 0.1427 0.7931 -0.5921
vn 0.1770 0.9842 -0.0000
vn 0.0707 0.8029 0.5919
vn 0.0264 0.3000 0.9536
vn -0.0278 -0.3156 0.9485
vn -0.0712 -0.8088 0.5837
vn -0.0877 -0.9961 -0.0000
vn -0.0712 -0.8088 -0.5837
vn -0.0278 -0.3156 -0.9485
vn 0.0264 0.3000 -0.9536
vn 0.0707 0.8029 -0.5919
vn 0.0877 0.9961 -0.0000
vn -0.0000 0.8060 0.5919
vn -0.0000 0.3012 0.9536
vn -0.0000 -0.3167 0.9485
vn -0.0000 -0.8119 0.5837
vn -0.0000 -1.0000 -0.0000
vn -0.0000 -0.8119 -0.5837
vn -0.0000 -0.3167 -0.9485
vn -0.0000 0.3012 -0.9536
vn -0.0000 0.8060 -0.5919
vn -0.0000 1.0000 -0.0000
vn -0.0707 0.8029 0.5919
vn -0.0264 0.3000 0.9536
vn 0.0278 -0.3156 0.9485
vn 0.0712 -0.8088 0.5837
vn 0.0877 -0.9961 -0.0000
vn 0.0712 -0.8088 -0.5837
vn 0.0278 -0.3156 -0.9485
vn -0.0264 0.3000 -0.9536
vn -0.0707 0.8029 -0.5919
vn -0.0877 0.9961 -0.0000
vn -0.1427 0.7931 0.5921
vn -0.0533 0.2961 0.9537
vn 0.0561 -0.3121 0.9484
vn 0.1438 -0.7993 0.5835
vn 0.1770 -0.9842 -0.0000
vn 0.1438 -0.7993 -0.5835
vn 0.0561 -0.3121 -0.9484
vn -0.0533 0.2961 -0.9537
vn -0.1427 0.7931 -0.5921
vn -0.1770 0.9842 -0.0000
vn -0.2171 0.7758 0.5924
vn -0.0809 0.2892 0.9539
vn 0.0856 -0.3059 0.9482
vn 0.2189 -0.7822 0.5832
vn 0.2695 -0.9630 -0.0000
vn 0.2189 -0.7822 -0.5832
vn 0.0856 -0.3059 -0.9482
vn -0.0809 0.2892 -0.9539
vn -0.2171 0.7758 -0.5924
vn -0.2695 0.9630 -0.0000
vn -0.2951 0.7493 0.5928
vn -0.1097 0.2786 0.9541
vn 0.1167 -0.2963 0.9479
vn 0.2978 -0.7560 0.5828
vn 0.3665 -0.9304 -0.0000
vn 0.2978 -0.7560 -0.5828
vn 0.1167 -0.2963 -0.9479
vn -0.1097 0.2786 -0.9541
vn -0.2951 0.7493 -0.5928
vn -0.3665 0.9304 -0.0000
vn -0.3777 0.7108 0.5934
vn -0.1400 0.2635 0.9545
vn 0.1500 -0.2822 0.9476
vn 0.3815 -0.7179 0.5823
vn 0.4692 -0.8831 -0.0000
vn 0.3815 -0.7179 -0.5823
vn 0.1500 -0.2822 -0.9476
vn -0.1400 0.2635 -0.9545
vn -0.3777 0.7108 -0.5934
vn -0.4692 0.8831 -0.0000
vn -0.4648 0.6564 0.5942
vn -0.1715 0.2423 0.9549
vn 0.1855 -0.2620 0.9471
vn 0.4702 -0.6639 0.5815
vn 0.5779 -0.8161 -0.0000
vn 0.4702 -0.6639 -0.5815
vn 0.1855 -0.2620 -0.9471
vn -0.1715 0.2423 -0.9549
vn -0.4648 0.6564 -0.5942
vn -0.5778 0.8161 -0.0000
vn -0.5551 0.5810 0.5952
vn -0.2038 0.2133 0.9555
vn 0.2231 -0.2334 0.9464
vn 0.5625 -0.5887 0.5805
vn 0.6909 -0.7230 -0.0000
vn 0.5625 -0.5887 -0.5805
vn 0.2231 -0.2334 -0.9464
vn -0.2038 0.2133 -0.9555
vn -0.5551 0.5810 -0.5952
vn -0.6908 0.7231 -0.0000
vn -0.6443 0.4788 0.5964
vn -0.2350 0.1746 0.9562
vn 0.2609 -0.1938 0.9457
vn 0.6542 -0.4860 0.5795
vn 0.8027 -0.5963 -0.0000
vn 0.6542 -0.4860 -0.5795
vn 0.2609 -0.1938 -0.9457
vn -0.2350 0.1746 -0.9562
vn -0.6443 0.4788 -0.5964
vn -0.8026 0.5965 -0.0000
vn -0.7236 0.3454 0.5976
vn -0.2621 0.1251 0.9569
vn 0.2952 -0.1409 0.9450
vn 0.7363 -0.3513 0.5784
vn 0.9025 -0.4307 -0.0000
vn 0.7363 -0.3513 -0.5784
vn 0.2952 -0.1409 -0.9450
vn -0.2621 0.1251 -0.9569
vn -0.7236 0.3454 -0.5976
vn -0.9024 0.4309 -0.0000
vn -0.7800 0.1822 0.5986
vn -0.2811 0.0657 0.9574
vn 0.3202 -0.0748 0.9444
vn 0.7950 -0.1856 0.5775
vn 0.9738 -0.2274 -0.0000
vn 0.7950 -0.1856 -0.5775
vn 0.3202 -0.0748 -0.9444
vn -0.2811 0.0657 -0.9574
vn -0.7800 0.1822 -0.5986
vn -0.9738 0.2275 -0.0000
vn -0.8008 -0.0000 0.5990
vn -0.2879 -0.0000 0.9576
vn 0.3294 -0.0000 0.9442
vn 0.8166 -0.0000 0.5772
vn 0.8166 -0.0000 -0.5772
vn 0.3294 -0.0000 -0.9442
vn -0.2879 -0.0000 -0.9576
vn -0.8008 -0.0000 -0.5990
vn -0.7800 -0.1822 0.5986
vn -0.2811 -0.0657 0.9574
vn 0.3202 0.0748 0.9444
vn 0.7950 0.1856 0.5775
vn 0.9738 0.2274 -0.0000
vn 0.7950 0.1856 -0.5775
vn 0.3202 0.0748 -0.9444
vn -0.2811 -0.0657 -0.9574
vn -0.7800 -0.1822 -0.5986
vn -0.9738 -0.2275 -0.0000
vn -0.7236 -0.3454 0.5976
vn -0.2621 -0.1251 0.9569
vn 0.2952 0.1409 0.9450
vn 0.7363 0.3513 0.5784
vn 0.9025 0.4307 -0.0000
vn 0.7363 0.3513 -0.5784
vn 0.2952 0.1409 -0.9450
vn -0.2621 -0.1251 -0.9569
vn -0.7236 -0.3454 -0.5976
vn -0.9024 -0.4309 -0.0000
vn -0.6443 -0.4788 0.5964
vn -0.2350 -0.1746 0.9562
vn 0.2609 0.1938 0.9457
vn 0.6542 0.4860 0.5795
vn 0.8027 0.5963 -0.0000
vn 0.6542 0.4860 -0.5795
vn 0.2609 0.1938 -0.9457
vn -0.2350 -0.1746 -0.9562
vn -0.6443 -0.4788 -0.5964
vn -0.8026 -0.5965 -0.0000
vn -0.5551 -0.5810 0.5952
vn -0.2038 -0.2133 0.9555
vn 0.2231 0.2334 0.9464
vn 0.5625 0.5887 0.5805
vn 0.6909 0.7230 -0.0000
vn 0.5625 0.5887 -0.5805
vn 0.2231 0.2334 -0.9464
vn -0.2038 -0.2133 -0.9555
vn -0.5551 -0.5810 -0.5952
vn -0.6908 -0.7231 -0.0000
vn -0.4648 -0.6564 0.5942
vn -0.1715 -0.2423 0.9549
vn 0.1855 0.2620 0.9471
vn 0.4702 0.6639 0.5815
vn 0.5779 0.8161 -0.0000
vn 0.4702 0.6639 -0.5815
vn 0.1855 0.2620 -0.9471
vn -0.1715 -0.2423 -0.9549
vn -0.4648 -0.6564 -0.5942
vn -0.5778 -0.8161 -0.0000
vn -0.3777 -0.7108 0.5934
vn -0.1400 -0.2635 0.9545
vn 0.1500 0.2822 0.9476
vn 0.3815 0.7179 0.5823
vn 0.3815 0.7179 -0.5823
vn 0.1500 0.2822 -0.9476
vn -0.1400 -0.2635 -0.9545
vn -0.3777 -0.7108 -0.5934
vn -0.2951 -0.7493 0.5928
vn -0.1097 -0.2786 0.9541
vn 0.1167 0.2963 0.9479
vn 0.2978 0.7560 0.5828
vn 0.2978 0.7560 -0.5828
vn 0.1167 0.2963 -0.9479
vn -0.1097 -0.2786 -0.9541
vn -0.2951 -0.7493 -0.5928
vn -0.2171 -0.7758 0.5924
vn -0.0809 -0.2892 0.9539
vn 0.0856 0.3059 0.9482
vn 0.2189 0.7822 0.5833
vn 0.2189 0.7822 -0.5833
vn 0.0856 0.3059 -0.9482
vn -0.0809 -0.2892 -0.9539
vn -0.2171 -0.7758 -0.5924
vn -0.1427 -0.7931 0.5921
vn -0.0533 -0.2961 0.9537
vn 0.0561 0.3121 0.9484
vn 0.1438 0.7993 0.5835
vn 0.1438 0.7993 -0.5835
vn 0.0561 0.3121 -0.9484
vn -0.0533 -0.2961 -0.9537
vn -0.1427 -0.7931 -0.5921
vn -0.0707 -0.8029 0.5919
vn -0.0264 -0.3000 0.9536
vn 0.0278 0.3156 0.9485
vn 0.0712 0.8088 0.5837
vn 0.0712 0.8088 -0.5837
vn 0.0278 0.3156 -0.9485
vn -0.0264 -0.3000 -0.9536
vn -0.0707 -0.8029 -0.5919
vn -0.0000 -0.8060 0.5919
vn -0.0000 -0.3012 0.9536
vn -0.0000 0.3167 0.9485
vn -0.0000 0.8119 0.5837
vn -0.0000 0.8119 -0.5837
vn -0.0000 0.3167 -0.9485
vn -0.0000 -0.3012 -0.9536
vn -0.0000 -0.8060 -0.5919
vn 0.0707 -0.8029 0.5919
vn 0.0264 -0.3000 0.9536
vn -0.0278 0.3156 0.9485
vn -0.0712 0.8088 0.5837
vn -0.0712 0.8088 -0.5837
vn -0.0278 0.3156 -0.9485
vn 0.0264 -0.3000 -0.9536
vn 0.0707 -0.8029 -0.5919
vn 0.1427 -0.7931 0.5921
vn 0.0533 -0.2961 0.9537
vn -0.0561 0.3121 0.9484
vn -0.1438 0.7993 0.5835
vn -0.1438 0.7993 -0.5835
vn -0.0561 0.3121 -0.9484
vn 0.0533 -0.2961 -0.9537
vn 0.1427 -0.7931 -0.5921
vn 0.2171 -0.7758 0.5924
vn 0.0809 -0.2892 0.9539
vn -0.0856 0.3059 0.9482
vn -0.2189 0.7822 0.5832
vn -0.2189 0.7822 -0.5832
vn -0.0856 0.3059 -0.9482
vn 0.0809 -0.2892 -0.9539
vn 0.2171 -0.7758 -0.5924
vn 0.2951 -0.7493 0.5928
vn 0.1097 -0.2786 0.9541
vn -0.1167 0.2963 0.9479
vn -0.2978 0.7560 0.5828
vn -0.2978 0.7560 -0.5828
vn -0.1167 0.2963 -0.9479
vn 0.1097 -0.2786 -0.9541
vn 0.2951 -0.7493 -0.5928
vn 0.3777 -0.7108 0.5934
vn 0.1400 -0.2635 0.9545
vn -0.1500 0.2822 0.9476
vn -0.3815 0.7179 0.5823
vn -0.3815 0.7179 -0.5823
vn -0.1500 0.2822 -0.9476
vn 0.1400 -0.2635 -0.9545
vn 0.3777 -0.7108 -0.5934
vn 0.4648 -0.6564 0.5942
vn 0.1715 -0.2423 0.9549
vn -0.1855 0.2620 0.9471
vn -0.4702 0.6639 0.5815
vn -0.5779 0.8161 -0.0000
vn -0.4702 0.6639 -0.5815
vn -0.1855 0.2620 -0.9471
vn 0.1715 -0.2423 -0.9549
vn 0.4648 -0.6564 -0.5942
vn 0.5778 -0.8161 -0.0000
vn 0.5551 -0.5810 0.5952
vn 0.2038 -0.2133 0.9555
vn -0.2231 0.2334 0.9464
vn -0.5625 0.5887 0.5805
vn -0.6909 0.7230 -0.0000
vn -0.5625 0.5887 -0.5805
vn -0.2231 0.2334 -0.9464
vn 0.2038 -0.2133 -0.9555
vn 0.5551 -0.5810 -0.5952
vn 0.6908 -0.7231 -0.0000
vn 0.6443 -0.4788 0.5964
vn 0.2350 -0.1746 0.9562
vn -0.2609 0.1938 0.9457
vn -0.6542 0.4860 0.5795
vn -0.8027 0.5963 -0.0000
vn -0.6542 0.4860 -0.5795
vn -0.2609 0.1938 -0.9457
vn 0.2350 -0.1746 -0.9562
vn 0.6443 -0.4788 -0.5964
vn 0.8026 -0.5965 -0.0000
vn 0.7236 -0.3454 0.5976
vn 0.2621 -0.1251 0.9569
vn -0.2952 0.1409 0.9450
vn -0.7363 0.3513 0.5784
vn -0.9025 0.4307 -0.0000
vn -0.7363 0.3513 -0.5784
vn -0.2952 0.1409 -0.9450
vn 0.2621 -0.1251 -0.9569
vn 0.7236 -0.3454 -0.5976
vn 0.9024 -0.4309 -0.0000
vn 0.7800 -0.1822 0.5986
vn 0.2811 -0.0657 0.9574
vn -0.3202 0.0748 0.9444
vn -0.7950 0.1856 0.5775
vn -0.9738 0.2274 -0.0000
vn -0.7950 0.1856 -0.5775
vn -0.3202 0.0748 -0.9444
vn 0.2811 -0.0657 -0.9574
vn 0.7800 -0.1822 -0.5986
vn 0.9738 -0.2275 -0.0000
vt 0.000000 1.000000
vt 0.022727 1.000000
vt 0.022727 0.900000
vt 0.000000 0.900000
vt 0.000000 0.100000
vt 0.022727 0.100000
vt 0.022727 0.000000
vt 0.000000 0.000000
vt 0.000000 0.200000
vt 0.022727 0.200000
vt 0.000000 0.300000
vt 0.022727 0.300000
vt 0.000000 0.400000
vt 0.022727 0.400000
vt 0.000000 0.500000
vt 0.022727 0.500000
vt 0.000000 0.600000
vt 0.022727 0.600000
vt 0.000000 0.700000
vt 0.022727 0.700000
vt 0.000000 0.800000
vt 0.022727 0.800000
vt 0.045455 1.000000
vt 0.045455 0.900000
vt 0.045455 0.100000
vt 0.045455 0.000000
vt 0.045455 0.200000
vt 0.045455 0.300000
vt 0.045455 0.400000
vt 0.045455 0.500000
vt 0.045455 0.600000
vt 0.045455 0.700000
vt 0.045455 0.800000
vt 0.068182 1.000000
vt 0.068182 0.900000
vt 0.068182 0.100000
vt 0.068182 0.000000
vt 0.068182 0.200000
vt 0.068182 0.300000
vt 0.068182 0.400000
vt 0.068182 0.500000
vt 0.068182 0.600000
vt 0.068182 0.700000
vt 0.068182 0.800000
vt 0.090909 1.000000
vt 0.090909 0.900000
vt 0.090909 0.100000
vt 0.090909 0.000000
vt 0.090909 0.200000
vt 0.090909 0.300000
vt 0.090909 0.400000
vt 0.090909 0.500000
vt 0.090909 0.600000
vt 0.090909 0.700000
vt 0.090909 0.800000
vt 0.113636 1.000000
vt 0.113636 0.900000
vt 0.113636 0.100000
vt 0.113636 0.000000
vt 0.113636 0.200000
vt 0.113636 0.300000
vt 0.113636 0.400000
vt 0.113636 0.500000
vt 0.113636 0.600000
vt 0.113636 0.700000
vt 0.113636 0.800000
vt 0.136364 1.000000
vt 0.136364 0.900000
vt 0.136364 0.100000
vt 0.136364 0.000000
vt 0.136364 0.200000
vt 0.136364 0.300000
vt 0.136364 0.400000
vt 0.136364 0.500000
vt 0.136364 0.600000
vt 0.136364 0.700000
vt 0.136364 0.800000
vt 0.159091 1.000000
vt 0.159091 0.900000
vt 0.159091 0.100000
vt 0.159091 0.000000
vt 0.159091 0.200000
vt 0.159091 0.300000
vt 0.159091 0.400000
vt 0.159091 0.500000
vt 0.159091 0.600000
vt 0.159091 0.700000
vt 0.159091 0.800000
vt 0.181818 1.000000
vt 0.181818 0.900000
vt 0.181818 0.100000
vt 0.181818 0.000000
vt 0.181818 0.200000
vt 0.181818 0.300000
vt 0.181818 0.400000
vt 0.181818 0.500000
vt 0.181818 0.600000
vt 0.181818 0.700000
vt 0.181818 0.800000
vt 0.204545 1.000000
vt 0.204545 0.900000
vt 0.204545 0.100000
vt 0.204545 0.000000
vt 0.204545 0.200000
vt 0.204545 0.300000
vt 0.204545 0.400000
vt 0.204545 0.500000
vt 0.204545 0.600000
vt 0.204545 0.700000
vt 0.204545 0.800000
vt 0.227273 1.000000
vt 0.227273 0.900000
vt 0.227273 0.100000
vt 0.227273 0.000000
vt 0.227273 0.200000
vt 0.227273 0.300000
vt 0.227273 0.400000
vt 0.227273 0.500000
vt 0.227273 0.600000
vt 0.227273 0.700000
vt 0.227273 0.800000
vt 0.250000 1.000000
vt 0.250000 0.900000
vt 0.250000 0.100000
vt 0.250000 0.000000
vt 0.250000 0.200000
vt 0.250000 0.300000
vt 0.250000 0.400000
vt 0.250000 0.500000
vt 0.250000 0.600000
vt 0.250000 0.700000
vt 0.250000 0.800000
vt 0.272727 1.000000
vt 0.272727 0.900000
vt 0.272727 0.100000
vt 0.272727 0.000000
vt 0.272727 0.200000
vt 0.272727 0.300000
vt 0.272727 0.400000
vt 0.272727 0.500000
vt 0.272727 0.600000
vt 0.272727 0.700000
vt 0.272727 0.800000
vt 0.295455 1.000000
vt 0.295455 0.900000
vt 0.295455 0.100000
vt 0.295455 0.000000
vt 0.295455 0.200000
vt 0.295455 0.300000
vt 0.295455 0.400000
vt 0.295455 0.500000
vt 0.295455 0.600000
vt 0.295455 0.700000
vt 0.295455 0.800000
vt 0.318182 1.000000
vt 0.318182 0.900000
vt 0.318182 0.100000
vt 0.318182 0.000000
vt 0.318182 0.200000
vt 0.318182 0.300000
vt 0.318182 0.400000
vt 0.318182 0.500000
vt 0.318182 0.600000
vt 0.318182 0.700000
vt 0.318182 0.800000
vt 0.340909 1.000000
vt 0.340909 0.900000
vt 0.340909 0.100000
vt 0.340909 0.000000
vt 0.340909 0.200000
vt 0.340909 0.300000
vt 0.340909 0.400000
vt 0.340909 0.500000
vt 0.340909 0.600000
vt 0.340909 0.700000
vt 0.340909 0.800000
vt 0.363636 1.000000
vt 0.363636 0.900000
vt 0.363636 0.100000
vt 0.363636 0.000000
vt 0.363636 0.200000
vt 0.363636 0.300000
vt 0.363636 0.400000
vt 0.363636 0.500000
vt 0.363636 0.600000
vt 0.363636 0.700000
vt 0.363636 0.800000
vt 0.386364 1.000000
vt 0.386364 0.900000
vt 0.386364 0.100000
vt 0.386364 0.000000
vt 0.386364 0.200000
vt 0.386364 0.300000
vt 0.386364 0.400000
vt 0.386364 0.500000
vt 0.386364 0.600000
vt 0.386364 0.700000
vt 0.386364 0.800000
vt 0.409091 1.000000
vt 0.409091 0.900000
vt 0.409091 0.100000
vt 0.409091 0.000000
vt 0.409091 0.200000
vt 0.409091 0.300000
vt 0.409091 0.400000
vt 0.409091 0.500000
vt 0.409091 0.600000
vt 0.409091 0.700000
vt 0.409091 0.800000
vt 0.431818 1.000000
vt 0.431818 0.900000
vt 0.431818 0.100000
vt 0.431818 0.000000
vt 0.431818 0.200000
vt 0.431818 0.300000
vt 0.431818 0.400000
vt 0.431818 0.500000
vt 0.431818 0.600000
vt 0.431818 0.700000
vt 0.431818 0.800000
vt 0.454545 1.000000
vt 0.454545 0.900000
vt 0.454545 0.100000
vt 0.454545 0.000000
vt 0.454545 0.200000
vt 0.454545 0.300000
vt 0.454545 0.400000
vt 0.454545 0.500000
vt 0.454545 0.600000
vt 0.454545 0.700000
vt 0.454545 0.800000
vt 0.477273 1.000000
vt 0.477273 0.900000
vt 0.477273 0.100000
vt 0.477273 0.000000
vt 0.477273 0.200000
vt 0.477273 0.300000
vt 0.477273 0.400000
vt 0.477273 0.500000
vt 0.477273 0.600000
vt 0.477273 0.700000
vt 0.477273 0.800000
vt 0.500000 1.000000
vt 0.500000 0.900000
vt 0.500000 0.100000
vt 0.500000 0.000000
vt 0.500000 0.200000
vt 0.500000 0.300000
vt 0.500000 0.400000
vt 0.500000 0.500000
vt 0.500000 0.600000
vt 0.500000 0.700000
vt 0.500000 0.800000
vt 0.522727 1.000000
vt 0.522727 0.900000
vt 0.522727 0.100000
vt 0.522727 0.000000
vt 0.522727 0.200000
vt 0.522727 0.300000
vt 0.522727 0.400000
vt 0.522727 0.500000
vt 0.522727 0.600000
vt 0.522727 0.700000
vt 0.522727 0.800000
vt 0.545455 1.000000
vt 0.545455 0.900000
vt 0.545455 0.100000
vt 0.545455 0.000000
vt 0.545455 0.200000
vt 0.545455 0.300000
vt 0.545455 0.400000
vt 0.545455 0.500000
vt 0.545455 0.600000
vt 0.545455 0.700000
vt 0.545455 0.800000
vt 0.568182 1.000000
vt 0.568182 0.900000
vt 0.568182 0.100000
vt 0.568182 0.000000
vt 0.568182 0.200000
vt 0.568182 0.300000
vt 0.568182 0.400000
vt 0.568182 0.500000
vt 0.568182 0.600000
vt 0.568182 0.700000
vt 0.568182 0.800000
vt 0.590909 1.000000
vt 0.590909 0.900000
vt 0.590909 0.100000
vt 0.590909 0.000000
vt 0.590909 0.200000
vt 0.590909 0.300000
vt 0.590909 0.400000
vt 0.590909 0.500000
vt 0.590909 0.600000
vt 0.590909 0.700000
vt 0.590909 0.800000
vt 0.613636 1.000000
vt 0.613636 0.900000
vt 0.613636 0.100000
vt 0.613636 0.000000
vt 0.613636 0.200000
vt 0.613636 0.300000
vt 0.613636 0.400000
vt 0.613636 0.500000
vt 0.613636 0.600000
vt 0.613636 0.700000
vt 0.613636 0.800000
vt 0.636364 1.000000
vt 0.636364 0.900000
vt 0.636364 0.100000
vt 0.636364 0.000000
vt 0.636364 0.200000
vt 0.636364 0.300000
vt 0.636364 0.400000
vt 0.636364 0.500000
vt 0.636364 0.600000
vt 0.636364 0.700000
vt 0.636364 0.800000
vt 0.659091 1.000000
vt 0.659091 0.900000
vt 0.659091 0.100000
vt 0.659091 0.000000
vt 0.659091 0.200000
vt 0.659091 0.300000
vt 0.659091 0.400000
vt 0.659091 0.500000
vt 0.659091 0.600000
vt 0.659091 0.700000
vt 0.659091 0.800000
vt 0.681818 1.000000
vt 0.681818 0.900000
vt 0.681818 0.100000
vt 0.681818 0.000000
vt 0.681818 0.200000
vt 0.681818 0.300000
vt 0.681818 0.400000
vt 0.681818 0.500000
vt 0.681818 0.600000
vt 0.681818 0.700000
vt 0.681818 0.800000
vt 0.704545 1.000000
vt 0.704545 0.900000
vt 0.704545 0.100000
vt 0.704545 0.000000
vt 0.704545 0.200000
vt 0.704545 0.300000
vt 0.704545 0.400000
vt 0.704545 0.500000
vt 0.704545 0.600000
vt 0.704545 0.700000
vt 0.704545 0.800000
vt 0.727273 1.000000
vt 0.727273 0.900000
vt 0.727273 0.100000
vt 0.727273 0.000000
vt 0.727273 0.200000
vt 0.727273 0.300000
vt 0.727273 0.400000
vt 0.727273 0.500000
vt 0.727273 0.600000
vt 0.727273 0.700000
vt 0.727273 0.800000
vt 0.750000 1.000000
vt 0.750000 0.900000
vt 0.750000 0.100000
vt 0.750000 0.000000
vt 0.750000 0.200000
vt 0.750000 0.300000
vt 0.750000 0.400000
vt 0.750000 0.500000
vt 0.750000 0.600000
vt 0.750000 0.700000
vt 0.750000 0.800000
vt 0.772727 1.000000
vt 0.772727 0.900000
vt 0.772727 0.100000
vt 0.772727 0.000000
vt 0.772727 0.200000
vt 0.772727 0.300000
vt 0.772727 0.400000
vt 0.772727 0.500000
vt 0.772727 0.600000
vt 0.772727 0.700000
vt 0.772727 0.800000
vt 0.795455 1.000000
vt 0.795455 0.900000
vt 0.795455 0.100000
vt 0.795455 0.000000
vt 0.795455 0.200000
vt 0.795455 0.300000
vt 0.795455 0.400000
vt 0.795455 0.500000
vt 0.795455 0.600000
vt 0.795455 0.700000
vt 0.795455 0.800000
vt 0.818182 1.000000
vt 0.818182 0.900000
vt 0.818182 0.100000
vt 0.818182 0.000000
vt 0.818182 0.200000
vt 0.818182 0.300000
vt 0.818182 0.400000
vt 0.818182 0.500000
vt 0.818182 0.600000
vt 0.818182 0.700000
vt 0.818182 0.800000
vt 0.840909 1.000000
vt 0.840909 0.900000
vt 0.840909 0.100000
vt 0.840909 0.000000
vt 0.840909 0.200000
vt 0.840909 0.300000
vt 0.840909 0.400000
vt 0.840909 0.500000
vt 0.840909 0.600000
vt 0.840909 0.700000
vt 0.840909 0.800000
vt 0.863636 1.000000
vt 0.863636 0.900000
vt 0.863636 0.100000
vt 0.863636 0.000000
vt 0.863636 0.200000
vt 0.863636 0.300000
vt 0.863636 0.400000
vt 0.863636 0.500000
vt 0.863636 0.600000
vt 0.863636 0.700000
vt 0.863636 0.800000
vt 0.886364 1.000000
vt 0.886364 0.900000
vt 0.886364 0.100000
vt 0.886364 0.000000
vt 0.886364 0.200000
vt 0.886364 0.300000
vt 0.886364 0.400000
vt 0.886364 0.500000
vt 0.886364 0.600000
vt 0.886364 0.700000
vt 0.886364 0.800000
vt 0.909091 1.000000
vt 0.909091 0.900000
vt 0.909091 0.100000
vt 0.909091 0.000000
vt 0.909091 0.200000
vt 0.909091 0.300000
vt 0.909091 0.400000
vt 0.909091 0.500000
vt 0.909091 0.600000
vt 0.909091 0.700000
vt 0.909091 0.800000
vt 0.931818 1.000000
vt 0.931818 0.900000
vt 0.931818 0.100000
vt 0.931818 0.000000
vt 0.931818 0.200000
vt 0.931818 0.300000
vt 0.931818 0.400000
vt 0.931818 0.500000
vt 0.931818 0.600000
vt 0.931818 0.700000
vt 0.931818 0.800000
vt 0.954545 1.000000
vt 0.954545 0.900000
vt 0.954545 0.100000
vt 0.954545 0.000000
vt 0.954545 0.200000
vt 0.954545 0.300000
vt 0.954545 0.400000
vt 0.954545 0.500000
vt 0.954545 0.600000
vt 0.954545 0.700000
vt 0.954545 0.800000
vt 0.977273 1.000000
vt 0.977273 0.900000
vt 0.977273 0.100000
vt 0.977273 0.000000
vt 0.977273 0.200000
vt 0.977273 0.300000
vt 0.977273 0.400000
vt 0.977273 0.500000
vt 0.977273 0.600000
vt 0.977273 0.700000
vt 0.977273 0.800000
vt 1.000000 1.000000
vt 1.000000 0.900000
vt 1.000000 0.100000
vt 1.000000 0.000000
vt 1.000000 0.200000
vt 1.000000 0.300000
vt 1.000000 0.400000
vt 1.000000 0.500000
vt 1.000000 0.600000
vt 1.000000 0.700000
vt 1.000000 0.800000
s 1
usemtl Track
f 101/105/98 111/106/108 120/107/117 110/108/107
f 102/109/99 112/110/109 111/111/108 101/112/98
f 103/113/100 113/114/110 112/110/109 102/109/99
f 104/115/101 114/116/111 113/114/110 103/113/100
f 105/117/102 115/118/112 114/116/111 104/115/101
f 106/119/103 116/120/113 115/118/112 105/117/102
f 107/121/104 117/122/114 116/120/113 106/119/103
f 108/123/105 118/124/115 117/122/114 107/121/104
f 109/125/106 119/126/116 118/124/115 108/123/105
f 110/108/107 120/107/117 119/126/116 109/125/106
f 111/106/108 121/127/118 130/128/127 120/107/117
f 112/110/109 122/129/119 121/130/118 111/111/108
f 113/114/110 123/131/120 122/129/119 112/110/109
f 114/116/111 124/132/121 123/131/120 113/114/110
f 115/118/112 125/133/122 124/132/121 114/116/111
f 116/120/113 126/134/123 125/133/122 115/118/112
f 117/122/114 127/135/124 126/134/123 116/120/113
f 118/124/115 128/136/125 127/135/124 117/122/114
f 119/126/116 129/137/126 128/136/125 118/124/115
f 120/107/117 130/128/127 129/137/126 119/126/116
f 121/127/118 131/138/128 140/139/137 130/128/127
f 122/129/119 132/140/129 131/141/128 121/130/118
f 123/131/120 133/142/130 132/140/129 122/129/119
f 124/132/121 134/143/131 133/142/130 123/131/120
f 125/133/122 135/144/132 134/143/131 124/132/121
f 126/134/123 136/145/133 135/144/132 125/133/122
f 127/135/124 137/146/134 136/145/133 126/134/123
f 128/136/125 138/147/135 137/146/134 127/135/124
f 129/137/126 139/148/136 138/147/135 128/136/125
f 130/128/127 140/139/137 139/148/136 129/137/126
f 131/138/128 141/149/138 150/150/147 140/139/137
f 132/140/129 142/151/139 141/152/138 131/141/128
f 133/142/130 143/153/140 142/151/139 132/140/129
f 134/143/131 144/154/141 143/153/140 133/142/130
f 135/144/132 145/155/142 144/154/141 134/143/131
f 136/145/133 146/156/143 145/155/142 135/144/132
f 137/146/134 147/157/144 146/156/143 136/145/133
f 138/147/135 148/158/145 147/157/144 137/146/134
f 139/148/136 149/159/146 148/158/145 138/147/135
f 140/139/137 150/150/147 149/159/146 139/148/136
f 141/149/138 151/160/148 160/161/157 150/150/147
f 142/151/139 152/162/149 151/163/148 141/152/138
f 143/153/140 153/164/150 152/162/149 142/151/139
f 144/154/141 154/165/151 153/164/150 143/153/140
f 145/155/142 155/166/152 154/165/151 144/154/141
f 146/156/143 156/167/153 155/166/152 145/155/142
f 147/157/144 157/168/154 156/167/153 146/156/143
f 148/158/145 158/169/155 157/168/154 147/157/144
f 149/159/146 159/170/156 158/169/155 148/158/145
f 150/150/147 160/161/157 159/170/156 149/159/146
f 151/160/148 161/171/158 170/172/167 160/161/157
f 152/162/149 162/173/159 161/174/158 151/163/148
f 153/164/150 163/175/160 162/173/159 152/162/149
f 154/165/151 164/176/161 163/175/160 153/164/150
f 155/166/152 165/177/162 164/176/161 154/165/151
f 156/167/153 166/178/163 165/177/162 155/166/152
f 157/168/154 167/179/164 166/178/163 156/167/153
f 158/169/155 168/180/165 167/179/164 157/168/154
f 159/170/156 169/181/166 168/180/165 158/169/155
f 160/161/157 170/172/167 169/181/166 159/170/156
f 161/171/158 171/182/168 180/183/177 170/172/167
f 162/173/159 172/184/169 171/185/168 161/174/158
f 163/175/160 173/186/170 172/184/169 162/173/159
f 164/176/161 174/187/171 173/186/170 163/175/160
f 165/177/162 175/188/172 174/187/171 164/176/161
f 166/178/163 176/189/173 175/188/172 165/177/162
f 167/179/164 177/190/174 176/189/173 166/178/163
f 168/180/165 178/191/175 177/190/174 167/179/164
f 169/181/166 179/192/176 178/191/175 168/180/165
f 170/172/167 180/183/177 179/192/176 169/181/166
f 171/182/168 181/193/178 190/194/187 180/183/177
f 172/184/169 182/195/179 181/196/178 171/185/168
f 173/186/170 183/197/180 182/195/179 172/184/169
f 174/187/171 184/198/181 183/197/180 173/186/170
f 175/188/172 185/199/182 184/198/181 174/187/171
f 176/189/173 186/200/183 185/199/182 175/188/172
f 177/190/174 187/201/184 186/200/183 176/189/173
f 178/191/175 188/202/185 187/201/184 177/190/174
f 179/192/176 189/203/186 188/202/185 178/191/175
f 180/183/177 190/194/187 189/203/186 179/192/176
f 181/193/178 191/204/188 200/205/197 190/194/187
f 182/195/179 192/206/189 191/207/188 181/196/178
f 183/197/180 193/208/190 192/206/189 182/195/179
f 184/198/181 194/209/191 193/208/190 183/197/180
f 185/199/182 195/210/192 194/209/191 184/198/181
f 186/200/183 196/211/193 195/210/192 185/199/182
f 187/201/184 197/212/194 196/211/193 186/200/183
f 188/202/185 198/213/195 197/212/194 187/201/184
f 189/203/186 199/214/196 198/213/195 188/202/185
f 190/194/187 200/205/197 199/214/196 189/203/186
f 191/204/188 201/215/198 210/216/207 200/205/197
f 192/206/189 202/217/199 201/218/198 191/207/188
f 193/208/190 203/219/200 202/217/199 192/206/189
f 194/209/191 204/220/201 203/219/200 193/208/190
f 195/210/192 205/221/202 204/220/201 194/209/191
f 196/211/193 206/222/203 205/221/202 195/210/192
f 197/212/194 207/223/204 206/222/203 196/211/193
f 198/213/195 208/224/205 207/223/204 197/212/194
f 199/214/196 209/225/206 208/224/205 198/213/195
f 200/205/197 210/216/207 209/225/206 199/214/196
f 201/215/198 211/226/208 220/227/217 210/216/207
f 202/217/199 212/228/209 211/229/208 201/218/198
f 203/219/200 213/230/210 212/228/209 202/217/199
f 204/220/201 214/231/211 213/230/210 203/219/200
f 205/221/202 215/232/212 214/231/211 204/220/201
f 206/222/203 216/233/213 215/232/212 205/221/202
f 207/223/204 217/234/214 216/233/213 206/222/203
f 208/224/205 218/235/215 217/234/214 207/223/204
f 209/225/206 219/236/216 218/235/215 208/224/205
f 210/216/207 220/227/217 219/236/216 209/225/206
f 211/226/208 221/237/218 230/238/227 220/227/217
f 212/228/209 222/239/219 221/240/218 211/229/208
f 213/230/210 223/241/220 222/239/219 212/228/209
f 214/231/211 224/242/221 223/241/220 213/230/210
f 215/232/212 225/243/222 224/242/221 214/231/211
f 216/233/213 226/244/223 225/243/222 215/232/212
f 217/234/214 227/245/224 226/244/223 216/233/213
f 218/235/215 228/246/225 227/245/224 217/234/214
f 219/236/216 229/247/226 228/246/225 218/235/215
f 220/227/217 230/238/227 229/247/226 219/236/216
f 221/237/218 231/248/228 240/249/237 230/238/227
f 222/239/219 232/250/229 231/251/228 221/240/218
f 223/241/220 233/252/230 232/250/229 222/239/219
f 224/242/221 234/253/231 233/252/230 223/241/220
f 225/243/222 235/254/232 234/253/231 224/242/221
f 226/244/223 236/255/233 235/254/232 225/243/222
f 227/245/224 237/256/234 236/255/233 226/244/223
f 228/246/225 238/257/235 237/256/234 227/245/224
f 229/247/226 239/258/236 238/257/235 228/246/225
f 230/238/227 240/249/237 239/258/236 229/247/226
f 231/248/228 241/259/238 250/260/247 240/249/237
f 232/250/229 242/261/239 241/262/238 231/251/228
f 233/252/230 243/263/240 242/261/239 232/250/229
f 234/253/231 244/264/241 243/263/240 233/252/230
f 235/254/232 245/265/242 244/264/241 234/253/231
f 236/255/233 246/266/243 245/265/242 235/254/232
f 237/256/234 247/267/244 246/266/243 236/255/233
f 238/257/235 248/268/245 247/267/244 237/256/234
f 239/258/236 249/269/246 248/268/245 238/257/235
f 240/249/237 250/260/247 249/269/246 239/258/236
f 241/259/238 251/270/248 260/271/257 250/260/247
f 242/261/239 252/272/249 251/273/248 241/262/238
f 243/263/240 253/274/250 252/272/249 242/261/239
f 244/264/241 254/275/251 253/274/250 243/263/240
f 245/265/242 255/276/252 254/275/251 244/264/241
f 246/266/243 256/277/253 255/276/252 245/265/242
f 247/267/244 257/278/254 256/277/253 246/266/243
f 248/268/245 258/279/255 257/278/254 247/267/244
f 249/269/246 259/280/256 258/279/255 248/268/245
f 250/260/247 260/271/257 259/280/256 249/269/246
f 251/270/248 261/281/258 270/282/267 260/271/257
f 252/272/249 262/283/259 261/284/258 251/273/248
f 253/274/250 263/285/260 262/283/259 252/272/249
f 254/275/251 264/286/261 263/285/260 253/274/250
f 255/276/252 265/287/262 264/286/261 254/275/251
f 256/277/253 266/288/263 265/287/262 255/276/252
f 257/278/254 267/289/264 266/288/263 256/277/253
f 258/279/255 268/290/265 267/289/264 257/278/254
f 259/280/256 269/291/266 268/290/265 258/279/255
f 260/271/257 270/282/267 269/291/266 259/280/256
f 261/281/258 271/292/268 280/293/277 270/282/267
f 262/283/259 272/294/269 271/295/268 261/284/258
f 263/285/260 273/296/270 272/294/269 262/283/259
f 264/286/261 274/297/271 273/296/270 263/285/260
f 265/287/262 275/298/272 274/297/271 264/286/261
f 266/288/263 276/299/273 275/298/272 265/287/262
f 267/289/264 277/300/274 276/299/273 266/288/263
f 268/290/265 278/301/275 277/300/274 267/289/264
f 269/291/266 279/302/276 278/301/275 268/290/265
f 270/282/267 280/293/277 279/302/276 269/291/266
f 271/292/268 281/303/278 290/304/287 280/293/277
f 272/294/269 282/305/279 281/306/278 271/295/268
f 273/296/270 283/307/280 282/305/279 272/294/269
f 274/297/271 284/308/281 283/307/280 273/296/270
f 275/298/272 285/309/282 284/308/281 274/297/271
f 276/299/273 286/310/283 285/309/282 275/298/272
f 277/300/274 287/311/284 286/310/283 276/299/273
f 278/301/275 288/312/285 287/311/284 277/300/274
f 279/302/276 289/313/286 288/312/285 278/301/275
f 280/293/277 290/304/287 289/313/286 279/302/276
f 281/303/278 291/314/288 300/315/297 290/304/287
f 282/305/279 292/316/289 291/317/288 281/306/278
f 283/307/280 293/318/290 292/316/289 282/305/279
f 284/308/281 294/319/291 293/318/290 283/307/280
f 285/309/282 295/320/292 294/319/291 284/308/281
f 286/310/283 296/321/293 295/320/292 285/309/282
f 287/311/284 297/322/294 296/321/293 286/310/283
f 288/312/285 298/323/295 297/322/294 287/311/284
f 289/313/286 299/324/296 298/323/295 288/312/285
f 290/304/287 300/315/297 299/324/296 289/313/286
f 291/314/288 301/325/298 310/326/307 300/315/297
f 292/316/289 302/327/299 301/328/298 291/317/288
f 293/318/290 303/329/300 302/327/299 292/316/289
f 294/319/291 304/330/301 303/329/300 293/318/290
f 295/320/292 305/331/302 304/330/301 294/319/291
f 296/321/293 306/332/303 305/331/302 295/320/292
f 297/322/294 307/333/304 306/332/303 296/321/293
f 298/323/295 308/334/305 307/333/304 297/322/294
f 299/324/296 309/335/306 308/334/305 298/323/295
f 300/315/297 310/326/307 309/335/306 299/324/296
f 301/325/298 311/336/308 320/337/317 310/326/307
f 302/327/299 312/338/309 311/339/308 301/328/298
f 303/329/300 313/340/310 312/338/309 302/327/299
f 304/330/301 314/341/311 313/340/310 303/329/300
f 305/331/302 315/342/312 314/341/311 304/330/301
f 306/332/303 316/343/313 315/342/312 305/331/302
f 307/333/304 317/344/314 316/343/313 306/332/303
f 308/334/305 318/345/315 317/344/314 307/333/304
f 309/335/306 319/346/316 318/345/315 308/334/305
f 310/326/307 320/337/317 319/346/316 309/335/306
f 311/336/308 321/347/318 330/348/102 320/337/317
f 312/338/309 322/349/319 321/350/318 311/339/308
f 313/340/310 323/351/320 322/349/319 312/338/309
f 314/341/311 324/352/321 323/351/320 313/340/310
f 315/342/312 325/353/107 324/352/321 314/341/311
f 316/343/313 326/354/322 325/353/107 315/342/312
f 317/344/314 327/355/323 326/354/322 316/343/313
f 318/345/315 328/356/324 327/355/323 317/344/314
f 319/346/316 329/357/325 328/356/324 318/345/315
f 320/337/317 330/348/102 329/357/325 319/346/316
f 321/347/318 331/358/326 340/359/335 330/348/102
f 322/349/319 332/360/327 331/361/326 321/350/318
f 323/351/320 333/362/328 332/360/327 322/349/319
f 324/352/321 334/363/329 333/362/328 323/351/320
f 325/353/107 335/364/330 334/363/329 324/352/321
f 326/354/322 336/365/331 335/364/330 325/353/107
f 327/355/323 337/366/332 336/365/331 326/354/322
f 328/356/324 338/367/333 337/366/332 327/355/323
f 329/357/325 339/368/334 338/367/333 328/356/324
f 330/348/102 340/359/335 339/368/334 329/357/325
f 331/358/326 341/369/336 350/370/345 340/359/335
f 332/360/327 342/371/337 341/372/336 331/361/326
f 333/362/328 343/373/338 342/371/337 332/360/327
f 334/363/329 344/374/339 343/373/338 333/362/328
f 335/364/330 345/375/340 344/374/339 334/363/329
f 336/365/331 346/376/341 345/375/340 335/364/330
f 337/366/332 347/377/342 346/376/341 336/365/331
f 338/367/333 348/378/343 347/377/342 337/366/332
f 339/368/334 349/379/344 348/378/343 338/367/333
f 340/359/335 350/370/345 349/379/344 339/368/334
f 341/369/336 351/380/346 360/381/355 350/370/345
f 342/371/337 352/382/347 351/383/346 341/372/336
f 343/373/338 353/384/348 352/382/347 342/371/337
f 344/374/339 354/385/349 353/384/348 343/373/338
f 345/375/340 355/386/350 354/385/349 344/374/339
f 346/376/341 356/387/351 355/386/350 345/375/340
f 347/377/342 357/388/352 356/387/351 346/376/341
f 348/378/343 358/389/353 357/388/352 347/377/342
f 349/379/344 359/390/354 358/389/353 348/378/343
f 350/370/345 360/381/355 359/390/354 349/379/344
f 351/380/346 361/391/356 370/392/365 360/381/355
f 352/382/347 362/393/357 361/394/356 351/383/346
f 353/384/348 363/395/358 362/393/357 352/382/347
f 354/385/349 364/396/359 363/395/358 353/384/348
f 355/386/350 365/397/360 364/396/359 354/385/349
f 356/387/351 366/398/361 365/397/360 355/386/350
f 357/388/352 367/399/362 366/398/361 356/387/351
f 358/389/353 368/400/363 367/399/362 357/388/352
f 359/390/354 369/401/364 368/400/363 358/389/353
f 360/381/355 370/392/365 369/401/364 359/390/354
f 361/391/356 371/402/366 380/403/375 370/392/365
f 362/393/357 372/404/367 371/405/366 361/394/356
f 363/395/358 373/406/368 372/404/367 362/393/357
f 364/396/359 374/407/369 373/406/368 363/395/358
f 365/397/360 375/408/370 374/407/369 364/396/359
f 366/398/361 376/409/371 375/408/370 365/397/360
f 367/399/362 377/410/372 376/409/371 366/398/361
f 368/400/363 378/411/373 377/410/372 367/399/362
f 369/401/364 379/412/374 378/411/373 368/400/363
f 370/392/365 380/403/375 379/412/374 369/401/364
f 371/402/366 381/413/376 390/414/162 380/403/375
f 372/404/367 382/415/377 381/416/376 371/405/366
f 373/406/368 383/417/378 382/415/377 372/404/367
f 374/407/369 384/418/379 383/417/378 373/406/368
f 375/408/370 385/419/167 384/418/379 374/407/369
f 376/409/371 386/420/380 385/419/167 375/408/370
f 377/410/372 387/421/381 386/420/380 376/409/371
f 378/411/373 388/422/382 387/421/381 377/410/372
f 379/412/374 389/423/383 388/422/382 378/411/373
f 380/403/375 390/414/162 389/423/383 379/412/374
f 381/413/376 391/424/384 400/425/172 390/414/162
f 382/415/377 392/426/385 391/427/384 381/416/376
f 383/417/378 393/428/386 392/426/385 382/415/377
f 384/418/379 394/429/387 393/428/386 383/417/378
f 385/419/167 395/430/177 394/429/387 384/418/379
f 386/420/380 396/431/388 395/430/177 385/419/167
f 387/421/381 397/432/389 396/431/388 386/420/380
f 388/422/382 398/433/390 397/432/389 387/421/381
f 389/423/383 399/434/391 398/433/390 388/422/382
f 390/414/162 400/425/172 399/434/391 389/423/383
f 391/424/384 401/435/392 410/436/182 400/425/172
f 392/426/385 402/437/393 401/438/392 391/427/384
f 393/428/386 403/439/394 402/437/393 392/426/385
f 394/429/387 404/440/395 403/439/394 393/428/386
f 395/430/177 405/441/187 404/440/395 394/429/387
f 396/431/388 406/442/396 405/441/187 395/430/177
f 397/432/389 407/443/397 406/442/396 396/431/388
f 398/433/390 408/444/398 407/443/397 397/432/389
f 399/434/391 409/445/399 408/444/398 398/433/390
f 400/425/172 410/436/182 409/445/399 399/434/391
f 401/435/392 411/446/400 420/447/192 410/436/182
f 402/437/393 412/448/401 411/449/400 401/438/392
f 403/439/394 413/450/402 412/448/401 402/437/393
f 404/440/395 414/451/403 413/450/402 403/439/394
f 405/441/187 415/452/197 414/451/403 404/440/395
f 406/442/396 416/453/404 415/452/197 405/441/187
f 407/443/397 417/454/405 416/453/404 406/442/396
f 408/444/398 418/455/406 417/454/405 407/443/397
f 409/445/399 419/456/407 418/455/406 408/444/398
f 410/436/182 420/447/192 419/456/407 409/445/399
f 411/446/400 421/457/408 430/458/202 420/447/192
f 412/448/401 422/459/409 421/460/408 411/449/400
f 413/450/402 423/461/410 422/459/409 412/448/401
f 414/451/403 424/462/411 423/461/410 413/450/402
f 415/452/197 425/463/207 424/462/411 414/451/403
f 416/453/404 426/464/412 425/463/207 415/452/197
f 417/454/405 427/465/413 426/464/412 416/453/404
f 418/455/406 428/466/414 427/465/413 417/454/405
f 419/456/407 429/467/415 428/466/414 418/455/406
f 420/447/192 430/458/202 429/467/415 419/456/407
f 421/457/408 431/468/416 440/469/212 430/458/202
f 422/459/409 432/470/417 431/471/416 421/460/408
f 423/461/410 433/472/418 432/470/417 422/459/409
f 424/462/411 434/473/419 433/472/418 423/461/410
f 425/463/207 435/474/217 434/473/419 424/462/411
f 426/464/412 436/475/420 435/474/217 425/463/207
f 427/465/413 437/476/421 436/475/420 426/464/412
f 428/466/414 438/477/422 437/476/421 427/465/413
f 429/467/415 439/478/423 438/477/422 428/466/414
f 430/458/202 440/469/212 439/478/423 429/467/415
f 431/468/416 441/479/424 450/480/222 440/469/212
f 432/470/417 442/481/425 441/482/424 431/471/416
f 433/472/418 443/483/426 442/481/425 432/470/417
f 434/473/419 444/484/427 443/483/426 433/472/418
f 435/474/217 445/485/227 444/484/427 434/473/419
f 436/475/420 446/486/428 445/485/227 435/474/217
f 437/476/421 447/487/429 446/486/428 436/475/420
f 438/477/422 448/488/430 447/487/429 437/476/421
f 439/478/423 449/489/431 448/488/430 438/477/422
f 440/469/212 450/480/222 449/489/431 439/478/423
f 441/479/424 451/490/432 460/491/232 450/480/222
f 442/481/425 452/492/433 451/493/432 441/482/424
f 443/483/426 453/494/434 452/492/433 442/481/425
f 444/484/427 454/495/435 453/494/434 443/483/426
f 445/485/227 455/496/237 454/495/435 444/484/427
f 446/486/428 456/497/436 455/496/237 445/485/227
f 447/487/429 457/498/437 456/497/436 446/486/428
f 448/488/430 458/499/438 457/498/437 447/487/429
f 449/489/431 459/500/439 458/499/438 448/488/430
f 450/480/222 460/491/232 459/500/439 449/489/431
f 451/490/432 461/501/440 470/502/242 460/491/232
f 452/492/433 462/503/441 461/504/440 451/493/432
f 453/494/434 463/505/442 462/503/441 452/492/433
f 454/495/435 464/506/443 463/505/442 453/494/434
f 455/496/237 465/507/247 464/506/443 454/495/435
f 456/497/436 466/508/444 465/507/247 455/496/237
f 457/498/437 467/509/445 466/508/444 456/497/436
f 458/499/438 468/510/446 467/509/445 457/498/437
f 459/500/439 469/511/447 468/510/446 458/499/438
f 460/491/232 470/502/242 469/511/447 459/500/439
f 461/501/440 471/512/448 480/513/252 470/502/242
f 462/503/441 472/514/449 471/515/448 461/504/440
f 463/505/442 473/516/450 472/514/449 462/503/441
f 464/506/443 474/517/451 473/516/450 463/505/442
f 465/507/247 475/518/257 474/517/451 464/506/443
f 466/508/444 476/519/452 475/518/257 465/507/247
f 467/509/445 477/520/453 476/519/452 466/508/444
f 468/510/446 478/521/454 477/520/453 467/509/445
f 469/511/447 479/522/455 478/521/454 468/510/446
f 470/502/242 480/513/252 479/522/455 469/511/447
f 471/512/448 481/523/456 490/524/262 480/513/252
f 472/514/449 482/525/457 481/526/456 471/515/448
f 473/516/450 483/527/458 482/525/457 472/514/449
f 474/517/451 484/528/459 483/527/458 473/516/450
f 475/518/257 485/529/267 484/528/459 474/517/451
f 476/519/452 486/530/460 485/529/267 475/518/257
f 477/520/453 487/531/461 486/530/460 476/519/452
f 478/521/454 488/532/462 487/531/461 477/520/453
f 479/522/455 489/533/463 488/532/462 478/521/454
f 480/513/252 490/524/262 489/533/463 479/522/455
f 481/523/456 491/534/464 500/535/473 490/524/262
f 482/525/457 492/536/465 491/537/464 481/526/456
f 483/527/458 493/538/466 492/536/465 482/525/457
f 484/528/459 494/539/467 493/538/466 483/527/458
f 485/529/267 495/540/468 494/539/467 484/528/459
f 486/530/460 496/541/469 495/540/468 485/529/267
f 487/531/461 497/542/470 496/541/469 486/530/460
f 488/532/462 498/543/471 497/542/470 487/531/461
f 489/533/463 499/544/472 498/543/471 488/532/462
f 490/524/262 500/535/473 499/544/472 489/533/463
f 491/534/464 501/545/474 510/546/483 500/535/473
f 492/536/465 502/547/475 501/548/474 491/537/464
f 493/538/466 503/549/476 502/547/475 492/536/465
f 494/539/467 504/550/477 503/549/476 493/538/466
f 495/540/468 505/551/478 504/550/477 494/539/467
f 496/541/469 506/552/479 505/551/478 495/540/468
f 497/542/470 507/553/480 506/552/479 496/541/469
f 498/543/471 508/554/481 507/553/480 497/542/470
f 499/544/472 509/555/482 508/554/481 498/543/471
f 500/535/473 510/546/483 509/555/482 499/544/472
f 501/545/474 511/556/484 520/557/493 510/546/483
f 502/547/475 512/558/485 511/559/484 501/548/474
f 503/549/476 513/560/486 512/558/485 502/547/475
f 504/550/477 514/561/487 513/560/486 503/549/476
f 505/551/478 515/562/488 514/561/487 504/550/477
f 506/552/479 516/563/489 515/562/488 505/551/478
f 507/553/480 517/564/490 516/563/489 506/552/479
f 508/554/481 518/565/491 517/564/490 507/553/480
f 509/555/482 519/566/492 518/565/491 508/554/481
f 510/546/483 520/557/493 519/566/492 509/555/482
f 511/556/484 521/567/494 530/568/503 520/557/493
f 512/558/485 522/569/495 521/570/494 511/559/484
f 513/560/486 523/571/496 522/569/495 512/558/485
f 514/561/487 524/572/497 523/571/496 513/560/486
f 515/562/488 525/573/498 524/572/497 514/561/487
f 516/563/489 526/574/499 525/573/498 515/562/488
f 517/564/490 527/575/500 526/574/499 516/563/489
f 518/565/491 528/576/501 527/575/500 517/564/490
f 519/566/492 529/577/502 528/576/501 518/565/491
f 520/557/493 530/568/503 529/577/502 519/566/492
f 521/567/494 531/578/504 540/579/513 530/568/503
f 522/569/495 532/580/505 531/581/504 521/570/494
f 523/571/496 533/582/506 532/580/505 522/569/495
f 524/572/497 534/583/507 533/582/506 523/571/496
f 525/573/498 535/584/508 534/583/507 524/572/497
f 526/574/499 536/585/509 535/584/508 525/573/498
f 527/575/500 537/586/510 536/585/509 526/574/499
f 528/576/501 538/587/511 537/586/510 527/575/500
f 529/577/502 539/588/512 538/587/511 528/576/501
f 530/568/503 540/579/513 539/588/512 529/577/502
f 531/578/504 101/589/98 110/590/107 540/579/513
f 532/580/505 102/591/99 101/592/98 531/581/504
f 533/582/506 103/593/100 102/591/99 532/580/505
f 534/583/507 104/594/101 103/593/100 533/582/506
f 535/584/508 105/595/102 104/594/101 534/583/507
f 536/585/509 106/596/103 105/595/102 535/584/508
f 537/586/510 107/597/104 106/596/103 536/585/509
f 538/587/511 108/598/105 107/597/104 537/586/510
f 539/588/512 109/599/106 108/598/105 538/587/511
f 540/579/513 110/590/107 109/599/106 539/588/512
o LineLoop
v -9.419098 0.000000 0.108778
v -9.469098 0.000000 0.145106
v -9.530902 0.000000 0.145106
v -9.580902 0.000000 0.108779
v -9.600000 -0.000000 0.050000
v -9.580902 -0.000000 -0.008779
v -9.530902 -0.000000 -0.045106
v -9.469098 -0.000000 -0.045106
v -9.419098 -0.000000 -0.008779
v -9.400000 0.000000 0.050000
v -9.324523 -0.807026 0.108778
v -9.373212 -0.818398 0.145106
v -9.433396 -0.832454 0.145106
v -9.482085 -0.843827 0.108779
v -9.500683 -0.848170 0.050000
v -9.482085 -0.843827 -0.008779
v -9.433396 -0.832454 -0.045106
v -9.373212 -0.818398 -0.045106
v -9.324523 -0.807026 -0.008779
v -9.305925 -0.802682 0.050000
v -9.042172 -1.599199 0.108779
v -9.087296 -1.620737 0.145106
v -9.143070 -1.647360 0.145106
v -9.188193 -1.668899 0.108779
v -9.205429 -1.677126 0.050000
v -9.188193 -1.668899 -0.008779
v -9.143070 -1.647360 -0.045106
v -9.087296 -1.620737 -0.045106
v -9.042172 -1.599199 -0.008779
v -9.024937 -1.590972 0.050000
v -8.576568 -2.361154 0.108779
v -8.616701 -2.390976 0.145106
v -8.666307 -2.427838 0.145106
v -8.706441 -2.457660 0.108779
v -8.721770 -2.469051 0.050000
v -8.706441 -2.457660 -0.008779
v -8.666307 -2.427838 -0.045106
v -8.616701 -2.390976 -0.045106
v -8.576568 -2.361154 -0.008779
v -8.561238 -2.349763 0.050000
v -7.936020 -3.077223 0.108779
v -7.970561 -3.113374 0.145106
v -8.013256 -3.158059 0.145106
v -8.047797 -3.194211 0.108779
v -8.060991 -3.208019 0.050000
v -8.047797 -3.194211 -0.008779
v -8.013256 -3.158059 -0.045106
v -7.970561 -3.113374 -0.045106
v -7.936020 -3.077223 -0.008779
v -7.922826 -3.063414 0.050000
v -7.132868 -3.732167 0.108779
v -7.161763 -3.772973 0.145106
v -7.197479 -3.823411 0.145106
v -7.226373 -3.864217 0.108779
v -7.237410 -3.879804 0.050000
v -7.226373 -3.864217 -0.008779
v -7.197479 -3.823411 -0.045106
v -7.161763 -3.772973 -0.045106
v -7.132868 -3.732167 -0.008779
v -7.121831 -3.716581 0.050000
v -6.183217 -4.311904 0.108778
v -6.206677 -4.356059 0.145106
v -6.235677 -4.410636 0.145106
v -6.259138 -4.454790 0.108779
v -6.268099 -4.471656 0.050000
v -6.259138 -4.454790 -0.008779
v -6.235677 -4.410636 -0.045106
v -6.206677 -4.356059 -0.045106
v -6.183217 -4.311904 -0.008779
v -6.174255 -4.295039 0.050000
v -5.106438 -4.803998 0.108778
v -5.124763 -4.850519 0.145106
v -5.147413 -4.908022 0.145106
v -5.165738 -4.954543 0.108779
v -5.172737 -4.972312 0.050000
v -5.165738 -4.954543 -0.008779
v -5.147413 -4.908022 -0.045106
v -5.124763 -4.850519 -0.045106
v -5.106438 -4.803998 -0.008779
v -5.099439 -4.786229 0.050000
v -3.924642 -5.197957 0.108778
v -3.938116 -5.246107 0.145106
v -3.954770 -5.305624 0.145106
v -3.968243 -5.353775 0.108779
v -3.973389 -5.372167 0.050000
v -3.968243 -5.353775 -0.008779
v -3.954770 -5.305624 -0.045106
v -3.938116 -5.246107 -0.045106
v -3.924642 -5.197957 -0.008779
v -3.919496 -5.179564 0.050000
v -2.662137 -5.485435 0.108778
v -2.670989 -5.534646 0.145106
v -2.681930 -5.595473 0.145106
v -2.690781 -5.644683 0.108779
v -2.694162 -5.663480 0.050000
v -2.690781 -5.644683 -0.008779
v -2.681930 -5.595473 -0.045106
v -2.670989 -5.534646 -0.045106
v -2.662137 -5.485435 -0.008779
v -2.658756 -5.466639 0.050000
v -1.344894 -5.660375 0.108778
v -1.349280 -5.710182 0.145106
v -1.354702 -5.771747 0.145106
v -1.359088 -5.821554 0.108779
v -1.360764 -5.840579 0.050000
v -1.359088 -5.821554 -0.008779
v -1.354702 -5.771747 -0.045106
v -1.349280 -5.710182 -0.045106
v -1.344894 -5.660375 -0.008779
v -1.343218 -5.641350 0.050000
v -0.000000 -5.719099 0.108778
v -0.000000 -5.769098 0.145106
v -0.000000 -5.830902 0.145106
v -0.000000 -5.880902 0.108779
v -0.000000 -5.900000 0.050000
v -0.000000 -5.880902 -0.008779
v 0.000000 -5.830902 -0.045106
v 0.000000 -5.769098 -0.045106
v 0.000000 -5.719099 -0.008779
v 0.000000 -5.700000 0.050000
v 1.344894 -5.660375 0.108779
v 1.349280 -5.710182 0.145106
v 1.354702 -5.771747 0.145106
v 1.359088 -5.821554 0.108779
v 1.360764 -5.840579 0.050000
v 1.359088 -5.821554 -0.008779
v 1.354702 -5.771747 -0.045106
v 1.349280 -5.710182 -0.045106
v 1.344894 -5.660375 -0.008779
v 1.343218 -5.641350 0.050000
v 2.662137 -5.485435 0.108779
v 2.670989 -5.534646 0.145106
v 2.681930 -5.595473 0.145106
v 2.690781 -5.644683 0.108779
v 2.694162 -5.663480 0.050000
v 2.690781 -5.644683 -0.008779
v 2.681930 -5.595473 -0.045106
v 2.670989 -5.534646 -0.045106
v 2.662137 -5.485435 -0.008779
v 2.658756 -5.466639 0.050000
v 3.924642 -5.197957 0.108778
v 3.938116 -5.246107 0.145106
v 3.954770 -5.305624 0.145106
v 3.968243 -5.353775 0.108779
v 3.973389 -5.372167 0.050000
v 3.968243 -5.353775 -0.008779
v 3.954770 -5.305624 -0.045106
v 3.938116 -5.246107 -0.045106
v 3.924642 -5.197957 -0.008779
v 3.919496 -5.179564 0.050000
v 5.106438 -4.803998 0.108779
v 5.124763 -4.850519 0.145106
v 5.147413 -4.908022 0.145106
v 5.165738 -4.954543 0.108779
v 5.172737 -4.972312 0.050000
v 5.165738 -4.954543 -0.008779
v 5.147413 -4.908022 -0.045106
v 5.124763 -4.850519 -0.045106
v 5.106438 -4.803998 -0.008779
v 5.099439 -4.786229 0.050000
v 6.183217 -4.311904 0.108779
v 6.206677 -4.356059 0.145106
v 6.235677 -4.410636 0.145106
v 6.259138 -4.454791 0.108779
v 6.268099 -4.471656 0.050000
v 6.259138 -4.454790 -0.008779
v 6.235677 -4.410636 -0.045106
v 6.206677 -4.356059 -0.045106
v 6.183217 -4.311904 -0.008779
v 6.174255 -4.295039 0.050000
v 7.132868 -3.732167 0.108778
v 7.161763 -3.772973 0.145106
v 7.197479 -3.823411 0.145106
v 7.226373 -3.864217 0.108779
v 7.237410 -3.879804 0.050000
v 7.226373 -3.864217 -0.008779
v 7.197479 -3.823411 -0.045106
v 7.161763 -3.772973 -0.045106
v 7.132868 -3.732167 -0.008779
v 7.121831 -3.716581 0.050000
v 7.936020 -3.077223 0.108779
v 7.970561 -3.113374 0.145106
v 8.013256 -3.158059 0.145106
v 8.047797 -3.194211 0.108779
v 8.060991 -3.208019 0.050000
v 8.047797 -3.194211 -0.008779
v 8.013256 -3.158059 -0.045106
v 7.970561 -3.113374 -0.045106
v 7.936020 -3.077223 -0.008779
v 7.922826 -3.063414 0.050000
v 8.576568 -2.361154 0.108779
v 8.616701 -2.390976 0.145106
v 8.666307 -2.427838 0.145106
v 8.706441 -2.457660 0.108779
v 8.721770 -2.469051 0.050000
v 8.706441 -2.457660 -0.008779
v 8.666307 -2.427838 -0.045106
v 8.616701 -2.390976 -0.045106
v 8.576568 -2.361154 -0.008779
v 8.561238 -2.349763 0.050000
v 9.042172 -1.599199 0.108779
v 9.087296 -1.620737 0.145106
v 9.143070 -1.647360 0.145106
v 9.188193 -1.668899 0.108779
v 9.205429 -1.677126 0.050000
v 9.188193 -1.668899 -0.008779
v 9.143070 -1.647360 -0.045106
v 9.087296 -1.620737 -0.045106
v 9.042172 -1.599199 -0.008779
v 9.024937 -1.590972 0.050000
v 9.324523 -0.807026 0.108778
v 9.373212 -0.818398 0.145106
v 9.433396 -0.832454 0.145106
v 9.482085 -0.843827 0.108779
v 9.500683 -0.848170 0.050000
v 9.482085 -0.843827 -0.008779
v 9.433396 -0.832454 -0.045106
v 9.373212 -0.818398 -0.045106
v 9.324523 -0.807025 -0.008779
v 9.305925 -0.802682 0.050000
v 9.419098 0.000000 0.108779
v 9.469098 -0.000000 0.145106
v 9.530902 -0.000000 0.145106
v 9.580902 -0.000000 0.108779
v 9.600000 -0.000000 0.050000
v 9.580902 -0.000000 -0.008779
v 9.530902 0.000000 -0.045106
v 9.469098 0.000000 -0.045106
v 9.419098 0.000000 -0.008779
v 9.400000 0.000000 0.050000
v 9.324523 0.807026 0.108779
v 9.373212 0.818398 0.145106
v 9.433396 0.832454 0.145106
v 9.482085 0.843827 0.108779
v 9.500683 0.848170 0.050000
v 9.482085 0.843827 -0.008779
v 9.433396 0.832454 -0.045106
v 9.373212 0.818398 -0.045106
v 9.324523 0.807026 -0.008779
v 9.305925 0.802682 0.050000
v 9.042172 1.599199 0.108779
v 9.087296 1.620737 0.145106
v 9.143070 1.647360 0.145106
v 9.188193 1.668899 0.108779
v 9.205429 1.677126 0.050000
v 9.188193 1.668899 -0.008779
v 9.143070 1.647360 -0.045106
v 9.087296 1.620737 -0.045106
v 9.042172 1.599199 -0.008779
v 9.024937 1.590972 0.050000
v 8.576568 2.361154 0.108779
v 8.616701 2.390976 0.145106
v 8.666307 2.427838 0.145106
v 8.706441 2.457660 0.108779
v 8.721770 2.469051 0.050000
v 8.706441 2.457660 -0.008779
v 8.666307 2.427838 -0.045106
v 8.616701 2.390976 -0.045106
v 8.576568 2.361155 -0.008779
v 8.561238 2.349764 0.050000
v 7.936020 3.077223 0.108778
v 7.970561 3.113374 0.145106
v 8.013256 3.158059 0.145106
v 8.047797 3.194210 0.108779
v 8.060991 3.208019 0.050000
v 8.047797 3.194211 -0.008779
v 8.013256 3.158059 -0.045106
v 7.970561 3.113374 -0.045106
v 7.936019 3.077223 -0.008779
v 7.922826 3.063414 0.050000
v 7.132868 3.732167 0.108778
v 7.161763 3.772973 0.145106
v 7.197479 3.823411 0.145106
v 7.226373 3.864217 0.108779
v 7.237410 3.879804 0.050000
v 7.226373 3.864217 -0.008779
v 7.197479 3.823411 -0.045106
v 7.161763 3.772973 -0.045106
v 7.132868 3.732167 -0.008779
v 7.121831 3.716581 0.050000
v 6.183217 4.311904 0.108779
v 6.206677 4.356059 0.145106
v 6.235677 4.410636 0.145106
v 6.259138 4.454790 0.108779
v 6.268099 4.471656 0.050000
v 6.259138 4.454790 -0.008779
v 6.235677 4.410636 -0.045106
v 6.206677 4.356059 -0.045106
v 6.183217 4.311905 -0.008779
v 6.174255 4.295039 0.050000
v 5.106438 4.803998 0.108779
v 5.124763 4.850519 0.145106
v 5.147413 4.908022 0.145106
v 5.165738 4.954543 0.108779
v 5.172737 4.972312 0.050000
v 5.165738 4.954543 -0.008779
v 5.147413 4.908022 -0.045106
v 5.124763 4.850519 -0.045106
v 5.106438 4.803998 -0.008779
v 5.099439 4.786229 0.050000
v 3.924642 5.197957 0.108779
v 3.938116 5.246107 0.145106
v 3.954770 5.305624 0.145106
v 3.968243 5.353775 0.108779
v 3.973390 5.372167 0.050000
v 3.968243 5.353775 -0.008779
v 3.954770 5.305624 -0.045106
v 3.938116 5.246107 -0.045106
v 3.924642 5.197957 -0.008779
v 3.919496 5.179564 0.050000
v 2.662137 5.485435 0.108778
v 2.670989 5.534646 0.145106
v 2.681930 5.595473 0.145106
v 2.690781 5.644683 0.108779
v 2.694162 5.663480 0.050000
v 2.690781 5.644683 -0.008779
v 2.681930 5.595473 -0.045106
v 2.670989 5.534646 -0.045106
v 2.662137 5.485435 -0.008779
v 2.658756 5.466639 0.050000
v 1.344894 5.660375 0.108779
v 1.349280 5.710182 0.145106
v 1.354702 5.771747 0.145106
v 1.359088 5.821554 0.108779
v 1.360764 5.840579 0.050000
v 1.359088 5.821554 -0.008779
v 1.354702 5.771747 -0.045106
v 1.349280 5.710182 -0.045106
v 1.344894 5.660375 -0.008779
v 1.343218 5.641350 0.050000
v -0.000000 5.719099 0.108778
v 0.000000 5.769098 0.145106
v 0.000000 5.830902 0.145106
v 0.000000 5.880902 0.108779
v 0.000000 5.900000 0.050000
v 0.000000 5.880902 -0.008779
v 0.000000 5.830902 -0.045106
v -0.000000 5.769098 -0.045106
v -0.000000 5.719099 -0.008779
v -0.000000 5.700000 0.050000
v -1.344894 5.660375 0.108779
v -1.349280 5.710182 0.145106
v -1.354702 5.771747 0.145106
v -1.359088 5.821554 0.108779
v -1.360763 5.840579 0.050000
v -1.359088 5.821554 -0.008779
v -1.354702 5.771747 -0.045106
v -1.349280 5.710182 -0.045106
v -1.344894 5.660375 -0.008779
v -1.343218 5.641350 0.050000
v -2.662137 5.485435 0.108778
v -2.670989 5.534646 0.145106
v -2.681930 5.595473 0.145106
v -2.690781 5.644683 0.108779
v -2.694162 5.663480 0.050000
v -2.690781 5.644683 -0.008779
v -2.681930 5.595473 -0.045106
v -2.670989 5.534646 -0.045106
v -2.662137 5.485435 -0.008779
v -2.658756 5.466639 0.050000
v -3.924642 5.197957 0.108779
v -3.938116 5.246107 0.145106
v -3.954770 5.305624 0.145106
v -3.968243 5.353775 0.108779
v -3.973389 5.372167 0.050000
v -3.968243 5.353775 -0.008779
v -3.954770 5.305624 -0.045106
v -3.938116 5.246107 -0.045106
v -3.924642 5.197957 -0.008779
v -3.919496 5.179564 0.050000
v -5.106438 4.803998 0.108779
v -5.124763 4.850519 0.145106
v -5.147413 4.908022 0.145106
v -5.165738 4.954543 0.108779
v -5.172737 4.972312 0.050000
v -5.165738 4.954543 -0.008779
v -5.147413 4.908022 -0.045106
v -5.124763 4.850519 -0.045106
v -5.106438 4.803998 -0.008779
v -5.099439 4.786229 0.050000
v -6.183217 4.311904 0.108778
v -6.206677 4.356059 0.145106
v -6.235677 4.410636 0.145106
v -6.259138 4.454791 0.108779
v -6.268099 4.471656 0.050000
v -6.259138 4.454790 -0.008779
v -6.235677 4.410636 -0.045106
v -6.206677 4.356059 -0.045106
v -6.183217 4.311904 -0.008779
v -6.174255 4.295039 0.050000
v -7.132868 3.732167 0.108778
v -7.161763 3.772973 0.145106
v -7.197479 3.823412 0.145106
v -7.226373 3.864217 0.108779
v -7.237410 3.879804 0.050000
v -7.226373 3.864217 -0.008779
v -7.197479 3.823411 -0.045106
v -7.161763 3.772973 -0.045106
v -7.132868 3.732167 -0.008779
v -7.121831 3.716581 0.050000
v -7.936020 3.077223 0.108779
v -7.970561 3.113374 0.145106
v -8.013256 3.158059 0.145106
v -8.047797 3.194211 0.108779
v -8.060991 3.208019 0.050000
v -8.047797 3.194211 -0.008779
v -8.013256 3.158059 -0.045106
v -7.970561 3.113374 -0.045106
v -7.936020 3.077223 -0.008779
v -7.922826 3.063414 0.050000
v -8.576568 2.361154 0.108779
v -8.616701 2.390976 0.145106
v -8.666307 2.427838 0.145106
v -8.706441 2.457660 0.108779
v -8.721770 2.469051 0.050000
v -8.706441 2.457660 -0.008779
v -8.666307 2.427838 -0.045106
v -8.616701 2.390976 -0.045106
v -8.576568 2.361154 -0.008779
v -8.561238 2.349763 0.050000
v -9.042172 1.599199 0.108779
v -9.087296 1.620737 0.145106
v -9.143070 1.647360 0.145106
v -9.188193 1.668899 0.108779
v -9.205429 1.677126 0.050000
v -9.188193 1.668899 -0.008779
v -9.143070 1.647360 -0.045106
v -9.087296 1.620737 -0.045106
v -9.042172 1.599199 -0.008779
v -9.024937 1.590972 0.050000
v -9.324523 0.807026 0.108778
v -9.373212 0.818398 0.145106
v -9.433396 0.832454 0.145106
v -9.482085 0.843827 0.108779
v -9.500683 0.848170 0.050000
v -9.482085 0.843827 -0.008779
v -9.433396 0.832454 -0.045106
v -9.373212 0.818398 -0.045106
v -9.324523 0.807026 -0.008779
v -9.305925 0.802682 0.050000
vn 0.8008 -0.0000 0.5990
vn 0.2879 -0.0000 0.9576
vn -0.3294 -0.0000 0.9442
vn -0.8166 -0.0000 0.5772
vn -1.0000 -0.0000 -0.0000
vn -0.8166 -0.0000 -0.5772
vn -0.3294 -0.0000 -0.9442
vn 0.2879 -0.0000 -0.9576
vn 0.8008 -0.0000 -0.5990
vn 1.0000 -0.0000 -0.0000
vn 0.7800 0.1822 0.5986
vn 0.2811 0.0657 0.9574
vn -0.3202 -0.0748 0.9444
vn -0.7950 -0.1856 0.5775
vn -0.9738 -0.2274 -0.0000
vn -0.7950 -0.1856 -0.5775
vn -0.3202 -0.0748 -0.9444
vn 0.2811 0.0657 -0.9574
vn 0.7800 0.1822 -0.5986
vn 0.9738 0.2275 -0.0000
vn 0.7236 0.3454 0.5976
vn 0.2621 0.1251 0.9569
vn -0.2952 -0.1409 0.9450
vn -0.7363 -0.3513 0.5784
vn -0.9025 -0.4307 -0.0000
vn -0.7363 -0.3513 -0.5784
vn -0.2952 -0.1409 -0.9450
vn 0.2621 0.1251 -0.9569
vn 0.7236 0.3454 -0.5976
vn 0.9024 0.4309 -0.0000
vn 0.6443 0.4788 0.5964
vn 0.2350 0.1746 0.9562
vn -0.2609 -0.1938 0.9457
vn -0.6542 -0.4860 0.5795
vn -0.8027 -0.5963 -0.0000
vn -0.6542 -0.4860 -0.5795
vn -0.2609 -0.1938 -0.9457
vn 0.2350 0.1746 -0.9562
vn 0.6443 0.4788 -0.5964
vn 0.8026 0.5965 -0.0000
vn 0.5551 0.5810 0.5952
vn 0.2038 0.2133 0.9555
vn -0.2231 -0.2334 0.9464
vn -0.5625 -0.5887 0.5805
vn -0.6909 -0.7230 -0.0000
vn -0.5625 -0.5887 -0.5805
vn -0.2231 -0.2334 -0.9464
vn 0.2038 0.2133 -0.9555
vn 0.5551 0.5810 -0.5952
vn 0.6908 0.7231 -0.0000
vn 0.4648 0.6564 0.5942
vn 0.1715 0.2423 0.9549
vn -0.1855 -0.2620 0.9471
vn -0.4702 -0.6639 0.5815
vn -0.5779 -0.8161 -0.0000
vn -0.4702 -0.6639 -0.5815
vn -0.1855 -0.2620 -0.9471
vn 0.1715 0.2423 -0.9549
vn 0.4648 0.6564 -0.5942
vn 0.5778 0.8161 -0.0000
vn 0.3777 0.7108 0.5934
vn 0.1400 0.2635 0.9545
vn -0.1500 -0.2822 0.9476
vn -0.3815 -0.7179 0.5823
vn -0.4692 -0.8831 -0.0000
vn -0.3815 -0.7179 -0.5823
vn -0.1500 -0.2822 -0.9476
vn 0.1400 0.2635 -0.9545
vn 0.3777 0.7108 -0.5934
vn 0.4692 0.8831 -0.0000
vn 0.2951 0.7493 0.5928
vn 0.1097 0.2786 0.9541
vn -0.1167 -0.2963 0.9479
vn -0.2978 -0.7560 0.5828
vn -0.3665 -0.9304 -0.0000
vn -0.2978 -0.7560 -0.5828
vn -0.1167 -0.2963 -0.9479
vn 0.1097 0.2786 -0.9541
vn 0.2951 0.7493 -0.5928
vn 0.3665 0.9304 -0.0000
vn 0.2171 0.7758 0.5924
vn 0.0809 0.2892 0.9539
vn -0.0856 -0.3059 0.9482
vn -0.2189 -0.7822 0.5832
vn -0.2695 -0.9630 -0.0000
vn -0.2189 -0.7822 -0.5832
vn -0.0856 -0.3059 -0.9482
vn 0.0809 0.2892 -0.9539
vn 0.2171 0.7758 -0.5924
vn 0.2695 0.9630 -0.0000
vn 0.1427 0.7931 0.5921
vn 0.0533 0.2961 0.9537
vn -0.0561 -0.3121 0.9484
vn -0.1438 -0.7993 0.5835
vn -0.1770 -0.9842 -0.0000
vn -0.1438 -0.7993 -0.5835
vn -0.0561 -0.3121 -0.9484
vn 0.0533 0.2961 -0.9537
vn 0.1427 0.7931 -0.5921
vn 0.1770 0.9842 -0.0000
vn 0.0707 0.8029 0.5919
vn 0.0264 0.3000 0.9536
vn -0.0278 -0.3156 0.9485
vn -0.0712 -0.8088 0.5837
vn -0.0877 -0.9961 -0.0000
vn -0.0712 -0.8088 -0.5837
vn -0.0278 -0.3156 -0.9485
vn 0.0264 0.3000 -0.9536
vn 0.0707 0.8029 -0.5919
vn 0.0877 0.9961 -0.0000
vn -0.0000 0.8060 0.5919
vn -0.0000 0.3012 0.9536
vn -0.0000 -0.3167 0.9485
vn -0.0000 -0.8119 0.5837
vn -0.0000 -1.0000 -0.0000
vn -0.0000 -0.8119 -0.5837
vn -0.0000 -0.3167 -0.9485
vn -0.0000 0.3012 -0.9536
vn -0.0000 0.8060 -0.5919
vn -0.0000 1.0000 -0.0000
vn -0.0707 0.8029 0.5919
vn -0.0264 0.3000 0.9536
vn 0.0278 -0.3156 0.9485
vn 0.0712 -0.8088 0.5837
vn 0.0877 -0.9961 -0.0000
vn 0.0712 -0.8088 -0.5837
vn 0.0278 -0.3156 -0.9485
vn -0.0264 0.3000 -0.9536
vn -0.0707 0.8029 -0.5919
vn -0.0877 0.9961 -0.0000
vn -0.1427 0.7931 0.5921
vn -0.0533 0.2961 0.9537
vn 0.0561 -0.3121 0.9484
vn 0.1438 -0.7993 0.5835
vn 0.1770 -0.9842 -0.0000
vn 0.1438 -0.7993 -0.5835
vn 0.0561 -0.3121 -0.9484
vn -0.0533 0.2961 -0.9537
vn -0.1427 0.7931 -0.5921
vn -0.1770 0.9842 -0.0000
vn -0.2171 0.7758 0.5924
vn -0.0809 0.2892 0.9539
vn 0.0856 -0.3059 0.9482
vn 0.2189 -0.7822 0.5832
vn 0.2695 -0.9630 -0.0000
vn 0.2189 -0.7822 -0.5832
vn 0.0856 -0.3059 -0.9482
vn -0.0809 0.2892 -0.9539
vn -0.2171 0.7758 -0.5924
vn -0.2695 0.9630 -0.0000
vn -0.2951 0.7493 0.5928
vn -0.1097 0.2786 0.9541
vn 0.1167 -0.2963 0.9479
vn 0.2978 -0.7560 0.5828
vn 0.3665 -0.9304 -0.0000
vn 0.2978 -0.7560 -0.5828
vn 0.1167 -0.2963 -0.9479
vn -0.1097 0.2786 -0.9541
vn -0.2951 0.7493 -0.5928
vn -0.3665 0.9304 -0.0000
vn -0.3777 0.7108 0.5934
vn -0.1400 0.2635 0.9545
vn 0.1500 -0.2822 0.9476
vn 0.3815 -0.7179 0.5823
vn 0.4692 -0.8831 -0.0000
vn 0.3815 -0.7179 -0.5823
vn 0.1500 -0.2822 -0.9476
vn -0.1400 0.2635 -0.9545
vn -0.3777 0.7108 -0.5934
vn -0.4692 0.8831 -0.0000
vn -0.4648 0.6564 0.5942
vn -0.1715 0.2423 0.9549
vn 0.1855 -0.2620 0.9471
vn 0.4702 -0.6639 0.5815
vn 0.5779 -0.8161 -0.0000
vn 0.4702 -0.6639 -0.5815
vn 0.1855 -0.2620 -0.9471
vn -0.1715 0.2423 -0.9549
vn -0.4648 0.6564 -0.5942
vn -0.5778 0.8161 -0.0000
vn -0.5551 0.5810 0.5952
vn -0.2038 0.2133 0.9555
vn 0.2231 -0.2334 0.9464
vn 0.5625 -0.5887 0.5805
vn 0.6909 -0.7230 -0.0000
vn 0.5625 -0.5887 -0.5805
vn 0.2231 -0.2334 -0.9464
vn -0.2038 0.2133 -0.9555
vn -0.5551 0.5810 -0.5952
vn -0.6908 0.7231 -0.0000
vn -0.6443 0.4788 0.5964
vn -0.2350 0.1746 0.9562
vn 0.2609 -0.1938 0.9457
vn 0.6542 -0.4860 0.5795
vn 0.8027 -0.5963 -0.0000
vn 0.6542 -0.4860 -0.5795
vn 0.2609 -0.1938 -0.9457
vn -0.2350 0.1746 -0.9562
vn -0.6443 0.4788 -0.5964
vn -0.8026 0.5965 -0.0000
vn -0.7236 0.3454 0.5976
vn -0.2621 0.1251 0.9569
vn 0.2952 -0.1409 0.9450
vn 0.7363 -0.3513 0.5784
vn 0.9025 -0.4307 -0.0000
vn 0.7363 -0.3513 -0.5784
vn 0.2952 -0.1409 -0.9450
vn -0.2621 0.1251 -0.9569
vn -0.7236 0.3454 -0.5976
vn -0.9024 0.4309 -0.0000
vn -0.7800 0.1822 0.5986
vn -0.2811 0.0657 0.9574
vn 0.3202 -0.0748 0.9444
vn 0.7950 -0.1856 0.5775
vn 0.9738 -0.2274 -0.0000
vn 0.7950 -0.1856 -0.5775
vn 0.3202 -0.0748 -0.9444
vn -0.2811 0.0657 -0.9574
vn -0.7800 0.1822 -0.5986
vn -0.9738 0.2275 -0.0000
vn -0.8008 -0.0000 0.5990
vn -0.2879 -0.0000 0.9576
vn 0.3294 -0.0000 0.9442
vn 0.8166 -0.0000 0.5772
vn 0.8166 -0.0000 -0.5772
vn 0.3294 -0.0000 -0.9442
vn -0.2879 -0.0000 -0.9576
vn -0.8008 -0.0000 -0.5990
vn -0.7800 -0.1822 0.5986
vn -0.2811 -0.0657 0.9574
vn 0.3202 0.0748 0.9444
vn 0.7950 0.1856 0.5775
vn 0.9738 0.2274 -0.0000
vn 0.7950 0.1856 -0.5775
vn 0.3202 0.0748 -0.9444
vn -0.2811 -0.0657 -0.9574
vn -0.7800 -0.1822 -0.5986
vn -0.9738 -0.2275 -0.0000
vn -0.7236 -0.3454 0.5976
vn -0.2621 -0.1251 0.9569
vn 0.2952 0.1409 0.9450
vn 0.7363 0.3513 0.5784
vn 0.9025 0.4307 -0.0000
vn 0.7363 0.3513 -0.5784
vn 0.2952 0.1409 -0.9450
vn -0.2621 -0.1251 -0.9569
vn -0.7236 -0.3454 -0.5976
vn -0.9024 -0.4309 -0.0000
vn -0.6443 -0.4788 0.5964
vn -0.2350 -0.1746 0.9562
vn 0.2609 0.1938 0.9457
vn 0.6542 0.4860 0.5795
vn 0.8027 0.5963 -0.0000
vn 0.6542 0.4860 -0.5795
vn 0.2609 0.1938 -0.9457
vn -0.2350 -0.1746 -0.9562
vn -0.6443 -0.4788 -0.5964
vn -0.8026 -0.5965 -0.0000
vn -0.5551 -0.5810 0.5952
vn -0.2038 -0.2133 0.9555
vn 0.2231 0.2334 0.9464
vn 0.5625 0.5887 0.5805
vn 0.6909 0.7230 -0.0000
vn 0.5625 0.5887 -0.5805
vn 0.2231 0.2334 -0.9464
vn -0.2038 -0.2133 -0.9555
vn -0.5551 -0.5810 -0.5952
vn -0.6908 -0.7231 -0.0000
vn -0.4648 -0.6564 0.5942
vn -0.1715 -0.2423 0.9549
vn 0.1855 0.2620 0.9471
vn 0.4702 0.6639 0.5815
vn 0.5779 0.8161 -0.0000
vn 0.4702 0.6639 -0.5815
vn 0.1855 0.2620 -0.9471
vn -0.1715 -0.2423 -0.9549
vn -0.4648 -0.6564 -0.5942
vn -0.5778 -0.8161 -0.0000
vn -0.3777 -0.7108 0.5934
vn -0.1400 -0.2635 0.9545
vn 0.1500 0.2822 0.9476
vn 0.3815 0.7179 0.5823
vn 0.3815 0.7179 -0.5823
vn 0.1500 0.2822 -0.9476
vn -0.1400 -0.2635 -0.9545
vn -0.3777 -0.7108 -0.5934
vn -0.2951 -0.7493 0.5928
vn -0.1097 -0.2786 0.9541
vn 0.1167 0.2963 0.9479
vn 0.2978 0.7560 0.5828
vn 0.2978 0.7560 -0.5828
vn 0.1167 0.2963 -0.9479
vn -0.1097 -0.2786 -0.9541
vn -0.2951 -0.7493 -0.5928
vn -0.2171 -0.7758 0.5924
vn -0.0809 -0.2892 0.9539
vn 0.0856 0.3059 0.9482
vn 0.2189 0.7822 0.5833
vn 0.2189 0.7822 -0.5833
vn 0.0856 0.3059 -0.9482
vn -0.0809 -0.2892 -0.9539
vn -0.2171 -0.7758 -0.5924
vn -0.1427 -0.7931 0.5921
vn -0.0533 -0.2961 0.9537
vn 0.0561 0.3121 0.9484
vn 0.1438 0.7993 0.5835
vn 0.1438 0.7993 -0.5835
vn 0.0561 0.3121 -0.9484
vn -0.0533 -0.2961 -0.9537
vn -0.1427 -0.7931 -0.5921
vn -0.0707 -0.8029 0.5919
vn -0.0264 -0.3000 0.9536
vn 0.0278 0.3156 0.9485
vn 0.0712 0.8088 0.5837
vn 0.0712 0.8088 -0.5837
vn 0.0278 0.3156 -0.9485
vn -0.0264 -0.3000 -0.9536
vn -0.0707 -0.8029 -0.5919
vn -0.0000 -0.8060 0.5919
vn -0.0000 -0.3012 0.9536
vn -0.0000 0.3167 0.9485
vn -0.0000 0.8119 0.5837
vn -0.0000 0.8119 -0.5837
vn -0.0000 0.3167 -0.9485
vn -0.0000 -0.3012 -0.9536
vn -0.0000 -0.8060 -0.5919
vn 0.0707 -0.8029 0.5919
vn 0.0264 -0.3000 0.9536
vn -0.0278 0.3156 0.9485
vn -0.0712 0.8088 0.5837
vn -0.0712 0.8088 -0.5837
vn -0.0278 0.3156 -0.9485
vn 0.0264 -0.3000 -0.9536
vn 0.0707 -0.8029 -0.5919
vn 0.1427 -0.7931 0.5921
vn 0.0533 -0.2961 0.9537
vn -0.0561 0.3121 0.9484
vn -0.1438 0.7993 0.5835
vn -0.1438 0.7993 -0.5835
vn -0.0561 0.3121 -0.9484
vn 0.0533 -0.2961 -0.9537
vn 0.1427 -0.7931 -0.5921
vn 0.2171 -0.7758 0.5924
vn 0.0809 -0.2892 0.9539
vn -0.0856 0.3059 0.9482
vn -0.2189 0.7822 0.5832
vn -0.2189 0.7822 -0.5832
vn -0.0856 0.3059 -0.9482
vn 0.0809 -0.2892 -0.9539
vn 0.2171 -0.7758 -0.5924
vn 0.2951 -0.7493 0.5928
vn 0.1097 -0.2786 0.9541
vn -0.1167 0.2963 0.9479
vn -0.2978 0.7560 0.5828
vn -0.2978 0.7560 -0.5828
vn -0.1167 0.2963 -0.9479
vn 0.1097 -0.2786 -0.9541
vn 0.2951 -0.7493 -0.5928
vn 0.3777 -0.7108 0.5934
vn 0.1400 -0.2635 0.9545
vn -0.1500 0.2822 0.9476
vn -0.3815 0.7179 0.5823
vn -0.3815 0.7179 -0.5823
vn -0.1500 0.2822 -0.9476
vn 0.1400 -0.2635 -0.9545
vn 0.3777 -0.7108 -0.5934
vn 0.4648 -0.6564 0.5942
vn 0.1715 -0.2423 0.9549
vn -0.1855 0.2620 0.9471
vn -0.4702 0.6639 0.5815
vn -0.5779 0.8161 -0.0000
vn -0.4702 0.6639 -0.5815
vn -0.1855 0.2620 -0.9471
vn 0.1715 -0.2423 -0.9549
vn 0.4648 -0.6564 -0.5942
vn 0.5778 -0.8161 -0.0000
vn 0.5551 -0.5810 0.5952
vn 0.2038 -0.2133 0.9555
vn -0.2231 0.2334 0.9464
vn -0.5625 0.5887 0.5805
vn -0.6909 0.7230 -0.0000
vn -0.5625 0.5887 -0.5805
vn -0.2231 0.2334 -0.9464
vn 0.2038 -0.2133 -0.9555
vn 0.5551 -0.5810 -0.5952
vn 0.6908 -0.7231 -0.0000
vn 0.6443 -0.4788 0.5964
vn 0.2350 -0.1746 0.9562
vn -0.2609 0.1938 0.9457
vn -0.6542 0.4860 0.5795
vn -0.8027 0.5963 -0.0000
vn -0.6542 0.4860 -0.5795
vn -0.2609 0.1938 -0.9457
vn 0.2350 -0.1746 -0.9562
vn 0.6443 -0.4788 -0.5964
vn 0.8026 -0.5965 -0.0000
vn 0.7236 -0.3454 0.5976
vn 0.2621 -0.1251 0.9569
vn -0.2952 0.1409 0.9450
vn -0.7363 0.3513 0.5784
vn -0.9025 0.4307 -0.0000
vn -0.7363 0.3513 -0.5784
vn -0.2952 0.1409 -0.9450
vn 0.2621 -0.1251 -0.9569
vn 0.7236 -0.3454 -0.5976
vn 0.9024 -0.4309 -0.0000
vn 0.7800 -0.1822 0.5986
vn 0.2811 -0.0657 0.9574
vn -0.3202 0.0748 0.9444
vn -0.7950 0.1856 0.5775
vn -0.9738 0.2274 -0.0000
vn -0.7950 0.1856 -0.5775
vn -0.3202 0.0748 -0.9444
vn 0.2811 -0.0657 -0.9574
vn 0.7800 -0.1822 -0.5986
vn 0.9738 -0.2275 -0.0000
vt 0.000000 1.000000
vt 0.022727 1.000000
vt 0.022727 0.900000
vt 0.000000 0.900000
vt 0.000000 0.100000
vt 0.022727 0.100000
vt 0.022727 0.000000
vt 0.000000 0.000000
vt 0.000000 0.200000
vt 0.022727 0.200000
vt 0.000000 0.300000
vt 0.022727 0.300000
vt 0.000000 0.400000
vt 0.022727 0.400000
vt 0.000000 0.500000
vt 0.022727 0.500000
vt 0.000000 0.600000
vt 0.022727 0.600000
vt 0.000000 0.700000
vt 0.022727 0.700000
vt 0.000000 0.800000
vt 0.022727 0.800000
vt 0.045455 1.000000
vt 0.045455 0.900000
vt 0.045455 0.100000
vt 0.045455 0.000000
vt 0.045455 0.200000
vt 0.045455 0.300000
vt 0.045455 0.400000
vt 0.045455 0.500000
vt 0.045455 0.600000
vt 0.045455 0.700000
vt 0.045455 0.800000
vt 0.068182 1.000000
vt 0.068182 0.900000
vt 0.068182 0.100000
vt 0.068182 0.000000
vt 0.068182 0.200000
vt 0.068182 0.300000
vt 0.068182 0.400000
vt 0.068182 0.500000
vt 0.068182 0.600000
vt 0.068182 0.700000
vt 0.068182 0.800000
vt 0.090909 1.000000
vt 0.090909 0.900000
vt 0.090909 0.100000
vt 0.090909 0.000000
vt 0.090909 0.200000
vt 0.090909 0.300000
vt 0.090909 0.400000
vt 0.090909 0.500000
vt 0.090909 0.600000
vt 0.090909 0.700000
vt 0.090909 0.800000
vt 0.113636 1.000000
vt 0.113636 0.900000
vt 0.113636 0.100000
vt 0.113636 0.000000
vt 0.113636 0.200000
vt 0.113636 0.300000
vt 0.113636 0.400000
vt 0.113636 0.500000
vt 0.113636 0.600000
vt 0.113636 0.700000
vt 0.113636 0.800000
vt 0.136364 1.000000
vt 0.136364 0.900000
vt 0.136364 0.100000
vt 0.136364 0.000000
vt 0.136364 0.200000
vt 0.136364 0.300000
vt 0.136364 0.400000
vt 0.136364 0.500000
vt 0.136364 0.600000
vt 0.136364 0.700000
vt 0.136364 0.800000
vt 0.159091 1.000000
vt 0.159091 0.900000
vt 0.159091 0.100000
vt 0.159091 0.000000
vt 0.159091 0.200000
vt 0.159091 0.300000
vt 0.159091 0.400000
vt 0.159091 0.500000
vt 0.159091 0.600000
vt 0.159091 0.700000
vt 0.159091 0.800000
vt 0.181818 1.000000
vt 0.181818 0.900000
vt 0.181818 0.100000
vt 0.181818 0.000000
vt 0.181818 0.200000
vt 0.181818 0.300000
vt 0.181818 0.400000
vt 0.181818 0.500000
vt 0.181818 0.600000
vt 0.181818 0.700000
vt 0.181818 0.800000
vt 0.204545 1.000000
vt 0.204545 0.900000
vt 0.204545 0.100000
vt 0.204545 0.000000
vt 0.204545 0.200000
vt 0.204545 0.300000
vt 0.204545 0.400000
vt 0.204545 0.500000
vt 0.204545 0.600000
vt 0.204545 0.700000
vt 0.204545 0.800000
vt 0.227273 1.000000
vt 0.227273 0.900000
vt 0.227273 0.100000
vt 0.227273 0.000000
vt 0.227273 0.200000
vt 0.227273 0.300000
vt 0.227273 0.400000
vt 0.227273 0.500000
vt 0.227273 0.600000
vt 0.227273 0.700000
vt 0.227273 0.800000
vt 0.250000 1.000000
vt 0.250000 0.900000
vt 0.250000 0.100000
vt 0.250000 0.000000
vt 0.250000 0.200000
vt 0.250000 0.300000
vt 0.250000 0.400000
vt 0.250000 0.500000
vt 0.250000 0.600000
vt 0.250000 0.700000
vt 0.250000 0.800000
vt 0.272727 1.000000
vt 0.272727 0.900000
vt 0.272727 0.100000
vt 0.272727 0.000000
vt 0.272727 0.200000
vt 0.272727 0.300000
vt 0.272727 0.400000
vt 0.272727 0.500000
vt 0.272727 0.600000
vt 0.272727 0.700000
vt 0.272727 0.800000
vt 0.295455 1.000000
vt 0.295455 0.900000
vt 0.295455 0.100000
vt 0.295455 0.000000
vt 0.295455 0.200000
vt 0.295455 0.300000
vt 0.295455 0.400000
vt 0.295455 0.500000
vt 0.295455 0.600000
vt 0.295455 0.700000
vt 0.295455 0.800000
vt 0.318182 1.000000
vt 0.318182 0.900000
vt 0.318182 0.100000
vt 0.318182 0.000000
vt 0.318182 0.200000
vt 0.318182 0.300000
vt 0.318182 0.400000
vt 0.318182 0.500000
vt 0.318182 0.600000
vt 0.318182 0.700000
vt 0.318182 0.800000
vt 0.340909 1.000000
vt 0.340909 0.900000
vt 0.340909 0.100000
vt 0.340909 0.000000
vt 0.340909 0.200000
vt 0.340909 0.300000
vt 0.340909 0.400000
vt 0.340909 0.500000
vt 0.340909 0.600000
vt 0.340909 0.700000
vt 0.340909 0.800000
vt 0.363636 1.000000
vt 0.363636 0.900000
vt 0.363636 0.100000
vt 0.363636 0.000000
vt 0.363636 0.200000
vt 0.363636 0.300000
vt 0.363636 0.400000
vt 0.363636 0.500000
vt 0.363636 0.600000
vt 0.363636 0.700000
vt 0.363636 0.800000
vt 0.386364 1.000000
vt 0.386364 0.900000
vt 0.386364 0.100000
vt 0.386364 0.000000
vt 0.386364 0.200000
vt 0.386364 0.300000
vt 0.386364 0.400000
vt 0.386364 0.500000
vt 0.386364 0.600000
vt 0.386364 0.700000
vt 0.386364 0.800000
vt 0.409091 1.000000
vt 0.409091 0.900000
vt 0.409091 0.100000
vt 0.409091 0.000000
vt 0.409091 0.200000
vt 0.409091 0.300000
vt 0.409091 0.400000
vt 0.409091 0.500000
vt 0.409091 0.600000
vt 0.409091 0.700000
vt 0.409091 0.800000
vt 0.431818 1.000000
vt 0.431818 0.900000
vt 0.431818 0.100000
vt 0.431818 0.000000
vt 0.431818 0.200000
vt 0.431818 0.300000
vt 0.431818 0.400000
vt 0.431818 0.500000
vt 0.431818 0.600000
vt 0.431818 0.700000
vt 0.431818 0.800000
vt 0.454545 1.000000
vt 0.454545 0.900000
vt 0.454545 0.100000
vt 0.454545 0.000000
vt 0.454545 0.200000
vt 0.454545 0.300000
vt 0.454545 0.400000
vt 0.454545 0.500000
vt 0.454545 0.600000
vt 0.454545 0.700000
vt 0.454545 0.800000
vt 0.477273 1.000000
vt 0.477273 0.900000
vt 0.477273 0.100000
vt 0.477273 0.000000
vt 0.477273 0.200000
vt 0.477273 0.300000
vt 0.477273 0.400000
vt 0.477273 0.500000
vt 0.477273 0.600000
vt 0.477273 0.700000
vt 0.477273 0.800000
vt 0.500000 1.000000
vt 0.500000 0.900000
vt 0.500000 0.100000
vt 0.500000 0.000000
vt 0.500000 0.200000
vt 0.500000 0.300000
vt 0.500000 0.400000
vt 0.500000 0.500000
vt 0.500000 0.600000
vt 0.500000 0.700000
vt 0.500000 0.800000
vt 0.522727 1.000000
vt 0.522727 0.900000
vt 0.522727 0.100000
vt 0.522727 0.000000
vt 0.522727 0.200000
vt 0.522727 0.300000
vt 0.522727 0.400000
vt 0.522727 0.500000
vt 0.522727 0.600000
vt 0.522727 0.700000
vt 0.522727 0.800000
vt 0.545455 1.000000
vt 0.545455 0.900000
vt 0.545455 0.100000
vt 0.545455 0.000000
vt 0.545455 0.200000
vt 0.545455 0.300000
vt 0.545455 0.400000
vt 0.545455 0.500000
vt 0.545455 0.600000
vt 0.545455 0.700000
vt 0.545455 0.800000
vt 0.568182 1.000000
vt 0.568182 0.900000
vt 0.568182 0.100000
vt 0.568182 0.000000
vt 0.568182 0.200000
vt 0.568182 0.300000
vt 0.568182 0.400000
vt 0.568182 0.500000
vt 0.568182 0.600000
vt 0.568182 0.700000
vt 0.568182 0.800000
vt 0.590909 1.000000
vt 0.590909 0.900000
vt 0.590909 0.100000
vt 0.590909 0.000000
vt 0.590909 0.200000
vt 0.590909 0.300000
vt 0.590909 0.400000
vt 0.590909 0.500000
vt 0.590909 0.600000
vt 0.590909 0.700000
vt 0.590909 0.800000
vt 0.613636 1.000000
vt 0.613636 0.900000
vt 0.613636 0.100000
vt 0.613636 0.000000
vt 0.613636 0.200000
vt 0.613636 0.300000
vt 0.613636 0.400000
vt 0.613636 0.500000
vt 0.613636 0.600000
vt 0.613636 0.700000
vt 0.613636 0.800000
vt 0.636364 1.000000
vt 0.636364 0.900000
vt 0.636364 0.100000
vt 0.636364 0.000000
vt 0.636364 0.200000
vt 0.636364 0.300000
vt 0.636364 0.400000
vt 0.636364 0.500000
vt 0.636364 0.600000
vt 0.636364 0.700000
vt 0.636364 0.800000
vt 0.659091 1.000000
vt 0.659091 0.900000
vt 0.659091 0.100000
vt 0.659091 0.000000
vt 0.659091 0.200000
vt 0.659091 0.300000
vt 0.659091 0.400000
vt 0.659091 0.500000
vt 0.659091 0.600000
vt 0.659091 0.700000
vt 0.659091 0.800000
vt 0.681818 1.000000
vt 0.681818 0.900000
vt 0.681818 0.100000
vt 0.681818 0.000000
vt 0.681818 0.200000
vt 0.681818 0.300000
vt 0.681818 0.400000
vt 0.681818 0.500000
vt 0.681818 0.600000
vt 0.681818 0.700000
vt 0.681818 0.800000
vt 0.704545 1.000000
vt 0.704545 0.900000
vt 0.704545 0.100000
vt 0.704545 0.000000
vt 0.704545 0.200000
vt 0.704545 0.300000
vt 0.704545 0.400000
vt 0.704545 0.500000
vt 0.704545 0.600000
vt 0.704545 0.700000
vt 0.704545 0.800000
vt 0.727273 1.000000
vt 0.727273 0.900000
vt 0.727273 0.100000
vt 0.727273 0.000000
vt 0.727273 0.200000
vt 0.727273 0.300000
vt 0.727273 0.400000
vt 0.727273 0.500000
vt 0.727273 0.600000
vt 0.727273 0.700000
vt 0.727273 0.800000
vt 0.750000 1.000000
vt 0.750000 0.900000
vt 0.750000 0.100000
vt 0.750000 0.000000
vt 0.750000 0.200000
vt 0.750000 0.300000
vt 0.750000 0.400000
vt 0.750000 0.500000
vt 0.750000 0.600000
vt 0.750000 0.700000
vt 0.750000 0.800000
vt 0.772727 1.000000
vt 0.772727 0.900000
vt 0.772727 0.100000
vt 0.772727 0.000000
vt 0.772727 0.200000
vt 0.772727 0.300000
vt 0.772727 0.400000
vt 0.772727 0.500000
vt 0.772727 0.600000
vt 0.772727 0.700000
vt 0.772727 0.800000
vt 0.795455 1.000000
vt 0.795455 0.900000
vt 0.795455 0.100000
vt 0.795455 0.000000
vt 0.795455 0.200000
vt 0.795455 0.300000
vt 0.795455 0.400000
vt 0.795455 0.500000
vt 0.795455 0.600000
vt 0.795455 0.700000
vt 0.795455 0.800000
vt 0.818182 1.000000
vt 0.818182 0.900000
vt 0.818182 0.100000
vt 0.818182 0.000000
vt 0.818182 0.200000
vt 0.818182 0.300000
vt 0.818182 0.400000
vt 0.818182 0.500000
vt 0.818182 0.600000
vt 0.818182 0.700000
vt 0.818182 0.800000
vt 0.840909 1.000000
vt 0.840909 0.900000
vt 0.840909 0.100000
vt 0.840909 0.000000
vt 0.840909 0.200000
vt 0.840909 0.300000
vt 0.840909 0.400000
vt 0.840909 0.500000
vt 0.840909 0.600000
vt 0.840909 0.700000
vt 0.840909 0.800000
vt 0.863636 1.000000
vt 0.863636 0.900000
vt 0.863636 0.100000
vt 0.863636 0.000000
vt 0.863636 0.200000
vt 0.863636 0.300000
vt 0.863636 0.400000
vt 0.863636 0.500000
vt 0.863636 0.600000
vt 0.863636 0.700000
vt 0.863636 0.800000
vt 0.886364 1.000000
vt 0.886364 0.900000
vt 0.886364 0.100000
vt 0.886364 0.000000
vt 0.886364 0.200000
vt 0.886364 0.300000
vt 0.886364 0.400000
vt 0.886364 0.500000
vt 0.886364 0.600000
vt 0.886364 0.700000
vt 0.886364 0.800000
vt 0.909091 1.000000
vt 0.909091 0.900000
vt 0.909091 0.100000
vt 0.909091 0.000000
vt 0.909091 0.200000
vt 0.909091 0.300000
vt 0.909091 0.400000
vt 0.909091 0.500000
vt 0.909091 0.600000
vt 0.909091 0.700000
vt 0.909091 0.800000
vt 0.931818 1.000000
vt 0.931818 0.900000
vt 0.931818 0.100000
vt 0.931818 0.000000
vt 0.931818 0.200000
vt 0.931818 0.300000
vt 0.931818 0.400000
vt 0.931818 0.500000
vt 0.931818 0.600000
vt 0.931818 0.700000
vt 0.931818 0.800000
vt 0.954545 1.000000
vt 0.954545 0.900000
vt 0.954545 0.100000
vt 0.954545 0.000000
vt 0.954545 0.200000
vt 0.954545 0.300000
vt 0.954545 0.400000
vt 0.954545 0.500000
vt 0.954545 0.600000
vt 0.954545 0.700000
vt 0.954545 0.800000
vt 0.977273 1.000000
vt 0.977273 0.900000
vt 0.977273 0.100000
vt 0.977273 0.000000
vt 0.977273 0.200000
vt 0.977273 0.300000
vt 0.977273 0.400000
vt 0.977273 0.500000
vt 0.977273 0.600000
vt 0.977273 0.700000
vt 0.977273 0.800000
vt 1.000000 1.000000
vt 1.000000 0.900000
vt 1.000000 0.100000
vt 1.000000 0.000000
vt 1.000000 0.200000
vt 1.000000 0.300000
vt 1.000000 0.400000
vt 1.000000 0.500000
vt 1.000000 0.600000
vt 1.000000 0.700000
vt 1.000000 0.800000
s 1
usemtl Track
f 541/600/514 551/601/524 560/602/533 550/603/523
f 542/604/515 552/605/525 551/606/524 541/607/514
f 543/608/516 553/609/526 552/605/525 542/604/515
f 544/610/517 554/611/527 553/609/526 543/608/516
f 545/612/518 555/613/528 554/611/527 544/610/517
f 546/614/519 556/615/529 555/613/528 545/612/518
f 547/616/520 557/617/530 556/615/529 546/614/519
f 548/618/521 558/619/531 557/617/530 547/616/520
f 549/620/522 559/621/532 558/619/531 548/618/521
f 550/603/523 560/602/533 559/621/532 549/620/522
f 551/601/524 561/622/534 570/623/543 560/602/533
f 552/605/525 562/624/535 561/625/534 551/606/524
f 553/609/526 563/626/536 562/624/535 552/605/525
f 554/611/527 564/627/537 563/626/536 553/609/526
f 555/613/528 565/628/538 564/627/537 554/611/527
f 556/615/529 566/629/539 565/628/538 555/613/528
f 557/617/530 567/630/540 566/629/539 556/615/529
f 558/619/531 568/631/541 567/630/540 557/617/530
f 559/621/532 569/632/542 568/631/541 558/619/531
f 560/602/533 570/623/543 569/632/542 559/621/532
f 561/622/534 571/633/544 580/634/553 570/623/543
f 562/624/535 572/635/545 571/636/544 561/625/534
f 563/626/536 573/637/546 572/635/545 562/624/535
f 564/627/537 574/638/547 573/637/546 563/626/536
f 565/628/538 575/639/548 574/638/547 564/627/537
f 566/629/539 576/640/549 575/639/548 565/628/538
f 567/630/540 577/641/550 576/640/549 566/629/539
f 568/631/541 578/642/551 577/641/550 567/630/540
f 569/632/542 579/643/552 578/642/551 568/631/541
f 570/623/543 580/634/553 579/643/552 569/632/542
f 571/633/544 581/644/554 590/645/563 580/634/553
f 572/635/545 582/646/555 581/647/554 571/636/544
f 573/637/546 583/648/556 582/646/555 572/635/545
f 574/638/547 584/649/557 583/648/556 573/637/546
f 575/639/548 585/650/558 584/649/557 574/638/547
f 576/640/549 586/651/559 585/650/558 575/639/548
f 577/641/550 587/652/560 586/651/559 576/640/549
f 578/642/551 588/653/561 587/652/560 577/641/550
f 579/643/552 589/654/562 588/653/561 578/642/551
f 580/634/553 590/645/563 589/654/562 579/643/552
f 581/644/554 591/655/564 600/656/573 590/645/563
f 582/646/555 592/657/565 591/658/564 581/647/554
f 583/648/556 593/659/566 592/657/565 582/646/555
f 584/649/557 594/660/567 593/659/566 583/648/556
f 585/650/558 595/661/568 594/660/567 584/649/557
f 586/651/559 596/662/569 595/661/568 585/650/558
f 587/652/560 597/663/570 596/662/569 586/651/559
f 588/653/561 598/664/571 597/663/570 587/652/560
f 589/654/562 599/665/572 598/664/571 588/653/561
f 590/645/563 600/656/573 599/665/572 589/654/562
f 591/655/564 601/666/574 610/667/583 600/656/573
f 592/657/565 602/668/575 601/669/574 591/658/564
f 593/659/566 603/670/576 602/668/575 592/657/565
f 594/660/567 604/671/577 603/670/576 593/659/566
f 595/661/568 605/672/578 604/671/577 594/660/567
f 596/662/569 606/673/579 605/672/578 595/661/568
f 597/663/570 607/674/580 606/673/579 596/662/569
f 598/664/571 608/675/581 607/674/580 597/663/570
f 599/665/572 609/676/582 608/675/581 598/664/571
f 600/656/573 610/667/583 609/676/582 599/665/572
f 601/666/574 611/677/584 620/678/593 610/667/583
f 602/668/575 612/679/585 611/680/584 601/669/574
f 603/670/576 613/681/586 612/679/585 602/668/575
f 604/671/577 614/682/587 613/681/586 603/670/576
f 605/672/578 615/683/588 614/682/587 604/671/577
f 606/673/579 616/684/589 615/683/588 605/672/578
f 607/674/580 617/685/590 616/684/589 606/673/579
f 608/675/581 618/686/591 617/685/590 607/674/580
f 609/676/582 619/687/592 618/686/591 608/675/581
f 610/667/583 620/678/593 619/687/592 609/676/582
f 611/677/584 621/688/594 630/689/603 620/678/593
f 612/679/585 622/690/595 621/691/594 611/680/584
f 613/681/586 623/692/596 622/690/595 612/679/585
f 614/682/587 624/693/597 623/692/596 613/681/586
f 615/683/588 625/694/598 624/693/597 614/682/587
f 616/684/589 626/695/599 625/694/598 615/683/588
f 617/685/590 627/696/600 626/695/599 616/684/589
f 618/686/591 628/697/601 627/696/600 617/685/590
f 619/687/592 629/698/602 628/697/601 618/686/591
f 620/678/593 630/689/603 629/698/602 619/687/592
f 621/688/594 631/699/604 640/700/613 630/689/603
f 622/690/595 632/701/605 631/702/604 621/691/594
f 623/692/596 633/703/606 632/701/605 622/690/595
f 624/693/597 634/704/607 633/703/606 623/692/596
f 625/694/598 635/705/608 634/704/607 624/693/597
f 626/695/599 636/706/609 635/705/608 625/694/598
f 627/696/600 637/707/610 636/706/609 626/695/599
f 628/697/601 638/708/611 637/707/610 627/696/600
f 629/698/602 639/709/612 638/708/611 628/697/601
f 630/689/603 640/700/613 639/709/612 629/698/602
f 631/699/604 641/710/614 650/711/623 640/700/613
f 632/701/605 642/712/615 641/713/614 631/702/604
f 633/703/606 643/714/616 642/712/615 632/701/605
f 634/704/607 644/715/617 643/714/616 633/703/606
f 635/705/608 645/716/618 644/715/617 634/704/607
f 636/706/609 646/717/619 645/716/618 635/705/608
f 637/707/610 647/718/620 646/717/619 636/706/609
f 638/708/611 648/719/621 647/718/620 637/707/610
f 639/709/612 649/720/622 648/719/621 638/708/611
f 640/700/613 650/711/623 649/720/622 639/709/612
f 641/710/614 651/721/624 660/722/633 650/711/623
f 642/712/615 652/723/625 651/724/624 641/713/614
f 643/714/616 653/725/626 652/723/625 642/712/615
f 644/715/617 654/726/627 653/725/626 643/714/616
f 645/716/618 655/727/628 654/726/627 644/715/617
f 646/717/619 656/728/629 655/727/628 645/716/618
f 647/718/620 657/729/630 656/728/629 646/717/619
f 648/719/621 658/730/631 657/729/630 647/718/620
f 649/720/622 659/731/632 658/730/631 648/719/621
f 650/711/623 660/722/633 659/731/632 649/720/622
f 651/721/624 661/732/634 670/733/643 660/722/633
f 652/723/625 662/734/635 661/735/634 651/724/624
f 653/725/626 663/736/636 662/734/635 652/723/625
f 654/726/627 664/737/637 663/736/636 653/725/626
f 655/727/628 665/738/638 664/737/637 654/726/627
f 656/728/629 666/739/639 665/738/638 655/727/628
f 657/729/630 667/740/640 666/739/639 656/728/629
f 658/730/631 668/741/641 667/740/640 657/729/630
f 659/731/632 669/742/642 668/741/641 658/730/631
f 660/722/633 670/733/643 669/742/642 659/731/632
f 661/732/634 671/743/644 680/744/653 670/733/643
f 662/734/635 672/745/645 671/746/644 661/735/634
f 663/736/636 673/747/646 672/745/645 662/734/635
f 664/737/637 674/748/647 673/747/646 663/736/636
f 665/738/638 675/749/648 674/748/647 664/737/637
f 666/739/639 676/750/649 675/749/648 665/738/638
f 667/740/640 677/751/650 676/750/649 666/739/639
f 668/741/641 678/752/651 677/751/650 667/740/640
f 669/742/642 679/753/652 678/752/651 668/741/641
f 670/733/643 680/744/653 679/753/652 669/742/642
f 671/743/644 681/754/654 690/755/663 680/744/653
f 672/745/645 682/756/655 681/757/654 671/746/644
f 673/747/646 683/758/656 682/756/655 672/745/645
f 674/748/647 684/759/657 683/758/656 673/747/646
f 675/749/648 685/760/658 684/759/657 674/748/647
f 676/750/649 686/761/659 685/760/658 675/749/648
f 677/751/650 687/762/660 686/761/659 676/750/649
f 678/752/651 688/763/661 687/762/660 677/751/650
f 679/753/652 689/764/662 688/763/661 678/752/651
f 680/744/653 690/755/663 689/764/662 679/753/652
f 681/754/654 691/765/664 700/766/673 690/755/663
f 682/756/655 692/767/665 691/768/664 681/757/654
f 683/758/656 693/769/666 692/767/665 682/756/655
f 684/759/657 694/770/667 693/769/666 683/758/656
f 685/760/658 695/771/668 694/770/667 684/759/657
f 686/761/659 696/772/669 695/771/668 685/760/658
f 687/762/660 697/773/670 696/772/669 686/761/659
f 688/763/661 698/774/671 697/773/670 687/762/660
f 689/764/662 699/775/672 698/774/671 688/763/661
f 690/755/663 700/766/673 699/775/672 689/764/662
f 691/765/664 701/776/674 710/777/683 700/766/673
f 692/767/665 702/778/675 701/779/674 691/768/664
f 693/769/666 703/780/676 702/778/675 692/767/665
f 694/770/667 704/781/677 703/780/676 693/769/666
f 695/771/668 705/782/678 704/781/677 694/770/667
f 696/772/669 706/783/679 705/782/678 695/771/668
f 697/773/670 707/784/680 706/783/679 696/772/669
f 698/774/671 708/785/681 707/784/680 697/773/670
f 699/775/672 709/786/682 708/785/681 698/774/671
f 700/766/673 710/777/683 709/786/682 699/775/672
f 701/776/674 711/787/684 720/788/693 710/777/683
f 702/778/675 712/789/685 711/790/684 701/779/674
f 703/780/676 713/791/686 712/789/685 702/778/675
f 704/781/677 714/792/687 713/791/686 703/780/676
f 705/782/678 715/793/688 714/792/687 704/781/677
f 706/783/679 716/794/689 715/793/688 705/782/678
f 707/784/680 717/795/690 716/794/689 706/783/679
f 708/785/681 718/796/691 717/795/690 707/784/680
f 709/786/682 719/797/692 718/796/691 708/785/681
f 710/777/683 720/788/693 719/797/692 709/786/682
f 711/787/684 721/798/694 730/799/703 720/788/693
f 712/789/685 722/800/695 721/801/694 711/790/684
f 713/791/686 723/802/696 722/800/695 712/789/685
f 714/792/687 724/803/697 723/802/696 713/791/686
f 715/793/688 725/804/698 724/803/697 714/792/687
f 716/794/689 726/805/699 725/804/698 715/793/688
f 717/795/690 727/806/700 726/805/699 716/794/689
f 718/796/691 728/807/701 727/806/700 717/795/690
f 719/797/692 729/808/702 728/807/701 718/796/691
f 720/788/693 730/799/703 729/808/702 719/797/692
f 721/798/694 731/809/704 740/810/713 730/799/703
f 722/800/695 732/811/705 731/812/704 721/801/694
f 723/802/696 733/813/706 732/811/705 722/800/695
f 724/803/697 734/814/707 733/813/706 723/802/696
f 725/804/698 735/815/708 734/814/707 724/803/697
f 726/805/699 736/816/709 735/815/708 725/804/698
f 727/806/700 737/817/710 736/816/709 726/805/699
f 728/807/701 738/818/711 737/817/710 727/806/700
f 729/808/702 739/819/712 738/818/711 728/807/701
f 730/799/703 740/810/713 739/819/712 729/808/702
f 731/809/704 741/820/714 750/821/723 740/810/713
f 732/811/705 742/822/715 741/823/714 731/812/704
f 733/813/706 743/824/716 742/822/715 732/811/705
f 734/814/707 744/825/717 743/824/716 733/813/706
f 735/815/708 745/826/718 744/825/717 734/814/707
f 736/816/709 746/827/719 745/826/718 735/815/708
f 737/817/710 747/828/720 746/827/719 736/816/709
f 738/818/711 748/829/721 747/828/720 737/817/710
f 739/819/712 749/830/722 748/829/721 738/818/711
f 740/810/713 750/821/723 749/830/722 739/819/712
f 741/820/714 751/831/724 760/832/733 750/821/723
f 742/822/715 752/833/725 751/834/724 741/823/714
f 743/824/716 753/835/726 752/833/725 742/822/715
f 744/825/717 754/836/727 753/835/726 743/824/716
f 745/826/718 755/837/728 754/836/727 744/825/717
f 746/827/719 756/838/729 755/837/728 745/826/718
f 747/828/720 757/839/730 756/838/729 746/827/719
f 748/829/721 758/840/731 757/839/730 747/828/720
f 749/830/722 759/841/732 758/840/731 748/829/721
f 750/821/723 760/832/733 759/841/732 749/830/722
f 751/831/724 761/842/734 770/843/518 760/832/733
f 752/833/725 762/844/735 761/845/734 751/834/724
f 753/835/726 763/846/736 762/844/735 752/833/725
f 754/836/727 764/847/737 763/846/736 753/835/726
f 755/837/728 765/848/523 764/847/737 754/836/727
f 756/838/729 766/849/738 765/848/523 755/837/728
f 757/839/730 767/850/739 766/849/738 756/838/729
f 758/840/731 768/851/740 767/850/739 757/839/730
f 759/841/732 769/852/741 768/851/740 758/840/731
f 760/832/733 770/843/518 769/852/741 759/841/732
f 761/842/734 771/853/742 780/854/751 770/843/518
f 762/844/735 772/855/743 771/856/742 761/845/734
f 763/846/736 773/857/744 772/855/743 762/844/735
f 764/847/737 774/858/745 773/857/744 763/846/736
f 765/848/523 775/859/746 774/858/745 764/847/737
f 766/849/738 776/860/747 775/859/746 765/848/523
f 767/850/739 777/861/748 776/860/747 766/849/738
f 768/851/740 778/862/749 777/861/748 767/850/739
f 769/852/741 779/863/750 778/862/749 768/851/740
f 770/843/518 780/854/751 779/863/750 769/852/741
f 771/853/742 781/864/752 790/865/761 780/854/751
f 772/855/743 782/866/753 781/867/752 771/856/742
f 773/857/744 783/868/754 782/866/753 772/855/743
f 774/858/745 784/869/755 783/868/754 773/857/744
f 775/859/746 785/870/756 784/869/755 774/858/745
f 776/860/747 786/871/757 785/870/756 775/859/746
f 777/861/748 787/872/758 786/871/757 776/860/747
f 778/862/749 788/873/759 787/872/758 777/861/748
f 779/863/750 789/874/760 788/873/759 778/862/749
f 780/854/751 790/865/761 789/874/760 779/863/750
f 781/864/752 791/875/762 800/876/771 790/865/761
f 782/866/753 792/877/763 791/878/762 781/867/752
f 783/868/754 793/879/764 792/877/763 782/866/753
f 784/869/755 794/880/765 793/879/764 783/868/754
f 785/870/756 795/881/766 794/880/765 784/869/755
f 786/871/757 796/882/767 795/881/766 785/870/756
f 787/872/758 797/883/768 796/882/767 786/871/757
f 788/873/759 798/884/769 797/883/768 787/872/758
f 789/874/760 799/885/770 798/884/769 788/873/759
f 790/865/761 800/876/771 799/885/770 789/874/760
f 791/875/762 801/886/772 810/887/781 800/876/771
f 792/877/763 802/888/773 801/889/772 791/878/762
f 793/879/764 803/890/774 802/888/773 792/877/763
f 794/880/765 804/891/775 803/890/774 793/879/764
f 795/881/766 805/892/776 804/891/775 794/880/765
f 796/882/767 806/893/777 805/892/776 795/881/766
f 797/883/768 807/894/778 806/893/777 796/882/767
f 798/884/769 808/895/779 807/894/778 797/883/768
f 799/885/770 809/896/780 808/895/779 798/884/769
f 800/876/771 810/887/781 809/896/780 799/885/770
f 801/886/772 811/897/782 820/898/791 810/887/781
f 802/888/773 812/899/783 811/900/782 801/889/772
f 803/890/774 813/901/784 812/899/783 802/888/773
f 804/891/775 814/902/785 813/901/784 803/890/774
f 805/892/776 815/903/786 814/902/785 804/891/775
f 806/893/777 816/904/787 815/903/786 805/892/776
f 807/894/778 817/905/788 816/904/787 806/893/777
f 808/895/779 818/906/789 817/905/788 807/894/778
f 809/896/780 819/907/790 818/906/789 808/895/779
f 810/887/781 820/898/791 819/907/790 809/896/780
f 811/897/782 821/908/792 830/909/578 820/898/791
f 812/899/783 822/910/793 821/911/792 811/900/782
f 813/901/784 823/912/794 822/910/793 812/899/783
f 814/902/785 824/913/795 823/912/794 813/901/784
f 815/903/786 825/914/583 824/913/795 814/902/785
f 816/904/787 826/915/796 825/914/583 815/903/786
f 817/905/788 827/916/797 826/915/796 816/904/787
f 818/906/789 828/917/798 827/916/797 817/905/788
f 819/907/790 829/918/799 828/917/798 818/906/789
f 820/898/791 830/909/578 829/918/799 819/907/790
f 821/908/792 831/919/800 840/920/588 830/909/578
f 822/910/793 832/921/801 831/922/800 821/911/792
f 823/912/794 833/923/802 832/921/801 822/910/793
f 824/913/795 834/924/803 833/923/802 823/912/794
f 825/914/583 835/925/593 834/924/803 824/913/795
f 826/915/796 836/926/804 835/925/593 825/914/583
f 827/916/797 837/927/805 836/926/804 826/915/796
f 828/917/798 838/928/806 837/927/805 827/916/797
f 829/918/799 839/929/807 838/928/806 828/917/798
f 830/909/578 840/920/588 839/929/807 829/918/799
f 831/919/800 841/930/808 850/931/598 840/920/588
f 832/921/801 842/932/809 841/933/808 831/922/800
f 833/923/802 843/934/810 842/932/809 832/921/801
f 834/924/803 844/935/811 843/934/810 833/923/802
f 835/925/593 845/936/603 844/935/811 834/924/803
f 836/926/804 846/937/812 845/936/603 835/925/593
f 837/927/805 847/938/813 846/937/812 836/926/804
f 838/928/806 848/939/814 847/938/813 837/927/805
f 839/929/807 849/940/815 848/939/814 838/928/806
f 840/920/588 850/931/598 849/940/815 839/929/807
f 841/930/808 851/941/816 860/942/608 850/931/598
f 842/932/809 852/943/817 851/944/816 841/933/808
f 843/934/810 853/945/818 852/943/817 842/932/809
f 844/935/811 854/946/819 853/945/818 843/934/810
f 845/936/603 855/947/613 854/946/819 844/935/811
f 846/937/812 856/948/820 855/947/613 845/936/603
f 847/938/813 857/949/821 856/948/820 846/937/812
f 848/939/814 858/950/822 857/949/821 847/938/813
f 849/940/815 859/951/823 858/950/822 848/939/814
f 850/931/598 860/942/608 859/951/823 849/940/815
f 851/941/816 861/952/824 870/953/618 860/942/608
f 852/943/817 862/954/825 861/955/824 851/944/816
f 853/945/818 863/956/826 862/954/825 852/943/817
f 854/946/819 864/957/827 863/956/826 853/945/818
f 855/947/613 865/958/623 864/957/827 854/946/819
f 856/948/820 866/959/828 865/958/623 855/947/613
f 857/949/821 867/960/829 866/959/828 856/948/820
f 858/950/822 868/961/830 867/960/829 857/949/821
f 859/951/823 869/962/831 868/961/830 858/950/822
f 860/942/608 870/953/618 869/962/831 859/951/823
f 861/952/824 871/963/832 880/964/628 870/953/618
f 862/954/825 872/965/833 871/966/832 861/955/824
f 863/956/826 873/967/834 872/965/833 862/954/825
f 864/957/827 874/968/835 873/967/834 863/956/826
f 865/958/623 875/969/633 874/968/835 864/957/827
f 866/959/828 876/970/836 875/969/633 865/958/623
f 867/960/829 877/971/837 876/970/836 866/959/828
f 868/961/830 878/972/838 877/971/837 867/960/829
f 869/962/831 879/973/839 878/972/838 868/961/830
f 870/953/618 880/964/628 879/973/839 869/962/831
f 871/963/832 881/974/840 890/975/638 880/964/628
f 872/965/833 882/976/841 881/977/840 871/966/832
f 873/967/834 883/978/842 882/976/841 872/965/833
f 874/968/835 884/979/843 883/978/842 873/967/834
f 875/969/633 885/980/643 884/979/843 874/968/835
f 876/970/836 886/981/844 885/980/643 875/969/633
f 877/971/837 887/982/845 886/981/844 876/970/836
f 878/972/838 888/983/846 887/982/845 877/971/837
f 879/973/839 889/984/847 888/983/846 878/972/838
f 880/964/628 890/975/638 889/984/847 879/973/839
f 881/974/840 891/985/848 900/986/648 890/975/638
f 882/976/841 892/987/849 891/988/848 881/977/840
f 883/978/842 893/989/850 892/987/849 882/976/841
f 884/979/843 894/990/851 893/989/850 883/978/842
f 885/980/643 895/991/653 894/990/851 884/979/843
f 886/981/844 896/992/852 895/991/653 885/980/643
f 887/982/845 897/993/853 896/992/852 886/981/844
f 888/983/846 898/994/854 897/993/853 887/982/845
f 889/984/847 899/995/855 898/994/854 888/983/846
f 890/975/638 900/986/648 899/995/855 889/984/847
f 891/985/848 901/996/856 910/997/658 900/986/648
f 892/987/849 902/998/857 901/999/856 891/988/848
f 893/989/850 903/1000/858 902/998/857 892/987/849
f 894/990/851 904/1001/859 903/1000/858 893/989/850
f 895/991/653 905/1002/663 904/1001/859 894/990/851
f 896/992/852 906/1003/860 905/1002/663 895/991/653
f 897/993/853 907/1004/861 906/1003/860 896/992/852
f 898/994/854 908/1005/862 907/1004/861 897/993/853
f 899/995/855 909/1006/863 908/1005/862 898/994/854
f 900/986/648 910/997/658 909/1006/863 899/995/855
f 901/996/856 911/1007/864 920/1008/668 910/997/658
f 902/998/857 912/1009/865 911/1010/864 901/999/856
f 903/1000/858 913/1011/866 912/1009/865 902/998/857
f 904/1001/859 914/1012/867 913/1011/866 903/1000/858
f 905/1002/663 915/1013/673 914/1012/867 904/1001/859
f 906/1003/860 916/1014/868 915/1013/673 905/1002/663
f 907/1004/861 917/1015/869 916/1014/868 906/1003/860
f 908/1005/862 918/1016/870 917/1015/869 907/1004/861
f 909/1006/863 919/1017/871 918/1016/870 908/1005/862
f 910/997/658 920/1008/668 919/1017/871 909/1006/863
f 911/1007/864 921/1018/872 930/1019/678 920/1008/668
f 912/1009/865 922/1020/873 921/1021/872 911/1010/864
f 913/1011/866 923/1022/874 922/1020/873 912/1009/865
f 914/1012/867 924/1023/875 923/1022/874 913/1011/866
f 915/1013/673 925/1024/683 924/1023/875 914/1012/867
f 916/1014/868 926/1025/876 925/1024/683 915/1013/673
f 917/1015/869 927/1026/877 926/1025/876 916/1014/868
f 918/1016/870 928/1027/878 927/1026/877 917/1015/869
f 919/1017/871 929/1028/879 928/1027/878 918/1016/870
f 920/1008/668 930/1019/678 929/1028/879 919/1017/871
f 921/1018/872 931/1029/880 940/1030/889 930/1019/678
f 922/1020/873 932/1031/881 931/1032/880 921/1021/872
f 923/1022/874 933/1033/882 932/1031/881 922/1020/873
f 924/1023/875 934/1034/883 933/1033/882 923/1022/874
f 925/1024/683 935/1035/884 934/1034/883 924/1023/875
f 926/1025/876 936/1036/885 935/1035/884 925/1024/683
f 927/1026/877 937/1037/886 936/1036/885 926/1025/876
f 928/1027/878 938/1038/887 937/1037/886 927/1026/877
f 929/1028/879 939/1039/888 938/1038/887 928/1027/878
f 930/1019/678 940/1030/889 939/1039/888 929/1028/879
f 931/1029/880 941/1040/890 950/1041/899 940/1030/889
f 932/1031/881 942/1042/891 941/1043/890 931/1032/880
f 933/1033/882 943/1044/892 942/1042/891 932/1031/881
f 934/1034/883 944/1045/893 943/1044/892 933/1033/882
f 935/1035/884 945/1046/894 944/1045/893 934/1034/883
f 936/1036/885 946/1047/895 945/1046/894 935/1035/884
f 937/1037/886 947/1048/896 946/1047/895 936/1036/885
f 938/1038/887 948/1049/897 947/1048/896 937/1037/886
f 939/1039/888 949/1050/898 948/1049/897 938/1038/887
f 940/1030/889 950/1041/899 949/1050/898 939/1039/888
f 941/1040/890 951/1051/900 960/1052/909 950/1041/899
f 942/1042/891 952/1053/901 951/1054/900 941/1043/890
f 943/1044/892 953/1055/902 952/1053/901 942/1042/891
f 944/1045/893 954/1056/903 953/1055/902 943/1044/892
f 945/1046/894 955/1057/904 954/1056/903 944/1045/893
f 946/1047/895 956/1058/905 955/1057/904 945/1046/894
f 947/1048/896 957/1059/906 956/1058/905 946/1047/895
f 948/1049/897 958/1060/907 957/1059/906 947/1048/896
f 949/1050/898 959/1061/908 958/1060/907 948/1049/897
f 950/1041/899 960/1052/909 959/1061/908 949/1050/898
f 951/1051/900 961/1062/910 970/1063/919 960/1052/909
f 952/1053/901 962/1064/911 961/1065/910 951/1054/900
f 953/1055/902 963/1066/912 962/1064/911 952/1053/901
f 954/1056/903 964/1067/913 963/1066/912 953/1055/902
f 955/1057/904 965/1068/914 964/1067/913 954/1056/903
f 956/1058/905 966/1069/915 965/1068/914 955/1057/904
f 957/1059/906 967/1070/916 966/1069/915 956/1058/905
f 958/1060/907 968/1071/917 967/1070/916 957/1059/906
f 959/1061/908 969/1072/918 968/1071/917 958/1060/907
f 960/1052/909 970/1063/919 969/1072/918 959/1061/908
f 961/1062/910 971/1073/920 980/1074/929 970/1063/919
f 962/1064/911 972/1075/921 971/1076/920 961/1065/910
f 963/1066/912 973/1077/922 972/1075/921 962/1064/911
f 964/1067/913 974/1078/923 973/1077/922 963/1066/912
f 965/1068/914 975/1079/924 974/1078/923 964/1067/913
f 966/1069/915 976/1080/925 975/1079/924 965/1068/914
f 967/1070/916 977/1081/926 976/1080/925 966/1069/915
f 968/1071/917 978/1082/927 977/1081/926 967/1070/916
f 969/1072/918 979/1083/928 978/1082/927 968/1071/917
f 970/1063/919 980/1074/929 979/1083/928 969/1072/918
f 971/1073/920 541/1084/514 550/1085/523 980/1074/929
f 972/1075/921 542/1086/515 541/1087/514 971/1076/920
f 973/1077/922 543/1088/516 542/1086/515 972/1075/921
f 974/1078/923 544/1089/517 543/1088/516 973/1077/922
f 975/1079/924 545/1090/518 544/1089/517 974/1078/923
f 976/1080/925 546/1091/519 545/1090/518 975/1079/924
f 977/1081/926 547/1092/520 546/1091/519 976/1080/925
f 978/1082/927 548/1093/521 547/1092/520 977/1081/926
f 979/1083/928 549/1094/522 548/1093/521 978/1082/927
f 980/1074/929 550/1085/523 549/1094/522 979/1083/928
o StartPad
v 9.500000 -1.059876 0.000000
v 9.500000 -1.100000 0.040000
v 9.500000 -1.088248 0.011716
v 9.500000 -1.059876 0.120000
v 9.500000 -1.100000 0.080000
v 9.500000 -1.088248 0.108284
v 9.334199 -1.046828 0.000000
v 9.327922 -1.086457 0.040000
v 9.329761 -1.074850 0.011716
v 9.334199 -1.046828 0.120000
v 9.327922 -1.086457 0.080000
v 9.329761 -1.074850 0.108284
v 9.172481 -1.008003 0.000000
v 9.160081 -1.046162 0.040000
v 9.163713 -1.034986 0.011716
v 9.172481 -1.008003 0.120000
v 9.160081 -1.046162 0.080000
v 9.163713 -1.034986 0.108284
v 9.018826 -0.944357 0.000000
v 9.000610 -0.980107 0.040000
v 9.005945 -0.969636 0.011716
v 9.018826 -0.944357 0.120000
v 9.000610 -0.980107 0.080000
v 9.005945 -0.969636 0.108284
v 8.877020 -0.857458 0.000000
v 8.853436 -0.889919 0.040000
v 8.860344 -0.880411 0.011716
v 8.877020 -0.857458 0.120000
v 8.853436 -0.889919 0.080000
v 8.860344 -0.880411 0.108284
v 8.750554 -0.749446 0.000000
v 8.722182 -0.777817 0.040000
v 8.730493 -0.769508 0.011716
v 8.750554 -0.749446 0.120000
v 8.722182 -0.777817 0.080000
v 8.730493 -0.769508 0.108284
v 8.642542 -0.622980 0.000000
v 8.610082 -0.646564 0.040000
v 8.619589 -0.639656 0.011716
v 8.642542 -0.622980 0.120000
v 8.610082 -0.646564 0.080000
v 8.619589 -0.639656 0.108284
v 8.555643 -0.481174 0.000000
v 8.519893 -0.499390 0.040000
v 8.530364 -0.494054 0.011716
v 8.555643 -0.481174 0.120000
v 8.519893 -0.499390 0.080000
v 8.530364 -0.494054 0.108284
v 8.491998 -0.327519 0.000000
v 8.453837 -0.339919 0.040000
v 8.465014 -0.336287 0.011716
v 8.491998 -0.327519 0.120000
v 8.453837 -0.339919 0.080000
v 8.465014 -0.336287 0.108284
v 8.453173 -0.165801 0.000000
v 8.413543 -0.172078 0.040000
v 8.425150 -0.170240 0.011716
v 8.453173 -0.165801 0.120000
v 8.413543 -0.172078 0.080000
v 8.425150 -0.170240 0.108284
v 8.440124 0.000000 0.000000
v 8.400000 0.000000 0.040000
v 8.411752 0.000000 0.011716
v 8.440124 0.000000 0.120000
v 8.400000 0.000000 0.080000
v 8.411752 0.000000 0.108284
v 8.453173 0.165801 0.000000
v 8.413543 0.172078 0.040000
v 8.425150 0.170240 0.011716
v 8.453173 0.165801 0.120000
v 8.413543 0.172078 0.080000
v 8.425150 0.170240 0.108284
v 8.491998 0.327519 0.000000
v 8.453837 0.339919 0.040000
v 8.465014 0.336287 0.011716
v 8.491998 0.327519 0.120000
v 8.453837 0.339919 0.080000
v 8.465014 0.336287 0.108284
v 8.555643 0.481174 0.000000
v 8.519893 0.499390 0.040000
v 8.530364 0.494054 0.011716
v 8.555643 0.481174 0.120000
v 8.519893 0.499390 0.080000
v 8.530364 0.494054 0.108284
v 8.642542 0.622980 0.000000
v 8.610082 0.646564 0.040000
v 8.619589 0.639656 0.011716
v 8.642542 0.622980 0.120000
v 8.610082 0.646564 0.080000
v 8.619589 0.639656 0.108284
v 8.750554 0.749446 0.000000
v 8.722182 0.777817 0.040000
v 8.730493 0.769508 0.011716
v 8.750554 0.749446 0.120000
v 8.722182 0.777817 0.080000
v 8.730493 0.769508 0.108284
v 8.877020 0.857458 0.000000
v 8.853436 0.889919 0.040000
v 8.860344 0.880411 0.011716
v 8.877020 0.857458 0.120000
v 8.853436 0.889919 0.080000
v 8.860344 0.880411 0.108284
v 9.018826 0.944357 0.000000
v 9.000610 0.980107 0.040000
v 9.005945 0.969636 0.011716
v 9.018826 0.944357 0.120000
v 9.000610 0.980107 0.080000
v 9.005945 0.969636 0.108284
v 9.172481 1.008003 0.000000
v 9.160081 1.046162 0.040000
v 9.163713 1.034986 0.011716
v 9.172481 1.008003 0.120000
v 9.160081 1.046162 0.080000
v 9.163713 1.034986 0.108284
v 9.334199 1.046828 0.000000
v 9.327922 1.086457 0.040000
v 9.329761 1.074850 0.011716
v 9.334199 1.046828 0.120000
v 9.327922 1.086457 0.080000
v 9.329761 1.074850 0.108284
v 9.500000 1.059876 0.000000
v 9.500000 1.100000 0.040000
v 9.500000 1.088248 0.011716
v 9.500000 1.059876 0.120000
v 9.500000 1.100000 0.080000
v 9.500000 1.088248 0.108284
v 9.665801 1.046828 0.000000
v 9.672078 1.086457 0.040000
v 9.670239 1.074850 0.011716
v 9.665801 1.046828 0.120000
v 9.672078 1.086457 0.080000
v 9.670239 1.074850 0.108284
v 9.827519 1.008003 0.000000
v 9.839919 1.046162 0.040000
v 9.836287 1.034986 0.011716
v 9.827519 1.008003 0.120000
v 9.839919 1.046162 0.080000
v 9.836287 1.034986 0.108284
v 9.981174 0.944357 0.000000
v 9.999390 0.980107 0.040000
v 9.994055 0.969636 0.011716
v 9.981174 0.944357 0.120000
v 9.999390 0.980107 0.080000
v 9.994055 0.969636 0.108284
v 10.122980 0.857458 0.000000
v 10.146564 0.889919 0.040000
v 10.139656 0.880411 0.011716
v 10.122980 0.857458 0.120000
v 10.146564 0.889919 0.080000
v 10.139656 0.880411 0.108284
v 10.249446 0.749446 0.000000
v 10.277818 0.777817 0.040000
v 10.269507 0.769508 0.011716
v 10.249446 0.749446 0.120000
v 10.277818 0.777817 0.080000
v 10.269507 0.769508 0.108284
v 10.357458 0.622980 0.000000
v 10.389918 0.646564 0.040000
v 10.380411 0.639656 0.011716
v 10.357458 0.622980 0.120000
v 10.389918 0.646564 0.080000
v 10.380411 0.639656 0.108284
v 10.444357 0.481174 0.000000
v 10.480107 0.499390 0.040000
v 10.469636 0.494054 0.011716
v 10.444357 0.481174 0.120000
v 10.480107 0.499390 0.080000
v 10.469636 0.494054 0.108284
v 10.508002 0.327519 0.000000
v 10.546163 0.339919 0.040000
v 10.534986 0.336287 0.011716
v 10.508002 0.327519 0.120000
v 10.546163 0.339919 0.080000
v 10.534986 0.336287 0.108284
v 10.546827 0.165801 0.000000
v 10.586457 0.172078 0.040000
v 10.574850 0.170240 0.011716
v 10.546827 0.165801 0.120000
v 10.586457 0.172078 0.080000
v 10.574850 0.170240 0.108284
v 10.559876 0.000000 0.000000
v 10.600000 0.000000 0.040000
v 10.588248 0.000000 0.011716
v 10.559876 0.000000 0.120000
v 10.600000 0.000000 0.080000
v 10.588248 0.000000 0.108284
v 10.546827 -0.165801 0.000000
v 10.586457 -0.172078 0.040000
v 10.574850 -0.170240 0.011716
v 10.546827 -0.165801 0.120000
v 10.586457 -0.172078 0.080000
v 10.574850 -0.170240 0.108284
v 10.508002 -0.327519 0.000000
v 10.546163 -0.339919 0.040000
v 10.534986 -0.336287 0.011716
v 10.508002 -0.327519 0.120000
v 10.546163 -0.339919 0.080000
v 10.534986 -0.336287 0.108284
v 10.444357 -0.481174 0.000000
v 10.480107 -0.499390 0.040000
v 10.469636 -0.494054 0.011716
v 10.444357 -0.481174 0.120000
v 10.480107 -0.499390 0.080000
v 10.469636 -0.494054 0.108284
v 10.357458 -0.622980 0.000000
v 10.389918 -0.646564 0.040000
v 10.380411 -0.639656 0.011716
v 10.357458 -0.622980 0.120000
v 10.389918 -0.646564 0.080000
v 10.380411 -0.639656 0.108284
v 10.249446 -0.749446 0.000000
v 10.277818 -0.777817 0.040000
v 10.269507 -0.769508 0.011716
v 10.249446 -0.749446 0.120000
v 10.277818 -0.777817 0.080000
v 10.269507 -0.769508 0.108284
v 10.122980 -0.857458 0.000000
v 10.146564 -0.889919 0.040000
v 10.139656 -0.880411 0.011716
v 10.122980 -0.857458 0.120000
v 10.146564 -0.889919 0.080000
v 10.139656 -0.880411 0.108284
v 9.981174 -0.944357 0.000000
v 9.999390 -0.980107 0.040000
v 9.994055 -0.969636 0.011716
v 9.981174 -0.944357 0.120000
v 9.999390 -0.980107 0.080000
v 9.994055 -0.969636 0.108284
v 9.827519 -1.008003 0.000000
v 9.839919 -1.046162 0.040000
v 9.836287 -1.034986 0.011716
v 9.827519 -1.008003 0.120000
v 9.839919 -1.046162 0.080000
v 9.836287 -1.034986 0.108284
v 9.665801 -1.046828 0.000000
v 9.672078 -1.086457 0.040000
v 9.670239 -1.074850 0.011716
v 9.665801 -1.046828 0.120000
v 9.672078 -1.086457 0.080000
v 9.670239 -1.074850 0.108284
vn -0.0000 -0.2039 -0.9790
vn -0.0000 -0.9810 -0.1938
vn -0.0000 -0.7157 -0.6984
vn -0.0000 -0.2039 0.9790
vn -0.0000 -0.9810 0.1938
vn -0.0000 -0.7157 0.6984
vn -0.0319 -0.2014 -0.9790
vn -0.1535 -0.9690 -0.1938
vn -0.1120 -0.7069 -0.6984
vn -0.0319 -0.2014 0.9790
vn -0.1535 -0.9690 0.1938
vn -0.1120 -0.7069 0.6984
vn -0.0630 -0.1939 -0.9790
vn -0.3032 -0.9330 -0.1938
vn -0.2212 -0.6806 -0.6984
vn -0.0630 -0.1939 0.9790
vn -0.3032 -0.9330 0.1938
vn -0.2212 -0.6806 0.6984
vn -0.0926 -0.1817 -0.9790
vn -0.4454 -0.8741 -0.1938
vn -0.3249 -0.6377 -0.6984
vn -0.0926 -0.1817 0.9790
vn -0.4454 -0.8741 0.1938
vn -0.3249 -0.6377 0.6984
vn -0.1198 -0.1649 -0.9790
vn -0.5766 -0.7937 -0.1938
vn -0.4207 -0.5790 -0.6984
vn -0.1198 -0.1649 0.9790
vn -0.5766 -0.7937 0.1938
vn -0.4207 -0.5790 0.6984
vn -0.1442 -0.1442 -0.9790
vn -0.6937 -0.6937 -0.1938
vn -0.5060 -0.5060 -0.6984
vn -0.1442 -0.1442 0.9790
vn -0.6937 -0.6937 0.1938
vn -0.5060 -0.5060 0.6984
vn -0.1649 -0.1198 -0.9790
vn -0.7937 -0.5766 -0.1938
vn -0.5790 -0.4207 -0.6984
vn -0.1649 -0.1198 0.9790
vn -0.7937 -0.5766 0.1938
vn -0.5790 -0.4207 0.6984
vn -0.1817 -0.0926 -0.9790
vn -0.8741 -0.4454 -0.1938
vn -0.6377 -0.3249 -0.6984
vn -0.1817 -0.0926 0.9790
vn -0.8741 -0.4454 0.1938
vn -0.6377 -0.3249 0.6984
vn -0.1939 -0.0630 -0.9790
vn -0.9330 -0.3032 -0.1938
vn -0.6806 -0.2212 -0.6984
vn -0.1939 -0.0630 0.9790
vn -0.9330 -0.3032 0.1938
vn -0.6806 -0.2212 0.6984
vn -0.2014 -0.0319 -0.9790
vn -0.9690 -0.1535 -0.1938
vn -0.7068 -0.1120 -0.6984
vn -0.2014 -0.0319 0.9790
vn -0.9690 -0.1535 0.1938
vn -0.7068 -0.1120 0.6984
vn -0.2039 -0.0000 -0.9790
vn -0.9810 -0.0000 -0.1938
vn -0.7157 -0.0000 -0.6984
vn -0.2039 -0.0000 0.9790
vn -0.9810 -0.0000 0.1938
vn -0.7157 -0.0000 0.6984
vn -0.2014 0.0319 -0.9790
vn -0.9690 0.1535 -0.1938
vn -0.7068 0.1120 -0.6984
vn -0.2014 0.0319 0.9790
vn -0.9690 0.1535 0.1938
vn -0.7068 0.1120 0.6984
vn -0.1939 0.0630 -0.9790
vn -0.9330 0.3032 -0.1938
vn -0.6806 0.2212 -0.6984
vn -0.1939 0.0630 0.9790
vn -0.9330 0.3032 0.1938
vn -0.6806 0.2212 0.6984
vn -0.1817 0.0926 -0.9790
vn -0.8741 0.4454 -0.1938
vn -0.6377 0.3249 -0.6984
vn -0.1817 0.0926 0.9790
vn -0.8741 0.4454 0.1938
vn -0.6377 0.3249 0.6984
vn -0.1649 0.1198 -0.9790
vn -0.7937 0.5766 -0.1938
vn -0.5790 0.4207 -0.6984
vn -0.1649 0.1198 0.9790
vn -0.7937 0.5766 0.1938
vn -0.5790 0.4207 0.6984
vn -0.1442 0.1442 -0.9790
vn -0.6937 0.6937 -0.1938
vn -0.5060 0.5060 -0.6984
vn -0.1442 0.1442 0.9790
vn -0.6937 0.6937 0.1938
vn -0.5060 0.5060 0.6984
vn -0.1198 0.1649 -0.9790
vn -0.5766 0.7937 -0.1938
vn -0.4207 0.5790 -0.6984
vn -0.1198 0.1649 0.9790
vn -0.5766 0.7937 0.1938
vn -0.4207 0.5790 0.6984
vn -0.0926 0.1817 -0.9790
vn -0.4454 0.8741 -0.1938
vn -0.3249 0.6377 -0.6984
vn -0.0926 0.1817 0.9790
vn -0.4454 0.8741 0.1938
vn -0.3249 0.6377 0.6984
vn -0.0630 0.1939 -0.9790
vn -0.3032 0.9330 -0.1938
vn -0.2212 0.6806 -0.6984
vn -0.0630 0.1939 0.9790
vn -0.3032 0.9330 0.1938
vn -0.2212 0.6806 0.6984
vn -0.0319 0.2014 -0.9790
vn -0.1535 0.9690 -0.1938
vn -0.1120 0.7069 -0.6984
vn -0.0319 0.2014 0.9790
vn -0.1535 0.9690 0.1938
vn -0.1120 0.7069 0.6984
vn -0.0000 0.2039 -0.9790
vn -0.0000 0.9810 -0.1938
vn -0.0000 0.7157 -0.6984
vn -0.0000 0.2039 0.9790
vn -0.0000 0.9810 0.1938
vn -0.0000 0.7157 0.6984
vn 0.0319 0.2014 -0.9790
vn 0.1535 0.9690 -0.1938
vn 0.1120 0.7069 -0.6984
vn 0.0319 0.2014 0.9790
vn 0.1535 0.9690 0.1938
vn 0.1120 0.7069 0.6984
vn 0.0630 0.1939 -0.9790
vn 0.3032 0.9330 -0.1938
vn 0.2212 0.6806 -0.6984
vn 0.0630 0.1939 0.9790
vn 0.3032 0.9330 0.1938
vn 0.2212 0.6806 0.6984
vn 0.0926 0.1817 -0.9790
vn 0.4454 0.8741 -0.1938
vn 0.3249 0.6377 -0.6984
vn 0.0926 0.1817 0.9790
vn 0.4454 0.8741 0.1938
vn 0.3249 0.6377 0.6984
vn 0.1198 0.1649 -0.9790
vn 0.5766 0.7937 -0.1938
vn 0.4207 0.5790 -0.6984
vn 0.1198 0.1649 0.9790
vn 0.5766 0.7937 0.1938
vn 0.4207 0.5790 0.6984
vn 0.1442 0.1442 -0.9790
vn 0.6937 0.6937 -0.1938
vn 0.5060 0.5060 -0.6984
vn 0.1442 0.1442 0.9790
vn 0.6937 0.6937 0.1938
vn 0.5060 0.5060 0.6984
vn 0.1649 0.1198 -0.9790
vn 0.7937 0.5766 -0.1938
vn 0.5790 0.4207 -0.6984
vn 0.1649 0.1198 0.9790
vn 0.7937 0.5766 0.1938
vn 0.5790 0.4207 0.6984
vn 0.1817 0.0926 -0.9790
vn 0.8741 0.4454 -0.1938
vn 0.6377 0.3249 -0.6984
vn 0.1817 0.0926 0.9790
vn 0.8741 0.4454 0.1938
vn 0.6377 0.3249 0.6984
vn 0.1939 0.0630 -0.9790
vn 0.9330 0.3032 -0.1938
vn 0.6806 0.2212 -0.6984
vn 0.1939 0.0630 0.9790
vn 0.9330 0.3032 0.1938
vn 0.6806 0.2212 0.6984
vn 0.2014 0.0319 -0.9790
vn 0.9690 0.1535 -0.1938
vn 0.7068 0.1120 -0.6984
vn 0.2014 0.0319 0.9790
vn 0.9690 0.1535 0.1938
vn 0.7068 0.1120 0.6984
vn 0.2039 -0.0000 -0.9790
vn 0.9810 -0.0000 -0.1938
vn 0.7157 -0.0000 -0.6984
vn 0.2039 -0.0000 0.9790
vn 0.9810 -0.0000 0.1938
vn 0.7157 -0.0000 0.6984
vn 0.2014 -0.0319 -0.9790
vn 0.9690 -0.1535 -0.1938
vn 0.7068 -0.1120 -0.6984
vn 0.2014 -0.0319 0.9790
vn 0.9690 -0.1535 0.1938
vn 0.7068 -0.1120 0.6984
vn 0.1939 -0.0630 -0.9790
vn 0.9330 -0.3032 -0.1938
vn 0.6806 -0.2212 -0.6984
vn 0.1939 -0.0630 0.9790
vn 0.9330 -0.3032 0.1938
vn 0.6806 -0.2212 0.6984
vn 0.1817 -0.0926 -0.9790
vn 0.8741 -0.4454 -0.1938
vn 0.6377 -0.3249 -0.6984
vn 0.1817 -0.0926 0.9790
vn 0.8741 -0.4454 0.1938
vn 0.6377 -0.3249 0.6984
vn 0.1649 -0.1198 -0.9790
vn 0.7937 -0.5766 -0.1938
vn 0.5790 -0.4207 -0.6984
vn 0.1649 -0.1198 0.9790
vn 0.7937 -0.5766 0.1938
vn 0.5790 -0.4207 0.6984
vn 0.1442 -0.1442 -0.9790
vn 0.6937 -0.6937 -0.1938
vn 0.5060 -0.5060 -0.6984
vn 0.1442 -0.1442 0.9790
vn 0.6937 -0.6937 0.1938
vn 0.5060 -0.5060 0.6984
vn 0.1198 -0.1649 -0.9790
vn 0.5766 -0.7937 -0.1938
vn 0.4207 -0.5790 -0.6984
vn 0.1198 -0.1649 0.9790
vn 0.5766 -0.7937 0.1938
vn 0.4207 -0.5790 0.6984
vn 0.0926 -0.1817 -0.9790
vn 0.4454 -0.8741 -0.1938
vn 0.3249 -0.6377 -0.6984
vn 0.0926 -0.1817 0.9790
vn 0.4454 -0.8741 0.1938
vn 0.3249 -0.6377 0.6984
vn 0.0630 -0.1939 -0.9790
vn 0.3032 -0.9330 -0.1938
vn 0.2212 -0.6806 -0.6984
vn 0.0630 -0.1939 0.9790
vn 0.3032 -0.9330 0.1938
vn 0.2212 -0.6806 0.6984
vn 0.0319 -0.2014 -0.9790
vn 0.1535 -0.9690 -0.1938
vn 0.1120 -0.7069 -0.6984
vn 0.0319 -0.2014 0.9790
vn 0.1535 -0.9690 0.1938
vn 0.1120 -0.7069 0.6984
vt 1.000000 0.666667
vt 0.975000 0.666667
vt 0.975000 0.500000
vt 0.999866 0.500000
vt 0.750000 0.489984
vt 0.787542 0.487030
vt 0.786175 0.478399
vt 0.750000 0.481246
vt 0.975000 0.833333
vt 1.000000 0.833333
vt 0.999866 1.000000
vt 0.975000 1.000000
vt 0.287542 0.487030
vt 0.250000 0.489984
vt 0.250000 0.481246
vt 0.286175 0.478399
vt 0.950000 0.666667
vt 0.950000 0.500000
vt 0.824159 0.478239
vt 0.821459 0.469928
vt 0.950000 0.833333
vt 0.950000 1.000000
vt 0.324159 0.478239
vt 0.321459 0.469928
vt 0.925000 0.666667
vt 0.925000 0.500000
vt 0.858950 0.463827
vt 0.854983 0.456042
vt 0.925000 0.833333
vt 0.925000 1.000000
vt 0.358951 0.463827
vt 0.354983 0.456041
vt 0.900000 0.666667
vt 0.900000 0.500000
vt 0.891059 0.444151
vt 0.885923 0.437082
vt 0.900000 0.833333
vt 0.900000 1.000000
vt 0.391059 0.444151
vt 0.385923 0.437082
vt 0.875000 0.666667
vt 0.875000 0.500000
vt 0.919694 0.419694
vt 0.913515 0.413515
vt 0.875000 0.833333
vt 0.875000 1.000000
vt 0.419694 0.419694
vt 0.413515 0.413515
vt 0.850000 0.666667
vt 0.850000 0.500000
vt 0.944151 0.391059
vt 0.937082 0.385923
vt 0.850000 0.833333
vt 0.850000 1.000000
vt 0.444151 0.391059
vt 0.437082 0.385923
vt 0.825000 0.666667
vt 0.825000 0.500000
vt 0.963827 0.358951
vt 0.956041 0.354983
vt 0.825000 0.833333
vt 0.825000 1.000000
vt 0.463827 0.358951
vt 0.456041 0.354983
vt 0.800000 0.666667
vt 0.800000 0.500000
vt 0.978239 0.324159
vt 0.969928 0.321459
vt 0.800000 0.833333
vt 0.800000 1.000000
vt 0.478239 0.324159
vt 0.469928 0.321459
vt 0.775000 0.666667
vt 0.775000 0.500000
vt 0.987030 0.287542
vt 0.978399 0.286175
vt 0.775000 0.833333
vt 0.775000 1.000000
vt 0.487030 0.287542
vt 0.478399 0.286175
vt 0.750000 0.666667
vt 0.750000 0.500000
vt 0.989984 0.250000
vt 0.981246 0.250000
vt 0.750000 0.833333
vt 0.750000 1.000000
vt 0.489984 0.250000
vt 0.481246 0.250000
vt 0.725000 0.666667
vt 0.725000 0.500000
vt 0.987030 0.212458
vt 0.978399 0.213825
vt 0.725000 0.833333
vt 0.725000 1.000000
vt 0.487030 0.212458
vt 0.478399 0.213825
vt 0.700000 0.666667
vt 0.700000 0.500000
vt 0.978239 0.175841
vt 0.969928 0.178541
vt 0.700000 0.833333
vt 0.700000 1.000000
vt 0.478239 0.175841
vt 0.469928 0.178541
vt 0.675000 0.666667
vt 0.675000 0.500000
vt 0.963827 0.141049
vt 0.956041 0.145017
vt 0.675000 0.833333
vt 0.675000 1.000000
vt 0.463827 0.141049
vt 0.456042 0.145017
vt 0.650000 0.666667
vt 0.650000 0.500000
vt 0.944151 0.108941
vt 0.937082 0.114077
vt 0.650000 0.833333
vt 0.650000 1.000000
vt 0.444151 0.108941
vt 0.437082 0.114077
vt 0.625000 0.666667
vt 0.625000 0.500000
vt 0.919694 0.080306
vt 0.913516 0.086485
vt 0.625000 0.833333
vt 0.625000 1.000000
vt 0.419694 0.080306
vt 0.413515 0.086485
vt 0.600000 0.666667
vt 0.600000 0.500000
vt 0.891059 0.055849
vt 0.885923 0.062918
vt 0.600000 0.833333
vt 0.600000 1.000000
vt 0.391059 0.055849
vt 0.385923 0.062918
vt 0.575000 0.666667
vt 0.575000 0.500000
vt 0.858951 0.036173
vt 0.854983 0.043959
vt 0.575000 0.833333
vt 0.575000 1.000000
vt 0.358951 0.036173
vt 0.354983 0.043959
vt 0.550000 0.666667
vt 0.550000 0.500000
vt 0.824159 0.021761
vt 0.821459 0.030072
vt 0.550000 0.833333
vt 0.550000 1.000000
vt 0.324159 0.021761
vt 0.321459 0.030072
vt 0.525000 0.666667
vt 0.525000 0.500000
vt 0.787542 0.012970
vt 0.786175 0.021601
vt 0.525000 0.833333
vt 0.525000 1.000000
vt 0.287542 0.012970
vt 0.286175 0.021601
vt 0.500000 0.666667
vt 0.500000 0.500000
vt 0.750000 0.010016
vt 0.750000 0.018754
vt 0.500000 0.833333
vt 0.500000 1.000000
vt 0.250000 0.010016
vt 0.250000 0.018754
vt 0.475000 0.666667
vt 0.475000 0.500000
vt 0.712458 0.012970
vt 0.713825 0.021601
vt 0.475000 0.833333
vt 0.475000 1.000000
vt 0.212458 0.012970
vt 0.213825 0.021601
vt 0.450000 0.666667
vt 0.450000 0.500000
vt 0.675841 0.021761
vt 0.678541 0.030072
vt 0.450000 0.833333
vt 0.450000 1.000000
vt 0.175841 0.021761
vt 0.178541 0.030072
vt 0.425000 0.666667
vt 0.425000 0.500000
vt 0.641049 0.036173
vt 0.645017 0.043959
vt 0.425000 0.833333
vt 0.425000 1.000000
vt 0.141049 0.036173
vt 0.145017 0.043959
vt 0.400000 0.666667
vt 0.400000 0.500000
vt 0.608941 0.055849
vt 0.614077 0.062918
vt 0.400000 0.833333
vt 0.400000 1.000000
vt 0.108941 0.055849
vt 0.114077 0.062918
vt 0.375000 0.666667
vt 0.375000 0.500000
vt 0.580306 0.080306
vt 0.586485 0.086485
vt 0.375000 0.833333
vt 0.375000 1.000000
vt 0.080306 0.080306
vt 0.086485 0.086485
vt 0.350000 0.666667
vt 0.350000 0.500000
vt 0.555849 0.108941
vt 0.562918 0.114077
vt 0.350000 0.833333
vt 0.350000 1.000000
vt 0.055849 0.108941
vt 0.062918 0.114077
vt 0.325000 0.666667
vt 0.325000 0.500000
vt 0.536173 0.141049
vt 0.543959 0.145017
vt 0.325000 0.833333
vt 0.325000 1.000000
vt 0.036173 0.141049
vt 0.043959 0.145017
vt 0.300000 0.666667
vt 0.300000 0.500000
vt 0.521761 0.175841
vt 0.530072 0.178541
vt 0.300000 0.833333
vt 0.300000 1.000000
vt 0.021761 0.175841
vt 0.030072 0.178541
vt 0.275000 0.666667
vt 0.275000 0.500000
vt 0.512970 0.212458
vt 0.521601 0.213825
vt 0.275000 0.833333
vt 0.275000 1.000000
vt 0.012970 0.212458
vt 0.021601 0.213825
vt 0.250000 0.666667
vt 0.250000 0.500000
vt 0.510016 0.250000
vt 0.518754 0.250000
vt 0.250000 0.833333
vt 0.250000 1.000000
vt 0.010016 0.250000
vt 0.018754 0.250000
vt 0.225000 0.666667
vt 0.225000 0.500000
vt 0.512970 0.287542
vt 0.521601 0.286175
vt 0.225000 0.833333
vt 0.225000 1.000000
vt 0.012970 0.287542
vt 0.021601 0.286175
vt 0.200000 0.666667
vt 0.200000 0.500000
vt 0.521761 0.324159
vt 0.530072 0.321459
vt 0.200000 0.833333
vt 0.200000 1.000000
vt 0.021761 0.324159
vt 0.030072 0.321459
vt 0.175000 0.666667
vt 0.175000 0.500000
vt 0.536173 0.358951
vt 0.543959 0.354983
vt 0.175000 0.833333
vt 0.175000 1.000000
vt 0.036173 0.358951
vt 0.043959 0.354983
vt 0.150000 0.666667
vt 0.150000 0.500000
vt 0.555849 0.391059
vt 0.562918 0.385923
vt 0.150000 0.833333
vt 0.150000 1.000000
vt 0.055849 0.391059
vt 0.062918 0.385923
vt 0.125000 0.666667
vt 0.125000 0.500000
vt 0.580306 0.419694
vt 0.586485 0.413515
vt 0.125000 0.833333
vt 0.125000 1.000000
vt 0.080306 0.419694
vt 0.086485 0.413515
vt 0.100000 0.666667
vt 0.100000 0.500000
vt 0.608941 0.444151
vt 0.614077 0.437082
vt 0.100000 0.833333
vt 0.100000 1.000000
vt 0.108941 0.444151
vt 0.114077 0.437082
vt 0.075000 0.666667
vt 0.075000 0.500000
vt 0.641049 0.463827
vt 0.645017 0.456041
vt 0.075000 0.833333
vt 0.075000 1.000000
vt 0.141049 0.463827
vt 0.145017 0.456041
vt 0.050000 0.666667
vt 0.050000 0.500000
vt 0.675841 0.478239
vt 0.678541 0.469928
vt 0.050000 0.833333
vt 0.050000 1.000000
vt 0.175841 0.478239
vt 0.178541 0.469928
vt 0.025000 0.666667
vt 0.025000 0.500000
vt 0.712458 0.487030
vt 0.713825 0.478399
vt 0.025000 0.833333
vt 0.025000 1.000000
vt 0.212458 0.487030
vt 0.213825 0.478399
vt 0.000000 0.666667
vt 0.000134 0.500000
vt 0.000000 0.833333
vt 0.000134 1.000000
s 1
usemtl StartPad
f 982/1095/931 988/1096/937 989/1097/938 983/1098/932
f 983/1099/932 989/1100/938 987/1101/936 981/1102/930
f 991/1103/940 985/1104/934 986/1105/935 992/1106/941
f 992/1107/941 986/1108/935 984/1109/933 990/1110/939
f 988/1096/937 994/1111/943 995/1112/944 989/1097/938
f 989/1100/938 995/1113/944 993/1114/942 987/1101/936
f 997/1115/946 991/1103/940 992/1106/941 998/1116/947
f 998/1117/947 992/1107/941 990/1110/939 996/1118/945
f 994/1111/943 1000/1119/949 1001/1120/950 995/1112/944
f 995/1113/944 1001/1121/950 999/1122/948 993/1114/942
f 1003/1123/952 997/1115/946 998/1116/947 1004/1124/953
f 1004/1125/953 998/1117/947 996/1118/945 1002/1126/951
f 1000/1119/949 1006/1127/955 1007/1128/956 1001/1120/950
f 1001/1121/950 1007/1129/956 1005/1130/954 999/1122/948
f 1009/1131/958 1003/1123/952 1004/1124/953 1010/1132/959
f 1010/1133/959 1004/1125/953 1002/1126/951 1008/1134/957
f 1006/1127/955 1012/1135/961 1013/1136/962 1007/1128/956
f 1007/1129/956 1013/1137/962 1011/1138/960 1005/1130/954
f 1015/1139/964 1009/1131/958 1010/1132/959 1016/1140/965
f 1016/1141/965 1010/1133/959 1008/1134/957 1014/1142/963
f 1012/1135/961 1018/1143/967 1019/1144/968 1013/1136/962
f 1013/1137/962 1019/1145/968 1017/1146/966 1011/1138/960
f 1021/1147/970 1015/1139/964 1016/1140/965 1022/1148/971
f 1022/1149/971 1016/1141/965 1014/1142/963 1020/1150/969
f 1018/1143/967 1024/1151/973 1025/1152/974 1019/1144/968
f 1019/1145/968 1025/1153/974 1023/1154/972 1017/1146/966
f 1027/1155/976 1021/1147/970 1022/1148/971 1028/1156/977
f 1028/1157/977 1022/1149/971 1020/1150/969 1026/1158/975
f 1024/1151/973 1030/1159/979 1031/1160/980 1025/1152/974
f 1025/1153/974 1031/1161/980 1029/1162/978 1023/1154/972
f 1033/1163/982 1027/1155/976 1028/1156/977 1034/1164/983
f 1034/1165/983 1028/1157/977 1026/1158/975 1032/1166/981
f 1030/1159/979 1036/1167/985 1037/1168/986 1031/1160/980
f 1031/1161/980 1037/1169/986 1035/1170/984 1029/1162/978
f 1039/1171/988 1033/1163/982 1034/1164/983 1040/1172/989
f 1040/1173/989 1034/1165/983 1032/1166/981 1038/1174/987
f 1036/1167/985 1042/1175/991 1043/1176/992 1037/1168/986
f 1037/1169/986 1043/1177/992 1041/1178/990 1035/1170/984
f 1045/1179/994 1039/1171/988 1040/1172/989 1046/1180/995
f 1046/1181/995 1040/1173/989 1038/1174/987 1044/1182/993
f 1042/1175/991 1048/1183/997 1049/1184/998 1043/1176/992
f 1043/1177/992 1049/1185/998 1047/1186/996 1041/1178/990
f 1051/1187/1000 1045/1179/994 1046/1180/995 1052/1188/1001
f 1052/1189/1001 1046/1181/995 1044/1182/993 1050/1190/999
f 1048/1183/997 1054/1191/1003 1055/1192/1004 1049/1184/998
f 1049/1185/998 1055/1193/1004 1053/1194/1002 1047/1186/996
f 1057/1195/1006 1051/1187/1000 1052/1188/1001 1058/1196/1007
f 1058/1197/1007 1052/1189/1001 1050/1190/999 1056/1198/1005
f 1054/1191/1003 1060/1199/1009 1061/1200/1010 1055/1192/1004
f 1055/1193/1004 1061/1201/1010 1059/1202/1008 1053/1194/1002
f 1063/1203/1012 1057/1195/1006 1058/1196/1007 1064/1204/1013
f 1064/1205/1013 1058/1197/1007 1056/1198/1005 1062/1206/1011
f 1060/1199/1009 1066/1207/1015 1067/1208/1016 1061/1200/1010
f 1061/1201/1010 1067/1209/1016 1065/1210/1014 1059/1202/1008
f 1069/1211/1018 1063/1203/1012 1064/1204/1013 1070/1212/1019
f 1070/1213/1019 1064/1205/1013 1062/1206/1011 1068/1214/1017
f 1066/1207/1015 1072/1215/1021 1073/1216/1022 1067/1208/1016
f 1067/1209/1016 1073/1217/1022 1071/1218/1020 1065/1210/1014
f 1075/1219/1024 1069/1211/1018 1070/1212/1019 1076/1220/1025
f 1076/1221/1025 1070/1213/1019 1068/1214/1017 1074/1222/1023
f 1072/1215/1021 1078/1223/1027 1079/1224/1028 1073/1216/1022
f 1073/1217/1022 1079/1225/1028 1077/1226/1026 1071/1218/1020
f 1081/1227/1030 1075/1219/1024 1076/1220/1025 1082/1228/1031
f 1082/1229/1031 1076/1221/1025 1074/1222/1023 1080/1230/1029
f 1078/1223/1027 1084/1231/1033 1085/1232/1034 1079/1224/1028
f 1079/1225/1028 1085/1233/1034 1083/1234/1032 1077/1226/1026
f 1087/1235/1036 1081/1227/1030 1082/1228/1031 1088/1236/1037
f 1088/1237/1037 1082/1229/1031 1080/1230/1029 1086/1238/1035
f 1084/1231/1033 1090/1239/1039 1091/1240/1040 1085/1232/1034
f 1085/1233/1034 1091/1241/1040 1089/1242/1038 1083/1234/1032
f 1093/1243/1042 1087/1235/1036 1088/1236/1037 1094/1244/1043
f 1094/1245/1043 1088/1237/1037 1086/1238/1035 1092/1246/1041
f 1090/1239/1039 1096/1247/1045 1097/1248/1046 1091/1240/1040
f 1091/1241/1040 1097/1249/1046 1095/1250/1044 1089/1242/1038
f 1099/1251/1048 1093/1243/1042 1094/1244/1043 1100/1252/1049
f 1100/1253/1049 1094/1245/1043 1092/1246/1041 1098/1254/1047
f 1096/1247/1045 1102/1255/1051 1103/1256/1052 1097/1248/1046
f 1097/1249/1046 1103/1257/1052 1101/1258/1050 1095/1250/1044
f 1105/1259/1054 1099/1251/1048 1100/1252/1049 1106/1260/1055
f 1106/1261/1055 1100/1253/1049 1098/1254/1047 1104/1262/1053
f 1102/1255/1051 1108/1263/1057 1109/1264/1058 1103/1256/1052
f 1103/1257/1052 1109/1265/1058 1107/1266/1056 1101/1258/1050
f 1111/1267/1060 1105/1259/1054 1106/1260/1055 1112/1268/1061
f 1112/1269/1061 1106/1261/1055 1104/1262/1053 1110/1270/1059
f 1108/1263/1057 1114/1271/1063 1115/1272/1064 1109/1264/1058
f 1109/1265/1058 1115/1273/1064 1113/1274/1062 1107/1266/1056
f 1117/1275/1066 1111/1267/1060 1112/1268/1061 1118/1276/1067
f 1118/1277/1067 1112/1269/1061 1110/1270/1059 1116/1278/1065
f 1114/1271/1063 1120/1279/1069 1121/1280/1070 1115/1272/1064
f 1115/1273/1064 1121/1281/1070 1119/1282/1068 1113/1274/1062
f 1123/1283/1072 1117/1275/1066 1118/1276/1067 1124/1284/1073
f 1124/1285/1073 1118/1277/1067 1116/1278/1065 1122/1286/1071
f 1120/1279/1069 1126/1287/1075 1127/1288/1076 1121/1280/1070
f 1121/1281/1070 1127/1289/1076 1125/1290/1074 1119/1282/1068
f 1129/1291/1078 1123/1283/1072 1124/1284/1073 1130/1292/1079
f 1130/1293/1079 1124/1285/1073 1122/1286/1071 1128/1294/1077
f 1126/1287/1075 1132/1295/1081 1133/1296/1082 1127/1288/1076
f 1127/1289/1076 1133/1297/1082 1131/1298/1080 1125/1290/1074
f 1135/1299/1084 1129/1291/1078 1130/1292/1079 1136/1300/1085
f 1136/1301/1085 1130/1293/1079 1128/1294/1077 1134/1302/1083
f 1132/1295/1081 1138/1303/1087 1139/1304/1088 1133/1296/1082
f 1133/1297/1082 1139/1305/1088 1137/1306/1086 1131/1298/1080
f 1141/1307/1090 1135/1299/1084 1136/1300/1085 1142/1308/1091
f 1142/1309/1091 1136/1301/1085 1134/1302/1083 1140/1310/1089
f 1138/1303/1087 1144/1311/1093 1145/1312/1094 1139/1304/1088
f 1139/1305/1088 1145/1313/1094 1143/1314/1092 1137/1306/1086
f 1147/1315/1096 1141/1307/1090 1142/1308/1091 1148/1316/1097
f 1148/1317/1097 1142/1309/1091 1140/1310/1089 1146/1318/1095
f 1144/1311/1093 1150/1319/1099 1151/1320/1100 1145/1312/1094
f 1145/1313/1094 1151/1321/1100 1149/1322/1098 1143/1314/1092
f 1153/1323/1102 1147/1315/1096 1148/1316/1097 1154/1324/1103
f 1154/1325/1103 1148/1317/1097 1146/1318/1095 1152/1326/1101
f 1150/1319/1099 1156/1327/1105 1157/1328/1106 1151/1320/1100
f 1151/1321/1100 1157/1329/1106 1155/1330/1104 1149/1322/1098
f 1159/1331/1108 1153/1323/1102 1154/1324/1103 1160/1332/1109
f 1160/1333/1109 1154/1325/1103 1152/1326/1101 1158/1334/1107
f 1156/1327/1105 1162/1335/1111 1163/1336/1112 1157/1328/1106
f 1157/1329/1106 1163/1337/1112 1161/1338/1110 1155/1330/1104
f 1165/1339/1114 1159/1331/1108 1160/1332/1109 1166/1340/1115
f 1166/1341/1115 1160/1333/1109 1158/1334/1107 1164/1342/1113
f 1162/1335/1111 1168/1343/1117 1169/1344/1118 1163/1336/1112
f 1163/1337/1112 1169/1345/1118 1167/1346/1116 1161/1338/1110
f 1171/1347/1120 1165/1339/1114 1166/1340/1115 1172/1348/1121
f 1172/1349/1121 1166/1341/1115 1164/1342/1113 1170/1350/1119
f 1168/1343/1117 1174/1351/1123 1175/1352/1124 1169/1344/1118
f 1169/1345/1118 1175/1353/1124 1173/1354/1122 1167/1346/1116
f 1177/1355/1126 1171/1347/1120 1172/1348/1121 1178/1356/1127
f 1178/1357/1127 1172/1349/1121 1170/1350/1119 1176/1358/1125
f 1174/1351/1123 1180/1359/1129 1181/1360/1130 1175/1352/1124
f 1175/1353/1124 1181/1361/1130 1179/1362/1128 1173/1354/1122
f 1183/1363/1132 1177/1355/1126 1178/1356/1127 1184/1364/1133
f 1184/1365/1133 1178/1357/1127 1176/1358/1125 1182/1366/1131
f 1180/1359/1129 1186/1367/1135 1187/1368/1136 1181/1360/1130
f 1181/1361/1130 1187/1369/1136 1185/1370/1134 1179/1362/1128
f 1189/1371/1138 1183/1363/1132 1184/1364/1133 1190/1372/1139
f 1190/1373/1139 1184/1365/1133 1182/1366/1131 1188/1374/1137
f 1186/1367/1135 1192/1375/1141 1193/1376/1142 1187/1368/1136
f 1187/1369/1136 1193/1377/1142 1191/1378/1140 1185/1370/1134
f 1195/1379/1144 1189/1371/1138 1190/1372/1139 1196/1380/1145
f 1196/1381/1145 1190/1373/1139 1188/1374/1137 1194/1382/1143
f 1192/1375/1141 1198/1383/1147 1199/1384/1148 1193/1376/1142
f 1193/1377/1142 1199/1385/1148 1197/1386/1146 1191/1378/1140
f 1201/1387/1150 1195/1379/1144 1196/1380/1145 1202/1388/1151
f 1202/1389/1151 1196/1381/1145 1194/1382/1143 1200/1390/1149
f 1198/1383/1147 1204/1391/1153 1205/1392/1154 1199/1384/1148
f 1199/1385/1148 1205/1393/1154 1203/1394/1152 1197/1386/1146
f 1207/1395/1156 1201/1387/1150 1202/1388/1151 1208/1396/1157
f 1208/1397/1157 1202/1389/1151 1200/1390/1149 1206/1398/1155
f 1204/1391/1153 1210/1399/1159 1211/1400/1160 1205/1392/1154
f 1205/1393/1154 1211/1401/1160 1209/1402/1158 1203/1394/1152
f 1213/1403/1162 1207/1395/1156 1208/1396/1157 1214/1404/1163
f 1214/1405/1163 1208/1397/1157 1206/1398/1155 1212/1406/1161
f 1210/1399/1159 1216/1407/1165 1217/1408/1166 1211/1400/1160
f 1211/1401/1160 1217/1409/1166 1215/1410/1164 1209/1402/1158
f 1219/1411/1168 1213/1403/1162 1214/1404/1163 1220/1412/1169
f 1220/1413/1169 1214/1405/1163 1212/1406/1161 1218/1414/1167
f 1216/1407/1165 982/1415/931 983/1416/932 1217/1408/1166
f 1217/1409/1166 983/1099/932 981/1102/930 1215/1410/1164
f 985/1417/934 1219/1411/1168 1220/1412/1169 986/1418/935
f 986/1108/935 1220/1413/1169 1218/1414/1167 984/1109/933
f 981/1102/930 987/1101/936 993/1114/942 999/1122/948 1005/1130/954 1011/1138/960 1017/1146/966 1023/1154/972 1029/1162/978 1035/1170/984 1041/1178/990 1047/1186/996 1053/1194/1002 1059/1202/1008 1065/1210/1014 1071/1218/1020 1077/1226/1026 1083/1234/1032 1089/1242/1038 1095/1250/1044 1101/1258/1050 1107/1266/1056 1113/1274/1062 1119/1282/1068 1125/1290/1074 1131/1298/1080 1137/1306/1086 1143/1314/1092 1149/1322/1098 1155/1330/1104 1161/1338/1110 1167/1346/1116 1173/1354/1122 1179/1362/1128 1185/1370/1134 1191/1378/1140 1197/1386/1146 1203/1394/1152 1209/1402/1158 1215/1410/1164
f 982/1095/931 985/1104/934 991/1103/940 988/1096/937
f 1216/1407/1165 1219/1411/1168 985/1417/934 982/1415/931
f 990/1110/939 984/1109/933 1218/1414/1167 1212/1406/1161 1206/1398/1155 1200/1390/1149 1194/1382/1143 1188/1374/1137 1182/1366/1131 1176/1358/1125 1170/1350/1119 1164/1342/1113 1158/1334/1107 1152/1326/1101 1146/1318/1095 1140/1310/1089 1134/1302/1083 1128/1294/1077 1122/1286/1071 1116/1278/1065 1110/1270/1059 1104/1262/1053 1098/1254/1047 1092/1246/1041 1086/1238/1035 1080/1230/1029 1074/1222/1023 1068/1214/1017 1062/1206/1011 1056/1198/1005 1050/1190/999 1044/1182/993 1038/1174/987 1032/1166/981 1026/1158/975 1020/1150/969 1014/1142/963 1008/1134/957 1002/1126/951 996/1118/945
f 988/1096/937 991/1103/940 997/1115/946 994/1111/943
f 994/1111/943 997/1115/946 1003/1123/952 1000/1119/949
f 1000/1119/949 1003/1123/952 1009/1131/958 1006/1127/955
f 1006/1127/955 1009/1131/958 1015/1139/964 1012/1135/961
f 1012/1135/961 1015/1139/964 1021/1147/970 1018/1143/967
f 1018/1143/967 1021/1147/970 1027/1155/976 1024/1151/973
f 1024/1151/973 1027/1155/976 1033/1163/982 1030/1159/979
f 1030/1159/979 1033/1163/982 1039/1171/988 1036/1167/985
f 1036/1167/985 1039/1171/988 1045/1179/994 1042/1175/991
f 1042/1175/991 1045/1179/994 1051/1187/1000 1048/1183/997
f 1048/1183/997 1051/1187/1000 1057/1195/1006 1054/1191/1003
f 1054/1191/1003 1057/1195/1006 1063/1203/1012 1060/1199/1009
f 1060/1199/1009 1063/1203/1012 1069/1211/1018 1066/1207/1015
f 1066/1207/1015 1069/1211/1018 1075/1219/1024 1072/1215/1021
f 1072/1215/1021 1075/1219/1024 1081/1227/1030 1078/1223/1027
f 1078/1223/1027 1081/1227/1030 1087/1235/1036 1084/1231/1033
f 1084/1231/1033 1087/1235/1036 1093/1243/1042 1090/1239/1039
f 1090/1239/1039 1093/1243/1042 1099/1251/1048 1096/1247/1045
f 1096/1247/1045 1099/1251/1048 1105/1259/1054 1102/1255/1051
f 1102/1255/1051 1105/1259/1054 1111/1267/1060 1108/1263/1057
f 1108/1263/1057 1111/1267/1060 1117/1275/1066 1114/1271/1063
f 1114/1271/1063 1117/1275/1066 1123/1283/1072 1120/1279/1069
f 1120/1279/1069 1123/1283/1072 1129/1291/1078 1126/1287/1075
f 1126/1287/1075 1129/1291/1078 1135/1299/1084 1132/1295/1081
f 1132/1295/1081 1135/1299/1084 1141/1307/1090 1138/1303/1087
f 1138/1303/1087 1141/1307/1090 1147/1315/1096 1144/1311/1093
f 1144/1311/1093 1147/1315/1096 1153/1323/1102 1150/1319/1099
f 1150/1319/1099 1153/1323/1102 1159/1331/1108 1156/1327/1105
f 1156/1327/1105 1159/1331/1108 1165/1339/1114 1162/1335/1111
f 1162/1335/1111 1165/1339/1114 1171/1347/1120 1168/1343/1117
f 1168/1343/1117 1171/1347/1120 1177/1355/1126 1174/1351/1123
f 1174/1351/1123 1177/1355/1126 1183/1363/1132 1180/1359/1129
f 1180/1359/1129 1183/1363/1132 1189/1371/1138 1186/1367/1135
f 1186/1367/1135 1189/1371/1138 1195/1379/1144 1192/1375/1141
f 1192/1375/1141 1195/1379/1144 1201/1387/1150 1198/1383/1147
f 1198/1383/1147 1201/1387/1150 1207/1395/1156 1204/1391/1153
f 1204/1391/1153 1207/1395/1156 1213/1403/1162 1210/1399/1159
f 1210/1399/1159 1213/1403/1162 1219/1411/1168 1216/1407/1165
o Icosphere
v 0.000000 -0.400000 0.700000
v -1.157772 0.441160 1.584449
v 0.442221 0.961039 1.584448
v 1.431082 -0.400000 1.584455
v 0.442221 -1.761039 1.584448
v -1.157772 -1.241160 1.584449
v -0.442221 0.961039 3.015552
v 1.157772 0.441160 3.015551
v 1.157772 -1.241160 3.015551
v -0.442221 -1.761039 3.015552
v -1.431082 -0.400000 3.015545
v 0.000000 -0.400000 3.900000
v 0.259929 0.399992 0.938953
v -0.680516 0.094418 0.938953
v -0.420590 0.894419 1.458820
v -1.361037 -0.400000 1.458822
v -0.680516 -0.894418 0.938953
v 0.841168 -0.400000 0.938957
v 1.101103 0.399995 1.458822
v 0.259929 -1.199993 0.938953
v 1.101103 -1.199995 1.458822
v -0.420590 -1.694419 1.458820
v -1.521693 0.094420 2.300000
v -1.521693 -0.894420 2.300000
v 0.000000 1.200000 2.300000
v -0.940457 0.894427 2.300000
v 1.521693 0.094420 2.300000
v 0.940457 0.894427 2.300000
v 0.940457 -1.694427 2.300000
v 1.521693 -0.894420 2.300000
v -0.940457 -1.694427 2.300000
v 0.000000 -2.000000 2.300000
v -1.101103 0.399995 3.141178
v 0.420590 0.894419 3.141180
v 1.361037 -0.400000 3.141177
v 0.420590 -1.694419 3.141180
v -1.101103 -1.199995 3.141178
v -0.259929 0.399992 3.661047
v -0.841168 -0.400000 3.661043
v 0.680516 0.094418 3.661047
v 0.680516 -0.894418 3.661047
v -0.259929 -1.199993 3.661047
vn -0.0000 -0.0000 -1.0000
vn -0.7236 0.5257 -0.4472
vn 0.2764 0.8506 -0.4472
vn 0.8944 -0.0000 -0.4472
vn 0.2764 -0.8506 -0.4472
vn -0.7236 -0.5257 -0.4472
vn -0.2764 0.8506 0.4472
vn 0.7236 0.5257 0.4472
vn 0.7236 -0.5257 0.4472
vn -0.2764 -0.8506 0.4472
vn -0.8944 -0.0000 0.4472
vn -0.0000 -0.0000 1.0000
vn 0.1625 0.5000 -0.8507
vn -0.4253 0.3090 -0.8507
vn -0.2629 0.8090 -0.5257
vn -0.8506 -0.0000 -0.5257
vn -0.4253 -0.3090 -0.8507
vn 0.5257 -0.0000 -0.8507
vn 0.6882 0.5000 -0.5257
vn 0.1625 -0.5000 -0.8507
vn 0.6882 -0.5000 -0.5257
vn -0.2629 -0.8090 -0.5257
vn -0.9511 0.3090 -0.0000
vn -0.9511 -0.3090 -0.0000
vn -0.0000 1.0000 -0.0000
vn -0.5878 0.8090 -0.0000
vn 0.9511 0.3090 -0.0000
vn 0.5878 0.8090 -0.0000
vn 0.5878 -0.8090 -0.0000
vn 0.9511 -0.3090 -0.0000
vn -0.5878 -0.8090 -0.0000
vn -0.0000 -1.0000 -0.0000
vn -0.6882 0.5000 0.5257
vn 0.2629 0.8090 0.5257
vn 0.8506 -0.0000 0.5257
vn 0.2629 -0.8090 0.5257
vn -0.6882 -0.5000 0.5257
vn -0.1625 0.5000 0.8507
vn -0.5257 -0.0000 0.8507
vn 0.4253 0.3090 0.8507
vn 0.4253 -0.3090 0.8507
vn -0.1625 -0.5000 0.8507
vt 0.181819 0.000000
vt 0.227273 0.078731
vt 0.136365 0.078731
vt 0.272728 0.157461
vt 0.318182 0.078731
vt 0.363637 0.157461
vt 0.909091 0.000000
vt 0.954545 0.078731
vt 0.863636 0.078731
vt 0.727273 0.000000
vt 0.772727 0.078731
vt 0.681818 0.078731
vt 0.545455 0.000000
vt 0.590909 0.078731
vt 0.500000 0.078731
vt 0.318182 0.236191
vt 0.090910 0.157461
vt 0.181819 0.157461
vt 0.136365 0.236191
vt 0.818182 0.157461
vt 0.909091 0.157461
vt 0.863636 0.236191
vt 0.636364 0.157461
vt 0.727273 0.157461
vt 0.681818 0.236191
vt 0.454546 0.157461
vt 0.545455 0.157461
vt 0.500000 0.236191
vt 0.227273 0.236191
vt 0.045455 0.236191
vt 0.772727 0.236191
vt 0.590909 0.236191
vt 0.409092 0.236191
vt 0.181819 0.314921
vt 0.272728 0.314921
vt 0.227273 0.393651
vt 0.000000 0.314921
vt 0.090910 0.314921
vt 0.045455 0.393651
vt 0.727273 0.314921
vt 0.818182 0.314921
vt 0.772727 0.393651
vt 0.545455 0.314921
vt 0.636364 0.314921
vt 0.590909 0.393651
vt 0.363637 0.314921
vt 0.454546 0.314921
vt 0.409092 0.393651
vt 0.500000 0.393651
vt 0.454546 0.472382
vt 0.681818 0.393651
vt 0.636364 0.472382
vt 0.863636 0.393651
vt 0.818182 0.472382
vt 0.909091 0.314921
vt 0.136365 0.393651
vt 0.090910 0.472382
vt 0.318182 0.393651
vt 0.272728 0.472382
vt 0.954545 0.236191
vt 1.000000 0.157461
vt 0.409092 0.078731
vt 0.363637 0.000000
s 1
usemtl Planet
f 1221/1419/1170 1234/1420/1183 1233/1421/1182
f 1222/1422/1171 1234/1423/1183 1236/1424/1185
f 1221/1425/1170 1233/1426/1182 1238/1427/1187
f 1221/1428/1170 1238/1429/1187 1240/1430/1189
f 1221/1431/1170 1240/1432/1189 1237/1433/1186
f 1222/1422/1171 1236/1424/1185 1243/1434/1192
f 1223/1435/1172 1235/1436/1184 1245/1437/1194
f 1224/1438/1173 1239/1439/1188 1247/1440/1196
f 1225/1441/1174 1241/1442/1190 1249/1443/1198
f 1226/1444/1175 1242/1445/1191 1251/1446/1200
f 1222/1422/1171 1243/1434/1192 1246/1447/1195
f 1223/1435/1172 1245/1437/1194 1248/1448/1197
f 1224/1438/1173 1247/1440/1196 1250/1449/1199
f 1225/1441/1174 1249/1443/1198 1252/1450/1201
f 1226/1444/1175 1251/1446/1200 1244/1451/1193
f 1227/1452/1176 1253/1453/1202 1258/1454/1207
f 1228/1455/1177 1254/1456/1203 1260/1457/1209
f 1229/1458/1178 1255/1459/1204 1261/1460/1210
f 1230/1461/1179 1256/1462/1205 1262/1463/1211
f 1231/1464/1180 1257/1465/1206 1259/1466/1208
f 1259/1466/1208 1262/1467/1211 1232/1468/1181
f 1259/1466/1208 1257/1465/1206 1262/1467/1211
f 1257/1465/1206 1230/1461/1179 1262/1467/1211
f 1262/1463/1211 1261/1469/1210 1232/1470/1181
f 1262/1463/1211 1256/1462/1205 1261/1469/1210
f 1256/1462/1205 1229/1458/1178 1261/1469/1210
f 1261/1460/1210 1260/1471/1209 1232/1472/1181
f 1261/1460/1210 1255/1459/1204 1260/1471/1209
f 1255/1459/1204 1228/1473/1177 1260/1471/1209
f 1260/1457/1209 1258/1474/1207 1232/1475/1181
f 1260/1457/1209 1254/1456/1203 1258/1474/1207
f 1254/1456/1203 1227/1452/1176 1258/1474/1207
f 1258/1454/1207 1259/1476/1208 1232/1477/1181
f 1258/1454/1207 1253/1453/1202 1259/1476/1208
f 1253/1453/1202 1231/1464/1180 1259/1476/1208
f 1244/1451/1193 1257/1465/1206 1231/1464/1180
f 1244/1451/1193 1251/1446/1200 1257/1465/1206
f 1251/1446/1200 1230/1461/1179 1257/1465/1206
f 1252/1450/1201 1256/1462/1205 1230/1461/1179
f 1252/1450/1201 1249/1443/1198 1256/1462/1205
f 1249/1443/1198 1229/1458/1178 1256/1462/1205
f 1250/1449/1199 1255/1459/1204 1229/1458/1178
f 1250/1449/1199 1247/1440/1196 1255/1459/1204
f 1247/1440/1196 1228/1473/1177 1255/1459/1204
f 1248/1448/1197 1254/1456/1203 1228/1455/1177
f 1248/1448/1197 1245/1437/1194 1254/1456/1203
f 1245/1437/1194 1227/1452/1176 1254/1456/1203
f 1246/1447/1195 1253/1453/1202 1227/1452/1176
f 1246/1447/1195 1243/1434/1192 1253/1453/1202
f 1243/1434/1192 1231/1464/1180 1253/1453/1202
f 1251/1446/1200 1252/1450/1201 1230/1461/1179
f 1251/1446/1200 1242/1445/1191 1252/1450/1201
f 1242/1445/1191 1225/1441/1174 1252/1450/1201
f 1249/1443/1198 1250/1449/1199 1229/1458/1178
f 1249/1443/1198 1241/1442/1190 1250/1449/1199
f 1241/1442/1190 1224/1438/1173 1250/1449/1199
f 1247/1440/1196 1248/1478/1197 1228/1473/1177
f 1247/1440/1196 1239/1439/1188 1248/1478/1197
f 1239/1439/1188 1223/1479/1172 1248/1478/1197
f 1245/1437/1194 1246/1447/1195 1227/1452/1176
f 1245/1437/1194 1235/1436/1184 1246/1447/1195
f 1235/1436/1184 1222/1422/1171 1246/1447/1195
f 1243/1434/1192 1244/1451/1193 1231/1464/1180
f 1243/1434/1192 1236/1424/1185 1244/1451/1193
f 1236/1424/1185 1226/1444/1175 1244/1451/1193
f 1237/1433/1186 1242/1445/1191 1226/1444/1175
f 1237/1433/1186 1240/1432/1189 1242/1445/1191
f 1240/1432/1189 1225/1441/1174 1242/1445/1191
f 1240/1430/1189 1241/1442/1190 1225/1441/1174
f 1240/1430/1189 1238/1429/1187 1241/1442/1190
f 1238/1429/1187 1224/1438/1173 1241/1442/1190
f 1238/1427/1187 1239/1439/1188 1224/1438/1173
f 1238/1427/1187 1233/1426/1182 1239/1439/1188
f 1233/1426/1182 1223/1479/1172 1239/1439/1188
f 1236/1424/1185 1237/1480/1186 1226/1444/1175
f 1236/1424/1185 1234/1423/1183 1237/1480/1186
f 1234/1423/1183 1221/1481/1170 1237/1480/1186
f 1233/1421/1182 1235/1436/1184 1223/1435/1172
f 1233/1421/1182 1234/1420/1183 1235/1436/1184
f 1234/1420/1183 1222/1422/1171 1235/1436/1184
o Torus
v -2.880000 -0.400000 2.300000
v -2.858564 -0.323099 2.322051
v -2.800000 -0.266804 2.338193
v -2.720000 -0.246198 2.344102
v -2.640000 -0.266804 2.338193
v -2.581436 -0.323099 2.322051
v -2.560000 -0.400000 2.300000
v -2.581436 -0.476901 2.277949
v -2.640000 -0.533196 2.261806
v -2.720000 -0.553802 2.255898
v -2.800000 -0.533196 2.261806
v -2.858564 -0.476901 2.277949
v -2.855361 -0.503616 2.661353
v -2.834109 -0.425944 2.680714
v -2.776046 -0.367542 2.689509
v -2.696730 -0.344058 2.685380
v -2.617415 -0.361785 2.669434
v -2.559351 -0.415974 2.645943
v -2.538099 -0.492103 2.621203
v -2.559351 -0.569776 2.601841
v -2.617415 -0.628178 2.593047
v -2.696730 -0.651662 2.597176
v -2.776046 -0.633934 2.613122
v -2.834109 -0.579746 2.636612
v -2.781867 -0.605460 3.016523
v -2.761161 -0.527030 3.033241
v -2.704592 -0.466556 3.034813
v -2.627318 -0.440243 3.020818
v -2.550044 -0.455142 2.995006
v -2.493476 -0.507259 2.964293
v -2.472770 -0.582631 2.936909
v -2.493476 -0.661061 2.920192
v -2.550044 -0.721534 2.918619
v -2.627318 -0.747847 2.932614
v -2.704592 -0.732949 2.958426
v -2.761161 -0.680831 2.989139
v -2.660773 -0.703788 3.359434
v -2.640969 -0.624626 3.373599
v -2.586863 -0.562153 3.368198
v -2.512952 -0.533109 3.344678
v -2.439042 -0.545276 3.309341
v -2.384936 -0.595394 3.271655
v -2.365132 -0.670034 3.241719
v -2.384936 -0.749196 3.227553
v -2.439042 -0.811668 3.232954
v -2.512952 -0.840713 3.256474
v -2.586863 -0.828545 3.291811
v -2.640969 -0.778428 3.329497
v -2.494153 -0.796918 3.684217
v -2.475589 -0.717063 3.695965
v -2.424871 -0.652696 3.683960
v -2.355589 -0.621065 3.651418
v -2.286307 -0.630645 3.607059
v -2.235589 -0.678869 3.562769
v -2.217025 -0.752816 3.530415
v -2.235589 -0.832671 3.518667
v -2.286307 -0.897038 3.530672
v -2.355589 -0.928669 3.563214
v -2.424871 -0.919089 3.607573
v -2.475589 -0.870865 3.651864
v -2.284858 -0.883256 3.985315
v -2.267852 -0.802759 3.994823
v -2.221390 -0.736636 3.976695
v -2.157921 -0.702607 3.935789
v -2.094453 -0.709789 3.883066
v -2.047991 -0.756257 3.832653
v -2.030985 -0.829561 3.798058
v -2.047991 -0.910059 3.788551
v -2.094453 -0.976181 3.806679
v -2.157921 -1.010211 3.847585
v -2.221390 -1.003029 3.900308
v -2.267852 -0.956560 3.950720
v -2.036467 -0.961327 4.257578
v -2.021310 -0.880248 4.265059
v -1.979899 -0.812538 4.241395
v -1.923330 -0.776340 4.192926
v -1.866762 -0.781353 4.132640
v -1.825351 -0.826234 4.076691
v -1.810193 -0.898957 4.040070
v -1.825351 -0.980036 4.032589
v -1.866762 -1.047746 4.056253
v -1.923330 -1.083944 4.104722
v -1.979899 -1.078930 4.165008
v -2.021310 -1.034050 4.220957
v -1.753233 -1.029792 4.496346
v -1.740184 -0.948204 4.502049
v -1.704532 -0.879102 4.473529
v -1.655831 -0.841002 4.418428
v -1.607131 -0.844113 4.351511
v -1.571479 -0.887602 4.290706
v -1.558429 -0.959815 4.252307
v -1.571479 -1.041404 4.246604
v -1.607131 -1.110506 4.275124
v -1.655831 -1.148606 4.330225
v -1.704532 -1.145494 4.397142
v -1.740184 -1.102005 4.457947
v -1.440000 -1.087482 4.697534
v -1.429282 -1.005464 4.701740
v -1.400000 -0.935189 4.669129
v -1.360000 -0.895487 4.608439
v -1.320000 -0.896995 4.535933
v -1.290718 -0.939311 4.471037
v -1.280000 -1.011095 4.431141
v -1.290718 -1.093113 4.426935
v -1.320000 -1.163388 4.459546
v -1.360000 -1.203090 4.520236
v -1.400000 -1.201581 4.592742
v -1.429282 -1.159266 4.657638
v -1.102129 -1.133408 4.857699
v -1.093926 -1.051049 4.860713
v -1.071514 -0.979840 4.824845
v -1.040900 -0.938862 4.759706
v -1.010285 -0.939095 4.682751
v -0.987873 -0.980476 4.614598
v -0.979670 -1.051919 4.573510
v -0.987873 -1.134278 4.570496
v -1.010285 -1.205487 4.606364
v -1.040900 -1.246465 4.671503
v -1.071514 -1.246232 4.748458
v -1.093926 -1.204851 4.816611
v -0.745399 -1.166786 4.974102
v -0.739851 -1.084178 4.976249
v -0.724693 -1.012290 4.938014
v -0.703988 -0.970385 4.869642
v -0.683282 -0.969691 4.789454
v -0.668125 -1.010394 4.718934
v -0.662577 -1.081588 4.676979
v -0.668125 -1.164196 4.674831
v -0.683282 -1.236084 4.713066
v -0.703988 -1.277989 4.781438
v -0.724693 -1.278683 4.861628
v -0.739851 -1.237980 4.932147
v -0.375915 -1.187044 5.044749
v -0.373117 -1.104285 5.046371
v -0.365473 -1.031986 5.006700
v -0.355031 -0.989518 4.936365
v -0.344589 -0.988261 4.854214
v -0.336945 -1.028552 4.782258
v -0.334147 -1.099595 4.739777
v -0.336945 -1.182354 4.738155
v -0.344589 -1.254654 4.777827
v -0.355031 -1.297122 4.848162
v -0.365473 -1.298378 4.930313
v -0.373117 -1.258087 5.002269
v -0.000000 -1.193836 5.068434
v -0.000000 -1.111026 5.069880
v -0.000000 -1.038588 5.029726
v -0.000000 -0.995932 4.958734
v -0.000000 -0.994486 4.875924
v -0.000000 -1.034639 4.803487
v -0.000000 -1.105632 4.760830
v -0.000000 -1.188441 4.759384
v -0.000000 -1.260879 4.799538
v -0.000000 -1.303536 4.870530
v -0.000000 -1.304981 4.953339
v -0.000000 -1.264828 5.025777
v 0.375916 -1.187044 5.044749
v 0.373118 -1.104285 5.046371
v 0.365474 -1.031986 5.006700
v 0.355032 -0.989518 4.936365
v 0.344590 -0.988261 4.854214
v 0.336945 -1.028552 4.782257
v 0.334147 -1.099595 4.739777
v 0.336945 -1.182354 4.738155
v 0.344590 -1.254654 4.777827
v 0.355032 -1.297121 4.848161
v 0.365474 -1.298378 4.930313
v 0.373118 -1.258087 5.002269
v 0.745399 -1.166786 4.974102
v 0.739851 -1.084178 4.976250
v 0.724693 -1.012290 4.938015
v 0.703987 -0.970385 4.869642
v 0.683282 -0.969691 4.789454
v 0.668124 -1.010394 4.718934
v 0.662576 -1.081588 4.676979
v 0.668124 -1.164196 4.674831
v 0.683282 -1.236084 4.713066
v 0.703987 -1.277989 4.781439
v 0.724693 -1.278683 4.861628
v 0.739851 -1.237980 4.932147
v 1.102129 -1.133409 4.857699
v 1.093925 -1.051049 4.860713
v 1.071514 -0.979840 4.824845
v 1.040899 -0.938862 4.759706
v 1.010285 -0.939095 4.682751
v 0.987873 -0.980476 4.614598
v 0.979670 -1.051919 4.573510
v 0.987873 -1.134278 4.570497
v 1.010285 -1.205487 4.606364
v 1.040899 -1.246465 4.671503
v 1.071514 -1.246232 4.748458
v 1.093925 -1.204851 4.816611
v 1.440000 -1.087482 4.697534
v 1.429282 -1.005464 4.701740
v 1.400000 -0.935189 4.669129
v 1.360000 -0.895487 4.608439
v 1.320000 -0.896995 4.535933
v 1.290718 -0.939311 4.471037
v 1.280000 -1.011095 4.431141
v 1.290718 -1.093113 4.426935
v 1.320000 -1.163388 4.459546
v 1.360000 -1.203090 4.520236
v 1.400000 -1.201581 4.592742
v 1.429282 -1.159266 4.657639
v 1.753233 -1.029792 4.496346
v 1.740184 -0.948204 4.502049
v 1.704532 -0.879102 4.473530
v 1.655831 -0.841002 4.418428
v 1.607130 -0.844113 4.351511
v 1.571479 -0.887602 4.290706
v 1.558429 -0.959815 4.252307
v 1.571479 -1.041404 4.246604
v 1.607130 -1.110506 4.275124
v 1.655831 -1.148606 4.330225
v 1.704532 -1.145494 4.397143
v 1.740184 -1.102006 4.457948
v 2.036468 -0.961326 4.257578
v 2.021311 -0.880248 4.265059
v 1.979899 -0.812538 4.241394
v 1.923331 -0.776340 4.192925
v 1.866762 -0.781353 4.132640
v 1.825351 -0.826234 4.076690
v 1.810194 -0.898957 4.040069
v 1.825351 -0.980036 4.032588
v 1.866762 -1.047746 4.056252
v 1.923331 -1.083943 4.104722
v 1.979899 -1.078930 4.165007
v 2.021311 -1.034050 4.220956
v 2.284858 -0.883257 3.985316
v 2.267851 -0.802759 3.994823
v 2.221389 -0.736636 3.976695
v 2.157921 -0.702607 3.935789
v 2.094453 -0.709789 3.883066
v 2.047991 -0.756257 3.832653
v 2.030984 -0.829561 3.798058
v 2.047991 -0.910059 3.788551
v 2.094453 -0.976182 3.806679
v 2.157921 -1.010211 3.847585
v 2.221389 -1.003029 3.900308
v 2.267851 -0.956561 3.950721
v 2.494153 -0.796918 3.684217
v 2.475589 -0.717063 3.695966
v 2.424871 -0.652696 3.683960
v 2.355589 -0.621065 3.651418
v 2.286307 -0.630645 3.607059
v 2.235589 -0.678869 3.562769
v 2.217025 -0.752816 3.530416
v 2.235589 -0.832671 3.518667
v 2.286307 -0.897038 3.530673
v 2.355589 -0.928669 3.563215
v 2.424871 -0.919089 3.607574
v 2.475589 -0.870865 3.651864
v 2.660773 -0.703788 3.359434
v 2.640969 -0.624626 3.373600
v 2.586863 -0.562153 3.368198
v 2.512952 -0.533109 3.344678
v 2.439042 -0.545276 3.309341
v 2.384936 -0.595394 3.271655
v 2.365131 -0.670034 3.241719
v 2.384936 -0.749196 3.227553
v 2.439042 -0.811669 3.232954
v 2.512952 -0.840713 3.256474
v 2.586863 -0.828546 3.291811
v 2.640969 -0.778428 3.329497
v 2.781867 -0.605460 3.016523
v 2.761161 -0.527030 3.033241
v 2.704592 -0.466556 3.034813
v 2.627318 -0.440243 3.020818
v 2.550044 -0.455142 2.995006
v 2.493476 -0.507259 2.964293
v 2.472770 -0.582631 2.936909
v 2.493476 -0.661061 2.920192
v 2.550044 -0.721534 2.918619
v 2.627318 -0.747847 2.932614
v 2.704592 -0.732949 2.958426
v 2.761161 -0.680831 2.989139
v 2.855361 -0.503616 2.661353
v 2.834109 -0.425944 2.680715
v 2.776046 -0.367542 2.689509
v 2.696730 -0.344058 2.685380
v 2.617414 -0.361785 2.669434
v 2.559351 -0.415974 2.645944
v 2.538099 -0.492104 2.621203
v 2.559351 -0.569776 2.601842
v 2.617414 -0.628178 2.593047
v 2.696730 -0.651662 2.597176
v 2.776046 -0.633935 2.613122
v 2.834109 -0.579746 2.636613
v 2.880000 -0.400000 2.300000
v 2.858564 -0.323099 2.322051
v 2.800000 -0.266804 2.338194
v 2.720000 -0.246198 2.344102
v 2.640000 -0.266804 2.338194
v 2.581436 -0.323099 2.322051
v 2.560000 -0.400000 2.300000
v 2.581436 -0.476901 2.277949
v 2.640000 -0.533196 2.261807
v 2.720000 -0.553802 2.255898
v 2.800000 -0.533196 2.261807
v 2.858564 -0.476901 2.277949
v 2.855361 -0.296384 1.938646
v 2.834109 -0.220254 1.963387
v 2.776046 -0.166065 1.986878
v 2.696730 -0.148338 2.002824
v 2.617414 -0.171822 2.006953
v 2.559351 -0.230224 1.998158
v 2.538099 -0.307896 1.978797
v 2.559351 -0.384026 1.954056
v 2.617414 -0.438215 1.930566
v 2.696730 -0.455942 1.914620
v 2.776046 -0.432458 1.910491
v 2.834109 -0.374056 1.919285
v 2.781867 -0.194540 1.583477
v 2.761161 -0.119169 1.610861
v 2.704592 -0.067051 1.641574
v 2.627318 -0.052153 1.667386
v 2.550044 -0.078466 1.681381
v 2.493476 -0.138939 1.679808
v 2.472770 -0.217369 1.663091
v 2.493476 -0.292741 1.635706
v 2.550044 -0.344858 1.604994
v 2.627318 -0.359757 1.579182
v 2.704592 -0.333444 1.565187
v 2.761161 -0.272970 1.566759
v 2.660774 -0.096213 1.240567
v 2.640969 -0.021573 1.270504
v 2.586863 0.028545 1.308189
v 2.512953 0.040712 1.343527
v 2.439043 0.011668 1.367047
v 2.384936 -0.050805 1.372448
v 2.365132 -0.129967 1.358282
v 2.384936 -0.204607 1.328346
v 2.439043 -0.254724 1.290660
v 2.512953 -0.266891 1.255323
v 2.586863 -0.237847 1.231802
v 2.640969 -0.175375 1.226402
v 2.494153 -0.003082 0.915784
v 2.475590 0.070864 0.948137
v 2.424871 0.119089 0.992428
v 2.355589 0.128669 1.036786
v 2.286307 0.097038 1.069328
v 2.235589 0.032671 1.081334
v 2.217025 -0.047184 1.069585
v 2.235589 -0.121131 1.037232
v 2.286307 -0.169355 0.992941
v 2.355589 -0.178935 0.948583
v 2.424871 -0.147304 0.916041
v 2.475590 -0.082937 0.904035
v 2.284858 0.083257 0.614684
v 2.267851 0.156561 0.649279
v 2.221389 0.203029 0.699692
v 2.157921 0.210211 0.752415
v 2.094453 0.176182 0.793321
v 2.047991 0.110059 0.811449
v 2.030984 0.029561 0.801942
v 2.047991 -0.043743 0.767347
v 2.094453 -0.090211 0.716934
v 2.157921 -0.097393 0.664211
v 2.221389 -0.063364 0.623305
v 2.267851 0.002759 0.605177
v 2.036468 0.161326 0.342422
v 2.021311 0.234049 0.379043
v 1.979899 0.278930 0.434993
v 1.923331 0.283944 0.495278
v 1.866762 0.247746 0.543747
v 1.825351 0.180036 0.567412
v 1.810194 0.098957 0.559931
v 1.825351 0.026234 0.523310
v 1.866762 -0.018647 0.467360
v 1.923331 -0.023660 0.407075
v 1.979899 0.012538 0.358606
v 2.021311 0.080248 0.334942
v 1.753234 0.229792 0.103655
v 1.740185 0.302005 0.142053
v 1.704533 0.345494 0.202858
v 1.655832 0.348605 0.269776
v 1.607131 0.310506 0.324877
v 1.571480 0.241404 0.353397
v 1.558430 0.159815 0.347693
v 1.571480 0.087602 0.309295
v 1.607131 0.044113 0.248490
v 1.655832 0.041002 0.181572
v 1.704533 0.079101 0.126471
v 1.740185 0.148203 0.097951
v 1.440000 0.287482 -0.097534
v 1.429282 0.359266 -0.057638
v 1.400000 0.401581 0.007257
v 1.360000 0.403090 0.079764
v 1.320000 0.363388 0.140454
v 1.290718 0.293113 0.173065
v 1.280000 0.211095 0.168859
v 1.290718 0.139311 0.128963
v 1.320000 0.096995 0.064067
v 1.360000 0.095487 -0.008440
v 1.400000 0.135189 -0.069129
v 1.429282 0.205464 -0.101741
v 1.102129 0.333409 -0.257699
v 1.093925 0.404851 -0.216611
v 1.071514 0.446232 -0.148458
v 1.040899 0.446465 -0.071503
v 1.010285 0.405488 -0.006364
v 0.987873 0.334278 0.029504
v 0.979670 0.251919 0.026490
v 0.987873 0.180477 -0.014599
v 1.010285 0.139095 -0.082751
v 1.040899 0.138862 -0.159707
v 1.071514 0.179840 -0.224845
v 1.093925 0.251049 -0.260713
v 0.745400 0.366786 -0.374102
v 0.739852 0.437980 -0.332147
v 0.724694 0.478683 -0.261627
v 0.703989 0.477989 -0.181438
v 0.683283 0.436084 -0.113066
v 0.668126 0.364196 -0.074831
v 0.662578 0.281588 -0.076979
v 0.668126 0.210394 -0.118933
v 0.683283 0.169691 -0.189453
v 0.703989 0.170385 -0.269642
v 0.724694 0.212290 -0.338014
v 0.739852 0.284178 -0.376249
v 0.375917 0.387044 -0.444749
v 0.373119 0.458087 -0.402269
v 0.365475 0.498378 -0.330312
v 0.355033 0.497121 -0.248161
v 0.344591 0.454654 -0.177827
v 0.336947 0.382354 -0.138155
v 0.334149 0.299595 -0.139777
v 0.336947 0.228552 -0.182257
v 0.344591 0.188261 -0.254214
v 0.355033 0.189518 -0.336365
v 0.365475 0.231986 -0.406699
v 0.373119 0.304285 -0.446371
v -0.000000 0.393836 -0.468434
v -0.000000 0.464828 -0.425777
v -0.000000 0.504981 -0.353339
v -0.000000 0.503536 -0.270530
v -0.000000 0.460879 -0.199538
v -0.000000 0.388441 -0.159384
v -0.000000 0.305632 -0.160830
v -0.000000 0.234639 -0.203487
v -0.000000 0.194486 -0.275924
v -0.000000 0.195932 -0.358734
v -0.000000 0.238588 -0.429726
v -0.000000 0.311026 -0.469879
v -0.375915 0.387044 -0.444750
v -0.373117 0.458087 -0.402269
v -0.365473 0.498378 -0.330313
v -0.355031 0.497121 -0.248162
v -0.344589 0.454654 -0.177827
v -0.336945 0.382354 -0.138155
v -0.334147 0.299595 -0.139777
v -0.336945 0.228552 -0.182258
v -0.344589 0.188261 -0.254214
v -0.355031 0.189518 -0.336365
v -0.365473 0.231986 -0.406700
v -0.373117 0.304285 -0.446371
v -0.745398 0.366787 -0.374102
v -0.739850 0.437980 -0.332148
v -0.724692 0.478683 -0.261628
v -0.703987 0.477989 -0.181439
v -0.683281 0.436084 -0.113067
v -0.668124 0.364196 -0.074832
v -0.662576 0.281588 -0.076979
v -0.668124 0.210394 -0.118934
v -0.683281 0.169691 -0.189454
v -0.703987 0.170385 -0.269643
v -0.724692 0.212290 -0.338015
v -0.739850 0.284178 -0.376250
v -1.102129 0.333408 -0.257699
v -1.093926 0.404851 -0.216611
v -1.071514 0.446232 -0.148458
v -1.040900 0.446465 -0.071503
v -1.010285 0.405487 -0.006364
v -0.987873 0.334278 0.029504
v -0.979670 0.251919 0.026490
v -0.987873 0.180476 -0.014598
v -1.010285 0.139095 -0.082751
v -1.040900 0.138862 -0.159707
v -1.071514 0.179840 -0.224845
v -1.093926 0.251049 -0.260713
v -1.440000 0.287482 -0.097534
v -1.429282 0.359266 -0.057638
v -1.400000 0.401581 0.007258
v -1.360000 0.403090 0.079764
v -1.320000 0.363388 0.140454
v -1.290718 0.293113 0.173065
v -1.280000 0.211095 0.168859
v -1.290718 0.139311 0.128963
v -1.320000 0.096995 0.064067
v -1.360000 0.095487 -0.008440
v -1.400000 0.135189 -0.069129
v -1.429282 0.205464 -0.101740
v -1.753232 0.229792 0.103653
v -1.740183 0.302006 0.142052
v -1.704531 0.345494 0.202857
v -1.655831 0.348606 0.269775
v -1.607130 0.310506 0.324876
v -1.571478 0.241404 0.353395
v -1.558429 0.159815 0.347692
v -1.571478 0.087602 0.309293
v -1.607130 0.044113 0.248489
v -1.655831 0.041002 0.181571
v -1.704531 0.079102 0.126470
v -1.740183 0.148204 0.097950
v -2.036467 0.161327 0.342421
v -2.021309 0.234050 0.379042
v -1.979898 0.278931 0.434991
v -1.923329 0.283944 0.495277
v -1.866761 0.247746 0.543746
v -1.825350 0.180036 0.567410
v -1.810192 0.098957 0.559929
v -1.825350 0.026234 0.523308
v -1.866761 -0.018647 0.467359
v -1.923329 -0.023660 0.407073
v -1.979898 0.012538 0.358604
v -2.021309 0.080248 0.334940
v -2.284858 0.083256 0.614685
v -2.267852 0.156561 0.649279
v -2.221390 0.203029 0.699692
v -2.157921 0.210211 0.752415
v -2.094453 0.176181 0.793321
v -2.047991 0.110059 0.811449
v -2.030985 0.029561 0.801942
v -2.047991 -0.043743 0.767347
v -2.094453 -0.090211 0.716934
v -2.157921 -0.097393 0.664211
v -2.221390 -0.063364 0.623305
v -2.267852 0.002759 0.605178
v -2.494153 -0.003082 0.915783
v -2.475589 0.070865 0.948136
v -2.424871 0.119089 0.992427
v -2.355589 0.128669 1.036786
v -2.286307 0.097038 1.069328
v -2.235589 0.032671 1.081333
v -2.217025 -0.047184 1.069585
v -2.235589 -0.121131 1.037231
v -2.286307 -0.169355 0.992941
v -2.355589 -0.178935 0.948582
v -2.424871 -0.147304 0.916040
v -2.475589 -0.082937 0.904034
v -2.660773 -0.096212 1.240565
v -2.640969 -0.021572 1.270502
v -2.586862 0.028546 1.308187
v -2.512952 0.040713 1.343525
v -2.439042 0.011669 1.367045
v -2.384935 -0.050804 1.372446
v -2.365131 -0.129966 1.358280
v -2.384935 -0.204606 1.328344
v -2.439042 -0.254724 1.290658
v -2.512952 -0.266891 1.255321
v -2.586862 -0.237847 1.231801
v -2.640969 -0.175374 1.226400
v -2.781867 -0.194540 1.583477
v -2.761161 -0.119169 1.610861
v -2.704592 -0.067051 1.641574
v -2.627318 -0.052153 1.667386
v -2.550044 -0.078466 1.681381
v -2.493476 -0.138939 1.679809
v -2.472770 -0.217369 1.663091
v -2.493476 -0.292741 1.635707
v -2.550044 -0.344858 1.604994
v -2.627318 -0.359757 1.579182
v -2.704592 -0.333444 1.565187
v -2.761161 -0.272971 1.566759
v -2.855361 -0.296384 1.938647
v -2.834109 -0.220254 1.963387
v -2.776046 -0.166066 1.986878
v -2.696730 -0.148338 2.002824
v -2.617415 -0.171822 2.006953
v -2.559351 -0.230224 1.998159
v -2.538099 -0.307897 1.978797
v -2.559351 -0.384026 1.954057
v -2.617415 -0.438215 1.930566
v -2.696730 -0.455942 1.914620
v -2.776046 -0.432458 1.910491
v -2.834109 -0.374056 1.919286
vn -1.0000 -0.0000 -0.0000
vn -0.8687 0.4762 0.1365
vn -0.5080 0.8280 0.2374
vn -0.0108 0.9612 0.2756
vn 0.4918 0.8370 0.2400
vn 0.8633 0.4852 0.1391
vn 1.0000 -0.0000 -0.0000
vn 0.8633 -0.4852 -0.1391
vn 0.4918 -0.8370 -0.2400
vn -0.0108 -0.9612 -0.2756
vn -0.5080 -0.8280 -0.2374
vn -0.8687 -0.4762 -0.1365
vn -0.9914 -0.0360 0.1255
vn -0.8612 0.4450 0.2455
vn -0.5036 0.8097 0.3012
vn -0.0107 0.9608 0.2770
vn 0.4876 0.8547 0.1783
vn 0.8559 0.5162 0.0308
vn 0.9914 0.0360 -0.1255
vn 0.8559 -0.4541 -0.2474
vn 0.4876 -0.8193 -0.3017
vn -0.0107 -0.9616 -0.2743
vn -0.5036 -0.8463 -0.1737
vn -0.8612 -0.5075 -0.0276
vn -0.9659 -0.0713 0.2488
vn -0.8391 0.4142 0.3527
vn -0.4907 0.7918 0.3638
vn -0.0104 0.9604 0.2783
vn 0.4751 0.8720 0.1176
vn 0.8339 0.5468 -0.0757
vn 0.9659 0.0713 -0.2488
vn 0.8339 -0.4236 -0.3539
vn 0.4751 -0.8019 -0.3624
vn -0.0104 -0.9620 -0.2729
vn -0.4907 -0.8642 -0.1110
vn -0.8391 -0.5382 0.0796
vn -0.9239 -0.1055 0.3679
vn -0.8025 0.3846 0.4561
vn -0.4693 0.7744 0.4243
vn -0.0100 0.9601 0.2796
vn 0.4544 0.8888 0.0591
vn 0.7976 0.5762 -0.1784
vn 0.9239 0.1055 -0.3679
vn 0.7976 -0.3941 -0.4567
vn 0.4544 -0.7851 -0.4209
vn -0.0100 -0.9623 -0.2717
vn -0.4693 -0.8816 -0.0506
vn -0.8025 -0.5678 0.1830
vn -0.8660 -0.1378 0.4806
vn -0.7523 0.3565 0.5541
vn -0.4399 0.7580 0.4816
vn -0.0093 0.9597 0.2808
vn 0.4259 0.9047 0.0036
vn 0.7476 0.6041 -0.2758
vn 0.8660 0.1378 -0.4806
vn 0.7476 -0.3662 -0.5540
vn 0.4259 -0.7692 -0.4764
vn -0.0093 -0.9627 -0.2704
vn -0.4399 -0.8980 0.0067
vn -0.7523 -0.5959 0.2810
vn -0.7934 -0.1678 0.5852
vn -0.6892 0.3304 0.6449
vn -0.4030 0.7428 0.5347
vn -0.0085 0.9594 0.2819
vn 0.3902 0.9195 -0.0478
vn 0.6849 0.6300 -0.3661
vn 0.7934 0.1678 -0.5852
vn 0.6849 -0.3403 -0.6443
vn 0.3902 -0.7544 -0.5278
vn -0.0085 -0.9630 -0.2693
vn -0.4030 -0.9132 0.0598
vn -0.6892 -0.6220 0.3718
vn -0.7071 -0.1949 0.6797
vn -0.6142 0.3069 0.7270
vn -0.3592 0.7290 0.5827
vn -0.0076 0.9591 0.2829
vn 0.3478 0.9328 -0.0943
vn 0.6104 0.6534 -0.4477
vn 0.7071 0.1949 -0.6797
vn 0.6104 -0.3169 -0.7259
vn 0.3478 -0.7411 -0.5743
vn -0.0076 -0.9633 -0.2683
vn -0.3592 -0.9270 0.1079
vn -0.6142 -0.6455 0.4539
vn -0.6088 -0.2187 0.7626
vn -0.5288 0.2862 0.7990
vn -0.3092 0.7169 0.6248
vn -0.0066 0.9588 0.2838
vn 0.2994 0.9445 -0.1351
vn 0.5255 0.6740 -0.5192
vn 0.6088 0.2187 -0.7626
vn 0.5255 -0.2964 -0.7975
vn 0.2994 -0.7294 -0.6151
vn -0.0066 -0.9636 -0.2674
vn -0.3092 -0.9391 0.1500
vn -0.5288 -0.6662 0.5259
vn -0.5000 -0.2387 0.8325
vn -0.4343 0.2688 0.8597
vn -0.2540 0.7067 0.6603
vn -0.0054 0.9586 0.2846
vn 0.2459 0.9544 -0.1694
vn 0.4316 0.6912 -0.5795
vn 0.5000 0.2387 -0.8325
vn 0.4316 -0.2791 -0.8578
vn 0.2459 -0.7196 -0.6494
vn -0.0054 -0.9638 -0.2667
vn -0.2540 -0.9493 0.1855
vn -0.4343 -0.6836 0.5866
vn -0.3827 -0.2547 0.8881
vn -0.3324 0.2550 0.9080
vn -0.1944 0.6986 0.6886
vn -0.0041 0.9585 0.2852
vn 0.1882 0.9622 -0.1968
vn 0.3304 0.7050 -0.6276
vn 0.3827 0.2547 -0.8881
vn 0.3304 -0.2653 -0.9058
vn 0.1882 -0.7117 -0.6768
vn -0.0041 -0.9640 -0.2661
vn -0.1944 -0.9574 0.2137
vn -0.3324 -0.6974 0.6349
vn -0.2588 -0.2662 0.9285
vn -0.2248 0.2449 0.9431
vn -0.1315 0.6927 0.7091
vn -0.0028 0.9583 0.2856
vn 0.1273 0.9679 -0.2167
vn 0.2234 0.7150 -0.6624
vn 0.2588 0.2662 -0.9285
vn 0.2234 -0.2553 -0.9407
vn 0.1273 -0.7060 -0.6967
vn -0.0028 -0.9641 -0.2656
vn -0.1315 -0.9632 0.2343
vn -0.2248 -0.7075 0.6700
vn -0.1305 -0.2733 0.9530
vn -0.1134 0.2388 0.9644
vn -0.0663 0.6892 0.7216
vn -0.0014 0.9583 0.2859
vn 0.0642 0.9714 -0.2287
vn 0.1127 0.7211 -0.6836
vn 0.1305 0.2733 -0.9530
vn 0.1127 -0.2493 -0.9619
vn 0.0642 -0.7026 -0.7087
vn -0.0014 -0.9642 -0.2654
vn -0.0663 -0.9668 0.2467
vn -0.1134 -0.7136 0.6913
vn -0.0000 -0.2756 0.9613
vn -0.0000 0.2368 0.9716
vn -0.0000 0.6880 0.7257
vn -0.0000 0.9582 0.2860
vn -0.0000 0.9725 -0.2328
vn -0.0000 0.7231 -0.6907
vn -0.0000 0.2756 -0.9613
vn -0.0000 -0.2472 -0.9690
vn -0.0000 -0.7014 -0.7128
vn -0.0000 -0.9642 -0.2653
vn -0.0000 -0.9680 0.2509
vn -0.0000 -0.7156 0.6985
vn 0.1305 -0.2733 0.9530
vn 0.1134 0.2388 0.9644
vn 0.0663 0.6892 0.7216
vn 0.0014 0.9583 0.2859
vn -0.0642 0.9714 -0.2287
vn -0.1127 0.7211 -0.6836
vn -0.1305 0.2733 -0.9530
vn -0.1127 -0.2493 -0.9619
vn -0.0642 -0.7026 -0.7087
vn 0.0014 -0.9642 -0.2654
vn 0.0663 -0.9668 0.2467
vn 0.1134 -0.7136 0.6913
vn 0.2588 -0.2662 0.9285
vn 0.2248 0.2449 0.9431
vn 0.1315 0.6927 0.7091
vn 0.0028 0.9583 0.2856
vn -0.1273 0.9679 -0.2167
vn -0.2234 0.7150 -0.6624
vn -0.2588 0.2662 -0.9285
vn -0.2234 -0.2553 -0.9407
vn -0.1273 -0.7060 -0.6967
vn 0.0028 -0.9641 -0.2656
vn 0.1315 -0.9632 0.2343
vn 0.2248 -0.7075 0.6700
vn 0.3827 -0.2547 0.8881
vn 0.3324 0.2550 0.9080
vn 0.1944 0.6986 0.6886
vn 0.0041 0.9585 0.2852
vn -0.1882 0.9622 -0.1968
vn -0.3304 0.7050 -0.6276
vn -0.3827 0.2547 -0.8881
vn -0.3304 -0.2653 -0.9058
vn -0.1882 -0.7117 -0.6768
vn 0.0041 -0.9640 -0.2661
vn 0.1944 -0.9574 0.2137
vn 0.3324 -0.6974 0.6349
vn 0.5000 -0.2387 0.8325
vn 0.4343 0.2688 0.8597
vn 0.2540 0.7067 0.6603
vn 0.0054 0.9586 0.2846
vn -0.2459 0.9544 -0.1694
vn -0.4316 0.6912 -0.5795
vn -0.5000 0.2387 -0.8325
vn -0.4316 -0.2791 -0.8578
vn -0.2459 -0.7196 -0.6494
vn 0.0054 -0.9638 -0.2667
vn 0.2540 -0.9493 0.1855
vn 0.4343 -0.6836 0.5866
vn 0.6088 -0.2187 0.7626
vn 0.5288 0.2862 0.7990
vn 0.3092 0.7169 0.6248
vn 0.0066 0.9588 0.2838
vn -0.2994 0.9445 -0.1351
vn -0.5255 0.6739 -0.5192
vn -0.6088 0.2187 -0.7626
vn -0.5255 -0.2964 -0.7975
vn -0.2994 -0.7294 -0.6151
vn 0.0066 -0.9636 -0.2674
vn 0.3092 -0.9391 0.1500
vn 0.5288 -0.6662 0.5259
vn 0.7071 -0.1949 0.6797
vn 0.6142 0.3069 0.7270
vn 0.3592 0.7290 0.5827
vn 0.0076 0.9591 0.2829
vn -0.3478 0.9328 -0.0943
vn -0.6104 0.6534 -0.4477
vn -0.7071 0.1949 -0.6797
vn -0.6104 -0.3169 -0.7259
vn -0.3478 -0.7411 -0.5743
vn 0.0076 -0.9633 -0.2683
vn 0.3592 -0.9270 0.1079
vn 0.6142 -0.6455 0.4539
vn 0.7934 -0.1678 0.5852
vn 0.6892 0.3304 0.6449
vn 0.4030 0.7428 0.5347
vn 0.0085 0.9594 0.2819
vn -0.3902 0.9195 -0.0478
vn -0.6849 0.6300 -0.3661
vn -0.7934 0.1678 -0.5852
vn -0.6849 -0.3403 -0.6443
vn -0.3902 -0.7544 -0.5278
vn 0.0085 -0.9630 -0.2693
vn 0.4030 -0.9132 0.0598
vn 0.6892 -0.6220 0.3718
vn 0.8660 -0.1378 0.4806
vn 0.7523 0.3565 0.5541
vn 0.4399 0.7580 0.4816
vn 0.0093 0.9597 0.2808
vn -0.4259 0.9047 0.0036
vn -0.7476 0.6041 -0.2758
vn -0.8660 0.1378 -0.4806
vn -0.7476 -0.3662 -0.5540
vn -0.4259 -0.7692 -0.4764
vn 0.0093 -0.9627 -0.2704
vn 0.4399 -0.8980 0.0067
vn 0.7523 -0.5959 0.2810
vn 0.9239 -0.1055 0.3679
vn 0.8025 0.3846 0.4561
vn 0.4693 0.7744 0.4243
vn 0.0100 0.9601 0.2796
vn -0.4544 0.8888 0.0591
vn -0.7976 0.5762 -0.1784
vn -0.9239 0.1055 -0.3679
vn -0.7976 -0.3941 -0.4567
vn -0.4544 -0.7851 -0.4209
vn 0.0100 -0.9623 -0.2717
vn 0.4693 -0.8816 -0.0506
vn 0.8025 -0.5678 0.1830
vn 0.9659 -0.0713 0.2488
vn 0.8391 0.4142 0.3527
vn 0.4907 0.7918 0.3638
vn 0.0104 0.9604 0.2783
vn -0.4751 0.8720 0.1176
vn -0.8339 0.5468 -0.0757
vn -0.9659 0.0713 -0.2488
vn -0.8339 -0.4236 -0.3539
vn -0.4751 -0.8019 -0.3624
vn 0.0104 -0.9620 -0.2729
vn 0.4907 -0.8642 -0.1110
vn 0.8391 -0.5382 0.0796
vn 0.9914 -0.0360 0.1255
vn 0.8612 0.4449 0.2455
vn 0.5036 0.8097 0.3012
vn 0.0107 0.9608 0.2770
vn -0.4876 0.8547 0.1783
vn -0.8559 0.5162 0.0308
vn -0.9914 0.0360 -0.1255
vn -0.8559 -0.4541 -0.2474
vn -0.4876 -0.8193 -0.3017
vn 0.0107 -0.9616 -0.2743
vn 0.5036 -0.8463 -0.1737
vn 0.8612 -0.5075 -0.0276
vn 0.8687 0.4762 0.1365
vn 0.5080 0.8280 0.2374
vn 0.0108 0.9612 0.2756
vn -0.4918 0.8370 0.2400
vn -0.8633 0.4852 0.1391
vn -0.8633 -0.4852 -0.1391
vn -0.4918 -0.8370 -0.2400
vn 0.0108 -0.9612 -0.2756
vn 0.5080 -0.8280 -0.2374
vn 0.8687 -0.4762 -0.1365
vn 0.8612 0.5075 0.0276
vn 0.5036 0.8463 0.1737
vn 0.0107 0.9616 0.2743
vn -0.4876 0.8193 0.3017
vn -0.8559 0.4541 0.2474
vn -0.8559 -0.5162 -0.0308
vn -0.4876 -0.8547 -0.1783
vn 0.0107 -0.9608 -0.2770
vn 0.5036 -0.8097 -0.3012
vn 0.8612 -0.4450 -0.2455
vn 0.8391 0.5382 -0.0796
vn 0.4907 0.8642 0.1110
vn 0.0104 0.9620 0.2729
vn -0.4751 0.8019 0.3624
vn -0.8339 0.4236 0.3539
vn -0.8339 -0.5468 0.0757
vn -0.4751 -0.8720 -0.1176
vn 0.0104 -0.9604 -0.2783
vn 0.4907 -0.7918 -0.3638
vn 0.8391 -0.4142 -0.3527
vn 0.8025 0.5678 -0.1830
vn 0.4693 0.8816 0.0506
vn 0.0100 0.9623 0.2717
vn -0.4544 0.7851 0.4209
vn -0.7976 0.3941 0.4567
vn -0.7976 -0.5762 0.1784
vn -0.4544 -0.8888 -0.0591
vn 0.0100 -0.9601 -0.2796
vn 0.4693 -0.7744 -0.4243
vn 0.8025 -0.3846 -0.4561
vn 0.7523 0.5959 -0.2810
vn 0.4399 0.8980 -0.0067
vn 0.0093 0.9627 0.2704
vn -0.4259 0.7692 0.4764
vn -0.7476 0.3662 0.5540
vn -0.7476 -0.6041 0.2758
vn -0.4259 -0.9047 -0.0036
vn 0.0093 -0.9597 -0.2808
vn 0.4399 -0.7580 -0.4816
vn 0.7523 -0.3565 -0.5541
vn 0.6892 0.6220 -0.3718
vn 0.4030 0.9132 -0.0598
vn 0.0085 0.9630 0.2693
vn -0.3902 0.7544 0.5278
vn -0.6849 0.3403 0.6443
vn -0.6849 -0.6300 0.3661
vn -0.3902 -0.9195 0.0478
vn 0.0085 -0.9594 -0.2819
vn 0.4030 -0.7428 -0.5347
vn 0.6892 -0.3304 -0.6449
vn 0.6142 0.6455 -0.4539
vn 0.3592 0.9270 -0.1079
vn 0.0076 0.9633 0.2683
vn -0.3478 0.7411 0.5743
vn -0.6104 0.3169 0.7259
vn -0.6104 -0.6534 0.4477
vn -0.3478 -0.9328 0.0943
vn 0.0076 -0.9591 -0.2829
vn 0.3592 -0.7290 -0.5827
vn 0.6142 -0.3069 -0.7270
vn 0.5288 0.6662 -0.5259
vn 0.3092 0.9391 -0.1500
vn 0.0066 0.9636 0.2674
vn -0.2994 0.7294 0.6151
vn -0.5255 0.2964 0.7975
vn -0.5255 -0.6739 0.5192
vn -0.2994 -0.9445 0.1351
vn 0.0066 -0.9588 -0.2838
vn 0.3092 -0.7169 -0.6248
vn 0.5288 -0.2862 -0.7990
vn 0.4343 0.6836 -0.5866
vn 0.2540 0.9493 -0.1855
vn 0.0054 0.9638 0.2667
vn -0.2459 0.7196 0.6494
vn -0.4316 0.2791 0.8578
vn -0.4316 -0.6912 0.5795
vn -0.2459 -0.9544 0.1694
vn 0.0054 -0.9586 -0.2846
vn 0.2540 -0.7067 -0.6603
vn 0.4343 -0.2688 -0.8597
vn 0.3324 0.6974 -0.6349
vn 0.1944 0.9574 -0.2137
vn 0.0041 0.9639 0.2661
vn -0.1882 0.7117 0.6768
vn -0.3304 0.2653 0.9058
vn -0.3304 -0.7050 0.6276
vn -0.1882 -0.9622 0.1968
vn 0.0041 -0.9585 -0.2852
vn 0.1944 -0.6986 -0.6886
vn 0.3324 -0.2550 -0.9080
vn 0.2248 0.7075 -0.6700
vn 0.1315 0.9632 -0.2343
vn 0.0028 0.9641 0.2656
vn -0.1273 0.7060 0.6967
vn -0.2234 0.2553 0.9407
vn -0.2234 -0.7150 0.6624
vn -0.1273 -0.9679 0.2167
vn 0.0028 -0.9583 -0.2856
vn 0.1315 -0.6927 -0.7091
vn 0.2248 -0.2449 -0.9431
vn 0.1134 0.7136 -0.6913
vn 0.0663 0.9668 -0.2467
vn 0.0014 0.9642 0.2654
vn -0.0642 0.7026 0.7087
vn -0.1127 0.2493 0.9619
vn -0.1127 -0.7211 0.6836
vn -0.0642 -0.9714 0.2287
vn 0.0014 -0.9583 -0.2859
vn 0.0663 -0.6892 -0.7216
vn 0.1134 -0.2388 -0.9644
vn -0.0000 0.7156 -0.6985
vn -0.0000 0.9680 -0.2509
vn -0.0000 0.9642 0.2653
vn -0.0000 0.7014 0.7128
vn -0.0000 0.2472 0.9690
vn -0.0000 -0.7231 0.6907
vn -0.0000 -0.9725 0.2328
vn -0.0000 -0.9582 -0.2860
vn -0.0000 -0.6880 -0.7257
vn -0.0000 -0.2368 -0.9716
vn -0.1134 0.7136 -0.6913
vn -0.0663 0.9668 -0.2467
vn -0.0014 0.9642 0.2654
vn 0.0642 0.7026 0.7087
vn 0.1127 0.2493 0.9619
vn 0.1127 -0.7211 0.6836
vn 0.0642 -0.9714 0.2287
vn -0.0014 -0.9583 -0.2859
vn -0.0663 -0.6892 -0.7216
vn -0.1134 -0.2388 -0.9644
vn -0.2248 0.7075 -0.6700
vn -0.1315 0.9632 -0.2343
vn -0.0028 0.9641 0.2656
vn 0.1273 0.7060 0.6967
vn 0.2234 0.2553 0.9407
vn 0.2234 -0.7150 0.6624
vn 0.1273 -0.9679 0.2167
vn -0.0028 -0.9583 -0.2856
vn -0.1315 -0.6927 -0.7091
vn -0.2248 -0.2449 -0.9431
vn -0.3324 0.6974 -0.6349
vn -0.1944 0.9574 -0.2137
vn -0.0041 0.9639 0.2661
vn 0.1882 0.7117 0.6768
vn 0.3304 0.2653 0.9058
vn 0.3304 -0.7050 0.6276
vn 0.1882 -0.9622 0.1968
vn -0.0041 -0.9585 -0.2852
vn -0.1944 -0.6986 -0.6886
vn -0.3324 -0.2550 -0.9080
vn -0.4343 0.6836 -0.5866
vn -0.2540 0.9493 -0.1855
vn -0.0054 0.9638 0.2667
vn 0.2459 0.7196 0.6494
vn 0.4316 0.2791 0.8578
vn 0.4316 -0.6912 0.5795
vn 0.2459 -0.9544 0.1694
vn -0.0054 -0.9586 -0.2846
vn -0.2540 -0.7067 -0.6603
vn -0.4343 -0.2688 -0.8597
vn -0.5288 0.6662 -0.5259
vn -0.3092 0.9391 -0.1500
vn -0.0066 0.9636 0.2674
vn 0.2994 0.7294 0.6151
vn 0.5255 0.2964 0.7975
vn 0.5255 -0.6740 0.5192
vn 0.2994 -0.9445 0.1351
vn -0.0066 -0.9588 -0.2838
vn -0.3092 -0.7169 -0.6248
vn -0.5288 -0.2862 -0.7990
vn -0.6142 0.6455 -0.4539
vn -0.3592 0.9270 -0.1079
vn -0.0076 0.9633 0.2683
vn 0.3478 0.7411 0.5743
vn 0.6104 0.3169 0.7259
vn 0.6104 -0.6534 0.4477
vn 0.3478 -0.9328 0.0943
vn -0.0076 -0.9591 -0.2829
vn -0.3592 -0.7290 -0.5827
vn -0.6142 -0.3069 -0.7270
vn -0.6892 0.6220 -0.3718
vn -0.4030 0.9132 -0.0598
vn -0.0085 0.9630 0.2693
vn 0.3902 0.7544 0.5278
vn 0.6849 0.3403 0.6443
vn 0.6849 -0.6300 0.3661
vn 0.3902 -0.9195 0.0478
vn -0.0085 -0.9594 -0.2819
vn -0.4030 -0.7428 -0.5347
vn -0.6892 -0.3304 -0.6449
vn -0.7523 0.5959 -0.2810
vn -0.4399 0.8980 -0.0067
vn -0.0093 0.9627 0.2704
vn 0.4259 0.7692 0.4764
vn 0.7476 0.3662 0.5540
vn 0.7476 -0.6041 0.2758
vn 0.4259 -0.9047 -0.0036
vn -0.0093 -0.9597 -0.2808
vn -0.4399 -0.7580 -0.4816
vn -0.7523 -0.3565 -0.5541
vn -0.8025 0.5678 -0.1830
vn -0.4693 0.8816 0.0506
vn -0.0100 0.9623 0.2717
vn 0.4544 0.7851 0.4209
vn 0.7976 0.3941 0.4567
vn 0.7976 -0.5762 0.1784
vn 0.4544 -0.8888 -0.0591
vn -0.0100 -0.9601 -0.2796
vn -0.4693 -0.7744 -0.4243
vn -0.8025 -0.3846 -0.4561
vn -0.8391 0.5382 -0.0796
vn -0.4907 0.8642 0.1110
vn -0.0104 0.9620 0.2729
vn 0.4751 0.8019 0.3624
vn 0.8339 0.4236 0.3539
vn 0.8339 -0.5468 0.0757
vn 0.4751 -0.8720 -0.1176
vn -0.0104 -0.9604 -0.2783
vn -0.4907 -0.7918 -0.3638
vn -0.8391 -0.4142 -0.3527
vn -0.8612 0.5075 0.0276
vn -0.5036 0.8463 0.1737
vn -0.0107 0.9616 0.2743
vn 0.4876 0.8193 0.3017
vn 0.8559 0.4541 0.2474
vn 0.8559 -0.5162 -0.0308
vn 0.4876 -0.8547 -0.1783
vn -0.0107 -0.9608 -0.2770
vn -0.5036 -0.8097 -0.3012
vn -0.8612 -0.4450 -0.2455
vt 0.500000 0.500000
vt 0.520833 0.500000
vt 0.520833 0.583333
vt 0.500000 0.583333
vt 0.520833 0.666667
vt 0.500000 0.666667
vt 0.520833 0.750000
vt 0.500000 0.750000
vt 0.520833 0.833333
vt 0.500000 0.833333
vt 0.520833 0.916667
vt 0.500000 0.916667
vt 0.520833 1.000000
vt 0.500000 1.000000
vt 0.500000 0.000000
vt 0.520833 0.000000
vt 0.520833 0.083333
vt 0.500000 0.083333
vt 0.520833 0.166667
vt 0.500000 0.166667
vt 0.520833 0.250000
vt 0.500000 0.250000
vt 0.520833 0.333333
vt 0.500000 0.333333
vt 0.520833 0.416667
vt 0.500000 0.416667
vt 0.541667 0.500000
vt 0.541667 0.583333
vt 0.541667 0.666667
vt 0.541667 0.750000
vt 0.541667 0.833333
vt 0.541667 0.916667
vt 0.541667 1.000000
vt 0.541667 0.000000
vt 0.541667 0.083333
vt 0.541667 0.166667
vt 0.541667 0.250000
vt 0.541667 0.333333
vt 0.541667 0.416667
vt 0.562500 0.500000
vt 0.562500 0.583333
vt 0.562500 0.666667
vt 0.562500 0.750000
vt 0.562500 0.833333
vt 0.562500 0.916667
vt 0.562500 1.000000
vt 0.562500 0.000000
vt 0.562500 0.083333
vt 0.562500 0.166667
vt 0.562500 0.250000
vt 0.562500 0.333333
vt 0.562500 0.416667
vt 0.583333 0.500000
vt 0.583333 0.583333
vt 0.583333 0.666667
vt 0.583333 0.750000
vt 0.583333 0.833333
vt 0.583333 0.916667
vt 0.583333 1.000000
vt 0.583333 0.000000
vt 0.583333 0.083333
vt 0.583333 0.166667
vt 0.583333 0.250000
vt 0.583333 0.333333
vt 0.583333 0.416667
vt 0.604167 0.500000
vt 0.604167 0.583333
vt 0.604167 0.666667
vt 0.604167 0.750000
vt 0.604167 0.833333
vt 0.604167 0.916667
vt 0.604167 1.000000
vt 0.604167 0.000000
vt 0.604167 0.083333
vt 0.604167 0.166667
vt 0.604167 0.250000
vt 0.604167 0.333333
vt 0.604167 0.416667
vt 0.625000 0.500000
vt 0.625000 0.583333
vt 0.625000 0.666667
vt 0.625000 0.750000
vt 0.625000 0.833333
vt 0.625000 0.916667
vt 0.625000 1.000000
vt 0.625000 0.000000
vt 0.625000 0.083333
vt 0.625000 0.166667
vt 0.625000 0.250000
vt 0.625000 0.333333
vt 0.625000 0.416667
vt 0.645833 0.500000
vt 0.645833 0.583333
vt 0.645833 0.666667
vt 0.645833 0.750000
vt 0.645833 0.833333
vt 0.645833 0.916667
vt 0.645833 1.000000
vt 0.645833 0.000000
vt 0.645833 0.083333
vt 0.645833 0.166667
vt 0.645833 0.250000
vt 0.645833 0.333333
vt 0.645833 0.416667
vt 0.666667 0.500000
vt 0.666667 0.583333
vt 0.666667 0.666667
vt 0.666667 0.750000
vt 0.666667 0.833333
vt 0.666667 0.916667
vt 0.666667 1.000000
vt 0.666667 0.000000
vt 0.666667 0.083333
vt 0.666667 0.166667
vt 0.666667 0.250000
vt 0.666667 0.333333
vt 0.666667 0.416667
vt 0.687500 0.500000
vt 0.687500 0.583333
vt 0.687500 0.666667
vt 0.687500 0.750000
vt 0.687500 0.833333
vt 0.687500 0.916667
vt 0.687500 1.000000
vt 0.687500 0.000000
vt 0.687500 0.083333
vt 0.687500 0.166667
vt 0.687500 0.250000
vt 0.687500 0.333333
vt 0.687500 0.416667
vt 0.708333 0.500000
vt 0.708333 0.583333
vt 0.708333 0.666667
vt 0.708333 0.750000
vt 0.708333 0.833333
vt 0.708333 0.916667
vt 0.708333 1.000000
vt 0.708333 0.000000
vt 0.708333 0.083333
vt 0.708333 0.166667
vt 0.708333 0.250000
vt 0.708333 0.333333
vt 0.708333 0.416667
vt 0.729167 0.500000
vt 0.729167 0.583333
vt 0.729167 0.666667
vt 0.729167 0.750000
vt 0.729167 0.833333
vt 0.729167 0.916667
vt 0.729167 1.000000
vt 0.729167 0.000000
vt 0.729167 0.083333
vt 0.729167 0.166667
vt 0.729167 0.250000
vt 0.729167 0.333333
vt 0.729167 0.416667
vt 0.750000 0.500000
vt 0.750000 0.583333
vt 0.750000 0.666667
vt 0.750000 0.750000
vt 0.750000 0.833333
vt 0.750000 0.916667
vt 0.750000 1.000000
vt 0.750000 0.000000
vt 0.750000 0.083333
vt 0.750000 0.166667
vt 0.750000 0.250000
vt 0.750000 0.333333
vt 0.750000 0.416667
vt 0.770833 0.500000
vt 0.770833 0.583333
vt 0.770833 0.666667
vt 0.770833 0.750000
vt 0.770833 0.833333
vt 0.770833 0.916667
vt 0.770833 1.000000
vt 0.770833 0.000000
vt 0.770833 0.083333
vt 0.770833 0.166667
vt 0.770833 0.250000
vt 0.770833 0.333333
vt 0.770833 0.416667
vt 0.791667 0.500000
vt 0.791667 0.583333
vt 0.791667 0.666667
vt 0.791667 0.750000
vt 0.791667 0.833333
vt 0.791667 0.916667
vt 0.791667 1.000000
vt 0.791667 0.000000
vt 0.791667 0.083333
vt 0.791667 0.166667
vt 0.791667 0.250000
vt 0.791667 0.333333
vt 0.791667 0.416667
vt 0.812500 0.500000
vt 0.812500 0.583333
vt 0.812500 0.666667
vt 0.812500 0.750000
vt 0.812500 0.833333
vt 0.812500 0.916667
vt 0.812500 1.000000
vt 0.812500 0.000000
vt 0.812500 0.083333
vt 0.812500 0.166667
vt 0.812500 0.250000
vt 0.812500 0.333333
vt 0.812500 0.416667
vt 0.833333 0.500000
vt 0.833333 0.583333
vt 0.833333 0.666667
vt 0.833333 0.750000
vt 0.833333 0.833333
vt 0.833333 0.916667
vt 0.833333 1.000000
vt 0.833333 0.000000
vt 0.833333 0.083333
vt 0.833333 0.166667
vt 0.833333 0.250000
vt 0.833333 0.333333
vt 0.833333 0.416667
vt 0.854167 0.500000
vt 0.854167 0.583333
vt 0.854167 0.666667
vt 0.854167 0.750000
vt 0.854167 0.833333
vt 0.854167 0.916667
vt 0.854167 1.000000
vt 0.854167 0.000000
vt 0.854167 0.083333
vt 0.854167 0.166667
vt 0.854167 0.250000
vt 0.854167 0.333333
vt 0.854167 0.416667
vt 0.875000 0.500000
vt 0.875000 0.583333
vt 0.875000 0.666667
vt 0.875000 0.750000
vt 0.875000 0.833333
vt 0.875000 0.916667
vt 0.875000 1.000000
vt 0.875000 0.000000
vt 0.875000 0.083333
vt 0.875000 0.166667
vt 0.875000 0.250000
vt 0.875000 0.333333
vt 0.875000 0.416667
vt 0.895833 0.500000
vt 0.895833 0.583333
vt 0.895833 0.666667
vt 0.895833 0.750000
vt 0.895833 0.833333
vt 0.895833 0.916667
vt 0.895833 1.000000
vt 0.895833 0.000000
vt 0.895833 0.083333
vt 0.895833 0.166667
vt 0.895833 0.250000
vt 0.895833 0.333333
vt 0.895833 0.416667
vt 0.916667 0.500000
vt 0.916667 0.583333
vt 0.916667 0.666667
vt 0.916667 0.750000
vt 0.916667 0.833333
vt 0.916667 0.916667
vt 0.916667 1.000000
vt 0.916667 0.000000
vt 0.916667 0.083333
vt 0.916667 0.166667
vt 0.916667 0.250000
vt 0.916667 0.333333
vt 0.916667 0.416667
vt 0.937500 0.500000
vt 0.937500 0.583333
vt 0.937500 0.666667
vt 0.937500 0.750000
vt 0.937500 0.833333
vt 0.937500 0.916667
vt 0.937500 1.000000
vt 0.937500 0.000000
vt 0.937500 0.083333
vt 0.937500 0.166667
vt 0.937500 0.250000
vt 0.937500 0.333333
vt 0.937500 0.416667
vt 0.958333 0.500000
vt 0.958333 0.583333
vt 0.958333 0.666667
vt 0.958333 0.750000
vt 0.958333 0.833333
vt 0.958333 0.916667
vt 0.958333 1.000000
vt 0.958333 0.000000
vt 0.958333 0.083333
vt 0.958333 0.166667
vt 0.958333 0.250000
vt 0.958333 0.333333
vt 0.958333 0.416667
vt 0.979167 0.500000
vt 0.979167 0.583333
vt 0.979167 0.666667
vt 0.979167 0.750000
vt 0.979167 0.833333
vt 0.979167 0.916667
vt 0.979167 1.000000
vt 0.979167 0.000000
vt 0.979167 0.083333
vt 0.979167 0.166667
vt 0.979167 0.250000
vt 0.979167 0.333333
vt 0.979167 0.416667
vt 1.000000 0.500000
vt 1.000000 0.583333
vt 1.000000 0.666667
vt 1.000000 0.750000
vt 1.000000 0.833333
vt 1.000000 0.916667
vt 1.000000 1.000000
vt 1.000000 0.000000
vt 1.000000 0.083333
vt 1.000000 0.166667
vt 1.000000 0.250000
vt 1.000000 0.333333
vt 1.000000 0.416667
vt 0.000000 0.500000
vt 0.020833 0.500000
vt 0.020833 0.583333
vt 0.000000 0.583333
vt 0.020833 0.666667
vt 0.000000 0.666667
vt 0.020833 0.750000
vt 0.000000 0.750000
vt 0.020833 0.833333
vt 0.000000 0.833333
vt 0.020833 0.916667
vt 0.000000 0.916667
vt 0.020833 1.000000
vt 0.000000 1.000000
vt 0.000000 0.000000
vt 0.020833 0.000000
vt 0.020833 0.083333
vt 0.000000 0.083333
vt 0.020833 0.166667
vt 0.000000 0.166667
vt 0.020833 0.250000
vt 0.000000 0.250000
vt 0.020833 0.333333
vt 0.000000 0.333333
vt 0.020833 0.416667
vt 0.000000 0.416667
vt 0.041667 0.500000
vt 0.041667 0.583333
vt 0.041667 0.666667
vt 0.041667 0.750000
vt 0.041667 0.833333
vt 0.041667 0.916667
vt 0.041667 1.000000
vt 0.041667 0.000000
vt 0.041667 0.083333
vt 0.041667 0.166667
vt 0.041667 0.250000
vt 0.041667 0.333333
vt 0.041667 0.416667
vt 0.062500 0.500000
vt 0.062500 0.583333
vt 0.062500 0.666667
vt 0.062500 0.750000
vt 0.062500 0.833333
vt 0.062500 0.916667
vt 0.062500 1.000000
vt 0.062500 0.000000
vt 0.062500 0.083333
vt 0.062500 0.166667
vt 0.062500 0.250000
vt 0.062500 0.333333
vt 0.062500 0.416667
vt 0.083333 0.500000
vt 0.083333 0.583333
vt 0.083333 0.666667
vt 0.083333 0.750000
vt 0.083333 0.833333
vt 0.083333 0.916667
vt 0.083333 1.000000
vt 0.083333 0.000000
vt 0.083333 0.083333
vt 0.083333 0.166667
vt 0.083333 0.250000
vt 0.083333 0.333333
vt 0.083333 0.416667
vt 0.104167 0.500000
vt 0.104167 0.583333
vt 0.104167 0.666667
vt 0.104167 0.750000
vt 0.104167 0.833333
vt 0.104167 0.916667
vt 0.104167 1.000000
vt 0.104167 0.000000
vt 0.104167 0.083333
vt 0.104167 0.166667
vt 0.104167 0.250000
vt 0.104167 0.333333
vt 0.104167 0.416667
vt 0.125000 0.500000
vt 0.125000 0.583333
vt 0.125000 0.666667
vt 0.125000 0.750000
vt 0.125000 0.833333
vt 0.125000 0.916667
vt 0.125000 1.000000
vt 0.125000 0.000000
vt 0.125000 0.083333
vt 0.125000 0.166667
vt 0.125000 0.250000
vt 0.125000 0.333333
vt 0.125000 0.416667
vt 0.145833 0.500000
vt 0.145833 0.583333
vt 0.145833 0.666667
vt 0.145833 0.750000
vt 0.145833 0.833333
vt 0.145833 0.916667
vt 0.145833 1.000000
vt 0.145833 0.000000
vt 0.145833 0.083333
vt 0.145833 0.166667
vt 0.145833 0.250000
vt 0.145833 0.333333
vt 0.145833 0.416667
vt 0.166667 0.500000
vt 0.166667 0.583333
vt 0.166667 0.666667
vt 0.166667 0.750000
vt 0.166667 0.833333
vt 0.166667 0.916667
vt 0.166667 1.000000
vt 0.166667 0.000000
vt 0.166667 0.083333
vt 0.166667 0.166667
vt 0.166667 0.250000
vt 0.166667 0.333333
vt 0.166667 0.416667
vt 0.187500 0.500000
vt 0.187500 0.583333
vt 0.187500 0.666667
vt 0.187500 0.750000
vt 0.187500 0.833333
vt 0.187500 0.916667
vt 0.187500 1.000000
vt 0.187500 0.000000
vt 0.187500 0.083333
vt 0.187500 0.166667
vt 0.187500 0.250000
vt 0.187500 0.333333
vt 0.187500 0.416667
vt 0.208333 0.500000
vt 0.208333 0.583333
vt 0.208333 0.666667
vt 0.208333 0.750000
vt 0.208333 0.833333
vt 0.208333 0.916667
vt 0.208333 1.000000
vt 0.208333 0.000000
vt 0.208333 0.083333
vt 0.208333 0.166667
vt 0.208333 0.250000
vt 0.208333 0.333333
vt 0.208333 0.416667
vt 0.229167 0.500000
vt 0.229167 0.583333
vt 0.229167 0.666667
vt 0.229167 0.750000
vt 0.229167 0.833333
vt 0.229167 0.916667
vt 0.229167 1.000000
vt 0.229167 0.000000
vt 0.229167 0.083333
vt 0.229167 0.166667
vt 0.229167 0.250000
vt 0.229167 0.333333
vt 0.229167 0.416667
vt 0.250000 0.500000
vt 0.250000 0.583333
vt 0.250000 0.666667
vt 0.250000 0.750000
vt 0.250000 0.833333
vt 0.250000 0.916667
vt 0.250000 1.000000
vt 0.250000 0.000000
vt 0.250000 0.083333
vt 0.250000 0.166667
vt 0.250000 0.250000
vt 0.250000 0.333333
vt 0.250000 0.416667
vt 0.270833 0.500000
vt 0.270833 0.583333
vt 0.270833 0.666667
vt 0.270833 0.750000
vt 0.270833 0.833333
vt 0.270833 0.916667
vt 0.270833 1.000000
vt 0.270833 0.000000
vt 0.270833 0.083333
vt 0.270833 0.166667
vt 0.270833 0.250000
vt 0.270833 0.333333
vt 0.270833 0.416667
vt 0.291667 0.500000
vt 0.291667 0.583333
vt 0.291667 0.666667
vt 0.291667 0.750000
vt 0.291667 0.833333
vt 0.291667 0.916667
vt 0.291667 1.000000
vt 0.291667 0.000000
vt 0.291667 0.083333
vt 0.291667 0.166667
vt 0.291667 0.250000
vt 0.291667 0.333333
vt 0.291667 0.416667
vt 0.312500 0.500000
vt 0.312500 0.583333
vt 0.312500 0.666667
vt 0.312500 0.750000
vt 0.312500 0.833333
vt 0.312500 0.916667
vt 0.312500 1.000000
vt 0.312500 0.000000
vt 0.312500 0.083333
vt 0.312500 0.166667
vt 0.312500 0.250000
vt 0.312500 0.333333
vt 0.312500 0.416667
vt 0.333333 0.500000
vt 0.333333 0.583333
vt 0.333333 0.666667
vt 0.333333 0.750000
vt 0.333333 0.833333
vt 0.333333 0.916667
vt 0.333333 1.000000
vt 0.333333 0.000000
vt 0.333333 0.083333
vt 0.333333 0.166667
vt 0.333333 0.250000
vt 0.333333 0.333333
vt 0.333333 0.416667
vt 0.354167 0.500000
vt 0.354167 0.583333
vt 0.354167 0.666667
vt 0.354167 0.750000
vt 0.354167 0.833333
vt 0.354167 0.916667
vt 0.354167 1.000000
vt 0.354167 0.000000
vt 0.354167 0.083333
vt 0.354167 0.166667
vt 0.354167 0.250000
vt 0.354167 0.333333
vt 0.354167 0.416667
vt 0.375000 0.500000
vt 0.375000 0.583333
vt 0.375000 0.666667
vt 0.375000 0.750000
vt 0.375000 0.833333
vt 0.375000 0.916667
vt 0.375000 1.000000
vt 0.375000 0.000000
vt 0.375000 0.083333
vt 0.375000 0.166667
vt 0.375000 0.250000
vt 0.375000 0.333333
vt 0.375000 0.416667
vt 0.395833 0.500000
vt 0.395833 0.583333
vt 0.395833 0.666667
vt 0.395833 0.750000
vt 0.395833 0.833333
vt 0.395833 0.916667
vt 0.395833 1.000000
vt 0.395833 0.000000
vt 0.395833 0.083333
vt 0.395833 0.166667
vt 0.395833 0.250000
vt 0.395833 0.333333
vt 0.395833 0.416667
vt 0.416667 0.500000
vt 0.416667 0.583333
vt 0.416667 0.666667
vt 0.416667 0.750000
vt 0.416667 0.833333
vt 0.416667 0.916667
vt 0.416667 1.000000
vt 0.416667 0.000000
vt 0.416667 0.083333
vt 0.416667 0.166667
vt 0.416667 0.250000
vt 0.416667 0.333333
vt 0.416667 0.416667
vt 0.437500 0.500000
vt 0.437500 0.583333
vt 0.437500 0.666667
vt 0.437500 0.750000
vt 0.437500 0.833333
vt 0.437500 0.916667
vt 0.437500 1.000000
vt 0.437500 0.000000
vt 0.437500 0.083333
vt 0.437500 0.166667
vt 0.437500 0.250000
vt 0.437500 0.333333
vt 0.437500 0.416667
vt 0.458333 0.500000
vt 0.458333 0.583333
vt 0.458333 0.666667
vt 0.458333 0.750000
vt 0.458333 0.833333
vt 0.458333 0.916667
vt 0.458333 1.000000
vt 0.458333 0.000000
vt 0.458333 0.083333
vt 0.458333 0.166667
vt 0.458333 0.250000
vt 0.458333 0.333333
vt 0.458333 0.416667
vt 0.479167 0.500000
vt 0.479167 0.583333
vt 0.479167 0.666667
vt 0.479167 0.750000
vt 0.479167 0.833333
vt 0.479167 0.916667
vt 0.479167 1.000000
vt 0.479167 0.000000
vt 0.479167 0.083333
vt 0.479167 0.166667
vt 0.479167 0.250000
vt 0.479167 0.333333
vt 0.479167 0.416667
s 1
usemtl Ring
f 1263/1482/1212 1275/1483/1224 1276/1484/1225 1264/1485/1213
f 1264/1485/1213 1276/1484/1225 1277/1486/1226 1265/1487/1214
f 1265/1487/1214 1277/1486/1226 1278/1488/1227 1266/1489/1215
f 1266/1489/1215 1278/1488/1227 1279/1490/1228 1267/1491/1216
f 1267/1491/1216 1279/1490/1228 1280/1492/1229 1268/1493/1217
f 1268/1493/1217 1280/1492/1229 1281/1494/1230 1269/1495/1218
f 1269/1496/1218 1281/1497/1230 1282/1498/1231 1270/1499/1219
f 1270/1499/1219 1282/1498/1231 1283/1500/1232 1271/1501/1220
f 1271/1501/1220 1283/1500/1232 1284/1502/1233 1272/1503/1221
f 1272/1503/1221 1284/1502/1233 1285/1504/1234 1273/1505/1222
f 1273/1505/1222 1285/1504/1234 1286/1506/1235 1274/1507/1223
f 1274/1507/1223 1286/1506/1235 1275/1483/1224 1263/1482/1212
f 1275/1483/1224 1287/1508/1236 1288/1509/1237 1276/1484/1225
f 1276/1484/1225 1288/1509/1237 1289/1510/1238 1277/1486/1226
f 1277/1486/1226 1289/1510/1238 1290/1511/1239 1278/1488/1227
f 1278/1488/1227 1290/1511/1239 1291/1512/1240 1279/1490/1228
f 1279/1490/1228 1291/1512/1240 1292/1513/1241 1280/1492/1229
f 1280/1492/1229 1292/1513/1241 1293/1514/1242 1281/1494/1230
f 1281/1497/1230 1293/1515/1242 1294/1516/1243 1282/1498/1231
f 1282/1498/1231 1294/1516/1243 1295/1517/1244 1283/1500/1232
f 1283/1500/1232 1295/1517/1244 1296/1518/1245 1284/1502/1233
f 1284/1502/1233 1296/1518/1245 1297/1519/1246 1285/1504/1234
f 1285/1504/1234 1297/1519/1246 1298/1520/1247 1286/1506/1235
f 1286/1506/1235 1298/1520/1247 1287/1508/1236 1275/1483/1224
f 1287/1508/1236 1299/1521/1248 1300/1522/1249 1288/1509/1237
f 1288/1509/1237 1300/1522/1249 1301/1523/1250 1289/1510/1238
f 1289/1510/1238 1301/1523/1250 1302/1524/1251 1290/1511/1239
f 1290/1511/1239 1302/1524/1251 1303/1525/1252 1291/1512/1240
f 1291/1512/1240 1303/1525/1252 1304/1526/1253 1292/1513/1241
f 1292/1513/1241 1304/1526/1253 1305/1527/1254 1293/1514/1242
f 1293/1515/1242 1305/1528/1254 1306/1529/1255 1294/1516/1243
f 1294/1516/1243 1306/1529/1255 1307/1530/1256 1295/1517/1244
f 1295/1517/1244 1307/1530/1256 1308/1531/1257 1296/1518/1245
f 1296/1518/1245 1308/1531/1257 1309/1532/1258 1297/1519/1246
f 1297/1519/1246 1309/1532/1258 1310/1533/1259 1298/1520/1247
f 1298/1520/1247 1310/1533/1259 1299/1521/1248 1287/1508/1236
f 1299/1521/1248 1311/1534/1260 1312/1535/1261 1300/1522/1249
f 1300/1522/1249 1312/1535/1261 1313/1536/1262 1301/1523/1250
f 1301/1523/1250 1313/1536/1262 1314/1537/1263 1302/1524/1251
f 1302/1524/1251 1314/1537/1263 1315/1538/1264 1303/1525/1252
f 1303/1525/1252 1315/1538/1264 1316/1539/1265 1304/1526/1253
f 1304/1526/1253 1316/1539/1265 1317/1540/1266 1305/1527/1254
f 1305/1528/1254 1317/1541/1266 1318/1542/1267 1306/1529/1255
f 1306/1529/1255 1318/1542/1267 1319/1543/1268 1307/1530/1256
f 1307/1530/1256 1319/1543/1268 1320/1544/1269 1308/1531/1257
f 1308/1531/1257 1320/1544/1269 1321/1545/1270 1309/1532/1258
f 1309/1532/1258 1321/1545/1270 1322/1546/1271 1310/1533/1259
f 1310/1533/1259 1322/1546/1271 1311/1534/1260 1299/1521/1248
f 1311/1534/1260 1323/1547/1272 1324/1548/1273 1312/1535/1261
f 1312/1535/1261 1324/1548/1273 1325/1549/1274 1313/1536/1262
f 1313/1536/1262 1325/1549/1274 1326/1550/1275 1314/1537/1263
f 1314/1537/1263 1326/1550/1275 1327/1551/1276 1315/1538/1264
f 1315/1538/1264 1327/1551/1276 1328/1552/1277 1316/1539/1265
f 1316/1539/1265 1328/1552/1277 1329/1553/1278 1317/1540/1266
f 1317/1541/1266 1329/1554/1278 1330/1555/1279 1318/1542/1267
f 1318/1542/1267 1330/1555/1279 1331/1556/1280 1319/1543/1268
f 1319/1543/1268 1331/1556/1280 1332/1557/1281 1320/1544/1269
f 1320/1544/1269 1332/1557/1281 1333/1558/1282 1321/1545/1270
f 1321/1545/1270 1333/1558/1282 1334/1559/1283 1322/1546/1271
f 1322/1546/1271 1334/1559/1283 1323/1547/1272 1311/1534/1260
f 1323/1547/1272 1335/1560/1284 1336/1561/1285 1324/1548/1273
f 1324/1548/1273 1336/1561/1285 1337/1562/1286 1325/1549/1274
f 1325/1549/1274 1337/1562/1286 1338/1563/1287 1326/1550/1275
f 1326/1550/1275 1338/1563/1287 1339/1564/1288 1327/1551/1276
f 1327/1551/1276 1339/1564/1288 1340/1565/1289 1328/1552/1277
f 1328/1552/1277 1340/1565/1289 1341/1566/1290 1329/1553/1278
f 1329/1554/1278 1341/1567/1290 1342/1568/1291 1330/1555/1279
f 1330/1555/1279 1342/1568/1291 1343/1569/1292 1331/1556/1280
f 1331/1556/1280 1343/1569/1292 1344/1570/1293 1332/1557/1281
f 1332/1557/1281 1344/1570/1293 1345/1571/1294 1333/1558/1282
f 1333/1558/1282 1345/1571/1294 1346/1572/1295 1334/1559/1283
f 1334/1559/1283 1346/1572/1295 1335/1560/1284 1323/1547/1272
f 1335/1560/1284 1347/1573/1296 1348/1574/1297 1336/1561/1285
f 1336/1561/1285 1348/1574/1297 1349/1575/1298 1337/1562/1286
f 1337/1562/1286 1349/1575/1298 1350/1576/1299 1338/1563/1287
f 1338/1563/1287 1350/1576/1299 1351/1577/1300 1339/1564/1288
f 1339/1564/1288 1351/1577/1300 1352/1578/1301 1340/1565/1289
f 1340/1565/1289 1352/1578/1301 1353/1579/1302 1341/1566/1290
f 1341/1567/1290 1353/1580/1302 1354/1581/1303 1342/1568/1291
f 1342/1568/1291 1354/1581/1303 1355/1582/1304 1343/1569/1292
f 1343/1569/1292 1355/1582/1304 1356/1583/1305 1344/1570/1293
f 1344/1570/1293 1356/1583/1305 1357/1584/1306 1345/1571/1294
f 1345/1571/1294 1357/1584/1306 1358/1585/1307 1346/1572/1295
f 1346/1572/1295 1358/1585/1307 1347/1573/1296 1335/1560/1284
f 1347/1573/1296 1359/1586/1308 1360/1587/1309 1348/1574/1297
f 1348/1574/1297 1360/1587/1309 1361/1588/1310 1349/1575/1298
f 1349/1575/1298 1361/1588/1310 1362/1589/1311 1350/1576/1299
f 1350/1576/1299 1362/1589/1311 1363/1590/1312 1351/1577/1300
f 1351/1577/1300 1363/1590/1312 1364/1591/1313 1352/1578/1301
f 1352/1578/1301 1364/1591/1313 1365/1592/1314 1353/1579/1302
f 1353/1580/1302 1365/1593/1314 1366/1594/1315 1354/1581/1303
f 1354/1581/1303 1366/1594/1315 1367/1595/1316 1355/1582/1304
f 1355/1582/1304 1367/1595/1316 1368/1596/1317 1356/1583/1305
f 1356/1583/1305 1368/1596/1317 1369/1597/1318 1357/1584/1306
f 1357/1584/1306 1369/1597/1318 1370/1598/1319 1358/1585/1307
f 1358/1585/1307 1370/1598/1319 1359/1586/1308 1347/1573/1296
f 1359/1586/1308 1371/1599/1320 1372/1600/1321 1360/1587/1309
f 1360/1587/1309 1372/1600/1321 1373/1601/1322 1361/1588/1310
f 1361/1588/1310 1373/1601/1322 1374/1602/1323 1362/1589/1311
f 1362/1589/1311 1374/1602/1323 1375/1603/1324 1363/1590/1312
f 1363/1590/1312 1375/1603/1324 1376/1604/1325 1364/1591/1313
f 1364/1591/1313 1376/1604/1325 1377/1605/1326 1365/1592/1314
f 1365/1593/1314 1377/1606/1326 1378/1607/1327 1366/1594/1315
f 1366/1594/1315 1378/1607/1327 1379/1608/1328 1367/1595/1316
f 1367/1595/1316 1379/1608/1328 1380/1609/1329 1368/1596/1317
f 1368/1596/1317 1380/1609/1329 1381/1610/1330 1369/1597/1318
f 1369/1597/1318 1381/1610/1330 1382/1611/1331 1370/1598/1319
f 1370/1598/1319 1382/1611/1331 1371/1599/1320 1359/1586/1308
f 1371/1599/1320 1383/1612/1332 1384/1613/1333 1372/1600/1321
f 1372/1600/1321 1384/1613/1333 1385/1614/1334 1373/1601/1322
f 1373/1601/1322 1385/1614/1334 1386/1615/1335 1374/1602/1323
f 1374/1602/1323 1386/1615/1335 1387/1616/1336 1375/1603/1324
f 1375/1603/1324 1387/1616/1336 1388/1617/1337 1376/1604/1325
f 1376/1604/1325 1388/1617/1337 1389/1618/1338 1377/1605/1326
f 1377/1606/1326 1389/1619/1338 1390/1620/1339 1378/1607/1327
f 1378/1607/1327 1390/1620/1339 1391/1621/1340 1379/1608/1328
f 1379/1608/1328 1391/1621/1340 1392/1622/1341 1380/1609/1329
f 1380/1609/1329 1392/1622/1341 1393/1623/1342 1381/1610/1330
f 1381/1610/1330 1393/1623/1342 1394/1624/1343 1382/1611/1331
f 1382/1611/1331 1394/1624/1343 1383/1612/1332 1371/1599/1320
f 1383/1612/1332 1395/1625/1344 1396/1626/1345 1384/1613/1333
f 1384/1613/1333 1396/1626/1345 1397/1627/1346 1385/1614/1334
f 1385/1614/1334 1397/1627/1346 1398/1628/1347 1386/1615/1335
f 1386/1615/1335 1398/1628/1347 1399/1629/1348 1387/1616/1336
f 1387/1616/1336 1399/1629/1348 1400/1630/1349 1388/1617/1337
f 1388/1617/1337 1400/1630/1349 1401/1631/1350 1389/1618/1338
f 1389/1619/1338 1401/1632/1350 1402/1633/1351 1390/1620/1339
f 1390/1620/1339 1402/1633/1351 1403/1634/1352 1391/1621/1340
f 1391/1621/1340 1403/1634/1352 1404/1635/1353 1392/1622/1341
f 1392/1622/1341 1404/1635/1353 1405/1636/1354 1393/1623/1342
f 1393/1623/1342 1405/1636/1354 1406/1637/1355 1394/1624/1343
f 1394/1624/1343 1406/1637/1355 1395/1625/1344 1383/1612/1332
f 1395/1625/1344 1407/1638/1356 1408/1639/1357 1396/1626/1345
f 1396/1626/1345 1408/1639/1357 1409/1640/1358 1397/1627/1346
f 1397/1627/1346 1409/1640/1358 1410/1641/1359 1398/1628/1347
f 1398/1628/1347 1410/1641/1359 1411/1642/1360 1399/1629/1348
f 1399/1629/1348 1411/1642/1360 1412/1643/1361 1400/1630/1349
f 1400/1630/1349 1412/1643/1361 1413/1644/1362 1401/1631/1350
f 1401/1632/1350 1413/1645/1362 1414/1646/1363 1402/1633/1351
f 1402/1633/1351 1414/1646/1363 1415/1647/1364 1403/1634/1352
f 1403/1634/1352 1415/1647/1364 1416/1648/1365 1404/1635/1353
f 1404/1635/1353 1416/1648/1365 1417/1649/1366 1405/1636/1354
f 1405/1636/1354 1417/1649/1366 1418/1650/1367 1406/1637/1355
f 1406/1637/1355 1418/1650/1367 1407/1638/1356 1395/1625/1344
f 1407/1638/1356 1419/1651/1368 1420/1652/1369 1408/1639/1357
f 1408/1639/1357 1420/1652/1369 1421/1653/1370 1409/1640/1358
f 1409/1640/1358 1421/1653/1370 1422/1654/1371 1410/1641/1359
f 1410/1641/1359 1422/1654/1371 1423/1655/1372 1411/1642/1360
f 1411/1642/1360 1423/1655/1372 1424/1656/1373 1412/1643/1361
f 1412/1643/1361 1424/1656/1373 1425/1657/1374 1413/1644/1362
f 1413/1645/1362 1425/1658/1374 1426/1659/1375 1414/1646/1363
f 1414/1646/1363 1426/1659/1375 1427/1660/1376 1415/1647/1364
f 1415/1647/1364 1427/1660/1376 1428/1661/1377 1416/1648/1365
f 1416/1648/1365 1428/1661/1377 1429/1662/1378 1417/1649/1366
f 1417/1649/1366 1429/1662/1378 1430/1663/1379 1418/1650/1367
f 1418/1650/1367 1430/1663/1379 1419/1651/1368 1407/1638/1356
f 1419/1651/1368 1431/1664/1380 1432/1665/1381 1420/1652/1369
f 1420/1652/1369 1432/1665/1381 1433/1666/1382 1421/1653/1370
f 1421/1653/1370 1433/1666/1382 1434/1667/1383 1422/1654/1371
f 1422/1654/1371 1434/1667/1383 1435/1668/1384 1423/1655/1372
f 1423/1655/1372 1435/1668/1384 1436/1669/1385 1424/1656/1373
f 1424/1656/1373 1436/1669/1385 1437/1670/1386 1425/1657/1374
f 1425/1658/1374 1437/1671/1386 1438/1672/1387 1426/1659/1375
f 1426/1659/1375 1438/1672/1387 1439/1673/1388 1427/1660/1376
f 1427/1660/1376 1439/1673/1388 1440/1674/1389 1428/1661/1377
f 1428/1661/1377 1440/1674/1389 1441/1675/1390 1429/1662/1378
f 1429/1662/1378 1441/1675/1390 1442/1676/1391 1430/1663/1379
f 1430/1663/1379 1442/1676/1391 1431/1664/1380 1419/1651/1368
f 1431/1664/1380 1443/1677/1392 1444/1678/1393 1432/1665/1381
f 1432/1665/1381 1444/1678/1393 1445/1679/1394 1433/1666/1382
f 1433/1666/1382 1445/1679/1394 1446/1680/1395 1434/1667/1383
f 1434/1667/1383 1446/1680/1395 1447/1681/1396 1435/1668/1384
f 1435/1668/1384 1447/1681/1396 1448/1682/1397 1436/1669/1385
f 1436/1669/1385 1448/1682/1397 1449/1683/1398 1437/1670/1386
f 1437/1671/1386 1449/1684/1398 1450/1685/1399 1438/1672/1387
f 1438/1672/1387 1450/1685/1399 1451/1686/1400 1439/1673/1388
f 1439/1673/1388 1451/1686/1400 1452/1687/1401 1440/1674/1389
f 1440/1674/1389 1452/1687/1401 1453/1688/1402 1441/1675/1390
f 1441/1675/1390 1453/1688/1402 1454/1689/1403 1442/1676/1391
f 1442/1676/1391 1454/1689/1403 1443/1677/1392 1431/1664/1380
f 1443/1677/1392 1455/1690/1404 1456/1691/1405 1444/1678/1393
f 1444/1678/1393 1456/1691/1405 1457/1692/1406 1445/1679/1394
f 1445/1679/1394 1457/1692/1406 1458/1693/1407 1446/1680/1395
f 1446/1680/1395 1458/1693/1407 1459/1694/1408 1447/1681/1396
f 1447/1681/1396 1459/1694/1408 1460/1695/1409 1448/1682/1397
f 1448/1682/1397 1460/1695/1409 1461/1696/1410 1449/1683/1398
f 1449/1684/1398 1461/1697/1410 1462/1698/1411 1450/1685/1399
f 1450/1685/1399 1462/1698/1411 1463/1699/1412 1451/1686/1400
f 1451/1686/1400 1463/1699/1412 1464/1700/1413 1452/1687/1401
f 1452/1687/1401 1464/1700/1413 1465/1701/1414 1453/1688/1402
f 1453/1688/1402 1465/1701/1414 1466/1702/1415 1454/1689/1403
f 1454/1689/1403 1466/1702/1415 1455/1690/1404 1443/1677/1392
f 1455/1690/1404 1467/1703/1416 1468/1704/1417 1456/1691/1405
f 1456/1691/1405 1468/1704/1417 1469/1705/1418 1457/1692/1406
f 1457/1692/1406 1469/1705/1418 1470/1706/1419 1458/1693/1407
f 1458/1693/1407 1470/1706/1419 1471/1707/1420 1459/1694/1408
f 1459/1694/1408 1471/1707/1420 1472/1708/1421 1460/1695/1409
f 1460/1695/1409 1472/1708/1421 1473/1709/1422 1461/1696/1410
f 1461/1697/1410 1473/1710/1422 1474/1711/1423 1462/1698/1411
f 1462/1698/1411 1474/1711/1423 1475/1712/1424 1463/1699/1412
f 1463/1699/1412 1475/1712/1424 1476/1713/1425 1464/1700/1413
f 1464/1700/1413 1476/1713/1425 1477/1714/1426 1465/1701/1414
f 1465/1701/1414 1477/1714/1426 1478/1715/1427 1466/1702/1415
f 1466/1702/1415 1478/1715/1427 1467/1703/1416 1455/1690/1404
f 1467/1703/1416 1479/1716/1428 1480/1717/1429 1468/1704/1417
f 1468/1704/1417 1480/1717/1429 1481/1718/1430 1469/1705/1418
f 1469/1705/1418 1481/1718/1430 1482/1719/1431 1470/1706/1419
f 1470/1706/1419 1482/1719/1431 1483/1720/1432 1471/1707/1420
f 1471/1707/1420 1483/1720/1432 1484/1721/1433 1472/1708/1421
f 1472/1708/1421 1484/1721/1433 1485/1722/1434 1473/1709/1422
f 1473/1710/1422 1485/1723/1434 1486/1724/1435 1474/1711/1423
f 1474/1711/1423 1486/1724/1435 1487/1725/1436 1475/1712/1424
f 1475/1712/1424 1487/1725/1436 1488/1726/1437 1476/1713/1425
f 1476/1713/1425 1488/1726/1437 1489/1727/1438 1477/1714/1426
f 1477/1714/1426 1489/1727/1438 1490/1728/1439 1478/1715/1427
f 1478/1715/1427 1490/1728/1439 1479/1716/1428 1467/1703/1416
f 1479/1716/1428 1491/1729/1440 1492/1730/1441 1480/1717/1429
f 1480/1717/1429 1492/1730/1441 1493/1731/1442 1481/1718/1430
f 1481/1718/1430 1493/1731/1442 1494/1732/1443 1482/1719/1431
f 1482/1719/1431 1494/1732/1443 1495/1733/1444 1483/1720/1432
f 1483/1720/1432 1495/1733/1444 1496/1734/1445 1484/1721/1433
f 1484/1721/1433 1496/1734/1445 1497/1735/1446 1485/1722/1434
f 1485/1723/1434 1497/1736/1446 1498/1737/1447 1486/1724/1435
f 1486/1724/1435 1498/1737/1447 1499/1738/1448 1487/1725/1436
f 1487/1725/1436 1499/1738/1448 1500/1739/1449 1488/1726/1437
f 1488/1726/1437 1500/1739/1449 1501/1740/1450 1489/1727/1438
f 1489/1727/1438 1501/1740/1450 1502/1741/1451 1490/1728/1439
f 1490/1728/1439 1502/1741/1451 1491/1729/1440 1479/1716/1428
f 1491/1729/1440 1503/1742/1452 1504/1743/1453 1492/1730/1441
f 1492/1730/1441 1504/1743/1453 1505/1744/1454 1493/1731/1442
f 1493/1731/1442 1505/1744/1454 1506/1745/1455 1494/1732/1443
f 1494/1732/1443 1506/1745/1455 1507/1746/1456 1495/1733/1444
f 1495/1733/1444 1507/1746/1456 1508/1747/1457 1496/1734/1445
f 1496/1734/1445 1508/1747/1457 1509/1748/1458 1497/1735/1446
f 1497/1736/1446 1509/1749/1458 1510/1750/1459 1498/1737/1447
f 1498/1737/1447 1510/1750/1459 1511/1751/1460 1499/1738/1448
f 1499/1738/1448 1511/1751/1460 1512/1752/1461 1500/1739/1449
f 1500/1739/1449 1512/1752/1461 1513/1753/1462 1501/1740/1450
f 1501/1740/1450 1513/1753/1462 1514/1754/1463 1502/1741/1451
f 1502/1741/1451 1514/1754/1463 1503/1742/1452 1491/1729/1440
f 1503/1742/1452 1515/1755/1464 1516/1756/1465 1504/1743/1453
f 1504/1743/1453 1516/1756/1465 1517/1757/1466 1505/1744/1454
f 1505/1744/1454 1517/1757/1466 1518/1758/1467 1506/1745/1455
f 1506/1745/1455 1518/1758/1467 1519/1759/1468 1507/1746/1456
f 1507/1746/1456 1519/1759/1468 1520/1760/1469 1508/1747/1457
f 1508/1747/1457 1520/1760/1469 1521/1761/1470 1509/1748/1458
f 1509/1749/1458 1521/1762/1470 1522/1763/1471 1510/1750/1459
f 1510/1750/1459 1522/1763/1471 1523/1764/1472 1511/1751/1460
f 1511/1751/1460 1523/1764/1472 1524/1765/1473 1512/1752/1461
f 1512/1752/1461 1524/1765/1473 1525/1766/1474 1513/1753/1462
f 1513/1753/1462 1525/1766/1474 1526/1767/1475 1514/1754/1463
f 1514/1754/1463 1526/1767/1475 1515/1755/1464 1503/1742/1452
f 1515/1755/1464 1527/1768/1476 1528/1769/1477 1516/1756/1465
f 1516/1756/1465 1528/1769/1477 1529/1770/1478 1517/1757/1466
f 1517/1757/1466 1529/1770/1478 1530/1771/1479 1518/1758/1467
f 1518/1758/1467 1530/1771/1479 1531/1772/1480 1519/1759/1468
f 1519/1759/1468 1531/1772/1480 1532/1773/1481 1520/1760/1469
f 1520/1760/1469 1532/1773/1481 1533/1774/1482 1521/1761/1470
f 1521/1762/1470 1533/1775/1482 1534/1776/1483 1522/1763/1471
f 1522/1763/1471 1534/1776/1483 1535/1777/1484 1523/1764/1472
f 1523/1764/1472 1535/1777/1484 1536/1778/1485 1524/1765/1473
f 1524/1765/1473 1536/1778/1485 1537/1779/1486 1525/1766/1474
f 1525/1766/1474 1537/1779/1486 1538/1780/1487 1526/1767/1475
f 1526/1767/1475 1538/1780/1487 1527/1768/1476 1515/1755/1464
f 1527/1768/1476 1539/1781/1488 1540/1782/1489 1528/1769/1477
f 1528/1769/1477 1540/1782/1489 1541/1783/1490 1529/1770/1478
f 1529/1770/1478 1541/1783/1490 1542/1784/1491 1530/1771/1479
f 1530/1771/1479 1542/1784/1491 1543/1785/1492 1531/1772/1480
f 1531/1772/1480 1543/1785/1492 1544/1786/1493 1532/1773/1481
f 1532/1773/1481 1544/1786/1493 1545/1787/1494 1533/1774/1482
f 1533/1775/1482 1545/1788/1494 1546/1789/1495 1534/1776/1483
f 1534/1776/1483 1546/1789/1495 1547/1790/1496 1535/1777/1484
f 1535/1777/1484 1547/1790/1496 1548/1791/1497 1536/1778/1485
f 1536/1778/1485 1548/1791/1497 1549/1792/1498 1537/1779/1486
f 1537/1779/1486 1549/1792/1498 1550/1793/1499 1538/1780/1487
f 1538/1780/1487 1550/1793/1499 1539/1781/1488 1527/1768/1476
f 1539/1781/1488 1551/1794/1218 1552/1795/1500 1540/1782/1489
f 1540/1782/1489 1552/1795/1500 1553/1796/1501 1541/1783/1490
f 1541/1783/1490 1553/1796/1501 1554/1797/1502 1542/1784/1491
f 1542/1784/1491 1554/1797/1502 1555/1798/1503 1543/1785/1492
f 1543/1785/1492 1555/1798/1503 1556/1799/1504 1544/1786/1493
f 1544/1786/1493 1556/1799/1504 1557/1800/1212 1545/1787/1494
f 1545/1788/1494 1557/1801/1212 1558/1802/1505 1546/1789/1495
f 1546/1789/1495 1558/1802/1505 1559/1803/1506 1547/1790/1496
f 1547/1790/1496 1559/1803/1506 1560/1804/1507 1548/1791/1497
f 1548/1791/1497 1560/1804/1507 1561/1805/1508 1549/1792/1498
f 1549/1792/1498 1561/1805/1508 1562/1806/1509 1550/1793/1499
f 1550/1793/1499 1562/1806/1509 1551/1794/1218 1539/1781/1488
f 1551/1807/1218 1563/1808/1230 1564/1809/1510 1552/1810/1500
f 1552/1810/1500 1564/1809/1510 1565/1811/1511 1553/1812/1501
f 1553/1812/1501 1565/1811/1511 1566/1813/1512 1554/1814/1502
f 1554/1814/1502 1566/1813/1512 1567/1815/1513 1555/1816/1503
f 1555/1816/1503 1567/1815/1513 1568/1817/1514 1556/1818/1504
f 1556/1818/1504 1568/1817/1514 1569/1819/1224 1557/1820/1212
f 1557/1821/1212 1569/1822/1224 1570/1823/1515 1558/1824/1505
f 1558/1824/1505 1570/1823/1515 1571/1825/1516 1559/1826/1506
f 1559/1826/1506 1571/1825/1516 1572/1827/1517 1560/1828/1507
f 1560/1828/1507 1572/1827/1517 1573/1829/1518 1561/1830/1508
f 1561/1830/1508 1573/1829/1518 1574/1831/1519 1562/1832/1509
f 1562/1832/1509 1574/1831/1519 1563/1808/1230 1551/1807/1218
f 1563/1808/1230 1575/1833/1242 1576/1834/1520 1564/1809/1510
f 1564/1809/1510 1576/1834/1520 1577/1835/1521 1565/1811/1511
f 1565/1811/1511 1577/1835/1521 1578/1836/1522 1566/1813/1512
f 1566/1813/1512 1578/1836/1522 1579/1837/1523 1567/1815/1513
f 1567/1815/1513 1579/1837/1523 1580/1838/1524 1568/1817/1514
f 1568/1817/1514 1580/1838/1524 1581/1839/1236 1569/1819/1224
f 1569/1822/1224 1581/1840/1236 1582/1841/1525 1570/1823/1515
f 1570/1823/1515 1582/1841/1525 1583/1842/1526 1571/1825/1516
f 1571/1825/1516 1583/1842/1526 1584/1843/1527 1572/1827/1517
f 1572/1827/1517 1584/1843/1527 1585/1844/1528 1573/1829/1518
f 1573/1829/1518 1585/1844/1528 1586/1845/1529 1574/1831/1519
f 1574/1831/1519 1586/1845/1529 1575/1833/1242 1563/1808/1230
f 1575/1833/1242 1587/1846/1254 1588/1847/1530 1576/1834/1520
f 1576/1834/1520 1588/1847/1530 1589/1848/1531 1577/1835/1521
f 1577/1835/1521 1589/1848/1531 1590/1849/1532 1578/1836/1522
f 1578/1836/1522 1590/1849/1532 1591/1850/1533 1579/1837/1523
f 1579/1837/1523 1591/1850/1533 1592/1851/1534 1580/1838/1524
f 1580/1838/1524 1592/1851/1534 1593/1852/1248 1581/1839/1236
f 1581/1840/1236 1593/1853/1248 1594/1854/1535 1582/1841/1525
f 1582/1841/1525 1594/1854/1535 1595/1855/1536 1583/1842/1526
f 1583/1842/1526 1595/1855/1536 1596/1856/1537 1584/1843/1527
f 1584/1843/1527 1596/1856/1537 1597/1857/1538 1585/1844/1528
f 1585/1844/1528 1597/1857/1538 1598/1858/1539 1586/1845/1529
f 1586/1845/1529 1598/1858/1539 1587/1846/1254 1575/1833/1242
f 1587/1846/1254 1599/1859/1266 1600/1860/1540 1588/1847/1530
f 1588/1847/1530 1600/1860/1540 1601/1861/1541 1589/1848/1531
f 1589/1848/1531 1601/1861/1541 1602/1862/1542 1590/1849/1532
f 1590/1849/1532 1602/1862/1542 1603/1863/1543 1591/1850/1533
f 1591/1850/1533 1603/1863/1543 1604/1864/1544 1592/1851/1534
f 1592/1851/1534 1604/1864/1544 1605/1865/1260 1593/1852/1248
f 1593/1853/1248 1605/1866/1260 1606/1867/1545 1594/1854/1535
f 1594/1854/1535 1606/1867/1545 1607/1868/1546 1595/1855/1536
f 1595/1855/1536 1607/1868/1546 1608/1869/1547 1596/1856/1537
f 1596/1856/1537 1608/1869/1547 1609/1870/1548 1597/1857/1538
f 1597/1857/1538 1609/1870/1548 1610/1871/1549 1598/1858/1539
f 1598/1858/1539 1610/1871/1549 1599/1859/1266 1587/1846/1254
f 1599/1859/1266 1611/1872/1278 1612/1873/1550 1600/1860/1540
f 1600/1860/1540 1612/1873/1550 1613/1874/1551 1601/1861/1541
f 1601/1861/1541 1613/1874/1551 1614/1875/1552 1602/1862/1542
f 1602/1862/1542 1614/1875/1552 1615/1876/1553 1603/1863/1543
f 1603/1863/1543 1615/1876/1553 1616/1877/1554 1604/1864/1544
f 1604/1864/1544 1616/1877/1554 1617/1878/1272 1605/1865/1260
f 1605/1866/1260 1617/1879/1272 1618/1880/1555 1606/1867/1545
f 1606/1867/1545 1618/1880/1555 1619/1881/1556 1607/1868/1546
f 1607/1868/1546 1619/1881/1556 1620/1882/1557 1608/1869/1547
f 1608/1869/1547 1620/1882/1557 1621/1883/1558 1609/1870/1548
f 1609/1870/1548 1621/1883/1558 1622/1884/1559 1610/1871/1549
f 1610/1871/1549 1622/1884/1559 1611/1872/1278 1599/1859/1266
f 1611/1872/1278 1623/1885/1290 1624/1886/1560 1612/1873/1550
f 1612/1873/1550 1624/1886/1560 1625/1887/1561 1613/1874/1551
f 1613/1874/1551 1625/1887/1561 1626/1888/1562 1614/1875/1552
f 1614/1875/1552 1626/1888/1562 1627/1889/1563 1615/1876/1553
f 1615/1876/1553 1627/1889/1563 1628/1890/1564 1616/1877/1554
f 1616/1877/1554 1628/1890/1564 1629/1891/1284 1617/1878/1272
f 1617/1879/1272 1629/1892/1284 1630/1893/1565 1618/1880/1555
f 1618/1880/1555 1630/1893/1565 1631/1894/1566 1619/1881/1556
f 1619/1881/1556 1631/1894/1566 1632/1895/1567 1620/1882/1557
f 1620/1882/1557 1632/1895/1567 1633/1896/1568 1621/1883/1558
f 1621/1883/1558 1633/1896/1568 1634/1897/1569 1622/1884/1559
f 1622/1884/1559 1634/1897/1569 1623/1885/1290 1611/1872/1278
f 1623/1885/1290 1635/1898/1302 1636/1899/1570 1624/1886/1560
f 1624/1886/1560 1636/1899/1570 1637/1900/1571 1625/1887/1561
f 1625/1887/1561 1637/1900/1571 1638/1901/1572 1626/1888/1562
f 1626/1888/1562 1638/1901/1572 1639/1902/1573 1627/1889/1563
f 1627/1889/1563 1639/1902/1573 1640/1903/1574 1628/1890/1564
f 1628/1890/1564 1640/1903/1574 1641/1904/1296 1629/1891/1284
f 1629/1892/1284 1641/1905/1296 1642/1906/1575 1630/1893/1565
f 1630/1893/1565 1642/1906/1575 1643/1907/1576 1631/1894/1566
f 1631/1894/1566 1643/1907/1576 1644/1908/1577 1632/1895/1567
f 1632/1895/1567 1644/1908/1577 1645/1909/1578 1633/1896/1568
f 1633/1896/1568 1645/1909/1578 1646/1910/1579 1634/1897/1569
f 1634/1897/1569 1646/1910/1579 1635/1898/1302 1623/1885/1290
f 1635/1898/1302 1647/1911/1314 1648/1912/1580 1636/1899/1570
f 1636/1899/1570 1648/1912/1580 1649/1913/1581 1637/1900/1571
f 1637/1900/1571 1649/1913/1581 1650/1914/1582 1638/1901/1572
f 1638/1901/1572 1650/1914/1582 1651/1915/1583 1639/1902/1573
f 1639/1902/1573 1651/1915/1583 1652/1916/1584 1640/1903/1574
f 1640/1903/1574 1652/1916/1584 1653/1917/1308 1641/1904/1296
f 1641/1905/1296 1653/1918/1308 1654/1919/1585 1642/1906/1575
f 1642/1906/1575 1654/1919/1585 1655/1920/1586 1643/1907/1576
f 1643/1907/1576 1655/1920/1586 1656/1921/1587 1644/1908/1577
f 1644/1908/1577 1656/1921/1587 1657/1922/1588 1645/1909/1578
f 1645/1909/1578 1657/1922/1588 1658/1923/1589 1646/1910/1579
f 1646/1910/1579 1658/1923/1589 1647/1911/1314 1635/1898/1302
f 1647/1911/1314 1659/1924/1326 1660/1925/1590 1648/1912/1580
f 1648/1912/1580 1660/1925/1590 1661/1926/1591 1649/1913/1581
f 1649/1913/1581 1661/1926/1591 1662/1927/1592 1650/1914/1582
f 1650/1914/1582 1662/1927/1592 1663/1928/1593 1651/1915/1583
f 1651/1915/1583 1663/1928/1593 1664/1929/1594 1652/1916/1584
f 1652/1916/1584 1664/1929/1594 1665/1930/1320 1653/1917/1308
f 1653/1918/1308 1665/1931/1320 1666/1932/1595 1654/1919/1585
f 1654/1919/1585 1666/1932/1595 1667/1933/1596 1655/1920/1586
f 1655/1920/1586 1667/1933/1596 1668/1934/1597 1656/1921/1587
f 1656/1921/1587 1668/1934/1597 1669/1935/1598 1657/1922/1588
f 1657/1922/1588 1669/1935/1598 1670/1936/1599 1658/1923/1589
f 1658/1923/1589 1670/1936/1599 1659/1924/1326 1647/1911/1314
f 1659/1924/1326 1671/1937/1338 1672/1938/1600 1660/1925/1590
f 1660/1925/1590 1672/1938/1600 1673/1939/1601 1661/1926/1591
f 1661/1926/1591 1673/1939/1601 1674/1940/1602 1662/1927/1592
f 1662/1927/1592 1674/1940/1602 1675/1941/1603 1663/1928/1593
f 1663/1928/1593 1675/1941/1603 1676/1942/1604 1664/1929/1594
f 1664/1929/1594 1676/1942/1604 1677/1943/1332 1665/1930/1320
f 1665/1931/1320 1677/1944/1332 1678/1945/1605 1666/1932/1595
f 1666/1932/1595 1678/1945/1605 1679/1946/1606 1667/1933/1596
f 1667/1933/1596 1679/1946/1606 1680/1947/1607 1668/1934/1597
f 1668/1934/1597 1680/1947/1607 1681/1948/1608 1669/1935/1598
f 1669/1935/1598 1681/1948/1608 1682/1949/1609 1670/1936/1599
f 1670/1936/1599 1682/1949/1609 1671/1937/1338 1659/1924/1326
f 1671/1937/1338 1683/1950/1350 1684/1951/1610 1672/1938/1600
f 1672/1938/1600 1684/1951/1610 1685/1952/1611 1673/1939/1601
f 1673/1939/1601 1685/1952/1611 1686/1953/1612 1674/1940/1602
f 1674/1940/1602 1686/1953/1612 1687/1954/1613 1675/1941/1603
f 1675/1941/1603 1687/1954/1613 1688/1955/1614 1676/1942/1604
f 1676/1942/1604 1688/1955/1614 1689/1956/1344 1677/1943/1332
f 1677/1944/1332 1689/1957/1344 1690/1958/1615 1678/1945/1605
f 1678/1945/1605 1690/1958/1615 1691/1959/1616 1679/1946/1606
f 1679/1946/1606 1691/1959/1616 1692/1960/1617 1680/1947/1607
f 1680/1947/1607 1692/1960/1617 1693/1961/1618 1681/1948/1608
f 1681/1948/1608 1693/1961/1618 1694/1962/1619 1682/1949/1609
f 1682/1949/1609 1694/1962/1619 1683/1950/1350 1671/1937/1338
f 1683/1950/1350 1695/1963/1362 1696/1964/1620 1684/1951/1610
f 1684/1951/1610 1696/1964/1620 1697/1965/1621 1685/1952/1611
f 1685/1952/1611 1697/1965/1621 1698/1966/1622 1686/1953/1612
f 1686/1953/1612 1698/1966/1622 1699/1967/1623 1687/1954/1613
f 1687/1954/1613 1699/1967/1623 1700/1968/1624 1688/1955/1614
f 1688/1955/1614 1700/1968/1624 1701/1969/1356 1689/1956/1344
f 1689/1957/1344 1701/1970/1356 1702/1971/1625 1690/1958/1615
f 1690/1958/1615 1702/1971/1625 1703/1972/1626 1691/1959/1616
f 1691/1959/1616 1703/1972/1626 1704/1973/1627 1692/1960/1617
f 1692/1960/1617 1704/1973/1627 1705/1974/1628 1693/1961/1618
f 1693/1961/1618 1705/1974/1628 1706/1975/1629 1694/1962/1619
f 1694/1962/1619 1706/1975/1629 1695/1963/1362 1683/1950/1350
f 1695/1963/1362 1707/1976/1374 1708/1977/1630 1696/1964/1620
f 1696/1964/1620 1708/1977/1630 1709/1978/1631 1697/1965/1621
f 1697/1965/1621 1709/1978/1631 1710/1979/1632 1698/1966/1622
f 1698/1966/1622 1710/1979/1632 1711/1980/1633 1699/1967/1623
f 1699/1967/1623 1711/1980/1633 1712/1981/1634 1700/1968/1624
f 1700/1968/1624 1712/1981/1634 1713/1982/1368 1701/1969/1356
f 1701/1970/1356 1713/1983/1368 1714/1984/1635 1702/1971/1625
f 1702/1971/1625 1714/1984/1635 1715/1985/1636 1703/1972/1626
f 1703/1972/1626 1715/1985/1636 1716/1986/1637 1704/1973/1627
f 1704/1973/1627 1716/1986/1637 1717/1987/1638 1705/1974/1628
f 1705/1974/1628 1717/1987/1638 1718/1988/1639 1706/1975/1629
f 1706/1975/1629 1718/1988/1639 1707/1976/1374 1695/1963/1362
f 1707/1976/1374 1719/1989/1386 1720/1990/1640 1708/1977/1630
f 1708/1977/1630 1720/1990/1640 1721/1991/1641 1709/1978/1631
f 1709/1978/1631 1721/1991/1641 1722/1992/1642 1710/1979/1632
f 1710/1979/1632 1722/1992/1642 1723/1993/1643 1711/1980/1633
f 1711/1980/1633 1723/1993/1643 1724/1994/1644 1712/1981/1634
f 1712/1981/1634 1724/1994/1644 1725/1995/1380 1713/1982/1368
f 1713/1983/1368 1725/1996/1380 1726/1997/1645 1714/1984/1635
f 1714/1984/1635 1726/1997/1645 1727/1998/1646 1715/1985/1636
f 1715/1985/1636 1727/1998/1646 1728/1999/1647 1716/1986/1637
f 1716/1986/1637 1728/1999/1647 1729/2000/1648 1717/1987/1638
f 1717/1987/1638 1729/2000/1648 1730/2001/1649 1718/1988/1639
f 1718/1988/1639 1730/2001/1649 1719/1989/1386 1707/1976/1374
f 1719/1989/1386 1731/2002/1398 1732/2003/1650 1720/1990/1640
f 1720/1990/1640 1732/2003/1650 1733/2004/1651 1721/1991/1641
f 1721/1991/1641 1733/2004/1651 1734/2005/1652 1722/1992/1642
f 1722/1992/1642 1734/2005/1652 1735/2006/1653 1723/1993/1643
f 1723/1993/1643 1735/2006/1653 1736/2007/1654 1724/1994/1644
f 1724/1994/1644 1736/2007/1654 1737/2008/1392 1725/1995/1380
f 1725/1996/1380 1737/2009/1392 1738/2010/1655 1726/1997/1645
f 1726/1997/1645 1738/2010/1655 1739/2011/1656 1727/1998/1646
f 1727/1998/1646 1739/2011/1656 1740/2012/1657 1728/1999/1647
f 1728/1999/1647 1740/2012/1657 1741/2013/1658 1729/2000/1648
f 1729/2000/1648 1741/2013/1658 1742/2014/1659 1730/2001/1649
f 1730/2001/1649 1742/2014/1659 1731/2002/1398 1719/1989/1386
f 1731/2002/1398 1743/2015/1410 1744/2016/1660 1732/2003/1650
f 1732/2003/1650 1744/2016/1660 1745/2017/1661 1733/2004/1651
f 1733/2004/1651 1745/2017/1661 1746/2018/1662 1734/2005/1652
f 1734/2005/1652 1746/2018/1662 1747/2019/1663 1735/2006/1653
f 1735/2006/1653 1747/2019/1663 1748/2020/1664 1736/2007/1654
f 1736/2007/1654 1748/2020/1664 1749/2021/1404 1737/2008/1392
f 1737/2009/1392 1749/2022/1404 1750/2023/1665 1738/2010/1655
f 1738/2010/1655 1750/2023/1665 1751/2024/1666 1739/2011/1656
f 1739/2011/1656 1751/2024/1666 1752/2025/1667 1740/2012/1657
f 1740/2012/1657 1752/2025/1667 1753/2026/1668 1741/2013/1658
f 1741/2013/1658 1753/2026/1668 1754/2027/1669 1742/2014/1659
f 1742/2014/1659 1754/2027/1669 1743/2015/1410 1731/2002/1398
f 1743/2015/1410 1755/2028/1422 1756/2029/1670 1744/2016/1660
f 1744/2016/1660 1756/2029/1670 1757/2030/1671 1745/2017/1661
f 1745/2017/1661 1757/2030/1671 1758/2031/1672 1746/2018/1662
f 1746/2018/1662 1758/2031/1672 1759/2032/1673 1747/2019/1663
f 1747/2019/1663 1759/2032/1673 1760/2033/1674 1748/2020/1664
f 1748/2020/1664 1760/2033/1674 1761/2034/1416 1749/2021/1404
f 1749/2022/1404 1761/2035/1416 1762/2036/1675 1750/2023/1665
f 1750/2023/1665 1762/2036/1675 1763/2037/1676 1751/2024/1666
f 1751/2024/1666 1763/2037/1676 1764/2038/1677 1752/2025/1667
f 1752/2025/1667 1764/2038/1677 1765/2039/1678 1753/2026/1668
f 1753/2026/1668 1765/2039/1678 1766/2040/1679 1754/2027/1669
f 1754/2027/1669 1766/2040/1679 1755/2028/1422 1743/2015/1410
f 1755/2028/1422 1767/2041/1434 1768/2042/1680 1756/2029/1670
f 1756/2029/1670 1768/2042/1680 1769/2043/1681 1757/2030/1671
f 1757/2030/1671 1769/2043/1681 1770/2044/1682 1758/2031/1672
f 1758/2031/1672 1770/2044/1682 1771/2045/1683 1759/2032/1673
f 1759/2032/1673 1771/2045/1683 1772/2046/1684 1760/2033/1674
f 1760/2033/1674 1772/2046/1684 1773/2047/1428 1761/2034/1416
f 1761/2035/1416 1773/2048/1428 1774/2049/1685 1762/2036/1675
f 1762/2036/1675 1774/2049/1685 1775/2050/1686 1763/2037/1676
f 1763/2037/1676 1775/2050/1686 1776/2051/1687 1764/2038/1677
f 1764/2038/1677 1776/2051/1687 1777/2052/1688 1765/2039/1678
f 1765/2039/1678 1777/2052/1688 1778/2053/1689 1766/2040/1679
f 1766/2040/1679 1778/2053/1689 1767/2041/1434 1755/2028/1422
f 1767/2041/1434 1779/2054/1446 1780/2055/1690 1768/2042/1680
f 1768/2042/1680 1780/2055/1690 1781/2056/1691 1769/2043/1681
f 1769/2043/1681 1781/2056/1691 1782/2057/1692 1770/2044/1682
f 1770/2044/1682 1782/2057/1692 1783/2058/1693 1771/2045/1683
f 1771/2045/1683 1783/2058/1693 1784/2059/1694 1772/2046/1684
f 1772/2046/1684 1784/2059/1694 1785/2060/1440 1773/2047/1428
f 1773/2048/1428 1785/2061/1440 1786/2062/1695 1774/2049/1685
f 1774/2049/1685 1786/2062/1695 1787/2063/1696 1775/2050/1686
f 1775/2050/1686 1787/2063/1696 1788/2064/1697 1776/2051/1687
f 1776/2051/1687 1788/2064/1697 1789/2065/1698 1777/2052/1688
f 1777/2052/1688 1789/2065/1698 1790/2066/1699 1778/2053/1689
f 1778/2053/1689 1790/2066/1699 1779/2054/1446 1767/2041/1434
f 1779/2054/1446 1791/2067/1458 1792/2068/1700 1780/2055/1690
f 1780/2055/1690 1792/2068/1700 1793/2069/1701 1781/2056/1691
f 1781/2056/1691 1793/2069/1701 1794/2070/1702 1782/2057/1692
f 1782/2057/1692 1794/2070/1702 1795/2071/1703 1783/2058/1693
f 1783/2058/1693 1795/2071/1703 1796/2072/1704 1784/2059/1694
f 1784/2059/1694 1796/2072/1704 1797/2073/1452 1785/2060/1440
f 1785/2061/1440 1797/2074/1452 1798/2075/1705 1786/2062/1695
f 1786/2062/1695 1798/2075/1705 1799/2076/1706 1787/2063/1696
f 1787/2063/1696 1799/2076/1706 1800/2077/1707 1788/2064/1697
f 1788/2064/1697 1800/2077/1707 1801/2078/1708 1789/2065/1698
f 1789/2065/1698 1801/2078/1708 1802/2079/1709 1790/2066/1699
f 1790/2066/1699 1802/2079/1709 1791/2067/1458 1779/2054/1446
f 1791/2067/1458 1803/2080/1470 1804/2081/1710 1792/2068/1700
f 1792/2068/1700 1804/2081/1710 1805/2082/1711 1793/2069/1701
f 1793/2069/1701 1805/2082/1711 1806/2083/1712 1794/2070/1702
f 1794/2070/1702 1806/2083/1712 1807/2084/1713 1795/2071/1703
f 1795/2071/1703 1807/2084/1713 1808/2085/1714 1796/2072/1704
f 1796/2072/1704 1808/2085/1714 1809/2086/1464 1797/2073/1452
f 1797/2074/1452 1809/2087/1464 1810/2088/1715 1798/2075/1705
f 1798/2075/1705 1810/2088/1715 1811/2089/1716 1799/2076/1706
f 1799/2076/1706 1811/2089/1716 1812/2090/1717 1800/2077/1707
f 1800/2077/1707 1812/2090/1717 1813/2091/1718 1801/2078/1708
f 1801/2078/1708 1813/2091/1718 1814/2092/1719 1802/2079/1709
f 1802/2079/1709 1814/2092/1719 1803/2080/1470 1791/2067/1458
f 1803/2080/1470 1815/2093/1482 1816/2094/1720 1804/2081/1710
f 1804/2081/1710 1816/2094/1720 1817/2095/1721 1805/2082/1711
f 1805/2082/1711 1817/2095/1721 1818/2096/1722 1806/2083/1712
f 1806/2083/1712 1818/2096/1722 1819/2097/1723 1807/2084/1713
f 1807/2084/1713 1819/2097/1723 1820/2098/1724 1808/2085/1714
f 1808/2085/1714 1820/2098/1724 1821/2099/1476 1809/2086/1464
f 1809/2087/1464 1821/2100/1476 1822/2101/1725 1810/2088/1715
f 1810/2088/1715 1822/2101/1725 1823/2102/1726 1811/2089/1716
f 1811/2089/1716 1823/2102/1726 1824/2103/1727 1812/2090/1717
f 1812/2090/1717 1824/2103/1727 1825/2104/1728 1813/2091/1718
f 1813/2091/1718 1825/2104/1728 1826/2105/1729 1814/2092/1719
f 1814/2092/1719 1826/2105/1729 1815/2093/1482 1803/2080/1470
f 1815/2093/1482 1827/2106/1494 1828/2107/1730 1816/2094/1720
f 1816/2094/1720 1828/2107/1730 1829/2108/1731 1817/2095/1721
f 1817/2095/1721 1829/2108/1731 1830/2109/1732 1818/2096/1722
f 1818/2096/1722 1830/2109/1732 1831/2110/1733 1819/2097/1723
f 1819/2097/1723 1831/2110/1733 1832/2111/1734 1820/2098/1724
f 1820/2098/1724 1832/2111/1734 1833/2112/1488 1821/2099/1476
f 1821/2100/1476 1833/2113/1488 1834/2114/1735 1822/2101/1725
f 1822/2101/1725 1834/2114/1735 1835/2115/1736 1823/2102/1726
f 1823/2102/1726 1835/2115/1736 1836/2116/1737 1824/2103/1727
f 1824/2103/1727 1836/2116/1737 1837/2117/1738 1825/2104/1728
f 1825/2104/1728 1837/2117/1738 1838/2118/1739 1826/2105/1729
f 1826/2105/1729 1838/2118/1739 1827/2106/1494 1815/2093/1482
f 1827/2106/1494 1263/1482/1212 1264/1485/1213 1828/2107/1730
f 1828/2107/1730 1264/1485/1213 1265/1487/1214 1829/2108/1731
f 1829/2108/1731 1265/1487/1214 1266/1489/1215 1830/2109/1732
f 1830/2109/1732 1266/1489/1215 1267/1491/1216 1831/2110/1733
f 1831/2110/1733 1267/1491/1216 1268/1493/1217 1832/2111/1734
f 1832/2111/1734 1268/1493/1217 1269/1495/1218 1833/2112/1488
f 1833/2113/1488 1269/1496/1218 1270/1499/1219 1834/2114/1735
f 1834/2114/1735 1270/1499/1219 1271/1501/1220 1835/2115/1736
f 1835/2115/1736 1271/1501/1220 1272/1503/1221 1836/2116/1737
f 1836/2116/1737 1272/1503/1221 1273/1505/1222 1837/2117/1738
f 1837/2117/1738 1273/1505/1222 1274/1507/1223 1838/2118/1739
f 1838/2118/1739 1274/1507/1223 1263/1482/1212 1827/2106/1494
o Icosphere.001
v 4.200000 1.600000 0.500000
v 3.693475 1.968008 0.886946
v 4.393471 2.195455 0.886946
v 4.826098 1.600000 0.886949
v 4.393471 1.004546 0.886946
v 3.693475 1.231992 0.886946
v 4.006528 2.195455 1.513054
v 4.706525 1.968008 1.513054
v 4.706525 1.231992 1.513054
v 4.006528 1.004546 1.513054
v 3.573901 1.600000 1.513051
v 4.200000 1.600000 1.900000
v 4.313719 1.949997 0.604542
v 3.902274 1.816308 0.604542
v 4.015992 2.166308 0.831984
v 3.604546 1.600000 0.831985
v 3.902274 1.383692 0.604542
v 4.568011 1.600000 0.604544
v 4.681732 1.949998 0.831985
v 4.313719 1.250003 0.604542
v 4.681732 1.250002 0.831985
v 4.015992 1.033692 0.831984
v 3.534259 1.816309 1.200000
v 3.534259 1.383691 1.200000
v 4.200000 2.300000 1.200000
v 3.788550 2.166312 1.200000
v 4.865740 1.816309 1.200000
v 4.611450 2.166312 1.200000
v 4.611450 1.033688 1.200000
v 4.865740 1.383691 1.200000
v 3.788550 1.033688 1.200000
v 4.200000 0.900000 1.200000
v 3.718267 1.949998 1.568015
v 4.384008 2.166308 1.568016
v 4.795454 1.600000 1.568015
v 4.384008 1.033692 1.568016
v 3.718267 1.250002 1.568015
v 4.086281 1.949997 1.795458
v 3.831989 1.600000 1.795456
v 4.497725 1.816308 1.795458
v 4.497725 1.383692 1.795458
v 4.086281 1.250003 1.795458
vn -0.0000 -0.0000 -1.0000
vn -0.7236 0.5257 -0.4472
vn 0.2764 0.8506 -0.4472
vn 0.8944 -0.0000 -0.4472
vn 0.2764 -0.8506 -0.4472
vn -0.7236 -0.5257 -0.4472
vn -0.2764 0.8506 0.4472
vn 0.7236 0.5257 0.4472
vn 0.7236 -0.5257 0.4472
vn -0.2764 -0.8506 0.4472
vn -0.8944 -0.0000 0.4472
vn -0.0000 -0.0000 1.0000
vn 0.1625 0.5000 -0.8507
vn -0.4253 0.3090 -0.8507
vn -0.2629 0.8090 -0.5257
vn -0.8506 -0.0000 -0.5257
vn -0.4253 -0.3090 -0.8507
vn 0.5257 -0.0000 -0.8507
vn 0.6882 0.5000 -0.5257
vn 0.1625 -0.5000 -0.8507
vn 0.6882 -0.5000 -0.5257
vn -0.2629 -0.8090 -0.5257
vn -0.9511 0.3090 -0.0000
vn -0.9511 -0.3090 -0.0000
vn -0.0000 1.0000 -0.0000
vn -0.5878 0.8090 -0.0000
vn 0.9511 0.3090 -0.0000
vn 0.5878 0.8090 -0.0000
vn 0.5878 -0.8090 -0.0000
vn 0.9511 -0.3090 -0.0000
vn -0.5878 -0.8090 -0.0000
vn -0.0000 -1.0000 -0.0000
vn -0.6882 0.5000 0.5257
vn 0.2629 0.8090 0.5257
vn 0.8506 -0.0000 0.5257
vn 0.2629 -0.8090 0.5257
vn -0.6882 -0.5000 0.5257
vn -0.1625 0.5000 0.8507
vn -0.5257 -0.0000 0.8507
vn 0.4253 0.3090 0.8507
vn 0.4253 -0.3090 0.8507
vn -0.1625 -0.5000 0.8507
vt 0.181819 0.000000
vt 0.227273 0.078731
vt 0.136365 0.078731
vt 0.272728 0.157461
vt 0.318182 0.078731
vt 0.363637 0.157461
vt 0.909091 0.000000
vt 0.954545 0.078731
vt 0.863636 0.078731
vt 0.727273 0.000000
vt 0.772727 0.078731
vt 0.681818 0.078731
vt 0.545455 0.000000
vt 0.590909 0.078731
vt 0.500000 0.078731
vt 0.318182 0.236191
vt 0.090910 0.157461
vt 0.181819 0.157461
vt 0.136365 0.236191
vt 0.818182 0.157461
vt 0.909091 0.157461
vt 0.863636 0.236191
vt 0.636364 0.157461
vt 0.727273 0.157461
vt 0.681818 0.236191
vt 0.454546 0.157461
vt 0.545455 0.157461
vt 0.500000 0.236191
vt 0.227273 0.236191
vt 0.045455 0.236191
vt 0.772727 0.236191
vt 0.590909 0.236191
vt 0.409092 0.236191
vt 0.181819 0.314921
vt 0.272728 0.314921
vt 0.227273 0.393651
vt 0.000000 0.314921
vt 0.090910 0.314921
vt 0.045455 0.393651
vt 0.727273 0.314921
vt 0.818182 0.314921
vt 0.772727 0.393651
vt 0.545455 0.314921
vt 0.636364 0.314921
vt 0.590909 0.393651
vt 0.363637 0.314921
vt 0.454546 0.314921
vt 0.409092 0.393651
vt 0.500000 0.393651
vt 0.454546 0.472382
vt 0.681818 0.393651
vt 0.636364 0.472382
vt 0.863636 0.393651
vt 0.818182 0.472382
vt 0.909091 0.314921
vt 0.136365 0.393651
vt 0.090910 0.472382
vt 0.318182 0.393651
vt 0.272728 0.472382
vt 0.954545 0.236191
vt 1.000000 0.157461
vt 0.409092 0.078731
vt 0.363637 0.000000
s 1
usemtl Planet.001
f 1839/2119/1740 1852/2120/1753 1851/2121/1752
f 1840/2122/1741 1852/2123/1753 1854/2124/1755
f 1839/2125/1740 1851/2126/1752 1856/2127/1757
f 1839/2128/1740 1856/2129/1757 1858/2130/1759
f 1839/2131/1740 1858/2132/1759 1855/2133/1756
f 1840/2122/1741 1854/2124/1755 1861/2134/1762
f 1841/2135/1742 1853/2136/1754 1863/2137/1764
f 1842/2138/1743 1857/2139/1758 1865/2140/1766
f 1843/2141/1744 1859/2142/1760 1867/2143/1768
f 1844/2144/1745 1860/2145/1761 1869/2146/1770
f 1840/2122/1741 1861/2134/1762 1864/2147/1765
f 1841/2135/1742 1863/2137/1764 1866/2148/1767
f 1842/2138/1743 1865/2140/1766 1868/2149/1769
f 1843/2141/1744 1867/2143/1768 1870/2150/1771
f 1844/2144/1745 1869/2146/1770 1862/2151/1763
f 1845/2152/1746 1871/2153/1772 1876/2154/1777
f 1846/2155/1747 1872/2156/1773 1878/2157/1779
f 1847/2158/1748 1873/2159/1774 1879/2160/1780
f 1848/2161/1749 1874/2162/1775 1880/2163/1781
f 1849/2164/1750 1875/2165/1776 1877/2166/1778
f 1877/2166/1778 1880/2167/1781 1850/2168/1751
f 1877/2166/1778 1875/2165/1776 1880/2167/1781
f 1875/2165/1776 1848/2161/1749 1880/2167/1781
f 1880/2163/1781 1879/2169/1780 1850/2170/1751
f 1880/2163/1781 1874/2162/1775 1879/2169/1780
f 1874/2162/1775 1847/2158/1748 1879/2169/1780
f 1879/2160/1780 1878/2171/1779 1850/2172/1751
f 1879/2160/1780 1873/2159/1774 1878/2171/1779
f 1873/2159/1774 1846/2173/1747 1878/2171/1779
f 1878/2157/1779 1876/2174/1777 1850/2175/1751
f 1878/2157/1779 1872/2156/1773 1876/2174/1777
f 1872/2156/1773 1845/2152/1746 1876/2174/1777
f 1876/2154/1777 1877/2176/1778 1850/2177/1751
f 1876/2154/1777 1871/2153/1772 1877/2176/1778
f 1871/2153/1772 1849/2164/1750 1877/2176/1778
f 1862/2151/1763 1875/2165/1776 1849/2164/1750
f 1862/2151/1763 1869/2146/1770 1875/2165/1776
f 1869/2146/1770 1848/2161/1749 1875/2165/1776
f 1870/2150/1771 1874/2162/1775 1848/2161/1749
f 1870/2150/1771 1867/2143/1768 1874/2162/1775
f 1867/2143/1768 1847/2158/1748 1874/2162/1775
f 1868/2149/1769 1873/2159/1774 1847/2158/1748
f 1868/2149/1769 1865/2140/1766 1873/2159/1774
f 1865/2140/1766 1846/2173/1747 1873/2159/1774
f 1866/2148/1767 1872/2156/1773 1846/2155/1747
f 1866/2148/1767 1863/2137/1764 1872/2156/1773
f 1863/2137/1764 1845/2152/1746 1872/2156/1773
f 1864/2147/1765 1871/2153/1772 1845/2152/1746
f 1864/2147/1765 1861/2134/1762 1871/2153/1772
f 1861/2134/1762 1849/2164/1750 1871/2153/1772
f 1869/2146/1770 1870/2150/1771 1848/2161/1749
f 1869/2146/1770 1860/2145/1761 1870/2150/1771
f 1860/2145/1761 1843/2141/1744 1870/2150/1771
f 1867/2143/1768 1868/2149/1769 1847/2158/1748
f 1867/2143/1768 1859/2142/1760 1868/2149/1769
f 1859/2142/1760 1842/2138/1743 1868/2149/1769
f 1865/2140/1766 1866/2178/1767 1846/2173/1747
f 1865/2140/1766 1857/2139/1758 1866/2178/1767
f 1857/2139/1758 1841/2179/1742 1866/2178/1767
f 1863/2137/1764 1864/2147/1765 1845/2152/1746
f 1863/2137/1764 1853/2136/1754 1864/2147/1765
f 1853/2136/1754 1840/2122/1741 1864/2147/1765
f 1861/2134/1762 1862/2151/1763 1849/2164/1750
f 1861/2134/1762 1854/2124/1755 1862/2151/1763
f 1854/2124/1755 1844/2144/1745 1862/2151/1763
f 1855/2133/1756 1860/2145/1761 1844/2144/1745
f 1855/2133/1756 1858/2132/1759 1860/2145/1761
f 1858/2132/1759 1843/2141/1744 1860/2145/1761
f 1858/2130/1759 1859/2142/1760 1843/2141/1744
f 1858/2130/1759 1856/2129/1757 1859/2142/1760
f 1856/2129/1757 1842/2138/1743 1859/2142/1760
f 1856/2127/1757 1857/2139/1758 1842/2138/1743
f 1856/2127/1757 1851/2126/1752 1857/2139/1758
f 1851/2126/1752 1841/2179/1742 1857/2139/1758
f 1854/2124/1755 1855/2180/1756 1844/2144/1745
f 1854/2124/1755 1852/2123/1753 1855/2180/1756
f 1852/2123/1753 1839/2181/1740 1855/2180/1756
f 1851/2121/1752 1853/2136/1754 1841/2135/1742
f 1851/2121/1752 1852/2120/1753 1853/2136/1754
f 1852/2120/1753 1840/2122/1741 1853/2136/1754
o Icosphere.002
v -4.600000 -1.900000 0.400000
v -5.034164 -1.584565 0.731668
v -4.434167 -1.389610 0.731668
v -4.063344 -1.900000 0.731671
v -4.434167 -2.410389 0.731668
v -5.034164 -2.215435 0.731668
v -4.765833 -1.389610 1.268332
v -4.165835 -1.584565 1.268332
v -4.165835 -2.215435 1.268332
v -4.765833 -2.410389 1.268332
v -5.136656 -1.900000 1.268329
v -4.600000 -1.900000 1.600000
v -4.502527 -1.600003 0.489607
v -4.855194 -1.714593 0.489607
v -4.757721 -1.414593 0.684557
v -5.110389 -1.900000 0.684558
v -4.855194 -2.085407 0.489607
v -4.284562 -1.900000 0.489609
v -4.187086 -1.600002 0.684558
v -4.502527 -2.199997 0.489607
v -4.187086 -2.199998 0.684558
v -4.757721 -2.385407 0.684557
v -5.170635 -1.714592 1.000000
v -5.170635 -2.085407 1.000000
v -4.600000 -1.300000 1.000000
v -4.952671 -1.414590 1.000000
v -4.029365 -1.714592 1.000000
v -4.247329 -1.414590 1.000000
v -4.247329 -2.385410 1.000000
v -4.029365 -2.085407 1.000000
v -4.952671 -2.385410 1.000000
v -4.600000 -2.500000 1.000000
v -5.012914 -1.600002 1.315442
v -4.442279 -1.414593 1.315443
v -4.089611 -1.900000 1.315442
v -4.442278 -2.385407 1.315443
v -5.012914 -2.199998 1.315442
v -4.697473 -1.600003 1.510393
v -4.915438 -1.900000 1.510391
v -4.344806 -1.714593 1.510393
v -4.344806 -2.085407 1.510393
v -4.697473 -2.199997 1.510393
vn -0.0000 -0.0000 -1.0000
vn -0.7236 0.5257 -0.4472
vn 0.2764 0.8506 -0.4472
vn 0.8944 -0.0000 -0.4472
vn 0.2764 -0.8506 -0.4472
vn -0.7236 -0.5257 -0.4472
vn -0.2764 0.8506 0.4472
vn 0.7236 0.5257 0.4472
vn 0.7236 -0.5257 0.4472
vn -0.2764 -0.8506 0.4472
vn -0.8944 -0.0000 0.4472
vn -0.0000 -0.0000 1.0000
vn 0.1625 0.5000 -0.8507
vn -0.4253 0.3090 -0.8507
vn -0.2629 0.8090 -0.5257
vn -0.8506 -0.0000 -0.5257
vn -0.4253 -0.3090 -0.8507
vn 0.5257 -0.0000 -0.8507
vn 0.6882 0.5000 -0.5257
vn 0.1625 -0.5000 -0.8507
vn 0.6882 -0.5000 -0.5257
vn -0.2629 -0.8090 -0.5257
vn -0.9511 0.3090 -0.0000
vn -0.9511 -0.3090 -0.0000
vn -0.0000 1.0000 -0.0000
vn -0.5878 0.8090 -0.0000
vn 0.9511 0.3090 -0.0000
vn 0.5878 0.8090 -0.0000
vn 0.5878 -0.8090 -0.0000
vn 0.9511 -0.3090 -0.0000
vn -0.5878 -0.8090 -0.0000
vn -0.0000 -1.0000 -0.0000
vn -0.6882 0.5000 0.5257
vn 0.2629 0.8090 0.5257
vn 0.8506 -0.0000 0.5257
vn 0.2629 -0.8090 0.5257
vn -0.6882 -0.5000 0.5257
vn -0.1625 0.5000 0.8507
vn -0.5257 -0.0000 0.8507
vn 0.4253 0.3090 0.8507
vn 0.4253 -0.3090 0.8507
vn -0.1625 -0.5000 0.8507
vt 0.181819 0.000000
vt 0.227273 0.078731
vt 0.136365 0.078731
vt 0.272728 0.157461
vt 0.318182 0.078731
vt 0.363637 0.157461
vt 0.909091 0.000000
vt 0.954545 0.078731
vt 0.863636 0.078731
vt 0.727273 0.000000
vt 0.772727 0.078731
vt 0.681818 0.078731
vt 0.545455 0.000000
vt 0.590909 0.078731
vt 0.500000 0.078731
vt 0.318182 0.236191
vt 0.090910 0.157461
vt 0.181819 0.157461
vt 0.136365 0.236191
vt 0.818182 0.157461
vt 0.909091 0.157461
vt 0.863636 0.236191
vt 0.636364 0.157461
vt 0.727273 0.157461
vt 0.681818 0.236191
vt 0.454546 0.157461
vt 0.545455 0.157461
vt 0.500000 0.236191
vt 0.227273 0.236191
vt 0.045455 0.236191
vt 0.772727 0.236191
vt 0.590909 0.236191
vt 0.409092 0.236191
vt 0.181819 0.314921
vt 0.272728 0.314921
vt 0.227273 0.393651
vt 0.000000 0.314921
vt 0.090910 0.314921
vt 0.045455 0.393651
vt 0.727273 0.314921
vt 0.818182 0.314921
vt 0.772727 0.393651
vt 0.545455 0.314921
vt 0.636364 0.314921
vt 0.590909 0.393651
vt 0.363637 0.314921
vt 0.454546 0.314921
vt 0.409092 0.393651
vt 0.500000 0.393651
vt 0.454546 0.472382
vt 0.681818 0.393651
vt 0.636364 0.472382
vt 0.863636 0.393651
vt 0.818182 0.472382
vt 0.909091 0.314921
vt 0.136365 0.393651
vt 0.090910 0.472382
vt 0.318182 0.393651
vt 0.272728 0.472382
vt 0.954545 0.236191
vt 1.000000 0.157461
vt 0.409092 0.078731
vt 0.363637 0.000000
s 1
usemtl Planet.002
f 1881/2182/1782 1894/2183/1795 1893/2184/1794
f 1882/2185/1783 1894/2186/1795 1896/2187/1797
f 1881/2188/1782 1893/2189/1794 1898/2190/1799
f 1881/2191/1782 1898/2192/1799 1900/2193/1801
f 1881/2194/1782 1900/2195/1801 1897/2196/1798
f 1882/2185/1783 1896/2187/1797 1903/2197/1804
f 1883/2198/1784 1895/2199/1796 1905/2200/1806
f 1884/2201/1785 1899/2202/1800 1907/2203/1808
f 1885/2204/1786 1901/2205/1802 1909/2206/1810
f 1886/2207/1787 1902/2208/1803 1911/2209/1812
f 1882/2185/1783 1903/2197/1804 1906/2210/1807
f 1883/2198/1784 1905/2200/1806 1908/2211/1809
f 1884/2201/1785 1907/2203/1808 1910/2212/1811
f 1885/2204/1786 1909/2206/1810 1912/2213/1813
f 1886/2207/1787 1911/2209/1812 1904/2214/1805
f 1887/2215/1788 1913/2216/1814 1918/2217/1819
f 1888/2218/1789 1914/2219/1815 1920/2220/1821
f 1889/2221/1790 1915/2222/1816 1921/2223/1822
f 1890/2224/1791 1916/2225/1817 1922/2226/1823
f 1891/2227/1792 1917/2228/1818 1919/2229/1820
f 1919/2229/1820 1922/2230/1823 1892/2231/1793
f 1919/2229/1820 1917/2228/1818 1922/2230/1823
f 1917/2228/1818 1890/2224/1791 1922/2230/1823
f 1922/2226/1823 1921/2232/1822 1892/2233/1793
f 1922/2226/1823 1916/2225/1817 1921/2232/1822
f 1916/2225/1817 1889/2221/1790 1921/2232/1822
f 1921/2223/1822 1920/2234/1821 1892/2235/1793
f 1921/2223/1822 1915/2222/1816 1920/2234/1821
f 1915/2222/1816 1888/2236/1789 1920/2234/1821
f 1920/2220/1821 1918/2237/1819 1892/2238/1793
f 1920/2220/1821 1914/2219/1815 1918/2237/1819
f 1914/2219/1815 1887/2215/1788 1918/2237/1819
f 1918/2217/1819 1919/2239/1820 1892/2240/1793
f 1918/2217/1819 1913/2216/1814 1919/2239/1820
f 1913/2216/1814 1891/2227/1792 1919/2239/1820
f 1904/2214/1805 1917/2228/1818 1891/2227/1792
f 1904/2214/1805 1911/2209/1812 1917/2228/1818
f 1911/2209/1812 1890/2224/1791 1917/2228/1818
f 1912/2213/1813 1916/2225/1817 1890/2224/1791
f 1912/2213/1813 1909/2206/1810 1916/2225/1817
f 1909/2206/1810 1889/2221/1790 1916/2225/1817
f 1910/2212/1811 1915/2222/1816 1889/2221/1790
f 1910/2212/1811 1907/2203/1808 1915/2222/1816
f 1907/2203/1808 1888/2236/1789 1915/2222/1816
f 1908/2211/1809 1914/2219/1815 1888/2218/1789
f 1908/2211/1809 1905/2200/1806 1914/2219/1815
f 1905/2200/1806 1887/2215/1788 1914/2219/1815
f 1906/2210/1807 1913/2216/1814 1887/2215/1788
f 1906/2210/1807 1903/2197/1804 1913/2216/1814
f 1903/2197/1804 1891/2227/1792 1913/2216/1814
f 1911/2209/1812 1912/2213/1813 1890/2224/1791
f 1911/2209/1812 1902/2208/1803 1912/2213/1813
f 1902/2208/1803 1885/2204/1786 1912/2213/1813
f 1909/2206/1810 1910/2212/1811 1889/2221/1790
f 1909/2206/1810 1901/2205/1802 1910/2212/1811
f 1901/2205/1802 1884/2201/1785 1910/2212/1811
f 1907/2203/1808 1908/2241/1809 1888/2236/1789
f 1907/2203/1808 1899/2202/1800 1908/2241/1809
f 1899/2202/1800 1883/2242/1784 1908/2241/1809
f 1905/2200/1806 1906/2210/1807 1887/2215/1788
f 1905/2200/1806 1895/2199/1796 1906/2210/1807
f 1895/2199/1796 1882/2185/1783 1906/2210/1807
f 1903/2197/1804 1904/2214/1805 1891/2227/1792
f 1903/2197/1804 1896/2187/1797 1904/2214/1805
f 1896/2187/1797 1886/2207/1787 1904/2214/1805
f 1897/2196/1798 1902/2208/1803 1886/2207/1787
f 1897/2196/1798 1900/2195/1801 1902/2208/1803
f 1900/2195/1801 1885/2204/1786 1902/2208/1803
f 1900/2193/1801 1901/2205/1802 1885/2204/1786
f 1900/2193/1801 1898/2192/1799 1901/2205/1802
f 1898/2192/1799 1884/2201/1785 1901/2205/1802
f 1898/2190/1799 1899/2202/1800 1884/2201/1785
f 1898/2190/1799 1893/2189/1794 1899/2202/1800
f 1893/2189/1794 1883/2242/1784 1899/2202/1800
f 1896/2187/1797 1897/2243/1798 1886/2207/1787
f 1896/2187/1797 1894/2186/1795 1897/2243/1798
f 1894/2186/1795 1881/2244/1782 1897/2243/1798
f 1893/2184/1794 1895/2199/1796 1883/2198/1784
f 1893/2184/1794 1894/2183/1795 1895/2199/1796
f 1894/2183/1795 1882/2185/1783 1895/2199/1796
o Icosphere.003
v 12.000000 -6.000000 1.380000
v 11.840808 -5.884342 1.501613
v 12.060804 -5.812859 1.501613
v 12.196774 -6.000000 1.501613
v 12.060804 -6.187141 1.501613
v 11.840808 -6.115658 1.501613
v 11.939196 -5.812859 1.698387
v 12.159192 -5.884342 1.698387
v 12.159192 -6.115658 1.698387
v 11.939196 -6.187141 1.698387
v 11.803226 -6.000000 1.698387
v 12.000000 -6.000000 1.820000
vn -0.0000 -0.0000 -1.0000
vn -0.7236 0.5257 -0.4472
vn 0.2764 0.8507 -0.4472
vn 0.8944 -0.0000 -0.4472
vn 0.2764 -0.8507 -0.4472
vn -0.7236 -0.5257 -0.4472
vn -0.2764 0.8507 0.4472
vn 0.7236 0.5257 0.4472
vn 0.7236 -0.5257 0.4472
vn -0.2764 -0.8507 0.4472
vn -0.8944 -0.0000 0.4472
vn -0.0000 -0.0000 1.0000
vt 0.181819 0.000000
vt 0.272728 0.157461
vt 0.090910 0.157461
vt 0.363637 0.000000
vt 0.454546 0.157461
vt 0.909091 0.000000
vt 1.000000 0.157461
vt 0.818182 0.157461
vt 0.727273 0.000000
vt 0.636364 0.157461
vt 0.545455 0.000000
vt 0.363637 0.314921
vt 0.181819 0.314921
vt 0.909091 0.314921
vt 0.727273 0.314921
vt 0.545455 0.314921
vt 0.000000 0.314921
vt 0.272728 0.472382
vt 0.090910 0.472382
vt 0.818182 0.472382
vt 0.636364 0.472382
vt 0.454546 0.472382
s 1
usemtl Star
f 1923/2245/1824 1924/2246/1825 1925/2247/1826
f 1924/2246/1825 1923/2248/1824 1928/2249/1829
f 1923/2250/1824 1925/2251/1826 1926/2252/1827
f 1923/2253/1824 1926/2252/1827 1927/2254/1828
f 1923/2255/1824 1927/2254/1828 1928/2249/1829
f 1924/2246/1825 1928/2249/1829 1933/2256/1834
f 1925/2247/1826 1924/2246/1825 1929/2257/1830
f 1926/2252/1827 1925/2251/1826 1930/2258/1831
f 1927/2254/1828 1926/2252/1827 1931/2259/1832
f 1928/2249/1829 1927/2254/1828 1932/2260/1833
f 1924/2246/1825 1933/2256/1834 1929/2257/1830
f 1925/2247/1826 1929/2257/1830 1930/2261/1831
f 1926/2252/1827 1930/2258/1831 1931/2259/1832
f 1927/2254/1828 1931/2259/1832 1932/2260/1833
f 1928/2249/1829 1932/2260/1833 1933/2256/1834
f 1929/2257/1830 1933/2256/1834 1934/2262/1835
f 1930/2261/1831 1929/2257/1830 1934/2263/1835
f 1931/2259/1832 1930/2258/1831 1934/2264/1835
f 1932/2260/1833 1931/2259/1832 1934/2265/1835
f 1933/2256/1834 1932/2260/1833 1934/2266/1835
o Icosphere.004
v -11.000000 -7.000000 1.980000
v -11.159192 -6.884342 2.101613
v -10.939196 -6.812859 2.101613
v -10.803226 -7.000000 2.101613
v -10.939196 -7.187141 2.101613
v -11.159192 -7.115658 2.101613
v -11.060804 -6.812859 2.298387
v -10.840808 -6.884342 2.298387
v -10.840808 -7.115658 2.298387
v -11.060804 -7.187141 2.298387
v -11.196774 -7.000000 2.298387
v -11.000000 -7.000000 2.420000
vn -0.0000 -0.0000 -1.0000
vn -0.7236 0.5257 -0.4472
vn 0.2764 0.8507 -0.4472
vn 0.8944 -0.0000 -0.4472
vn 0.2764 -0.8507 -0.4472
vn -0.7236 -0.5257 -0.4472
vn -0.2764 0.8507 0.4472
vn 0.7236 0.5257 0.4472
vn 0.7236 -0.5257 0.4472
vn -0.2764 -0.8507 0.4472
vn -0.8944 -0.0000 0.4472
vn -0.0000 -0.0000 1.0000
vt 0.181819 0.000000
vt 0.272728 0.157461
vt 0.090910 0.157461
vt 0.363637 0.000000
vt 0.454546 0.157461
vt 0.909091 0.000000
vt 1.000000 0.157461
vt 0.818182 0.157461
vt 0.727273 0.000000
vt 0.636364 0.157461
vt 0.545455 0.000000
vt 0.363637 0.314921
vt 0.181819 0.314921
vt 0.909091 0.314921
vt 0.727273 0.314921
vt 0.545455 0.314921
vt 0.000000 0.314921
vt 0.272728 0.472382
vt 0.090910 0.472382
vt 0.818182 0.472382
vt 0.636364 0.472382
vt 0.454546 0.472382
s 1
usemtl Star.001
f 1935/2267/1836 1936/2268/1837 1937/2269/1838
f 1936/2268/1837 1935/2270/1836 1940/2271/1841
f 1935/2272/1836 1937/2273/1838 1938/2274/1839
f 1935/2275/1836 1938/2274/1839 1939/2276/1840
f 1935/2277/1836 1939/2276/1840 1940/2271/1841
f 1936/2268/1837 1940/2271/1841 1945/2278/1846
f 1937/2269/1838 1936/2268/1837 1941/2279/1842
f 1938/2274/1839 1937/2273/1838 1942/2280/1843
f 1939/2276/1840 1938/2274/1839 1943/2281/1844
f 1940/2271/1841 1939/2276/1840 1944/2282/1845
f 1936/2268/1837 1945/2278/1846 1941/2279/1842
f 1937/2269/1838 1941/2279/1842 1942/2283/1843
f 1938/2274/1839 1942/2280/1843 1943/2281/1844
f 1939/2276/1840 1943/2281/1844 1944/2282/1845
f 1940/2271/1841 1944/2282/1845 1945/2278/1846
f 1941/2279/1842 1945/2278/1846 1946/2284/1847
f 1942/2283/1843 1941/2279/1842 1946/2285/1847
f 1943/2281/1844 1942/2280/1843 1946/2286/1847
f 1944/2282/1845 1943/2281/1844 1946/2287/1847
f 1945/2278/1846 1944/2282/1845 1946/2288/1847
o Icosphere.005
v -12.000000 6.000000 1.180000
v -12.159192 6.115658 1.301613
v -11.939196 6.187141 1.301613
v -11.803226 6.000000 1.301613
v -11.939196 5.812859 1.301613
v -12.159192 5.884342 1.301613
v -12.060804 6.187141 1.498387
v -11.840808 6.115658 1.498387
v -11.840808 5.884342 1.498387
v -12.060804 5.812859 1.498387
v -12.196774 6.000000 1.498387
v -12.000000 6.000000 1.620000
vn -0.0000 -0.0000 -1.0000
vn -0.7236 0.5257 -0.4472
vn 0.2764 0.8507 -0.4472
vn 0.8944 -0.0000 -0.4472
vn 0.2764 -0.8507 -0.4472
vn -0.7236 -0.5257 -0.4472
vn -0.2764 0.8507 0.4472
vn 0.7236 0.5257 0.4472
vn 0.7236 -0.5257 0.4472
vn -0.2764 -0.8507 0.4472
vn -0.8944 -0.0000 0.4472
vn -0.0000 -0.0000 1.0000
vt 0.181819 0.000000
vt 0.272728 0.157461
vt 0.090910 0.157461
vt 0.363637 0.000000
vt 0.454546 0.157461
vt 0.909091 0.000000
vt 1.000000 0.157461
vt 0.818182 0.157461
vt 0.727273 0.000000
vt 0.636364 0.157461
vt 0.545455 0.000000
vt 0.363637 0.314921
vt 0.181819 0.314921
vt 0.909091 0.314921
vt 0.727273 0.314921
vt 0.545455 0.314921
vt 0.000000 0.314921
vt 0.272728 0.472382
vt 0.090910 0.472382
vt 0.818182 0.472382
vt 0.636364 0.472382
vt 0.454546 0.472382
s 1
usemtl Star.002
f 1947/2289/1848 1948/2290/1849 1949/2291/1850
f 1948/2290/1849 1947/2292/1848 1952/2293/1853
f 1947/2294/1848 1949/2295/1850 1950/2296/1851
f 1947/2297/1848 1950/2296/1851 1951/2298/1852
f 1947/2299/1848 1951/2298/1852 1952/2293/1853
f 1948/2290/1849 1952/2293/1853 1957/2300/1858
f 1949/2291/1850 1948/2290/1849 1953/2301/1854
f 1950/2296/1851 1949/2295/1850 1954/2302/1855
f 1951/2298/1852 1950/2296/1851 1955/2303/1856
f 1952/2293/1853 1951/2298/1852 1956/2304/1857
f 1948/2290/1849 1957/2300/1858 1953/2301/1854
f 1949/2291/1850 1953/2301/1854 1954/2305/1855
f 1950/2296/1851 1954/2302/1855 1955/2303/1856
f 1951/2298/1852 1955/2303/1856 1956/2304/1857
f 1952/2293/1853 1956/2304/1857 1957/2300/1858
f 1953/2301/1854 1957/2300/1858 1958/2306/1859
f 1954/2305/1855 1953/2301/1854 1958/2307/1859
f 1955/2303/1856 1954/2302/1855 1958/2308/1859
f 1956/2304/1857 1955/2303/1856 1958/2309/1859
f 1957/2300/1858 1956/2304/1857 1958/2310/1859
o Icosphere.006
v 11.000000 6.000000 1.780000
v 10.840808 6.115658 1.901613
v 11.060804 6.187141 1.901613
v 11.196774 6.000000 1.901613
v 11.060804 5.812859 1.901613
v 10.840808 5.884342 1.901613
v 10.939196 6.187141 2.098387
v 11.159192 6.115658 2.098387
v 11.159192 5.884342 2.098387
v 10.939196 5.812859 2.098387
v 10.803226 6.000000 2.098387
v 11.000000 6.000000 2.220000
vn -0.0000 -0.0000 -1.0000
vn -0.7236 0.5257 -0.4472
vn 0.2764 0.8507 -0.4472
vn 0.8944 -0.0000 -0.4472
vn 0.2764 -0.8507 -0.4472
vn -0.7236 -0.5257 -0.4472
vn -0.2764 0.8507 0.4472
vn 0.7236 0.5257 0.4472
vn 0.7236 -0.5257 0.4472
vn -0.2764 -0.8507 0.4472
vn -0.8944 -0.0000 0.4472
vn -0.0000 -0.0000 1.0000
vt 0.181819 0.000000
vt 0.272728 0.157461
vt 0.090910 0.157461
vt 0.363637 0.000000
vt 0.454546 0.157461
vt 0.909091 0.000000
vt 1.000000 0.157461
vt 0.818182 0.157461
vt 0.727273 0.000000
vt 0.636364 0.157461
vt 0.545455 0.000000
vt 0.363637 0.314921
vt 0.181819 0.314921
vt 0.909091 0.314921
vt 0.727273 0.314921
vt 0.545455 0.314921
vt 0.000000 0.314921
vt 0.272728 0.472382
vt 0.090910 0.472382
vt 0.818182 0.472382
vt 0.636364 0.472382
vt 0.454546 0.472382
s 1
usemtl Star.003
f 1959/2311/1860 1960/2312/1861 1961/2313/1862
f 1960/2312/1861 1959/2314/1860 1964/2315/1865
f 1959/2316/1860 1961/2317/1862 1962/2318/1863
f 1959/2319/1860 1962/2318/1863 1963/2320/1864
f 1959/2321/1860 1963/2320/1864 1964/2315/1865
f 1960/2312/1861 1964/2315/1865 1969/2322/1870
f 1961/2313/1862 1960/2312/1861 1965/2323/1866
f 1962/2318/1863 1961/2317/1862 1966/2324/1867
f 1963/2320/1864 1962/2318/1863 1967/2325/1868
f 1964/2315/1865 1963/2320/1864 1968/2326/1869
f 1960/2312/1861 1969/2322/1870 1965/2323/1866
f 1961/2313/1862 1965/2323/1866 1966/2327/1867
f 1962/2318/1863 1966/2324/1867 1967/2325/1868
f 1963/2320/1864 1967/2325/1868 1968/2326/1869
f 1964/2315/1865 1968/2326/1869 1969/2322/1870
f 1965/2323/1866 1969/2322/1870 1970/2328/1871
f 1966/2327/1867 1965/2323/1866 1970/2329/1871
f 1967/2325/1868 1966/2324/1867 1970/2330/1871
f 1968/2326/1869 1967/2325/1868 1970/2331/1871
f 1969/2322/1870 1968/2326/1869 1970/2332/1871
o Icosphere.007
v 0.000000 -8.600000 0.980000
v -0.159192 -8.484342 1.101613
v 0.060805 -8.412860 1.101613
v 0.196773 -8.600000 1.101613
v 0.060805 -8.787141 1.101613
v -0.159192 -8.715659 1.101613
v -0.060805 -8.412860 1.298387
v 0.159192 -8.484342 1.298387
v 0.159192 -8.715659 1.298387
v -0.060805 -8.787141 1.298387
v -0.196773 -8.600000 1.298387
v 0.000000 -8.600000 1.420000
vn -0.0000 -0.0000 -1.0000
vn -0.7236 0.5257 -0.4472
vn 0.2764 0.8507 -0.4472
vn 0.8944 -0.0000 -0.4472
vn 0.2764 -0.8507 -0.4472
vn -0.7236 -0.5257 -0.4472
vn -0.2764 0.8507 0.4472
vn 0.7236 0.5257 0.4472
vn 0.7236 -0.5257 0.4472
vn -0.2764 -0.8507 0.4472
vn -0.8944 -0.0000 0.4472
vn -0.0000 -0.0000 1.0000
vt 0.181819 0.000000
vt 0.272728 0.157461
vt 0.090910 0.157461
vt 0.363637 0.000000
vt 0.454546 0.157461
vt 0.909091 0.000000
vt 1.000000 0.157461
vt 0.818182 0.157461
vt 0.727273 0.000000
vt 0.636364 0.157461
vt 0.545455 0.000000
vt 0.363637 0.314921
vt 0.181819 0.314921
vt 0.909091 0.314921
vt 0.727273 0.314921
vt 0.545455 0.314921
vt 0.000000 0.314921
vt 0.272728 0.472382
vt 0.090910 0.472382
vt 0.818182 0.472382
vt 0.636364 0.472382
vt 0.454546 0.472382
s 1
usemtl Star.004
f 1971/2333/1872 1972/2334/1873 1973/2335/1874
f 1972/2334/1873 1971/2336/1872 1976/2337/1877
f 1971/2338/1872 1973/2339/1874 1974/2340/1875
f 1971/2341/1872 1974/2340/1875 1975/2342/1876
f 1971/2343/1872 1975/2342/1876 1976/2337/1877
f 1972/2334/1873 1976/2337/1877 1981/2344/1882
f 1973/2335/1874 1972/2334/1873 1977/2345/1878
f 1974/2340/1875 1973/2339/1874 1978/2346/1879
f 1975/2342/1876 1974/2340/1875 1979/2347/1880
f 1976/2337/1877 1975/2342/1876 1980/2348/1881
f 1972/2334/1873 1981/2344/1882 1977/2345/1878
f 1973/2335/1874 1977/2345/1878 1978/2349/1879
f 1974/2340/1875 1978/2346/1879 1979/2347/1880
f 1975/2342/1876 1979/2347/1880 1980/2348/1881
f 1976/2337/1877 1980/2348/1881 1981/2344/1882
f 1977/2345/1878 1981/2344/1882 1982/2350/1883
f 1978/2349/1879 1977/2345/1878 1982/2351/1883
f 1979/2347/1880 1978/2346/1879 1982/2352/1883
f 1980/2348/1881 1979/2347/1880 1982/2353/1883
f 1981/2344/1882 1980/2348/1881 1982/2354/1883
o Icosphere.008
v 7.000000 -8.200000 2.180000
v 6.840808 -8.084341 2.301613
v 7.060805 -8.012859 2.301613
v 7.196774 -8.200000 2.301613
v 7.060805 -8.387140 2.301613
v 6.840808 -8.315659 2.301613
v 6.939195 -8.012859 2.498387
v 7.159192 -8.084341 2.498387
v 7.159192 -8.315659 2.498387
v 6.939195 -8.387140 2.498387
v 6.803226 -8.200000 2.498387
v 7.000000 -8.200000 2.620000
vn -0.0000 -0.0000 -1.0000
vn -0.7236 0.5257 -0.4472
vn 0.2764 0.8507 -0.4472
vn 0.8944 -0.0000 -0.4472
vn 0.2764 -0.8507 -0.4472
vn -0.7236 -0.5257 -0.4472
vn -0.2764 0.8507 0.4472
vn 0.7236 0.5257 0.4472
vn 0.7236 -0.5257 0.4472
vn -0.2764 -0.8507 0.4472
vn -0.8944 -0.0000 0.4472
vn -0.0000 -0.0000 1.0000
vt 0.181819 0.000000
vt 0.272728 0.157461
vt 0.090910 0.157461
vt 0.363637 0.000000
vt 0.454546 0.157461
vt 0.909091 0.000000
vt 1.000000 0.157461
vt 0.818182 0.157461
vt 0.727273 0.000000
vt 0.636364 0.157461
vt 0.545455 0.000000
vt 0.363637 0.314921
vt 0.181819 0.314921
vt 0.909091 0.314921
vt 0.727273 0.314921
vt 0.545455 0.314921
vt 0.000000 0.314921
vt 0.272728 0.472382
vt 0.090910 0.472382
vt 0.818182 0.472382
vt 0.636364 0.472382
vt 0.454546 0.472382
s 1
usemtl Star.005
f 1983/2355/1884 1984/2356/1885 1985/2357/1886
f 1984/2356/1885 1983/2358/1884 1988/2359/1889
f 1983/2360/1884 1985/2361/1886 1986/2362/1887
f 1983/2363/1884 1986/2362/1887 1987/2364/1888
f 1983/2365/1884 1987/2364/1888 1988/2359/1889
f 1984/2356/1885 1988/2359/1889 1993/2366/1894
f 1985/2357/1886 1984/2356/1885 1989/2367/1890
f 1986/2362/1887 1985/2361/1886 1990/2368/1891
f 1987/2364/1888 1986/2362/1887 1991/2369/1892
f 1988/2359/1889 1987/2364/1888 1992/2370/1893
f 1984/2356/1885 1993/2366/1894 1989/2367/1890
f 1985/2357/1886 1989/2367/1890 1990/2371/1891
f 1986/2362/1887 1990/2368/1891 1991/2369/1892
f 1987/2364/1888 1991/2369/1892 1992/2370/1893
f 1988/2359/1889 1992/2370/1893 1993/2366/1894
f 1989/2367/1890 1993/2366/1894 1994/2372/1895
f 1990/2371/1891 1989/2367/1890 1994/2373/1895
f 1991/2369/1892 1990/2368/1891 1994/2374/1895
f 1992/2370/1893 1991/2369/1892 1994/2375/1895
f 1993/2366/1894 1992/2370/1893 1994/2376/1895
o Icosphere.009
v -7.500000 -8.400000 1.580000
v -7.659192 -8.284341 1.701613
v -7.439195 -8.212859 1.701613
v -7.303226 -8.400000 1.701613
v -7.439195 -8.587140 1.701613
v -7.659192 -8.515658 1.701613
v -7.560805 -8.212859 1.898387
v -7.340808 -8.284341 1.898387
v -7.340808 -8.515658 1.898387
v -7.560805 -8.587140 1.898387
v -7.696774 -8.400000 1.898387
v -7.500000 -8.400000 2.020000
vn -0.0000 -0.0000 -1.0000
vn -0.7236 0.5257 -0.4472
vn 0.2764 0.8507 -0.4472
vn 0.8944 -0.0000 -0.4472
vn 0.2764 -0.8507 -0.4472
vn -0.7236 -0.5257 -0.4472
vn -0.2764 0.8507 0.4472
vn 0.7236 0.5257 0.4472
vn 0.7236 -0.5257 0.4472
vn -0.2764 -0.8507 0.4472
vn -0.8944 -0.0000 0.4472
vn -0.0000 -0.0000 1.0000
vt 0.181819 0.000000
vt 0.272728 0.157461
vt 0.090910 0.157461
vt 0.363637 0.000000
vt 0.454546 0.157461
vt 0.909091 0.000000
vt 1.000000 0.157461
vt 0.818182 0.157461
vt 0.727273 0.000000
vt 0.636364 0.157461
vt 0.545455 0.000000
vt 0.363637 0.314921
vt 0.181819 0.314921
vt 0.909091 0.314921
vt 0.727273 0.314921
vt 0.545455 0.314921
vt 0.000000 0.314921
vt 0.272728 0.472382
vt 0.090910 0.472382
vt 0.818182 0.472382
vt 0.636364 0.472382
vt 0.454546 0.472382
s 1
usemtl Star.006
f 1995/2377/1896 1996/2378/1897 1997/2379/1898
f 1996/2378/1897 1995/2380/1896 2000/2381/1901
f 1995/2382/1896 1997/2383/1898 1998/2384/1899
f 1995/2385/1896 1998/2384/1899 1999/2386/1900
f 1995/2387/1896 1999/2386/1900 2000/2381/1901
f 1996/2378/1897 2000/2381/1901 2005/2388/1906
f 1997/2379/1898 1996/2378/1897 2001/2389/1902
f 1998/2384/1899 1997/2383/1898 2002/2390/1903
f 1999/2386/1900 1998/2384/1899 2003/2391/1904
f 2000/2381/1901 1999/2386/1900 2004/2392/1905
f 1996/2378/1897 2005/2388/1906 2001/2389/1902
f 1997/2379/1898 2001/2389/1902 2002/2393/1903
f 1998/2384/1899 2002/2390/1903 2003/2391/1904
f 1999/2386/1900 2003/2391/1904 2004/2392/1905
f 2000/2381/1901 2004/2392/1905 2005/2388/1906
f 2001/2389/1902 2005/2388/1906 2006/2394/1907
f 2002/2393/1903 2001/2389/1902 2006/2395/1907
f 2003/2391/1904 2002/2390/1903 2006/2396/1907
f 2004/2392/1905 2003/2391/1904 2006/2397/1907
f 2005/2388/1906 2004/2392/1905 2006/2398/1907
o Icosphere.010
v 12.500000 -1.000000 0.780000
v 12.340808 -0.884342 0.901613
v 12.560804 -0.812859 0.901613
v 12.696774 -1.000000 0.901613
v 12.560804 -1.187141 0.901613
v 12.340808 -1.115658 0.901613
v 12.439196 -0.812859 1.098387
v 12.659192 -0.884342 1.098387
v 12.659192 -1.115658 1.098387
v 12.439196 -1.187141 1.098387
v 12.303226 -1.000000 1.098387
v 12.500000 -1.000000 1.220000
vn -0.0000 -0.0000 -1.0000
vn -0.7236 0.5257 -0.4472
vn 0.2764 0.8507 -0.4472
vn 0.8944 -0.0000 -0.4472
vn 0.2764 -0.8507 -0.4472
vn -0.7236 -0.5257 -0.4472
vn -0.2764 0.8507 0.4472
vn 0.7236 0.5257 0.4472
vn 0.7236 -0.5257 0.4472
vn -0.2764 -0.8507 0.4472
vn -0.8944 -0.0000 0.4472
vn -0.0000 -0.0000 1.0000
vt 0.181819 0.000000
vt 0.272728 0.157461
vt 0.090910 0.157461
vt 0.363637 0.000000
vt 0.454546 0.157461
vt 0.909091 0.000000
vt 1.000000 0.157461
vt 0.818182 0.157461
vt 0.727273 0.000000
vt 0.636364 0.157461
vt 0.545455 0.000000
vt 0.363637 0.314921
vt 0.181819 0.314921
vt 0.909091 0.314921
vt 0.727273 0.314921
vt 0.545455 0.314921
vt 0.000000 0.314921
vt 0.272728 0.472382
vt 0.090910 0.472382
vt 0.818182 0.472382
vt 0.636364 0.472382
vt 0.454546 0.472382
s 1
usemtl Star.007
f 2007/2399/1908 2008/2400/1909 2009/2401/1910
f 2008/2400/1909 2007/2402/1908 2012/2403/1913
f 2007/2404/1908 2009/2405/1910 2010/2406/1911
f 2007/2407/1908 2010/2406/1911 2011/2408/1912
f 2007/2409/1908 2011/2408/1912 2012/2403/1913
f 2008/2400/1909 2012/2403/1913 2017/2410/1918
f 2009/2401/1910 2008/2400/1909 2013/2411/1914
f 2010/2406/1911 2009/2405/1910 2014/2412/1915
f 2011/2408/1912 2010/2406/1911 2015/2413/1916
f 2012/2403/1913 2011/2408/1912 2016/2414/1917
f 2008/2400/1909 2017/2410/1918 2013/2411/1914
f 2009/2401/1910 2013/2411/1914 2014/2415/1915
f 2010/2406/1911 2014/2412/1915 2015/2413/1916
f 2011/2408/1912 2015/2413/1916 2016/2414/1917
f 2012/2403/1913 2016/2414/1917 2017/2410/1918
f 2013/2411/1914 2017/2410/1918 2018/2416/1919
f 2014/2415/1915 2013/2411/1914 2018/2417/1919
f 2015/2413/1916 2014/2412/1915 2018/2418/1919
f 2016/2414/1917 2015/2413/1916 2018/2419/1919
f 2017/2410/1918 2016/2414/1917 2018/2420/1919
o Icosphere.011
v -12.500000 -1.500000 2.380000
v -12.659192 -1.384342 2.501613
v -12.439196 -1.312859 2.501613
v -12.303226 -1.500000 2.501613
v -12.439196 -1.687141 2.501613
v -12.659192 -1.615658 2.501613
v -12.560804 -1.312859 2.698387
v -12.340808 -1.384342 2.698387
v -12.340808 -1.615658 2.698387
v -12.560804 -1.687141 2.698387
v -12.696774 -1.500000 2.698387
v -12.500000 -1.500000 2.820000
vn -0.0000 -0.0000 -1.0000
vn -0.7236 0.5257 -0.4472
vn 0.2764 0.8507 -0.4472
vn 0.8944 -0.0000 -0.4472
vn 0.2764 -0.8507 -0.4472
vn -0.7236 -0.5257 -0.4472
vn -0.2764 0.8507 0.4472
vn 0.7236 0.5257 0.4472
vn 0.7236 -0.5257 0.4472
vn -0.2764 -0.8507 0.4472
vn -0.8944 -0.0000 0.4472
vn -0.0000 -0.0000 1.0000
vt 0.181819 0.000000
vt 0.272728 0.157461
vt 0.090910 0.157461
vt 0.363637 0.000000
vt 0.454546 0.157461
vt 0.909091 0.000000
vt 1.000000 0.157461
vt 0.818182 0.157461
vt 0.727273 0.000000
vt 0.636364 0.157461
vt 0.545455 0.000000
vt 0.363637 0.314921
vt 0.181819 0.314921
vt 0.909091 0.314921
vt 0.727273 0.314921
vt 0.545455 0.314921
vt 0.000000 0.314921
vt 0.272728 0.472382
vt 0.090910 0.472382
vt 0.818182 0.472382
vt 0.636364 0.472382
vt 0.454546 0.472382
s 1
usemtl Star.008
f 2019/2421/1920 2020/2422/1921 2021/2423/1922
f 2020/2422/1921 2019/2424/1920 2024/2425/1925
f 2019/2426/1920 2021/2427/1922 2022/2428/1923
f 2019/2429/1920 2022/2428/1923 2023/2430/1924
f 2019/2431/1920 2023/2430/1924 2024/2425/1925
f 2020/2422/1921 2024/2425/1925 2029/2432/1930
f 2021/2423/1922 2020/2422/1921 2025/2433/1926
f 2022/2428/1923 2021/2427/1922 2026/2434/1927
f 2023/2430/1924 2022/2428/1923 2027/2435/1928
f 2024/2425/1925 2023/2430/1924 2028/2436/1929
f 2020/2422/1921 2029/2432/1930 2025/2433/1926
f 2021/2423/1922 2025/2433/1926 2026/2437/1927
f 2022/2428/1923 2026/2434/1927 2027/2435/1928
f 2023/2430/1924 2027/2435/1928 2028/2436/1929
f 2024/2425/1925 2028/2436/1929 2029/2432/1930
f 2025/2433/1926 2029/2432/1930 2030/2438/1931
f 2026/2437/1927 2025/2433/1926 2030/2439/1931
f 2027/2435/1928 2026/2434/1927 2030/2440/1931
f 2028/2436/1929 2027/2435/1928 2030/2441/1931
f 2029/2432/1930 2028/2436/1929 2030/2442/1931
o Icosphere.012
v -5.000000 8.400000 1.280000
v -5.159192 8.515658 1.401613
v -4.939195 8.587140 1.401613
v -4.803226 8.400000 1.401613
v -4.939195 8.212859 1.401613
v -5.159192 8.284341 1.401613
v -5.060805 8.587140 1.598387
v -4.840808 8.515658 1.598387
v -4.840808 8.284341 1.598387
v -5.060805 8.212859 1.598387
v -5.196774 8.400000 1.598387
v -5.000000 8.400000 1.720000
vn -0.0000 -0.0000 -1.0000
vn -0.7236 0.5257 -0.4472
vn 0.2764 0.8507 -0.4472
vn 0.8944 -0.0000 -0.4472
vn 0.2764 -0.8507 -0.4472
vn -0.7236 -0.5257 -0.4472
vn -0.2764 0.8507 0.4472
vn 0.7236 0.5257 0.4472
vn 0.7236 -0.5257 0.4472
vn -0.2764 -0.8507 0.4472
vn -0.8944 -0.0000 0.4472
vn -0.0000 -0.0000 1.0000
vt 0.181819 0.000000
vt 0.272728 0.157461
vt 0.090910 0.157461
vt 0.363637 0.000000
vt 0.454546 0.157461
vt 0.909091 0.000000
vt 1.000000 0.157461
vt 0.818182 0.157461
vt 0.727273 0.000000
vt 0.636364 0.157461
vt 0.545455 0.000000
vt 0.363637 0.314921
vt 0.181819 0.314921
vt 0.909091 0.314921
vt 0.727273 0.314921
vt 0.545455 0.314921
vt 0.000000 0.314921
vt 0.272728 0.472382
vt 0.090910 0.472382
vt 0.818182 0.472382
vt 0.636364 0.472382
vt 0.454546 0.472382
s 1
usemtl Star.009
f 2031/2443/1932 2032/2444/1933 2033/2445/1934
f 2032/2444/1933 2031/2446/1932 2036/2447/1937
f 2031/2448/1932 2033/2449/1934 2034/2450/1935
f 2031/2451/1932 2034/2450/1935 2035/2452/1936
f 2031/2453/1932 2035/2452/1936 2036/2447/1937
f 2032/2444/1933 2036/2447/1937 2041/2454/1942
f 2033/2445/1934 2032/2444/1933 2037/2455/1938
f 2034/2450/1935 2033/2449/1934 2038/2456/1939
f 2035/2452/1936 2034/2450/1935 2039/2457/1940
f 2036/2447/1937 2035/2452/1936 2040/2458/1941
f 2032/2444/1933 2041/2454/1942 2037/2455/1938
f 2033/2445/1934 2037/2455/1938 2038/2459/1939
f 2034/2450/1935 2038/2456/1939 2039/2457/1940
f 2035/2452/1936 2039/2457/1940 2040/2458/1941
f 2036/2447/1937 2040/2458/1941 2041/2454/1942
f 2037/2455/1938 2041/2454/1942 2042/2460/1943
f 2038/2459/1939 2037/2455/1938 2042/2461/1943
f 2039/2457/1940 2038/2456/1939 2042/2462/1943
f 2040/2458/1941 2039/2457/1940 2042/2463/1943
f 2041/2454/1942 2040/2458/1941 2042/2464/1943
o Icosphere.013
v 5.000000 8.400000 1.880000
v 4.840808 8.515658 2.001613
v 5.060805 8.587140 2.001613
v 5.196774 8.400000 2.001613
v 5.060805 8.212859 2.001613
v 4.840808 8.284341 2.001613
v 4.939195 8.587140 2.198387
v 5.159192 8.515658 2.198387
v 5.159192 8.284341 2.198387
v 4.939195 8.212859 2.198387
v 4.803226 8.400000 2.198387
v 5.000000 8.400000 2.320000
vn -0.0000 -0.0000 -1.0000
vn -0.7236 0.5257 -0.4472
vn 0.2764 0.8507 -0.4472
vn 0.8944 -0.0000 -0.4472
vn 0.2764 -0.8507 -0.4472
vn -0.7236 -0.5257 -0.4472
vn -0.2764 0.8507 0.4472
vn 0.7236 0.5257 0.4472
vn 0.7236 -0.5257 0.4472
vn -0.2764 -0.8507 0.4472
vn -0.8944 -0.0000 0.4472
vn -0.0000 -0.0000 1.0000
vt 0.181819 0.000000
vt 0.272728 0.157461
vt 0.090910 0.157461
vt 0.363637 0.000000
vt 0.454546 0.157461
vt 0.909091 0.000000
vt 1.000000 0.157461
vt 0.818182 0.157461
vt 0.727273 0.000000
vt 0.636364 0.157461
vt 0.545455 0.000000
vt 0.363637 0.314921
vt 0.181819 0.314921
vt 0.909091 0.314921
vt 0.727273 0.314921
vt 0.545455 0.314921
vt 0.000000 0.314921
vt 0.272728 0.472382
vt 0.090910 0.472382
vt 0.818182 0.472382
vt 0.636364 0.472382
vt 0.454546 0.472382
s 1
usemtl Star.010
f 2043/2465/1944 2044/2466/1945 2045/2467/1946
f 2044/2466/1945 2043/2468/1944 2048/2469/1949
f 2043/2470/1944 2045/2471/1946 2046/2472/1947
f 2043/2473/1944 2046/2472/1947 2047/2474/1948
f 2043/2475/1944 2047/2474/1948 2048/2469/1949
f 2044/2466/1945 2048/2469/1949 2053/2476/1954
f 2045/2467/1946 2044/2466/1945 2049/2477/1950
f 2046/2472/1947 2045/2471/1946 2050/2478/1951
f 2047/2474/1948 2046/2472/1947 2051/2479/1952
f 2048/2469/1949 2047/2474/1948 2052/2480/1953
f 2044/2466/1945 2053/2476/1954 2049/2477/1950
f 2045/2467/1946 2049/2477/1950 2050/2481/1951
f 2046/2472/1947 2050/2478/1951 2051/2479/1952
f 2047/2474/1948 2051/2479/1952 2052/2480/1953
f 2048/2469/1949 2052/2480/1953 2053/2476/1954
f 2049/2477/1950 2053/2476/1954 2054/2482/1955
f 2050/2481/1951 2049/2477/1950 2054/2483/1955
f 2051/2479/1952 2050/2478/1951 2054/2484/1955
f 2052/2480/1953 2051/2479/1952 2054/2485/1955
f 2053/2476/1954 2052/2480/1953 2054/2486/1955
o Icosphere.014
v -8.500000 7.000000 -0.156000
v -9.158476 7.382724 0.145821
v -8.248489 7.619266 0.145821
v -7.686073 7.000000 0.145821
v -8.248489 6.380734 0.145821
v -9.158476 6.617276 0.145821
v -8.751511 7.619266 0.634179
v -7.841524 7.382724 0.634179
v -7.841524 6.617276 0.634179
v -8.751511 6.380734 0.634179
v -9.313927 7.000000 0.634179
v -8.500000 7.000000 0.936000
vn -0.0008 -0.0000 -1.0000
vn -0.6876 0.5442 -0.4807
vn 0.2482 0.8457 -0.4725
vn 0.8763 -0.0000 -0.4817
vn 0.2482 -0.8457 -0.4725
vn -0.6876 -0.5442 -0.4807
vn -0.2482 0.8457 0.4725
vn 0.6876 0.5442 0.4807
vn 0.6876 -0.5442 0.4807
vn -0.2482 -0.8457 0.4725
vn -0.8763 -0.0000 0.4817
vn 0.0008 -0.0000 1.0000
vt 0.181819 0.000000
vt 0.272728 0.157461
vt 0.090910 0.157461
vt 0.363637 0.000000
vt 0.454546 0.157461
vt 0.909091 0.000000
vt 1.000000 0.157461
vt 0.818182 0.157461
vt 0.727273 0.000000
vt 0.636364 0.157461
vt 0.545455 0.000000
vt 0.363637 0.314921
vt 0.181819 0.314921
vt 0.909091 0.314921
vt 0.727273 0.314921
vt 0.545455 0.314921
vt 0.000000 0.314921
vt 0.272728 0.472382
vt 0.090910 0.472382
vt 0.818182 0.472382
vt 0.636364 0.472382
vt 0.454546 0.472382
s 1
usemtl Rock
f 2055/2487/1956 2056/2488/1957 2057/2489/1958
f 2056/2488/1957 2055/2490/1956 2060/2491/1961
f 2055/2492/1956 2057/2493/1958 2058/2494/1959
f 2055/2495/1956 2058/2494/1959 2059/2496/1960
f 2055/2497/1956 2059/2496/1960 2060/2491/1961
f 2056/2488/1957 2060/2491/1961 2065/2498/1966
f 2057/2489/1958 2056/2488/1957 2061/2499/1962
f 2058/2494/1959 2057/2493/1958 2062/2500/1963
f 2059/2496/1960 2058/2494/1959 2063/2501/1964
f 2060/2491/1961 2059/2496/1960 2064/2502/1965
f 2056/2488/1957 2065/2498/1966 2061/2499/1962
f 2057/2489/1958 2061/2499/1962 2062/2503/1963
f 2058/2494/1959 2062/2500/1963 2063/2501/1964
f 2059/2496/1960 2063/2501/1964 2064/2502/1965
f 2060/2491/1961 2064/2502/1965 2065/2498/1966
f 2061/2499/1962 2065/2498/1966 2066/2504/1967
f 2062/2503/1963 2061/2499/1962 2066/2505/1967
f 2063/2501/1964 2062/2500/1963 2066/2506/1967
f 2064/2502/1965 2063/2501/1964 2066/2507/1967
f 2065/2498/1966 2064/2502/1965 2066/2508/1967
o Icosphere.015
v 8.500000 -7.000000 -0.120000
v 7.993480 -6.705597 0.112170
v 8.693469 -6.523642 0.112170
v 9.126098 -7.000000 0.112170
v 8.693469 -7.476358 0.112170
v 7.993480 -7.294403 0.112170
v 8.306531 -6.523642 0.487830
v 9.006520 -6.705597 0.487830
v 9.006520 -7.294403 0.487830
v 8.306531 -7.476358 0.487830
v 7.873902 -7.000000 0.487830
v 8.500000 -7.000000 0.720000
vn -0.0008 -0.0000 -1.0000
vn -0.6876 0.5442 -0.4807
vn 0.2482 0.8457 -0.4725
vn 0.8763 -0.0000 -0.4817
vn 0.2482 -0.8457 -0.4725
vn -0.6876 -0.5442 -0.4807
vn -0.2482 0.8457 0.4725
vn 0.6876 0.5442 0.4807
vn 0.6876 -0.5442 0.4807
vn -0.2482 -0.8457 0.4725
vn -0.8763 -0.0000 0.4817
vn 0.0008 -0.0000 1.0000
vt 0.181819 0.000000
vt 0.272728 0.157461
vt 0.090910 0.157461
vt 0.363637 0.000000
vt 0.454546 0.157461
vt 0.909091 0.000000
vt 1.000000 0.157461
vt 0.818182 0.157461
vt 0.727273 0.000000
vt 0.636364 0.157461
vt 0.545455 0.000000
vt 0.363637 0.314921
vt 0.181819 0.314921
vt 0.909091 0.314921
vt 0.727273 0.314921
vt 0.545455 0.314921
vt 0.000000 0.314921
vt 0.272728 0.472382
vt 0.090910 0.472382
vt 0.818182 0.472382
vt 0.636364 0.472382
vt 0.454546 0.472382
s 1
usemtl Rock.001
f 2067/2509/1968 2068/2510/1969 2069/2511/1970
f 2068/2510/1969 2067/2512/1968 2072/2513/1973
f 2067/2514/1968 2069/2515/1970 2070/2516/1971
f 2067/2517/1968 2070/2516/1971 2071/2518/1972
f 2067/2519/1968 2071/2518/1972 2072/2513/1973
f 2068/2510/1969 2072/2513/1973 2077/2520/1978
f 2069/2511/1970 2068/2510/1969 2073/2521/1974
f 2070/2516/1971 2069/2515/1970 2074/2522/1975
f 2071/2518/1972 2070/2516/1971 2075/2523/1976
f 2072/2513/1973 2071/2518/1972 2076/2524/1977
f 2068/2510/1969 2077/2520/1978 2073/2521/1974
f 2069/2511/1970 2073/2521/1974 2074/2525/1975
f 2070/2516/1971 2074/2522/1975 2075/2523/1976
f 2071/2518/1972 2075/2523/1976 2076/2524/1977
f 2072/2513/1973 2076/2524/1977 2077/2520/1978
f 2073/2521/1974 2077/2520/1978 2078/2526/1979
f 2074/2525/1975 2073/2521/1974 2078/2527/1979
f 2075/2523/1976 2074/2522/1975 2078/2528/1979
f 2076/2524/1977 2075/2523/1976 2078/2529/1979
f 2077/2520/1978 2076/2524/1977 2078/2530/1979
