# Blender 5.1.2
# www.blender.org
mtllib carthabot_simworld.mtl
o MatRim
v 13.309999 10.309999 -0.190000
v 13.309999 10.400000 -0.100000
v 13.400000 10.309999 -0.100000
v 13.309999 10.354940 -0.177976
v 13.354939 10.309999 -0.177976
v 13.353038 10.353039 -0.166297
v 13.354939 10.387976 -0.100000
v 13.309999 10.387976 -0.144941
v 13.353038 10.376296 -0.143039
v 13.387975 10.309999 -0.144941
v 13.387975 10.354940 -0.100000
v 13.376295 10.353039 -0.143039
v 13.309999 10.400000 -0.100000
v 13.309999 10.309999 -0.010000
v 13.400000 10.309999 -0.100000
v 13.309999 10.387976 -0.055059
v 13.354939 10.387976 -0.100000
v 13.353038 10.376296 -0.056961
v 13.354939 10.309999 -0.022024
v 13.309999 10.354940 -0.022024
v 13.353038 10.353039 -0.033703
v 13.387975 10.354940 -0.100000
v 13.387975 10.309999 -0.055059
v 13.376295 10.353039 -0.056961
v 13.309999 -10.309999 -0.190000
v 13.400000 -10.309999 -0.100000
v 13.309999 -10.400000 -0.100000
v 13.354939 -10.309999 -0.177976
v 13.309999 -10.354940 -0.177976
v 13.353038 -10.353039 -0.166297
v 13.387975 -10.354940 -0.100000
v 13.387975 -10.309999 -0.144941
v 13.376295 -10.353039 -0.143039
v 13.309999 -10.387976 -0.144941
v 13.354939 -10.387976 -0.100000
v 13.353038 -10.376296 -0.143039
v 13.309999 -10.309999 -0.010000
v 13.309999 -10.400000 -0.100000
v 13.400000 -10.309999 -0.100000
v 13.309999 -10.354940 -0.022024
v 13.354939 -10.309999 -0.022024
v 13.353038 -10.353039 -0.033703
v 13.354939 -10.387976 -0.100000
v 13.309999 -10.387976 -0.055059
v 13.353038 -10.376296 -0.056961
v 13.387975 -10.309999 -0.055059
v 13.387975 -10.354940 -0.100000
v 13.376295 -10.353039 -0.056961
v -13.309999 10.309999 -0.190000
v -13.400000 10.309999 -0.100000
v -13.309999 10.400000 -0.100000
v -13.354939 10.309999 -0.177976
v -13.309999 10.354940 -0.177976
v -13.353038 10.353039 -0.166297
v -13.387975 10.354940 -0.100000
v -13.387975 10.309999 -0.144941
v -13.376295 10.353039 -0.143039
v -13.309999 10.387976 -0.144941
v -13.354939 10.387976 -0.100000
v -13.353038 10.376296 -0.143039
v -13.309999 10.309999 -0.010000
v -13.309999 10.400000 -0.100000
v -13.400000 10.309999 -0.100000
v -13.309999 10.354940 -0.022024
v -13.354939 10.309999 -0.022024
v -13.353038 10.353039 -0.033703
v -13.354939 10.387976 -0.100000
v -13.309999 10.387976 -0.055059
v -13.353038 10.376296 -0.056961
v -13.387975 10.309999 -0.055059
v -13.387975 10.354940 -0.100000
v -13.376295 10.353039 -0.056961
v -13.309999 -10.309999 -0.190000
v -13.309999 -10.400000 -0.100000
v -13.400000 -10.309999 -0.100000
v -13.309999 -10.354940 -0.177976
v -13.354939 -10.309999 -0.177976
v -13.353038 -10.353039 -0.166297
v -13.354939 -10.387976 -0.100000
v -13.309999 -10.387976 -0.144941
v -13.353038 -10.376296 -0.143039
v -13.387975 -10.309999 -0.144941
v -13.387975 -10.354940 -0.100000
v -13.376295 -10.353039 -0.143039
v -13.309999 -10.309999 -0.010000
v -13.400000 -10.309999 -0.100000
v -13.309999 -10.400000 -0.100000
v -13.354939 -10.309999 -0.022024
v -13.309999 -10.354940 -0.022024
v -13.353038 -10.353039 -0.033703
v -13.387975 -10.354940 -0.100000
v -13.387975 -10.309999 -0.055059
v -13.376295 -10.353039 -0.056961
v -13.309999 -10.387976 -0.055059
v -13.354939 -10.387976 -0.100000
v -13.353038 -10.376296 -0.056961
vn 0.1296 0.1296 -0.9831
vn 0.1025 0.7749 0.6238
vn 0.7749 0.1024 0.6238
vn 0.1216 0.4915 -0.8623
vn 0.4915 0.1216 -0.8623
vn 0.4473 0.4473 -0.7744
vn 0.3723 0.6618 0.6507
vn 0.1216 0.8623 -0.4916
vn 0.4474 0.7744 -0.4473
vn 0.8623 0.1216 -0.4916
vn 0.6618 0.3723 0.6507
vn 0.7744 0.4474 -0.4474
vn 0.0785 0.5941 0.8006
vn 0.1296 0.1296 0.9831
vn 0.5941 0.0786 0.8006
vn 0.1216 0.8623 0.4916
vn 0.2898 0.5152 0.8066
vn 0.4474 0.7744 0.4474
vn 0.4915 0.1216 0.8623
vn 0.1216 0.4915 0.8623
vn 0.4474 0.4474 0.7744
vn 0.5152 0.2898 0.8066
vn 0.8623 0.1216 0.4916
vn 0.7744 0.4474 0.4474
vn 0.1296 -0.1296 -0.9831
vn 0.7749 -0.1025 0.6238
vn 0.1025 -0.7749 0.6238
vn 0.4915 -0.1216 -0.8623
vn 0.1216 -0.4915 -0.8623
vn 0.4473 -0.4474 -0.7744
vn 0.6618 -0.3723 0.6507
vn 0.8623 -0.1216 -0.4916
vn 0.7744 -0.4474 -0.4473
vn 0.1216 -0.8623 -0.4916
vn 0.3723 -0.6618 0.6507
vn 0.4474 -0.7744 -0.4473
vn 0.1296 -0.1296 0.9831
vn 0.0785 -0.5941 0.8006
vn 0.5941 -0.0785 0.8006
vn 0.1216 -0.4915 0.8623
vn 0.4915 -0.1216 0.8623
vn 0.4473 -0.4473 0.7744
vn 0.2898 -0.5152 0.8066
vn 0.1216 -0.8623 0.4916
vn 0.4474 -0.7744 0.4474
vn 0.8623 -0.1216 0.4916
vn 0.5152 -0.2898 0.8066
vn 0.7744 -0.4474 0.4473
vn -0.1296 0.1296 -0.9831
vn -0.7749 0.1025 0.6238
vn -0.1025 0.7749 0.6238
vn -0.4915 0.1216 -0.8623
vn -0.1216 0.4915 -0.8623
vn -0.4473 0.4474 -0.7744
vn -0.6618 0.3723 0.6507
vn -0.8623 0.1216 -0.4916
vn -0.7744 0.4474 -0.4473
vn -0.1216 0.8623 -0.4916
vn -0.3723 0.6618 0.6507
vn -0.4474 0.7744 -0.4473
vn -0.1296 0.1296 0.9831
vn -0.0785 0.5941 0.8006
vn -0.5941 0.0785 0.8006
vn -0.1216 0.4915 0.8623
vn -0.4915 0.1216 0.8623
vn -0.4473 0.4473 0.7744
vn -0.2898 0.5152 0.8066
vn -0.1216 0.8623 0.4916
vn -0.4474 0.7744 0.4474
vn -0.8623 0.1216 0.4916
vn -0.5152 0.2898 0.8066
vn -0.7744 0.4474 0.4473
vn -0.1296 -0.1296 -0.9831
vn -0.1025 -0.7749 0.6238
vn -0.7749 -0.1024 0.6238
vn -0.1216 -0.4915 -0.8623
vn -0.4915 -0.1216 -0.8623
vn -0.4473 -0.4473 -0.7744
vn -0.3723 -0.6618 0.6507
vn -0.1216 -0.8623 -0.4916
vn -0.4474 -0.7744 -0.4473
vn -0.8623 -0.1216 -0.4916
vn -0.6618 -0.3723 0.6507
vn -0.7744 -0.4474 -0.4474
vn -0.1296 -0.1296 0.9831
vn -0.5941 -0.0786 0.8006
vn -0.0785 -0.5941 0.8006
vn -0.4915 -0.1216 0.8623
vn -0.1216 -0.4915 0.8623
vn -0.4474 -0.4474 0.7744
vn -0.5152 -0.2898 0.8066
vn -0.8623 -0.1216 0.4916
vn -0.7744 -0.4474 0.4474
vn -0.1216 -0.8623 0.4916
vn -0.2898 -0.5152 0.8066
vn -0.4474 -0.7744 0.4473
vt 0.125840 0.748918
vt 0.125840 0.749458
vt 0.125438 0.749435
vt 0.125420 0.748918
vt 0.125840 0.750000
vt 0.125438 0.750000
vt 0.500000 0.999160
vt 0.500000 1.000000
vt 0.375000 0.999562
vt 0.375000 0.999160
vt 0.500000 0.000000
vt 0.500000 0.000542
vt 0.375000 0.000564
vt 0.375000 0.000000
vt 0.500000 0.001082
vt 0.375000 0.001082
vt 0.125000 0.748918
vt 0.125000 0.749436
vt 0.562418 0.999160
vt 0.559776 1.000000
vt 0.625000 0.999160
vt 0.625000 1.000000
vt 0.874160 0.748918
vt 0.875000 0.748918
vt 0.875000 0.749436
vt 0.874160 0.750000
vt 0.625000 0.001082
vt 0.562418 0.001082
vt 0.559777 0.000564
vt 0.625000 0.000564
vt 0.559776 0.000000
vt 0.125840 0.501082
vt 0.125420 0.501082
vt 0.125438 0.500564
vt 0.125840 0.500542
vt 0.125000 0.501082
vt 0.125000 0.500564
vt 0.500000 0.248918
vt 0.500000 0.249458
vt 0.375000 0.249436
vt 0.375000 0.248918
vt 0.500000 0.250420
vt 0.375000 0.250438
vt 0.500000 0.250840
vt 0.375000 0.250840
vt 0.125840 0.500000
vt 0.125438 0.500000
vt 0.874160 0.501082
vt 0.874160 0.500000
vt 0.875000 0.500564
vt 0.875000 0.501082
vt 0.625000 0.250840
vt 0.562418 0.250840
vt 0.559776 0.250257
vt 0.625000 0.249624
vt 0.559776 0.249436
vt 0.562418 0.248918
vt 0.625000 0.248918
vt 0.374160 0.748918
vt 0.374580 0.748918
vt 0.374562 0.749435
vt 0.374160 0.749458
vt 0.437582 0.748918
vt 0.423862 0.749436
vt 0.500000 0.748918
vt 0.500000 0.749458
vt 0.500000 0.750420
vt 0.374781 0.750219
vt 0.500000 0.750840
vt 0.374580 0.750420
vt 0.625840 0.748918
vt 0.625420 0.750420
vt 0.625219 0.750219
vt 0.625420 0.748918
vt 0.562418 0.750840
vt 0.559776 0.750438
vt 0.559776 0.749632
vt 0.562418 0.748918
vt 0.374160 0.501082
vt 0.374160 0.500542
vt 0.374562 0.500564
vt 0.374580 0.501082
vt 0.374580 0.499580
vt 0.374781 0.499781
vt 0.500000 0.499160
vt 0.500000 0.499580
vt 0.500000 0.500542
vt 0.423862 0.500564
vt 0.500000 0.501082
vt 0.437582 0.501082
vt 0.625840 0.501082
vt 0.625420 0.501082
vt 0.625219 0.499781
vt 0.625420 0.499580
vt 0.562418 0.501082
vt 0.559777 0.500368
vt 0.559776 0.499562
vt 0.562418 0.499160
s 1
usemtl SimMatEdge
f 1/1/1 4/2/4 6/3/6 5/4/5
f 4/2/4 8/5/8 9/6/9 6/3/6
f 2/7/2 7/8/7 9/9/9 8/10/8
f 7/11/7 11/12/11 12/13/12 9/14/9
f 3/15/3 10/16/10 12/13/12 11/12/11
f 10/17/10 5/4/5 6/3/6 12/18/12
f 6/3/6 9/6/9 12/18/12
f 13/7/13 16/19/16 18/20/18 17/8/17
f 16/19/16 20/21/20 21/22/21 18/20/18
f 14/23/14 19/24/19 21/25/21 20/26/20
f 19/27/19 23/28/23 24/29/24 21/30/21
f 15/15/15 22/12/22 24/29/24 23/28/23
f 22/12/22 17/11/17 18/31/18 24/29/24
f 18/31/18 21/30/21 24/29/24
f 25/32/25 28/33/28 30/34/30 29/35/29
f 28/33/28 32/36/32 33/37/33 30/34/30
f 26/38/26 31/39/31 33/40/33 32/41/32
f 31/39/31 35/42/35 36/43/36 33/40/33
f 27/44/27 34/45/34 36/43/36 35/42/35
f 34/46/34 29/35/29 30/34/30 36/47/36
f 30/34/30 33/37/33 36/47/36
f 37/48/37 40/49/40 42/50/42 41/51/41
f 40/52/40 44/53/44 45/54/45 42/55/42
f 38/44/38 43/42/43 45/54/45 44/53/44
f 43/42/43 47/39/47 48/56/48 45/54/45
f 39/38/39 46/57/46 48/56/48 47/39/47
f 46/57/46 41/58/41 42/55/42 48/56/48
f 42/55/42 45/54/45 48/56/48
f 49/59/49 52/60/52 54/61/54 53/62/53
f 52/60/52 56/63/56 57/64/57 54/61/54
f 50/65/50 55/66/55 57/64/57 56/63/56
f 55/66/55 59/67/59 60/68/60 57/64/57
f 51/69/51 58/70/58 60/68/60 59/67/59
f 58/70/58 53/62/53 54/61/54 60/68/60
f 54/61/54 57/64/57 60/68/60
f 61/71/61 64/72/64 66/73/66 65/74/65
f 64/72/64 68/75/68 69/76/69 66/73/66
f 62/69/62 67/67/67 69/76/69 68/75/68
f 67/67/67 71/66/71 72/77/72 69/76/69
f 63/65/63 70/78/70 72/77/72 71/66/71
f 70/78/70 65/74/65 66/73/66 72/77/72
f 66/73/66 69/76/69 72/77/72
f 73/79/73 76/80/76 78/81/78 77/82/77
f 76/80/76 80/83/80 81/84/81 78/81/78
f 74/85/74 79/86/79 81/84/81 80/83/80
f 79/86/79 83/87/83 84/88/84 81/84/81
f 75/89/75 82/90/82 84/88/84 83/87/83
f 82/90/82 77/82/77 78/81/78 84/88/84
f 78/81/78 81/84/81 84/88/84
f 85/91/85 88/92/88 90/93/90 89/94/89
f 88/92/88 92/95/92 93/96/93 90/93/90
f 86/89/86 91/87/91 93/96/93 92/95/92
f 91/87/91 95/86/95 96/97/96 93/96/93
f 87/85/87 94/98/94 96/97/96 95/86/95
f 94/98/94 89/94/89 90/93/90 96/97/96
f 90/93/90 93/96/93 96/97/96
f 25/32/25 1/1/1 5/4/5 28/33/28
f 28/33/28 5/4/5 10/17/10 32/36/32
f 32/41/32 10/16/10 3/15/3 26/38/26
f 2/7/2 13/7/13 17/8/17 7/8/7
f 7/11/7 17/11/17 22/12/22 11/12/11
f 11/12/11 22/12/22 15/15/15 3/15/3
f 14/23/14 37/48/37 41/51/41 19/24/19
f 19/27/19 41/58/41 46/57/46 23/28/23
f 23/28/23 46/57/46 39/38/39 15/15/15
f 38/44/38 27/44/27 35/42/35 43/42/43
f 43/42/43 35/42/35 31/39/31 47/39/47
f 47/39/47 31/39/31 26/38/26 39/38/39
f 73/79/73 25/32/25 29/35/29 76/80/76
f 76/80/76 29/35/29 34/46/34 80/83/80
f 80/83/80 34/45/34 27/44/27 74/85/74
f 37/48/37 85/91/85 89/94/89 40/49/40
f 40/52/40 89/94/89 94/98/94 44/53/44
f 44/53/44 94/98/94 87/85/87 38/44/38
f 86/89/86 75/89/75 83/87/83 91/87/91
f 91/87/91 83/87/83 79/86/79 95/86/95
f 95/86/95 79/86/79 74/85/74 87/85/87
f 49/59/49 73/79/73 77/82/77 52/60/52
f 52/60/52 77/82/77 82/90/82 56/63/56
f 56/63/56 82/90/82 75/89/75 50/65/50
f 85/91/85 61/71/61 65/74/65 88/92/88
f 88/92/88 65/74/65 70/78/70 92/95/92
f 92/95/92 70/78/70 63/65/63 86/89/86
f 62/69/62 51/69/51 59/67/59 67/67/67
f 67/67/67 59/67/59 55/66/55 71/66/71
f 71/66/71 55/66/55 50/65/50 63/65/63
f 1/1/1 49/59/49 53/62/53 4/2/4
f 4/2/4 53/62/53 58/70/58 8/5/8
f 8/10/8 58/70/58 51/69/51 2/7/2
f 61/71/61 14/23/14 20/26/20 64/72/64
f 64/72/64 20/21/20 16/19/16 68/75/68
f 68/75/68 16/19/16 13/7/13 62/69/62
f 25/32/25 73/79/73 49/59/49 1/1/1
f 3/15/3 15/15/15 39/38/39 26/38/26
f 51/69/51 62/69/62 13/7/13 2/7/2
f 85/91/85 37/48/37 14/23/14 61/71/61
f 27/44/27 38/44/38 87/85/87 74/85/74
f 75/89/75 86/89/86 63/65/63 50/65/50
o PlayMat
v 12.920000 9.920000 -0.130000
v 12.920000 10.000000 -0.050000
v 13.000000 9.920000 -0.050000
v 12.920000 9.959948 -0.119312
v 12.959948 9.920000 -0.119312
v 12.958257 9.958257 -0.108931
v 12.959948 9.989312 -0.050000
v 12.920000 9.989312 -0.089948
v 12.958257 9.978930 -0.088257
v 12.989312 9.920000 -0.089948
v 12.989312 9.959948 -0.050000
v 12.978930 9.958257 -0.088257
v 12.920000 10.000000 -0.050000
v 12.920000 9.920000 0.030000
v 13.000000 9.920000 -0.050000
v 12.920000 9.989312 -0.010052
v 12.959948 9.989312 -0.050000
v 12.958257 9.978930 -0.011743
v 12.959948 9.920000 0.019312
v 12.920000 9.959948 0.019312
v 12.958257 9.958257 0.008931
v 12.989312 9.959948 -0.050000
v 12.989312 9.920000 -0.010052
v 12.978930 9.958257 -0.011743
v 12.920000 -9.920000 -0.130000
v 13.000000 -9.920000 -0.050000
v 12.920000 -10.000000 -0.050000
v 12.959948 -9.920000 -0.119312
v 12.920000 -9.959948 -0.119312
v 12.958257 -9.958257 -0.108931
v 12.989312 -9.959948 -0.050000
v 12.989312 -9.920000 -0.089948
v 12.978930 -9.958257 -0.088257
v 12.920000 -9.989312 -0.089948
v 12.959948 -9.989312 -0.050000
v 12.958257 -9.978930 -0.088257
v 12.920000 -9.920000 0.030000
v 12.920000 -10.000000 -0.050000
v 13.000000 -9.920000 -0.050000
v 12.920000 -9.959948 0.019312
v 12.959948 -9.920000 0.019312
v 12.958257 -9.958257 0.008931
v 12.959948 -9.989312 -0.050000
v 12.920000 -9.989312 -0.010052
v 12.958257 -9.978930 -0.011743
v 12.989312 -9.920000 -0.010052
v 12.989312 -9.959948 -0.050000
v 12.978930 -9.958257 -0.011743
v -12.920000 9.920000 -0.130000
v -13.000000 9.920000 -0.050000
v -12.920000 10.000000 -0.050000
v -12.959948 9.920000 -0.119312
v -12.920000 9.959948 -0.119312
v -12.958257 9.958257 -0.108931
v -12.989312 9.959948 -0.050000
v -12.989312 9.920000 -0.089948
v -12.978930 9.958257 -0.088257
v -12.920000 9.989312 -0.089948
v -12.959948 9.989312 -0.050000
v -12.958257 9.978930 -0.088257
v -12.920000 9.920000 0.030000
v -12.920000 10.000000 -0.050000
v -13.000000 9.920000 -0.050000
v -12.920000 9.959948 0.019312
v -12.959948 9.920000 0.019312
v -12.958257 9.958257 0.008931
v -12.959948 9.989312 -0.050000
v -12.920000 9.989312 -0.010052
v -12.958257 9.978930 -0.011743
v -12.989312 9.920000 -0.010052
v -12.989312 9.959948 -0.050000
v -12.978930 9.958257 -0.011743
v -12.920000 -9.920000 -0.130000
v -12.920000 -10.000000 -0.050000
v -13.000000 -9.920000 -0.050000
v -12.920000 -9.959948 -0.119312
v -12.959948 -9.920000 -0.119312
v -12.958257 -9.958257 -0.108931
v -12.959948 -9.989312 -0.050000
v -12.920000 -9.989312 -0.089948
v -12.958257 -9.978930 -0.088257
v -12.989312 -9.920000 -0.089948
v -12.989312 -9.959948 -0.050000
v -12.978930 -9.958257 -0.088257
v -12.920000 -9.920000 0.030000
v -13.000000 -9.920000 -0.050000
v -12.920000 -10.000000 -0.050000
v -12.959948 -9.920000 0.019312
v -12.920000 -9.959948 0.019312
v -12.958257 -9.958257 0.008931
v -12.989312 -9.959948 -0.050000
v -12.989312 -9.920000 -0.010052
v -12.978930 -9.958257 -0.011743
v -12.920000 -9.989312 -0.010052
v -12.959948 -9.989312 -0.050000
v -12.958257 -9.978930 -0.011743
vn 0.1296 0.1296 -0.9831
vn 0.1191 0.9844 -0.1294
vn 0.9820 0.1370 -0.1297
vn 0.1216 0.4915 -0.8623
vn 0.4915 0.1216 -0.8623
vn 0.4473 0.4474 -0.7744
vn 0.4892 0.8636 -0.1222
vn 0.1216 0.8623 -0.4915
vn 0.4473 0.7744 -0.4473
vn 0.8623 0.1216 -0.4915
vn 0.8626 0.4912 -0.1211
vn 0.7744 0.4474 -0.4474
vn 0.1191 0.9844 0.1294
vn 0.1296 0.1296 0.9831
vn 0.9820 0.1370 0.1297
vn 0.1216 0.8623 0.4915
vn 0.4892 0.8636 0.1222
vn 0.4474 0.7744 0.4473
vn 0.4915 0.1216 0.8623
vn 0.1216 0.4916 0.8623
vn 0.4473 0.4474 0.7744
vn 0.8626 0.4912 0.1211
vn 0.8623 0.1216 0.4915
vn 0.7744 0.4473 0.4474
vn 0.1296 -0.1296 -0.9831
vn 0.9820 -0.1370 -0.1297
vn 0.1191 -0.9844 -0.1294
vn 0.4915 -0.1216 -0.8623
vn 0.1216 -0.4916 -0.8623
vn 0.4473 -0.4474 -0.7744
vn 0.8626 -0.4912 -0.1211
vn 0.8623 -0.1216 -0.4915
vn 0.7744 -0.4474 -0.4474
vn 0.1216 -0.8623 -0.4915
vn 0.4892 -0.8636 -0.1222
vn 0.4473 -0.7744 -0.4473
vn 0.1296 -0.1296 0.9831
vn 0.1191 -0.9844 0.1294
vn 0.9820 -0.1370 0.1297
vn 0.1216 -0.4915 0.8623
vn 0.4915 -0.1216 0.8623
vn 0.4473 -0.4474 0.7744
vn 0.4892 -0.8636 0.1222
vn 0.1216 -0.8623 0.4915
vn 0.4474 -0.7744 0.4473
vn 0.8623 -0.1216 0.4915
vn 0.8626 -0.4912 0.1211
vn 0.7744 -0.4473 0.4474
vn -0.1296 0.1296 -0.9831
vn -0.9820 0.1370 -0.1297
vn -0.1191 0.9844 -0.1294
vn -0.4915 0.1216 -0.8623
vn -0.1216 0.4916 -0.8623
vn -0.4473 0.4474 -0.7744
vn -0.8626 0.4912 -0.1211
vn -0.8623 0.1216 -0.4915
vn -0.7744 0.4474 -0.4474
vn -0.1216 0.8623 -0.4915
vn -0.4892 0.8636 -0.1222
vn -0.4473 0.7744 -0.4473
vn -0.1296 0.1296 0.9831
vn -0.1191 0.9844 0.1294
vn -0.9820 0.1370 0.1297
vn -0.1216 0.4915 0.8623
vn -0.4915 0.1216 0.8623
vn -0.4473 0.4474 0.7744
vn -0.4892 0.8636 0.1222
vn -0.1216 0.8623 0.4915
vn -0.4474 0.7744 0.4473
vn -0.8623 0.1216 0.4915
vn -0.8626 0.4912 0.1211
vn -0.7744 0.4473 0.4474
vn -0.1296 -0.1296 -0.9831
vn -0.1191 -0.9844 -0.1294
vn -0.9820 -0.1370 -0.1297
vn -0.1216 -0.4915 -0.8623
vn -0.4915 -0.1216 -0.8623
vn -0.4473 -0.4474 -0.7744
vn -0.4892 -0.8636 -0.1222
vn -0.1216 -0.8623 -0.4915
vn -0.4473 -0.7744 -0.4473
vn -0.8623 -0.1216 -0.4915
vn -0.8626 -0.4912 -0.1211
vn -0.7744 -0.4474 -0.4474
vn -0.1296 -0.1296 0.9831
vn -0.9820 -0.1370 0.1297
vn -0.1191 -0.9844 0.1294
vn -0.4915 -0.1216 0.8623
vn -0.1216 -0.4916 0.8623
vn -0.4473 -0.4474 0.7744
vn -0.8626 -0.4912 0.1211
vn -0.8623 -0.1216 0.4915
vn -0.7744 -0.4473 0.4474
vn -0.1216 -0.8623 0.4915
vn -0.4892 -0.8636 0.1222
vn -0.4474 -0.7744 0.4473
vt 0.125769 0.749000
vt 0.125769 0.749499
vt 0.125401 0.749478
vt 0.125385 0.749000
vt 0.125769 0.750000
vt 0.125401 0.750000
vt 0.500000 0.999231
vt 0.500000 1.000000
vt 0.375000 0.999599
vt 0.375000 0.999231
vt 0.500000 0.000000
vt 0.500000 0.000501
vt 0.375000 0.000522
vt 0.375000 0.000000
vt 0.500000 0.001000
vt 0.375000 0.001000
vt 0.125000 0.749000
vt 0.125000 0.749478
vt 0.562418 0.999231
vt 0.559776 1.000000
vt 0.625000 0.999231
vt 0.625000 1.000000
vt 0.874231 0.749000
vt 0.875000 0.749000
vt 0.875000 0.749478
vt 0.874231 0.750000
vt 0.625000 0.001000
vt 0.562418 0.001000
vt 0.559776 0.000522
vt 0.625000 0.000522
vt 0.500000 0.000501
vt 0.500000 0.000000
vt 0.559776 0.000000
vt 0.125769 0.501000
vt 0.125385 0.501000
vt 0.125401 0.500522
vt 0.125769 0.500501
vt 0.125000 0.501000
vt 0.125000 0.500522
vt 0.500000 0.249000
vt 0.500000 0.249499
vt 0.375000 0.249478
vt 0.375000 0.249000
vt 0.500000 0.250385
vt 0.375000 0.250401
vt 0.500000 0.250769
vt 0.375000 0.250769
vt 0.125769 0.500000
vt 0.125401 0.500000
vt 0.874231 0.501000
vt 0.874231 0.500000
vt 0.875000 0.500522
vt 0.875000 0.501000
vt 0.625000 0.250769
vt 0.562418 0.250769
vt 0.559776 0.250235
vt 0.625000 0.249652
vt 0.500000 0.250385
vt 0.500000 0.249499
vt 0.559776 0.249478
vt 0.562418 0.249000
vt 0.625000 0.249000
vt 0.374231 0.749000
vt 0.374615 0.749000
vt 0.374599 0.749478
vt 0.374231 0.749499
vt 0.437582 0.749000
vt 0.423867 0.749478
vt 0.500000 0.749000
vt 0.500000 0.749499
vt 0.500000 0.750385
vt 0.374799 0.750201
vt 0.500000 0.750769
vt 0.374615 0.750385
vt 0.625769 0.749000
vt 0.625385 0.750385
vt 0.625201 0.750201
vt 0.625385 0.749000
vt 0.562418 0.750769
vt 0.559776 0.750401
vt 0.500000 0.750385
vt 0.500000 0.749499
vt 0.559776 0.749659
vt 0.562418 0.749000
vt 0.374231 0.501000
vt 0.374231 0.500501
vt 0.374599 0.500522
vt 0.374615 0.501000
vt 0.374615 0.499615
vt 0.374799 0.499799
vt 0.500000 0.499231
vt 0.500000 0.499615
vt 0.500000 0.500501
vt 0.423867 0.500522
vt 0.500000 0.501000
vt 0.437582 0.501000
vt 0.625769 0.501000
vt 0.625385 0.501000
vt 0.625201 0.499799
vt 0.625385 0.499615
vt 0.562418 0.501000
vt 0.559776 0.500341
vt 0.500000 0.500501
vt 0.500000 0.499615
vt 0.559776 0.499599
vt 0.500000 0.499231
vt 0.562418 0.499231
s 1
usemtl SimMat
f 97/99/97 100/100/100 102/101/102 101/102/101
f 100/100/100 104/103/104 105/104/105 102/101/102
f 98/105/98 103/106/103 105/107/105 104/108/104
f 103/109/103 107/110/107 108/111/108 105/112/105
f 99/113/99 106/114/106 108/111/108 107/110/107
f 106/115/106 101/102/101 102/101/102 108/116/108
f 102/101/102 105/104/105 108/116/108
f 109/105/109 112/117/112 114/118/114 113/106/113
f 112/117/112 116/119/116 117/120/117 114/118/114
f 110/121/110 115/122/115 117/123/117 116/124/116
f 115/125/115 119/126/119 120/127/120 117/128/117
f 111/113/111 118/129/118 120/127/120 119/126/119
f 118/129/118 113/130/113 114/131/114 120/127/120
f 114/131/114 117/128/117 120/127/120
f 121/132/121 124/133/124 126/134/126 125/135/125
f 124/133/124 128/136/128 129/137/129 126/134/126
f 122/138/122 127/139/127 129/140/129 128/141/128
f 127/139/127 131/142/131 132/143/132 129/140/129
f 123/144/123 130/145/130 132/143/132 131/142/131
f 130/146/130 125/135/125 126/134/126 132/147/132
f 126/134/126 129/137/129 132/147/132
f 133/148/133 136/149/136 138/150/138 137/151/137
f 136/152/136 140/153/140 141/154/141 138/155/138
f 134/144/134 139/156/139 141/154/141 140/153/140
f 139/156/139 143/157/143 144/158/144 141/154/141
f 135/138/135 142/159/142 144/158/144 143/157/143
f 142/159/142 137/160/137 138/155/138 144/158/144
f 138/155/138 141/154/141 144/158/144
f 145/161/145 148/162/148 150/163/150 149/164/149
f 148/162/148 152/165/152 153/166/153 150/163/150
f 146/167/146 151/168/151 153/166/153 152/165/152
f 151/168/151 155/169/155 156/170/156 153/166/153
f 147/171/147 154/172/154 156/170/156 155/169/155
f 154/172/154 149/164/149 150/163/150 156/170/156
f 150/163/150 153/166/153 156/170/156
f 157/173/157 160/174/160 162/175/162 161/176/161
f 160/174/160 164/177/164 165/178/165 162/175/162
f 158/171/158 163/179/163 165/178/165 164/177/164
f 163/179/163 167/180/167 168/181/168 165/178/165
f 159/167/159 166/182/166 168/181/168 167/180/167
f 166/182/166 161/176/161 162/175/162 168/181/168
f 162/175/162 165/178/165 168/181/168
f 169/183/169 172/184/172 174/185/174 173/186/173
f 172/184/172 176/187/176 177/188/177 174/185/174
f 170/189/170 175/190/175 177/188/177 176/187/176
f 175/190/175 179/191/179 180/192/180 177/188/177
f 171/193/171 178/194/178 180/192/180 179/191/179
f 178/194/178 173/186/173 174/185/174 180/192/180
f 174/185/174 177/188/177 180/192/180
f 181/195/181 184/196/184 186/197/186 185/198/185
f 184/196/184 188/199/188 189/200/189 186/197/186
f 182/193/182 187/201/187 189/200/189 188/199/188
f 187/201/187 191/202/191 192/203/192 189/200/189
f 183/204/183 190/205/190 192/203/192 191/202/191
f 190/205/190 185/198/185 186/197/186 192/203/192
f 186/197/186 189/200/189 192/203/192
f 121/132/121 97/99/97 101/102/101 124/133/124
f 124/133/124 101/102/101 106/115/106 128/136/128
f 128/141/128 106/114/106 99/113/99 122/138/122
f 98/105/98 109/105/109 113/106/113 103/106/103
f 103/109/103 113/130/113 118/129/118 107/110/107
f 107/110/107 118/129/118 111/113/111 99/113/99
f 110/121/110 133/148/133 137/151/137 115/122/115
f 115/125/115 137/160/137 142/159/142 119/126/119
f 119/126/119 142/159/142 135/138/135 111/113/111
f 134/144/134 123/144/123 131/142/131 139/156/139
f 139/156/139 131/142/131 127/139/127 143/157/143
f 143/157/143 127/139/127 122/138/122 135/138/135
f 169/183/169 121/132/121 125/135/125 172/184/172
f 172/184/172 125/135/125 130/146/130 176/187/176
f 176/187/176 130/145/130 123/144/123 170/189/170
f 133/148/133 181/195/181 185/198/185 136/149/136
f 136/152/136 185/198/185 190/205/190 140/153/140
f 140/153/140 190/205/190 183/204/183 134/144/134
f 182/193/182 171/193/171 179/191/179 187/201/187
f 187/201/187 179/191/179 175/190/175 191/202/191
f 191/202/191 175/190/175 170/189/170 183/204/183
f 145/161/145 169/183/169 173/186/173 148/162/148
f 148/162/148 173/186/173 178/194/178 152/165/152
f 152/165/152 178/194/178 171/193/171 146/167/146
f 181/195/181 157/173/157 161/176/161 184/196/184
f 184/196/184 161/176/161 166/182/166 188/199/188
f 188/199/188 166/182/166 159/167/159 182/193/182
f 158/171/158 147/171/147 155/169/155 163/179/163
f 163/179/163 155/169/155 151/168/151 167/180/167
f 167/180/167 151/168/151 146/167/146 159/167/159
f 97/99/97 145/161/145 149/164/149 100/100/100
f 100/100/100 149/164/149 154/172/154 104/103/104
f 104/108/104 154/172/154 147/171/147 98/105/98
f 157/173/157 110/121/110 116/124/116 160/174/160
f 160/174/160 116/119/116 112/117/112 164/177/164
f 164/177/164 112/117/112 109/105/109 158/171/158
f 121/132/121 169/183/169 145/161/145 97/99/97
f 99/113/99 111/113/111 135/138/135 122/138/122
f 147/171/147 158/171/158 109/105/109 98/105/98
f 181/195/181 133/148/133 110/121/110 157/173/157
f 123/144/123 134/144/134 183/204/183 170/189/170
f 171/193/171 182/193/182 159/167/159 146/167/146
o LineLoop
v 3.997353 4.119142 0.098779
v 3.998989 4.169115 0.135106
v 4.001011 4.230885 0.135106
v 4.002647 4.280858 0.098779
v 4.003272 4.299946 0.040000
v 4.002647 4.280858 -0.018779
v 4.001011 4.230885 -0.055106
v 3.998989 4.169115 -0.055106
v 3.997353 4.119142 -0.018779
v 3.996728 4.100053 0.040000
v 3.500000 4.119098 0.098779
v 3.500000 4.169098 0.135106
v 3.500000 4.230902 0.135106
v 3.500000 4.280901 0.098779
v 3.500000 4.300000 0.040000
v 3.500000 4.280901 -0.018779
v 3.500000 4.230902 -0.055106
v 3.500000 4.169098 -0.055106
v 3.500000 4.119098 -0.018779
v 3.500000 4.100000 0.040000
v 3.000000 4.119098 0.098779
v 3.000000 4.169098 0.135106
v 3.000000 4.230902 0.135106
v 3.000000 4.280901 0.098779
v 3.000000 4.300000 0.040000
v 3.000000 4.280901 -0.018779
v 3.000000 4.230902 -0.055106
v 3.000000 4.169098 -0.055106
v 3.000000 4.119098 -0.018779
v 3.000000 4.100000 0.040000
v 2.500000 4.119098 0.098779
v 2.500000 4.169098 0.135106
v 2.500000 4.230902 0.135106
v 2.500000 4.280901 0.098779
v 2.500000 4.300000 0.040000
v 2.500000 4.280901 -0.018779
v 2.500000 4.230902 -0.055106
v 2.500000 4.169098 -0.055106
v 2.500000 4.119098 -0.018779
v 2.500000 4.100000 0.040000
v 2.000000 4.119098 0.098779
v 2.000000 4.169098 0.135106
v 2.000000 4.230902 0.135106
v 2.000000 4.280901 0.098779
v 2.000000 4.300000 0.040000
v 2.000000 4.280901 -0.018779
v 2.000000 4.230902 -0.055106
v 2.000000 4.169098 -0.055106
v 2.000000 4.119098 -0.018779
v 2.000000 4.100000 0.040000
v 1.500000 4.119098 0.098779
v 1.500000 4.169098 0.135106
v 1.500000 4.230902 0.135106
v 1.500000 4.280901 0.098779
v 1.500000 4.300000 0.040000
v 1.500000 4.280901 -0.018779
v 1.500000 4.230902 -0.055106
v 1.500000 4.169098 -0.055106
v 1.500000 4.119098 -0.018779
v 1.500000 4.100000 0.040000
v 1.000000 4.119098 0.098779
v 1.000000 4.169098 0.135106
v 1.000000 4.230902 0.135106
v 1.000000 4.280901 0.098779
v 1.000000 4.300000 0.040000
v 1.000000 4.280901 -0.018779
v 1.000000 4.230902 -0.055106
v 1.000000 4.169098 -0.055106
v 1.000000 4.119098 -0.018779
v 1.000000 4.100000 0.040000
v 0.500000 4.119098 0.098779
v 0.500000 4.169098 0.135106
v 0.500000 4.230902 0.135106
v 0.500000 4.280901 0.098779
v 0.500000 4.300000 0.040000
v 0.500000 4.280901 -0.018779
v 0.500000 4.230902 -0.055106
v 0.500000 4.169098 -0.055106
v 0.500000 4.119098 -0.018779
v 0.500000 4.100000 0.040000
v 0.000000 4.119098 0.098779
v 0.000000 4.169098 0.135106
v 0.000000 4.230902 0.135106
v -0.000000 4.280901 0.098779
v -0.000000 4.300000 0.040000
v -0.000000 4.280901 -0.018779
v -0.000000 4.230902 -0.055106
v -0.000000 4.169098 -0.055106
v 0.000000 4.119098 -0.018779
v 0.000000 4.100000 0.040000
v -0.500000 4.119098 0.098779
v -0.500000 4.169098 0.135106
v -0.500000 4.230902 0.135106
v -0.500000 4.280901 0.098779
v -0.500000 4.300000 0.040000
v -0.500000 4.280901 -0.018779
v -0.500000 4.230902 -0.055106
v -0.500000 4.169098 -0.055106
v -0.500000 4.119098 -0.018779
v -0.500000 4.100000 0.040000
v -1.000000 4.119098 0.098779
v -1.000000 4.169098 0.135106
v -1.000000 4.230902 0.135106
v -1.000000 4.280901 0.098779
v -1.000000 4.300000 0.040000
v -1.000000 4.280901 -0.018779
v -1.000000 4.230902 -0.055106
v -1.000000 4.169098 -0.055106
v -1.000000 4.119098 -0.018779
v -1.000000 4.100000 0.040000
v -1.500000 4.119098 0.098779
v -1.500000 4.169098 0.135106
v -1.500000 4.230902 0.135106
v -1.500000 4.280901 0.098779
v -1.500000 4.300000 0.040000
v -1.500000 4.280901 -0.018779
v -1.500000 4.230902 -0.055106
v -1.500000 4.169098 -0.055106
v -1.500000 4.119098 -0.018779
v -1.500000 4.100000 0.040000
v -2.000000 4.119098 0.098779
v -2.000000 4.169098 0.135106
v -2.000000 4.230902 0.135106
v -2.000000 4.280901 0.098779
v -2.000000 4.300000 0.040000
v -2.000000 4.280901 -0.018779
v -2.000000 4.230902 -0.055106
v -2.000000 4.169098 -0.055106
v -2.000000 4.119098 -0.018779
v -2.000000 4.100000 0.040000
v -2.500000 4.119098 0.098779
v -2.500000 4.169098 0.135106
v -2.500000 4.230902 0.135106
v -2.500000 4.280901 0.098779
v -2.500000 4.300000 0.040000
v -2.500000 4.280901 -0.018779
v -2.500000 4.230902 -0.055106
v -2.500000 4.169098 -0.055106
v -2.500000 4.119098 -0.018779
v -2.500000 4.100000 0.040000
v -3.000000 4.119098 0.098779
v -3.000000 4.169098 0.135106
v -3.000000 4.230902 0.135106
v -3.000000 4.280901 0.098779
v -3.000000 4.300000 0.040000
v -3.000000 4.280901 -0.018779
v -3.000000 4.230902 -0.055106
v -3.000000 4.169098 -0.055106
v -3.000000 4.119098 -0.018779
v -3.000000 4.100000 0.040000
v -3.500000 4.119098 0.098779
v -3.500000 4.169098 0.135106
v -3.500000 4.230902 0.135106
v -3.500000 4.280901 0.098779
v -3.500000 4.300000 0.040000
v -3.500000 4.280901 -0.018779
v -3.500000 4.230902 -0.055106
v -3.500000 4.169098 -0.055106
v -3.500000 4.119098 -0.018779
v -3.500000 4.100000 0.040000
v -3.997353 4.119142 0.098779
v -3.998989 4.169115 0.135106
v -4.001011 4.230885 0.135106
v -4.002647 4.280858 0.098779
v -4.003272 4.299946 0.040000
v -4.002647 4.280858 -0.018779
v -4.001011 4.230885 -0.055106
v -3.998989 4.169115 -0.055106
v -3.997353 4.119142 -0.018779
v -3.996728 4.100053 0.040000
v -4.315756 4.098403 0.098779
v -4.322282 4.147975 0.135106
v -4.330349 4.209249 0.135106
v -4.336875 4.258822 0.098779
v -4.339368 4.277757 0.040000
v -4.336875 4.258822 -0.018779
v -4.330349 4.209249 -0.055106
v -4.322282 4.147975 -0.055106
v -4.315756 4.098403 -0.018779
v -4.313263 4.079468 0.040000
v -4.626109 4.036670 0.098779
v -4.639050 4.084966 0.135106
v -4.655046 4.144663 0.135106
v -4.667986 4.192960 0.098779
v -4.672929 4.211407 0.040000
v -4.667986 4.192960 -0.018779
v -4.655046 4.144663 -0.055106
v -4.639050 4.084966 -0.055106
v -4.626109 4.036670 -0.018779
v -4.621166 4.018222 0.040000
v -4.925749 3.934955 0.098779
v -4.944883 3.981149 0.135106
v -4.968534 4.038249 0.135106
v -4.987668 4.084442 0.098779
v -4.994977 4.102087 0.040000
v -4.987668 4.084442 -0.018779
v -4.968534 4.038249 -0.055106
v -4.944883 3.981149 -0.055106
v -4.925749 3.934955 -0.018779
v -4.918440 3.917311 0.040000
v -5.209549 3.795001 0.098779
v -5.234549 3.838302 0.135106
v -5.265451 3.891825 0.135106
v -5.290451 3.935126 0.098779
v -5.300000 3.951666 0.040000
v -5.290451 3.935126 -0.018779
v -5.265451 3.891825 -0.055106
v -5.234549 3.838302 -0.055106
v -5.209549 3.795001 -0.018779
v -5.200000 3.778461 0.040000
v -5.472654 3.619200 0.098779
v -5.503092 3.658868 0.135106
v -5.540715 3.707899 0.135106
v -5.571153 3.747567 0.098779
v -5.582780 3.762719 0.040000
v -5.571153 3.747567 -0.018779
v -5.540715 3.707899 -0.055106
v -5.503092 3.658868 -0.055106
v -5.472654 3.619200 -0.018779
v -5.461027 3.604048 0.040000
v -5.710561 3.410561 0.098778
v -5.745916 3.445916 0.135106
v -5.789618 3.489618 0.135106
v -5.824973 3.524973 0.098779
v -5.838478 3.538478 0.040000
v -5.824973 3.524973 -0.018779
v -5.789618 3.489618 -0.055106
v -5.745916 3.445916 -0.055106
v -5.710561 3.410561 -0.018779
v -5.697056 3.397056 0.040000
v -5.919199 3.172654 0.098778
v -5.958867 3.203092 0.135106
v -6.007899 3.240715 0.135106
v -6.047567 3.271153 0.098779
v -6.062718 3.282780 0.040000
v -6.047567 3.271153 -0.018779
v -6.007899 3.240715 -0.055106
v -5.958867 3.203092 -0.055106
v -5.919199 3.172654 -0.018779
v -5.904048 3.161027 0.040000
v -6.095000 2.909549 0.098778
v -6.138302 2.934549 0.135106
v -6.191825 2.965451 0.135106
v -6.235126 2.990451 0.098779
v -6.251666 3.000000 0.040000
v -6.235126 2.990451 -0.018779
v -6.191825 2.965451 -0.055106
v -6.138302 2.934549 -0.055106
v -6.095000 2.909549 -0.018779
v -6.078461 2.900000 0.040000
v -6.234956 2.625749 0.098779
v -6.281149 2.644883 0.135106
v -6.338249 2.668534 0.135106
v -6.384442 2.687668 0.098779
v -6.402087 2.694977 0.040000
v -6.384442 2.687668 -0.018779
v -6.338248 2.668534 -0.055106
v -6.281149 2.644883 -0.055106
v -6.234956 2.625749 -0.018779
v -6.217311 2.618440 0.040000
v -6.336669 2.326109 0.098779
v -6.384966 2.339050 0.135106
v -6.444663 2.355046 0.135106
v -6.492959 2.367986 0.098779
v -6.511407 2.372929 0.040000
v -6.492959 2.367986 -0.018779
v -6.444663 2.355046 -0.055106
v -6.384966 2.339050 -0.055106
v -6.336669 2.326109 -0.018779
v -6.318222 2.321166 0.040000
v -6.398402 2.015756 0.098779
v -6.447975 2.022282 0.135106
v -6.509249 2.030349 0.135106
v -6.558822 2.036875 0.098779
v -6.577756 2.039368 0.040000
v -6.558822 2.036875 -0.018779
v -6.509249 2.030349 -0.055106
v -6.447975 2.022282 -0.055106
v -6.398402 2.015756 -0.018779
v -6.379467 2.013263 0.040000
v -6.419142 1.697353 0.098779
v -6.469115 1.698989 0.135106
v -6.530885 1.701011 0.135106
v -6.580858 1.702647 0.098779
v -6.599946 1.703272 0.040000
v -6.580858 1.702647 -0.018779
v -6.530885 1.701011 -0.055106
v -6.469115 1.698989 -0.055106
v -6.419142 1.697353 -0.018779
v -6.400054 1.696728 0.040000
v -6.419098 1.416667 0.098779
v -6.469098 1.416667 0.135106
v -6.530902 1.416667 0.135106
v -6.580902 1.416667 0.098779
v -6.600000 1.416667 0.040000
v -6.580902 1.416667 -0.018779
v -6.530902 1.416667 -0.055106
v -6.469098 1.416667 -0.055106
v -6.419098 1.416667 -0.018779
v -6.400000 1.416667 0.040000
v -6.419098 1.133333 0.098779
v -6.469098 1.133333 0.135106
v -6.530902 1.133333 0.135106
v -6.580902 1.133333 0.098779
v -6.600000 1.133333 0.040000
v -6.580902 1.133333 -0.018779
v -6.530902 1.133333 -0.055106
v -6.469098 1.133333 -0.055106
v -6.419098 1.133333 -0.018779
v -6.400000 1.133333 0.040000
v -6.419098 0.850000 0.098779
v -6.469098 0.850000 0.135106
v -6.530902 0.850000 0.135106
v -6.580902 0.850000 0.098779
v -6.600000 0.850000 0.040000
v -6.580902 0.850000 -0.018779
v -6.530902 0.850000 -0.055106
v -6.469098 0.850000 -0.055106
v -6.419098 0.850000 -0.018779
v -6.400000 0.850000 0.040000
v -6.419098 0.566667 0.098779
v -6.469098 0.566667 0.135106
v -6.530902 0.566667 0.135106
v -6.580902 0.566667 0.098779
v -6.600000 0.566667 0.040000
v -6.580902 0.566667 -0.018779
v -6.530902 0.566667 -0.055106
v -6.469098 0.566667 -0.055106
v -6.419098 0.566667 -0.018779
v -6.400000 0.566667 0.040000
v -6.419098 0.283333 0.098779
v -6.469098 0.283333 0.135106
v -6.530902 0.283333 0.135106
v -6.580902 0.283333 0.098779
v -6.600000 0.283333 0.040000
v -6.580902 0.283333 -0.018779
v -6.530902 0.283333 -0.055106
v -6.469098 0.283333 -0.055106
v -6.419098 0.283333 -0.018779
v -6.400000 0.283333 0.040000
v -6.419098 0.000000 0.098779
v -6.469098 0.000000 0.135106
v -6.530902 0.000000 0.135106
v -6.580902 -0.000000 0.098779
v -6.600000 -0.000000 0.040000
v -6.580902 -0.000000 -0.018779
v -6.530902 0.000000 -0.055106
v -6.469098 0.000000 -0.055106
v -6.419098 0.000000 -0.018779
v -6.400000 0.000000 0.040000
v -6.419098 -0.283333 0.098779
v -6.469098 -0.283333 0.135106
v -6.530902 -0.283333 0.135106
v -6.580902 -0.283333 0.098779
v -6.600000 -0.283333 0.040000
v -6.580902 -0.283333 -0.018779
v -6.530902 -0.283333 -0.055106
v -6.469098 -0.283333 -0.055106
v -6.419098 -0.283333 -0.018779
v -6.400000 -0.283333 0.040000
v -6.419098 -0.566667 0.098779
v -6.469098 -0.566667 0.135106
v -6.530902 -0.566667 0.135106
v -6.580902 -0.566667 0.098779
v -6.600000 -0.566667 0.040000
v -6.580902 -0.566667 -0.018779
v -6.530902 -0.566667 -0.055106
v -6.469098 -0.566667 -0.055106
v -6.419098 -0.566667 -0.018779
v -6.400000 -0.566667 0.040000
v -6.419098 -0.850000 0.098779
v -6.469098 -0.850000 0.135106
v -6.530902 -0.850000 0.135106
v -6.580902 -0.850000 0.098779
v -6.600000 -0.850000 0.040000
v -6.580902 -0.850000 -0.018779
v -6.530902 -0.850000 -0.055106
v -6.469098 -0.850000 -0.055106
v -6.419098 -0.850000 -0.018779
v -6.400000 -0.850000 0.040000
v -6.419098 -1.133333 0.098779
v -6.469098 -1.133333 0.135106
v -6.530902 -1.133333 0.135106
v -6.580902 -1.133333 0.098779
v -6.600000 -1.133333 0.040000
v -6.580902 -1.133333 -0.018779
v -6.530902 -1.133333 -0.055106
v -6.469098 -1.133333 -0.055106
v -6.419098 -1.133333 -0.018779
v -6.400000 -1.133333 0.040000
v -6.419098 -1.416667 0.098779
v -6.469098 -1.416667 0.135106
v -6.530902 -1.416667 0.135106
v -6.580902 -1.416667 0.098779
v -6.600000 -1.416667 0.040000
v -6.580902 -1.416667 -0.018779
v -6.530902 -1.416667 -0.055106
v -6.469098 -1.416667 -0.055106
v -6.419098 -1.416667 -0.018779
v -6.400000 -1.416667 0.040000
v -6.419142 -1.697353 0.098779
v -6.469115 -1.698989 0.135106
v -6.530885 -1.701011 0.135106
v -6.580858 -1.702647 0.098779
v -6.599946 -1.703272 0.040000
v -6.580858 -1.702647 -0.018779
v -6.530885 -1.701011 -0.055106
v -6.469115 -1.698989 -0.055106
v -6.419142 -1.697353 -0.018779
v -6.400054 -1.696728 0.040000
v -6.398402 -2.015756 0.098779
v -6.447975 -2.022282 0.135106
v -6.509249 -2.030349 0.135106
v -6.558822 -2.036875 0.098779
v -6.577756 -2.039368 0.040000
v -6.558822 -2.036875 -0.018779
v -6.509249 -2.030349 -0.055106
v -6.447975 -2.022282 -0.055106
v -6.398402 -2.015756 -0.018779
v -6.379467 -2.013263 0.040000
v -6.336669 -2.326109 0.098779
v -6.384966 -2.339050 0.135106
v -6.444663 -2.355046 0.135106
v -6.492959 -2.367986 0.098779
v -6.511407 -2.372929 0.040000
v -6.492959 -2.367986 -0.018779
v -6.444663 -2.355046 -0.055106
v -6.384966 -2.339050 -0.055106
v -6.336669 -2.326109 -0.018779
v -6.318222 -2.321166 0.040000
v -6.234956 -2.625749 0.098779
v -6.281149 -2.644883 0.135106
v -6.338249 -2.668534 0.135106
v -6.384442 -2.687668 0.098779
v -6.402087 -2.694977 0.040000
v -6.384442 -2.687668 -0.018779
v -6.338248 -2.668534 -0.055106
v -6.281149 -2.644883 -0.055106
v -6.234956 -2.625749 -0.018779
v -6.217311 -2.618440 0.040000
v -6.095000 -2.909549 0.098779
v -6.138302 -2.934549 0.135106
v -6.191825 -2.965451 0.135106
v -6.235126 -2.990451 0.098779
v -6.251666 -3.000000 0.040000
v -6.235126 -2.990451 -0.018779
v -6.191825 -2.965451 -0.055106
v -6.138302 -2.934549 -0.055106
v -6.095000 -2.909549 -0.018779
v -6.078461 -2.900000 0.040000
v -5.919199 -3.172654 0.098779
v -5.958867 -3.203092 0.135106
v -6.007899 -3.240715 0.135106
v -6.047567 -3.271153 0.098779
v -6.062718 -3.282780 0.040000
v -6.047567 -3.271153 -0.018779
v -6.007899 -3.240715 -0.055106
v -5.958867 -3.203092 -0.055106
v -5.919199 -3.172654 -0.018779
v -5.904048 -3.161027 0.040000
v -5.710561 -3.410561 0.098779
v -5.745916 -3.445916 0.135106
v -5.789618 -3.489618 0.135106
v -5.824973 -3.524973 0.098779
v -5.838478 -3.538478 0.040000
v -5.824973 -3.524973 -0.018779
v -5.789618 -3.489618 -0.055106
v -5.745916 -3.445916 -0.055106
v -5.710561 -3.410561 -0.018779
v -5.697056 -3.397056 0.040000
v -5.472654 -3.619200 0.098779
v -5.503092 -3.658868 0.135106
v -5.540715 -3.707899 0.135106
v -5.571153 -3.747567 0.098779
v -5.582780 -3.762719 0.040000
v -5.571153 -3.747567 -0.018779
v -5.540715 -3.707899 -0.055106
v -5.503092 -3.658867 -0.055106
v -5.472654 -3.619200 -0.018779
v -5.461027 -3.604048 0.040000
v -5.209549 -3.795001 0.098778
v -5.234549 -3.838302 0.135106
v -5.265451 -3.891825 0.135106
v -5.290451 -3.935126 0.098779
v -5.300000 -3.951666 0.040000
v -5.290451 -3.935126 -0.018779
v -5.265451 -3.891825 -0.055106
v -5.234549 -3.838302 -0.055106
v -5.209549 -3.795001 -0.018779
v -5.200000 -3.778461 0.040000
v -4.925749 -3.934955 0.098779
v -4.944883 -3.981149 0.135106
v -4.968534 -4.038249 0.135106
v -4.987668 -4.084442 0.098779
v -4.994977 -4.102087 0.040000
v -4.987668 -4.084442 -0.018779
v -4.968534 -4.038248 -0.055106
v -4.944883 -3.981149 -0.055106
v -4.925749 -3.934955 -0.018779
v -4.918440 -3.917311 0.040000
v -4.626109 -4.036670 0.098778
v -4.639050 -4.084966 0.135106
v -4.655046 -4.144663 0.135106
v -4.667986 -4.192960 0.098779
v -4.672929 -4.211407 0.040000
v -4.667986 -4.192960 -0.018779
v -4.655046 -4.144663 -0.055106
v -4.639050 -4.084966 -0.055106
v -4.626109 -4.036670 -0.018779
v -4.621166 -4.018222 0.040000
v -4.315756 -4.098403 0.098779
v -4.322282 -4.147975 0.135106
v -4.330349 -4.209249 0.135106
v -4.336875 -4.258822 0.098779
v -4.339368 -4.277757 0.040000
v -4.336875 -4.258822 -0.018779
v -4.330349 -4.209249 -0.055106
v -4.322282 -4.147975 -0.055106
v -4.315756 -4.098403 -0.018779
v -4.313263 -4.079468 0.040000
v -3.997353 -4.119142 0.098779
v -3.998989 -4.169115 0.135106
v -4.001011 -4.230885 0.135106
v -4.002647 -4.280858 0.098779
v -4.003272 -4.299946 0.040000
v -4.002647 -4.280858 -0.018779
v -4.001011 -4.230885 -0.055106
v -3.998989 -4.169115 -0.055106
v -3.997353 -4.119142 -0.018779
v -3.996728 -4.100053 0.040000
v -3.500000 -4.119098 0.098778
v -3.500000 -4.169098 0.135106
v -3.500000 -4.230902 0.135106
v -3.500000 -4.280901 0.098779
v -3.500000 -4.300000 0.040000
v -3.500000 -4.280901 -0.018779
v -3.500000 -4.230902 -0.055106
v -3.500000 -4.169098 -0.055106
v -3.500000 -4.119098 -0.018779
v -3.500000 -4.100000 0.040000
v -3.000000 -4.119098 0.098778
v -3.000000 -4.169098 0.135106
v -3.000000 -4.230902 0.135106
v -3.000000 -4.280901 0.098779
v -3.000000 -4.300000 0.040000
v -3.000000 -4.280901 -0.018779
v -3.000000 -4.230902 -0.055106
v -3.000000 -4.169098 -0.055106
v -3.000000 -4.119098 -0.018779
v -3.000000 -4.100000 0.040000
v -2.500000 -4.119098 0.098778
v -2.500000 -4.169098 0.135106
v -2.500000 -4.230902 0.135106
v -2.500000 -4.280901 0.098779
v -2.500000 -4.300000 0.040000
v -2.500000 -4.280901 -0.018779
v -2.500000 -4.230902 -0.055106
v -2.500000 -4.169098 -0.055106
v -2.500000 -4.119098 -0.018779
v -2.500000 -4.100000 0.040000
v -2.000000 -4.119098 0.098778
v -2.000000 -4.169098 0.135106
v -2.000000 -4.230902 0.135106
v -2.000000 -4.280901 0.098779
v -2.000000 -4.300000 0.040000
v -2.000000 -4.280901 -0.018779
v -2.000000 -4.230902 -0.055106
v -2.000000 -4.169098 -0.055106
v -2.000000 -4.119098 -0.018779
v -2.000000 -4.100000 0.040000
v -1.500000 -4.119098 0.098778
v -1.500000 -4.169098 0.135106
v -1.500000 -4.230902 0.135106
v -1.500000 -4.280901 0.098779
v -1.500000 -4.300000 0.040000
v -1.500000 -4.280901 -0.018779
v -1.500000 -4.230902 -0.055106
v -1.500000 -4.169098 -0.055106
v -1.500000 -4.119098 -0.018779
v -1.500000 -4.100000 0.040000
v -1.000000 -4.119098 0.098778
v -1.000000 -4.169098 0.135106
v -1.000000 -4.230902 0.135106
v -1.000000 -4.280901 0.098779
v -1.000000 -4.300000 0.040000
v -1.000000 -4.280901 -0.018779
v -1.000000 -4.230902 -0.055106
v -1.000000 -4.169098 -0.055106
v -1.000000 -4.119098 -0.018779
v -1.000000 -4.100000 0.040000
v -0.500000 -4.119098 0.098778
v -0.500000 -4.169098 0.135106
v -0.500000 -4.230902 0.135106
v -0.500000 -4.280901 0.098779
v -0.500000 -4.300000 0.040000
v -0.500000 -4.280901 -0.018779
v -0.500000 -4.230902 -0.055106
v -0.500000 -4.169098 -0.055106
v -0.500000 -4.119098 -0.018779
v -0.500000 -4.100000 0.040000
v 0.000000 -4.119098 0.098778
v 0.000000 -4.169098 0.135106
v 0.000000 -4.230902 0.135106
v -0.000000 -4.280901 0.098779
v 0.000000 -4.300000 0.040000
v 0.000000 -4.280901 -0.018779
v 0.000000 -4.230902 -0.055106
v 0.000000 -4.169098 -0.055106
v 0.000000 -4.119098 -0.018779
v 0.000000 -4.100000 0.040000
v 0.500000 -4.119098 0.098778
v 0.500000 -4.169098 0.135106
v 0.500000 -4.230902 0.135106
v 0.500000 -4.280901 0.098779
v 0.500000 -4.300000 0.040000
v 0.500000 -4.280901 -0.018779
v 0.500000 -4.230902 -0.055106
v 0.500000 -4.169098 -0.055106
v 0.500000 -4.119098 -0.018779
v 0.500000 -4.100000 0.040000
v 1.000000 -4.119098 0.098778
v 1.000000 -4.169098 0.135106
v 1.000000 -4.230902 0.135106
v 1.000000 -4.280901 0.098779
v 1.000000 -4.300000 0.040000
v 1.000000 -4.280901 -0.018779
v 1.000000 -4.230902 -0.055106
v 1.000000 -4.169098 -0.055106
v 1.000000 -4.119098 -0.018779
v 1.000000 -4.100000 0.040000
v 1.500000 -4.119098 0.098778
v 1.500000 -4.169098 0.135106
v 1.500000 -4.230902 0.135106
v 1.500000 -4.280901 0.098779
v 1.500000 -4.300000 0.040000
v 1.500000 -4.280901 -0.018779
v 1.500000 -4.230902 -0.055106
v 1.500000 -4.169098 -0.055106
v 1.500000 -4.119098 -0.018779
v 1.500000 -4.100000 0.040000
v 2.000000 -4.119098 0.098778
v 2.000000 -4.169098 0.135106
v 2.000000 -4.230902 0.135106
v 2.000000 -4.280901 0.098779
v 2.000000 -4.300000 0.040000
v 2.000000 -4.280901 -0.018779
v 2.000000 -4.230902 -0.055106
v 2.000000 -4.169098 -0.055106
v 2.000000 -4.119098 -0.018779
v 2.000000 -4.100000 0.040000
v 2.500000 -4.119098 0.098778
v 2.500000 -4.169098 0.135106
v 2.500000 -4.230902 0.135106
v 2.500000 -4.280901 0.098779
v 2.500000 -4.300000 0.040000
v 2.500000 -4.280901 -0.018779
v 2.500000 -4.230902 -0.055106
v 2.500000 -4.169098 -0.055106
v 2.500000 -4.119098 -0.018779
v 2.500000 -4.100000 0.040000
v 3.000000 -4.119098 0.098778
v 3.000000 -4.169098 0.135106
v 3.000000 -4.230902 0.135106
v 3.000000 -4.280901 0.098779
v 3.000000 -4.300000 0.040000
v 3.000000 -4.280901 -0.018779
v 3.000000 -4.230902 -0.055106
v 3.000000 -4.169098 -0.055106
v 3.000000 -4.119098 -0.018779
v 3.000000 -4.100000 0.040000
v 3.500000 -4.119098 0.098778
v 3.500000 -4.169098 0.135106
v 3.500000 -4.230902 0.135106
v 3.500000 -4.280901 0.098779
v 3.500000 -4.300000 0.040000
v 3.500000 -4.280901 -0.018779
v 3.500000 -4.230902 -0.055106
v 3.500000 -4.169098 -0.055106
v 3.500000 -4.119098 -0.018779
v 3.500000 -4.100000 0.040000
v 3.997353 -4.119142 0.098779
v 3.998989 -4.169115 0.135106
v 4.001011 -4.230885 0.135106
v 4.002647 -4.280858 0.098779
v 4.003272 -4.299946 0.040000
v 4.002647 -4.280858 -0.018779
v 4.001011 -4.230885 -0.055106
v 3.998989 -4.169115 -0.055106
v 3.997353 -4.119142 -0.018779
v 3.996728 -4.100053 0.040000
v 4.315756 -4.098403 0.098779
v 4.322282 -4.147975 0.135106
v 4.330349 -4.209249 0.135106
v 4.336875 -4.258822 0.098779
v 4.339368 -4.277757 0.040000
v 4.336875 -4.258822 -0.018779
v 4.330349 -4.209249 -0.055106
v 4.322282 -4.147975 -0.055106
v 4.315756 -4.098403 -0.018779
v 4.313263 -4.079468 0.040000
v 4.626109 -4.036670 0.098778
v 4.639050 -4.084966 0.135106
v 4.655046 -4.144663 0.135106
v 4.667986 -4.192960 0.098779
v 4.672929 -4.211407 0.040000
v 4.667986 -4.192960 -0.018779
v 4.655046 -4.144663 -0.055106
v 4.639050 -4.084966 -0.055106
v 4.626109 -4.036670 -0.018779
v 4.621166 -4.018222 0.040000
v 4.925749 -3.934955 0.098779
v 4.944883 -3.981149 0.135106
v 4.968534 -4.038249 0.135106
v 4.987668 -4.084442 0.098779
v 4.994977 -4.102087 0.040000
v 4.987668 -4.084442 -0.018779
v 4.968534 -4.038249 -0.055106
v 4.944883 -3.981149 -0.055106
v 4.925749 -3.934955 -0.018779
v 4.918440 -3.917311 0.040000
v 5.209549 -3.795001 0.098779
v 5.234549 -3.838302 0.135106
v 5.265451 -3.891825 0.135106
v 5.290451 -3.935126 0.098779
v 5.300000 -3.951666 0.040000
v 5.290451 -3.935126 -0.018779
v 5.265451 -3.891825 -0.055106
v 5.234549 -3.838302 -0.055106
v 5.209549 -3.795001 -0.018779
v 5.200000 -3.778461 0.040000
v 5.472654 -3.619200 0.098779
v 5.503092 -3.658868 0.135106
v 5.540715 -3.707899 0.135106
v 5.571153 -3.747567 0.098779
v 5.582780 -3.762719 0.040000
v 5.571153 -3.747567 -0.018779
v 5.540715 -3.707899 -0.055106
v 5.503092 -3.658867 -0.055106
v 5.472654 -3.619200 -0.018779
v 5.461027 -3.604048 0.040000
v 5.710561 -3.410561 0.098779
v 5.745916 -3.445916 0.135106
v 5.789618 -3.489618 0.135106
v 5.824973 -3.524973 0.098779
v 5.838478 -3.538478 0.040000
v 5.824973 -3.524973 -0.018779
v 5.789618 -3.489618 -0.055106
v 5.745916 -3.445916 -0.055106
v 5.710561 -3.410561 -0.018779
v 5.697056 -3.397056 0.040000
v 5.919199 -3.172654 0.098779
v 5.958867 -3.203092 0.135106
v 6.007899 -3.240715 0.135106
v 6.047567 -3.271153 0.098779
v 6.062718 -3.282780 0.040000
v 6.047567 -3.271153 -0.018779
v 6.007899 -3.240715 -0.055106
v 5.958867 -3.203092 -0.055106
v 5.919199 -3.172654 -0.018779
v 5.904048 -3.161027 0.040000
v 6.095000 -2.909549 0.098778
v 6.138302 -2.934549 0.135106
v 6.191825 -2.965451 0.135106
v 6.235126 -2.990451 0.098779
v 6.251666 -3.000000 0.040000
v 6.235126 -2.990451 -0.018779
v 6.191825 -2.965451 -0.055106
v 6.138302 -2.934549 -0.055106
v 6.095000 -2.909549 -0.018778
v 6.078461 -2.900000 0.040000
v 6.234956 -2.625749 0.098779
v 6.281149 -2.644883 0.135106
v 6.338249 -2.668534 0.135106
v 6.384442 -2.687668 0.098779
v 6.402087 -2.694977 0.040000
v 6.384442 -2.687668 -0.018779
v 6.338249 -2.668534 -0.055106
v 6.281149 -2.644883 -0.055106
v 6.234956 -2.625749 -0.018779
v 6.217311 -2.618440 0.040000
v 6.336669 -2.326109 0.098779
v 6.384966 -2.339050 0.135106
v 6.444663 -2.355046 0.135106
v 6.492959 -2.367986 0.098779
v 6.511407 -2.372929 0.040000
v 6.492959 -2.367986 -0.018779
v 6.444663 -2.355046 -0.055106
v 6.384966 -2.339050 -0.055106
v 6.336669 -2.326109 -0.018779
v 6.318222 -2.321166 0.040000
v 6.398402 -2.015756 0.098779
v 6.447975 -2.022282 0.135106
v 6.509249 -2.030349 0.135106
v 6.558822 -2.036875 0.098779
v 6.577756 -2.039368 0.040000
v 6.558822 -2.036875 -0.018779
v 6.509249 -2.030349 -0.055106
v 6.447975 -2.022282 -0.055106
v 6.398402 -2.015756 -0.018779
v 6.379467 -2.013263 0.040000
v 6.419142 -1.697353 0.098779
v 6.469115 -1.698989 0.135106
v 6.530885 -1.701011 0.135106
v 6.580858 -1.702647 0.098779
v 6.599946 -1.703272 0.040000
v 6.580858 -1.702647 -0.018779
v 6.530885 -1.701011 -0.055106
v 6.469115 -1.698989 -0.055106
v 6.419142 -1.697353 -0.018779
v 6.400054 -1.696728 0.040000
v 6.419098 -1.416667 0.098779
v 6.469098 -1.416667 0.135106
v 6.530902 -1.416667 0.135106
v 6.580902 -1.416667 0.098779
v 6.600000 -1.416667 0.040000
v 6.580902 -1.416667 -0.018779
v 6.530902 -1.416667 -0.055106
v 6.469098 -1.416667 -0.055106
v 6.419098 -1.416667 -0.018779
v 6.400000 -1.416667 0.040000
v 6.419098 -1.133333 0.098779
v 6.469098 -1.133333 0.135106
v 6.530902 -1.133333 0.135106
v 6.580902 -1.133333 0.098779
v 6.600000 -1.133333 0.040000
v 6.580902 -1.133333 -0.018779
v 6.530902 -1.133333 -0.055106
v 6.469098 -1.133333 -0.055106
v 6.419098 -1.133333 -0.018779
v 6.400000 -1.133333 0.040000
v 6.419098 -0.850000 0.098779
v 6.469098 -0.850000 0.135106
v 6.530902 -0.850000 0.135106
v 6.580902 -0.850000 0.098779
v 6.600000 -0.850000 0.040000
v 6.580902 -0.850000 -0.018779
v 6.530902 -0.850000 -0.055106
v 6.469098 -0.850000 -0.055106
v 6.419098 -0.850000 -0.018779
v 6.400000 -0.850000 0.040000
v 6.419098 -0.566667 0.098779
v 6.469098 -0.566667 0.135106
v 6.530902 -0.566667 0.135106
v 6.580902 -0.566667 0.098779
v 6.600000 -0.566667 0.040000
v 6.580902 -0.566667 -0.018779
v 6.530902 -0.566667 -0.055106
v 6.469098 -0.566667 -0.055106
v 6.419098 -0.566667 -0.018779
v 6.400000 -0.566667 0.040000
v 6.419098 -0.283333 0.098779
v 6.469098 -0.283333 0.135106
v 6.530902 -0.283333 0.135106
v 6.580902 -0.283333 0.098779
v 6.600000 -0.283333 0.040000
v 6.580902 -0.283333 -0.018779
v 6.530902 -0.283333 -0.055106
v 6.469098 -0.283333 -0.055106
v 6.419098 -0.283333 -0.018779
v 6.400000 -0.283333 0.040000
v 6.419098 -0.000000 0.098779
v 6.469098 -0.000000 0.135106
v 6.530902 0.000000 0.135106
v 6.580902 0.000000 0.098779
v 6.600000 0.000000 0.040000
v 6.580902 0.000000 -0.018779
v 6.530902 0.000000 -0.055106
v 6.469098 -0.000000 -0.055106
v 6.419098 -0.000000 -0.018779
v 6.400000 -0.000000 0.040000
v 6.419098 0.283333 0.098779
v 6.469098 0.283333 0.135106
v 6.530902 0.283333 0.135106
v 6.580902 0.283333 0.098779
v 6.600000 0.283333 0.040000
v 6.580902 0.283333 -0.018779
v 6.530902 0.283333 -0.055106
v 6.469098 0.283333 -0.055106
v 6.419098 0.283333 -0.018779
v 6.400000 0.283333 0.040000
v 6.419098 0.566667 0.098779
v 6.469098 0.566667 0.135106
v 6.530902 0.566667 0.135106
v 6.580902 0.566667 0.098779
v 6.600000 0.566667 0.040000
v 6.580902 0.566667 -0.018779
v 6.530902 0.566667 -0.055106
v 6.469098 0.566667 -0.055106
v 6.419098 0.566667 -0.018779
v 6.400000 0.566667 0.040000
v 6.419098 0.850000 0.098779
v 6.469098 0.850000 0.135106
v 6.530902 0.850000 0.135106
v 6.580902 0.850000 0.098779
v 6.600000 0.850000 0.040000
v 6.580902 0.850000 -0.018779
v 6.530902 0.850000 -0.055106
v 6.469098 0.850000 -0.055106
v 6.419098 0.850000 -0.018779
v 6.400000 0.850000 0.040000
v 6.419098 1.133333 0.098779
v 6.469098 1.133333 0.135106
v 6.530902 1.133333 0.135106
v 6.580902 1.133333 0.098779
v 6.600000 1.133333 0.040000
v 6.580902 1.133333 -0.018779
v 6.530902 1.133333 -0.055106
v 6.469098 1.133333 -0.055106
v 6.419098 1.133333 -0.018779
v 6.400000 1.133333 0.040000
v 6.419098 1.416667 0.098779
v 6.469098 1.416667 0.135106
v 6.530902 1.416667 0.135106
v 6.580902 1.416667 0.098779
v 6.600000 1.416667 0.040000
v 6.580902 1.416667 -0.018779
v 6.530902 1.416667 -0.055106
v 6.469098 1.416667 -0.055106
v 6.419098 1.416667 -0.018779
v 6.400000 1.416667 0.040000
v 6.419142 1.697353 0.098779
v 6.469115 1.698989 0.135106
v 6.530885 1.701011 0.135106
v 6.580858 1.702647 0.098779
v 6.599946 1.703272 0.040000
v 6.580858 1.702647 -0.018779
v 6.530885 1.701011 -0.055106
v 6.469115 1.698989 -0.055106
v 6.419142 1.697353 -0.018779
v 6.400054 1.696728 0.040000
v 6.398402 2.015756 0.098779
v 6.447975 2.022282 0.135106
v 6.509249 2.030349 0.135106
v 6.558822 2.036875 0.098779
v 6.577756 2.039368 0.040000
v 6.558822 2.036875 -0.018779
v 6.509249 2.030349 -0.055106
v 6.447975 2.022282 -0.055106
v 6.398402 2.015756 -0.018779
v 6.379467 2.013263 0.040000
v 6.336669 2.326109 0.098779
v 6.384966 2.339050 0.135106
v 6.444663 2.355046 0.135106
v 6.492959 2.367986 0.098779
v 6.511407 2.372929 0.040000
v 6.492959 2.367986 -0.018779
v 6.444663 2.355046 -0.055106
v 6.384966 2.339050 -0.055106
v 6.336669 2.326109 -0.018779
v 6.318222 2.321166 0.040000
v 6.234956 2.625749 0.098779
v 6.281149 2.644883 0.135106
v 6.338249 2.668534 0.135106
v 6.384442 2.687668 0.098779
v 6.402087 2.694977 0.040000
v 6.384442 2.687668 -0.018779
v 6.338248 2.668534 -0.055106
v 6.281149 2.644883 -0.055106
v 6.234956 2.625749 -0.018779
v 6.217311 2.618440 0.040000
v 6.095000 2.909549 0.098779
v 6.138302 2.934549 0.135106
v 6.191825 2.965451 0.135106
v 6.235126 2.990451 0.098779
v 6.251666 3.000000 0.040000
v 6.235126 2.990451 -0.018779
v 6.191825 2.965451 -0.055106
v 6.138302 2.934549 -0.055106
v 6.095000 2.909549 -0.018779
v 6.078461 2.900000 0.040000
v 5.919199 3.172654 0.098779
v 5.958867 3.203092 0.135106
v 6.007899 3.240715 0.135106
v 6.047567 3.271153 0.098779
v 6.062718 3.282780 0.040000
v 6.047567 3.271153 -0.018779
v 6.007899 3.240715 -0.055106
v 5.958867 3.203092 -0.055106
v 5.919199 3.172654 -0.018779
v 5.904048 3.161027 0.040000
v 5.710561 3.410561 0.098779
v 5.745916 3.445916 0.135106
v 5.789618 3.489618 0.135106
v 5.824973 3.524973 0.098779
v 5.838478 3.538478 0.040000
v 5.824973 3.524973 -0.018779
v 5.789618 3.489618 -0.055106
v 5.745916 3.445916 -0.055106
v 5.710561 3.410561 -0.018779
v 5.697056 3.397056 0.040000
v 5.472654 3.619200 0.098779
v 5.503092 3.658868 0.135106
v 5.540715 3.707899 0.135106
v 5.571153 3.747567 0.098779
v 5.582779 3.762719 0.040000
v 5.571153 3.747567 -0.018779
v 5.540715 3.707899 -0.055106
v 5.503092 3.658868 -0.055106
v 5.472654 3.619200 -0.018779
v 5.461028 3.604048 0.040000
v 5.209549 3.795001 0.098778
v 5.234549 3.838302 0.135106
v 5.265451 3.891825 0.135106
v 5.290451 3.935126 0.098779
v 5.300000 3.951666 0.040000
v 5.290451 3.935126 -0.018779
v 5.265451 3.891825 -0.055106
v 5.234549 3.838302 -0.055106
v 5.209549 3.795001 -0.018779
v 5.200000 3.778461 0.040000
v 4.925749 3.934955 0.098779
v 4.944883 3.981149 0.135106
v 4.968534 4.038249 0.135106
v 4.987668 4.084442 0.098779
v 4.994977 4.102087 0.040000
v 4.987668 4.084442 -0.018779
v 4.968534 4.038248 -0.055106
v 4.944883 3.981149 -0.055106
v 4.925749 3.934955 -0.018779
v 4.918440 3.917311 0.040000
v 4.626109 4.036670 0.098779
v 4.639050 4.084966 0.135106
v 4.655046 4.144663 0.135106
v 4.667986 4.192960 0.098779
v 4.672929 4.211407 0.040000
v 4.667986 4.192960 -0.018779
v 4.655046 4.144663 -0.055106
v 4.639050 4.084966 -0.055106
v 4.626109 4.036670 -0.018779
v 4.621166 4.018222 0.040000
v 4.315756 4.098403 0.098778
v 4.322282 4.147975 0.135106
v 4.330349 4.209249 0.135106
v 4.336875 4.258822 0.098779
v 4.339368 4.277757 0.040000
v 4.336875 4.258822 -0.018779
v 4.330349 4.209249 -0.055106
v 4.322282 4.147975 -0.055106
v 4.315756 4.098403 -0.018779
v 4.313263 4.079468 0.040000
vn -0.0262 -0.8064 0.5908
vn -0.0099 -0.3031 0.9529
vn 0.0104 0.3147 0.9491
vn 0.0267 0.8108 0.5847
vn 0.0330 0.9995 -0.0000
vn 0.0267 0.8108 -0.5847
vn 0.0104 0.3147 -0.9491
vn -0.0099 -0.3031 -0.9529
vn -0.0262 -0.8064 -0.5908
vn -0.0324 -0.9995 -0.0000
vn -0.0000 -0.8091 0.5877
vn -0.0000 -0.3091 0.9510
vn -0.0000 0.3091 0.9510
vn -0.0000 0.8090 0.5877
vn -0.0000 1.0000 -0.0000
vn -0.0000 0.8090 -0.5877
vn -0.0000 0.3091 -0.9510
vn -0.0000 -0.3091 -0.9510
vn -0.0000 -0.8091 -0.5877
vn -0.0000 -1.0000 -0.0000
vn -0.0000 -0.8090 0.5878
vn -0.0000 -0.3090 0.9511
vn -0.0000 0.3090 0.9511
vn -0.0000 0.8090 0.5878
vn -0.0000 0.8090 -0.5878
vn -0.0000 0.3090 -0.9511
vn -0.0000 -0.3090 -0.9511
vn -0.0000 -0.8090 -0.5878
vn 0.0262 -0.8064 0.5908
vn 0.0099 -0.3031 0.9529
vn -0.0104 0.3147 0.9491
vn -0.0267 0.8108 0.5847
vn -0.0330 0.9995 -0.0000
vn -0.0267 0.8108 -0.5847
vn -0.0104 0.3147 -0.9491
vn 0.0099 -0.3031 -0.9529
vn 0.0262 -0.8064 -0.5908
vn 0.0324 -0.9995 -0.0000
vn 0.1048 -0.7975 0.5941
vn 0.0388 -0.2947 0.9548
vn -0.0419 0.3177 0.9473
vn -0.1063 0.8063 0.5819
vn -0.1307 0.9914 -0.0000
vn -0.1063 0.8063 -0.5819
vn -0.0419 0.3177 -0.9473
vn 0.0388 -0.2947 -0.9548
vn 0.1048 -0.7975 -0.5941
vn 0.1303 -0.9915 -0.0000
vn 0.2082 -0.7771 0.5940
vn 0.0769 -0.2872 0.9548
vn -0.0830 0.3096 0.9472
vn -0.2105 0.7857 0.5817
vn -0.2588 0.9659 -0.0000
vn -0.2105 0.7857 -0.5817
vn -0.0830 0.3096 -0.9472
vn 0.0769 -0.2872 -0.9548
vn 0.2082 -0.7771 -0.5940
vn 0.2588 -0.9659 -0.0000
vn 0.3079 -0.7432 0.5940
vn 0.1138 -0.2747 0.9548
vn -0.1227 0.2962 0.9472
vn -0.3113 0.7515 0.5817
vn -0.3827 0.9239 -0.0000
vn -0.3113 0.7515 -0.5817
vn -0.1227 0.2962 -0.9472
vn 0.1138 -0.2747 -0.9548
vn 0.3079 -0.7432 -0.5940
vn 0.3827 -0.9239 -0.0000
vn 0.4022 -0.6967 0.5940
vn 0.1486 -0.2575 0.9548
vn -0.1603 0.2776 0.9472
vn -0.4067 0.7044 0.5817
vn -0.5000 0.8660 -0.0000
vn -0.4067 0.7044 -0.5817
vn -0.1603 0.2776 -0.9472
vn 0.1486 -0.2575 -0.9548
vn 0.4022 -0.6967 -0.5940
vn 0.5000 -0.8660 -0.0000
vn 0.4897 -0.6382 0.5940
vn 0.1810 -0.2359 0.9548
vn -0.1951 0.2543 0.9472
vn -0.4951 0.6453 0.5817
vn -0.6088 0.7934 -0.0000
vn -0.4951 0.6453 -0.5817
vn -0.1951 0.2543 -0.9472
vn 0.1810 -0.2359 -0.9548
vn 0.4897 -0.6382 -0.5940
vn 0.6088 -0.7934 -0.0000
vn 0.5689 -0.5689 0.5940
vn 0.2102 -0.2102 0.9548
vn -0.2267 0.2267 0.9472
vn -0.5751 0.5751 0.5817
vn -0.7071 0.7071 -0.0000
vn -0.5751 0.5751 -0.5817
vn -0.2267 0.2267 -0.9472
vn 0.2102 -0.2102 -0.9548
vn 0.5689 -0.5689 -0.5940
vn 0.7071 -0.7071 -0.0000
vn 0.6382 -0.4897 0.5940
vn 0.2359 -0.1810 0.9548
vn -0.2543 0.1951 0.9472
vn -0.6453 0.4951 0.5817
vn -0.7934 0.6088 -0.0000
vn -0.6453 0.4951 -0.5817
vn -0.2543 0.1951 -0.9472
vn 0.2359 -0.1810 -0.9548
vn 0.6382 -0.4897 -0.5940
vn 0.7934 -0.6088 -0.0000
vn 0.6967 -0.4022 0.5940
vn 0.2575 -0.1486 0.9548
vn -0.2776 0.1603 0.9472
vn -0.7044 0.4067 0.5817
vn -0.8660 0.5000 -0.0000
vn -0.7044 0.4067 -0.5817
vn -0.2776 0.1603 -0.9472
vn 0.2575 -0.1486 -0.9548
vn 0.6967 -0.4022 -0.5940
vn 0.8660 -0.5000 -0.0000
vn 0.7432 -0.3079 0.5940
vn 0.2747 -0.1138 0.9548
vn -0.2962 0.1227 0.9472
vn -0.7515 0.3113 0.5817
vn -0.9239 0.3827 -0.0000
vn -0.7515 0.3113 -0.5817
vn -0.2962 0.1227 -0.9472
vn 0.2747 -0.1138 -0.9548
vn 0.7432 -0.3079 -0.5940
vn 0.9239 -0.3827 -0.0000
vn 0.7771 -0.2082 0.5940
vn 0.2872 -0.0769 0.9548
vn -0.3096 0.0830 0.9472
vn -0.7857 0.2105 0.5817
vn -0.9659 0.2588 -0.0000
vn -0.7857 0.2105 -0.5817
vn -0.3096 0.0830 -0.9472
vn 0.2872 -0.0769 -0.9548
vn 0.7771 -0.2082 -0.5940
vn 0.9659 -0.2588 -0.0000
vn 0.7975 -0.1048 0.5941
vn 0.2946 -0.0388 0.9548
vn -0.3177 0.0419 0.9473
vn -0.8063 0.1063 0.5819
vn -0.9914 0.1307 -0.0000
vn -0.8063 0.1063 -0.5819
vn -0.3177 0.0419 -0.9473
vn 0.2946 -0.0388 -0.9548
vn 0.7975 -0.1048 -0.5941
vn 0.9915 -0.1303 -0.0000
vn 0.8064 -0.0262 0.5908
vn 0.3031 -0.0099 0.9529
vn -0.3147 0.0104 0.9491
vn -0.8108 0.0268 0.5847
vn -0.9995 0.0330 -0.0000
vn -0.8108 0.0268 -0.5847
vn -0.3147 0.0104 -0.9491
vn 0.3031 -0.0099 -0.9529
vn 0.8064 -0.0262 -0.5908
vn 0.9995 -0.0324 -0.0000
vn 0.8091 0.0001 0.5877
vn 0.3091 -0.0000 0.9510
vn -0.3091 -0.0000 0.9510
vn -0.8091 0.0001 0.5877
vn -1.0000 0.0001 -0.0000
vn -0.8091 0.0001 -0.5877
vn -0.3091 -0.0000 -0.9510
vn 0.3091 -0.0000 -0.9510
vn 0.8091 0.0001 -0.5877
vn 1.0000 0.0001 -0.0000
vn 0.8090 -0.0000 0.5878
vn 0.3090 -0.0000 0.9511
vn -0.3090 -0.0000 0.9511
vn -0.8090 -0.0000 0.5878
vn -1.0000 -0.0000 -0.0000
vn -0.8090 -0.0000 -0.5878
vn -0.3090 -0.0000 -0.9511
vn 0.3090 -0.0000 -0.9511
vn 0.8090 -0.0000 -0.5878
vn 1.0000 -0.0000 -0.0000
vn 0.8091 -0.0001 0.5877
vn -0.8091 -0.0001 0.5877
vn -1.0000 -0.0001 -0.0000
vn -0.8091 -0.0001 -0.5877
vn 0.8091 -0.0001 -0.5877
vn 1.0000 -0.0001 -0.0000
vn 0.8064 0.0262 0.5908
vn 0.3031 0.0099 0.9529
vn -0.3147 -0.0104 0.9491
vn -0.8108 -0.0268 0.5847
vn -0.9995 -0.0330 -0.0000
vn -0.8108 -0.0268 -0.5847
vn -0.3147 -0.0104 -0.9491
vn 0.3031 0.0099 -0.9529
vn 0.8064 0.0262 -0.5908
vn 0.9995 0.0324 -0.0000
vn 0.7975 0.1048 0.5941
vn 0.2946 0.0388 0.9548
vn -0.3177 -0.0419 0.9473
vn -0.8063 -0.1063 0.5819
vn -0.9914 -0.1307 -0.0000
vn -0.8063 -0.1063 -0.5819
vn -0.3177 -0.0419 -0.9473
vn 0.2946 0.0388 -0.9548
vn 0.7975 0.1048 -0.5941
vn 0.9915 0.1303 -0.0000
vn 0.7771 0.2082 0.5940
vn 0.2872 0.0769 0.9548
vn -0.3096 -0.0830 0.9472
vn -0.7857 -0.2105 0.5817
vn -0.9659 -0.2588 -0.0000
vn -0.7857 -0.2105 -0.5817
vn -0.3096 -0.0830 -0.9472
vn 0.2872 0.0769 -0.9548
vn 0.7771 0.2082 -0.5940
vn 0.9659 0.2588 -0.0000
vn 0.7432 0.3079 0.5940
vn 0.2747 0.1138 0.9548
vn -0.2962 -0.1227 0.9472
vn -0.7515 -0.3113 0.5817
vn -0.9239 -0.3827 -0.0000
vn -0.7515 -0.3113 -0.5817
vn -0.2962 -0.1227 -0.9472
vn 0.2747 0.1138 -0.9548
vn 0.7432 0.3079 -0.5940
vn 0.9239 0.3827 -0.0000
vn 0.6967 0.4022 0.5940
vn 0.2575 0.1486 0.9548
vn -0.2776 -0.1603 0.9472
vn -0.7044 -0.4067 0.5817
vn -0.8660 -0.5000 -0.0000
vn -0.7044 -0.4067 -0.5817
vn -0.2776 -0.1603 -0.9472
vn 0.2575 0.1486 -0.9548
vn 0.6967 0.4022 -0.5940
vn 0.8660 0.5000 -0.0000
vn 0.6382 0.4897 0.5940
vn 0.2359 0.1810 0.9548
vn -0.2543 -0.1951 0.9472
vn -0.6453 -0.4951 0.5817
vn -0.7934 -0.6088 -0.0000
vn -0.6453 -0.4951 -0.5817
vn -0.2543 -0.1951 -0.9472
vn 0.2359 0.1810 -0.9548
vn 0.6382 0.4897 -0.5940
vn 0.7934 0.6088 -0.0000
vn 0.5689 0.5689 0.5940
vn 0.2102 0.2102 0.9548
vn -0.2267 -0.2267 0.9472
vn -0.5751 -0.5751 0.5817
vn -0.7071 -0.7071 -0.0000
vn -0.5751 -0.5751 -0.5817
vn -0.2267 -0.2267 -0.9472
vn 0.2102 0.2102 -0.9548
vn 0.5689 0.5689 -0.5940
vn 0.7071 0.7071 -0.0000
vn 0.4897 0.6382 0.5940
vn 0.1810 0.2359 0.9548
vn -0.1951 -0.2543 0.9472
vn -0.4951 -0.6453 0.5817
vn -0.6088 -0.7934 -0.0000
vn -0.4951 -0.6453 -0.5817
vn -0.1951 -0.2543 -0.9472
vn 0.1810 0.2359 -0.9548
vn 0.4897 0.6382 -0.5940
vn 0.6088 0.7934 -0.0000
vn 0.4022 0.6967 0.5940
vn 0.1486 0.2575 0.9548
vn -0.1603 -0.2776 0.9472
vn -0.4067 -0.7044 0.5817
vn -0.5000 -0.8660 -0.0000
vn -0.4067 -0.7044 -0.5817
vn -0.1603 -0.2776 -0.9472
vn 0.1486 0.2575 -0.9548
vn 0.4022 0.6967 -0.5940
vn 0.5000 0.8660 -0.0000
vn 0.3079 0.7432 0.5940
vn 0.1138 0.2747 0.9548
vn -0.1227 -0.2962 0.9472
vn -0.3113 -0.7515 0.5817
vn -0.3827 -0.9239 -0.0000
vn -0.3113 -0.7515 -0.5817
vn -0.1227 -0.2962 -0.9472
vn 0.1138 0.2747 -0.9548
vn 0.3079 0.7432 -0.5940
vn 0.3827 0.9239 -0.0000
vn 0.2082 0.7771 0.5940
vn 0.0769 0.2872 0.9548
vn -0.0830 -0.3096 0.9472
vn -0.2105 -0.7857 0.5817
vn -0.2588 -0.9659 -0.0000
vn -0.2105 -0.7857 -0.5817
vn -0.0830 -0.3096 -0.9472
vn 0.0769 0.2872 -0.9548
vn 0.2082 0.7771 -0.5940
vn 0.2588 0.9659 -0.0000
vn 0.1048 0.7975 0.5941
vn 0.0388 0.2947 0.9548
vn -0.0419 -0.3177 0.9473
vn -0.1063 -0.8063 0.5819
vn -0.1307 -0.9914 -0.0000
vn -0.1063 -0.8063 -0.5819
vn -0.0419 -0.3177 -0.9473
vn 0.0388 0.2947 -0.9548
vn 0.1048 0.7975 -0.5941
vn 0.1303 0.9915 -0.0000
vn 0.0262 0.8064 0.5908
vn 0.0099 0.3031 0.9529
vn -0.0104 -0.3147 0.9491
vn -0.0267 -0.8108 0.5847
vn -0.0330 -0.9995 -0.0000
vn -0.0267 -0.8108 -0.5847
vn -0.0104 -0.3147 -0.9491
vn 0.0099 0.3031 -0.9529
vn 0.0262 0.8064 -0.5908
vn 0.0324 0.9995 -0.0000
vn -0.0000 -0.8090 0.5877
vn -0.0000 -0.8090 -0.5877
vn -0.0000 0.8091 -0.5877
vn -0.0262 0.8064 0.5908
vn -0.0099 0.3031 0.9529
vn 0.0104 -0.3147 0.9491
vn 0.0267 -0.8108 0.5847
vn 0.0330 -0.9995 -0.0000
vn 0.0267 -0.8108 -0.5847
vn 0.0104 -0.3147 -0.9491
vn -0.0099 0.3031 -0.9529
vn -0.0262 0.8064 -0.5908
vn -0.0324 0.9995 -0.0000
vn -0.1048 0.7975 0.5941
vn -0.0388 0.2947 0.9548
vn 0.0419 -0.3177 0.9473
vn 0.1063 -0.8063 0.5819
vn 0.1307 -0.9914 -0.0000
vn 0.1063 -0.8063 -0.5819
vn 0.0419 -0.3177 -0.9473
vn -0.0388 0.2947 -0.9548
vn -0.1048 0.7975 -0.5941
vn -0.1303 0.9915 -0.0000
vn -0.2082 0.7771 0.5940
vn -0.0769 0.2872 0.9548
vn 0.0830 -0.3096 0.9472
vn 0.2105 -0.7857 0.5817
vn 0.2105 -0.7857 -0.5817
vn 0.0830 -0.3096 -0.9472
vn -0.0769 0.2872 -0.9548
vn -0.2082 0.7771 -0.5940
vn -0.3079 0.7432 0.5940
vn -0.1138 0.2747 0.9548
vn 0.1227 -0.2962 0.9472
vn 0.3113 -0.7515 0.5817
vn 0.3113 -0.7515 -0.5817
vn 0.1227 -0.2962 -0.9472
vn -0.1138 0.2747 -0.9548
vn -0.3079 0.7432 -0.5940
vn -0.4022 0.6967 0.5940
vn -0.1486 0.2575 0.9548
vn 0.1603 -0.2776 0.9472
vn 0.4067 -0.7044 0.5817
vn 0.4067 -0.7044 -0.5817
vn 0.1603 -0.2776 -0.9472
vn -0.1486 0.2575 -0.9548
vn -0.4022 0.6967 -0.5940
vn -0.4897 0.6382 0.5940
vn -0.1810 0.2359 0.9548
vn 0.1951 -0.2543 0.9472
vn 0.4951 -0.6453 0.5817
vn 0.4951 -0.6453 -0.5817
vn 0.1951 -0.2543 -0.9472
vn -0.1810 0.2359 -0.9548
vn -0.4897 0.6382 -0.5940
vn -0.5689 0.5689 0.5940
vn -0.2102 0.2102 0.9548
vn 0.2267 -0.2267 0.9472
vn 0.5751 -0.5751 0.5817
vn 0.5751 -0.5751 -0.5817
vn 0.2267 -0.2267 -0.9472
vn -0.2102 0.2102 -0.9548
vn -0.5689 0.5689 -0.5940
vn -0.6382 0.4897 0.5940
vn -0.2359 0.1810 0.9548
vn 0.2543 -0.1951 0.9472
vn 0.6453 -0.4951 0.5817
vn 0.6453 -0.4951 -0.5817
vn 0.2543 -0.1951 -0.9472
vn -0.2359 0.1810 -0.9548
vn -0.6382 0.4897 -0.5940
vn -0.6967 0.4022 0.5940
vn -0.2575 0.1486 0.9548
vn 0.2776 -0.1603 0.9472
vn 0.7044 -0.4067 0.5817
vn 0.7044 -0.4067 -0.5817
vn 0.2776 -0.1603 -0.9472
vn -0.2575 0.1486 -0.9548
vn -0.6967 0.4022 -0.5940
vn -0.7432 0.3079 0.5940
vn -0.2747 0.1138 0.9548
vn 0.2962 -0.1227 0.9472
vn 0.7515 -0.3113 0.5817
vn 0.7515 -0.3113 -0.5817
vn 0.2962 -0.1227 -0.9472
vn -0.2747 0.1138 -0.9548
vn -0.7432 0.3079 -0.5940
vn -0.7771 0.2082 0.5940
vn -0.2872 0.0769 0.9548
vn 0.3096 -0.0830 0.9472
vn 0.7857 -0.2105 0.5817
vn 0.7857 -0.2105 -0.5817
vn 0.3096 -0.0830 -0.9472
vn -0.2872 0.0769 -0.9548
vn -0.7771 0.2082 -0.5940
vn -0.7975 0.1048 0.5941
vn -0.2946 0.0388 0.9548
vn 0.3177 -0.0419 0.9473
vn 0.8063 -0.1063 0.5819
vn 0.9914 -0.1307 -0.0000
vn 0.8063 -0.1063 -0.5819
vn 0.3177 -0.0419 -0.9473
vn -0.2946 0.0388 -0.9548
vn -0.7975 0.1048 -0.5941
vn -0.9915 0.1303 -0.0000
vn -0.8064 0.0262 0.5908
vn -0.3031 0.0099 0.9529
vn 0.3147 -0.0104 0.9491
vn 0.8108 -0.0268 0.5847
vn 0.9995 -0.0330 -0.0000
vn 0.8108 -0.0268 -0.5847
vn 0.3147 -0.0104 -0.9491
vn -0.3031 0.0099 -0.9529
vn -0.8064 0.0262 -0.5908
vn -0.9995 0.0324 -0.0000
vn -0.8064 -0.0262 0.5908
vn -0.3031 -0.0099 0.9529
vn 0.3147 0.0104 0.9491
vn 0.8108 0.0268 0.5847
vn 0.9995 0.0330 -0.0000
vn 0.8108 0.0268 -0.5847
vn 0.3147 0.0104 -0.9491
vn -0.3031 -0.0099 -0.9529
vn -0.8064 -0.0262 -0.5908
vn -0.9995 -0.0324 -0.0000
vn -0.7975 -0.1048 0.5941
vn -0.2946 -0.0388 0.9548
vn 0.3177 0.0419 0.9473
vn 0.8063 0.1063 0.5819
vn 0.9914 0.1307 -0.0000
vn 0.8063 0.1063 -0.5819
vn 0.3177 0.0419 -0.9473
vn -0.2946 -0.0388 -0.9548
vn -0.7975 -0.1048 -0.5941
vn -0.9915 -0.1303 -0.0000
vn -0.7771 -0.2082 0.5940
vn -0.2872 -0.0769 0.9548
vn 0.3096 0.0830 0.9472
vn 0.7857 0.2105 0.5817
vn 0.7857 0.2105 -0.5817
vn 0.3096 0.0830 -0.9472
vn -0.2872 -0.0769 -0.9548
vn -0.7771 -0.2082 -0.5940
vn -0.7432 -0.3079 0.5940
vn -0.2747 -0.1138 0.9548
vn 0.2962 0.1227 0.9472
vn 0.7515 0.3113 0.5817
vn 0.7515 0.3113 -0.5817
vn 0.2962 0.1227 -0.9472
vn -0.2747 -0.1138 -0.9548
vn -0.7432 -0.3079 -0.5940
vn -0.6967 -0.4022 0.5940
vn -0.2575 -0.1486 0.9548
vn 0.2776 0.1603 0.9472
vn 0.7044 0.4067 0.5817
vn 0.7044 0.4067 -0.5817
vn 0.2776 0.1603 -0.9472
vn -0.2575 -0.1486 -0.9548
vn -0.6967 -0.4022 -0.5940
vn -0.6382 -0.4897 0.5940
vn -0.2359 -0.1810 0.9548
vn 0.2543 0.1951 0.9472
vn 0.6453 0.4951 0.5817
vn 0.6453 0.4951 -0.5817
vn 0.2543 0.1951 -0.9472
vn -0.2359 -0.1810 -0.9548
vn -0.6382 -0.4897 -0.5940
vn -0.5689 -0.5689 0.5940
vn -0.2102 -0.2102 0.9548
vn 0.2267 0.2267 0.9472
vn 0.5751 0.5751 0.5817
vn 0.5751 0.5751 -0.5817
vn 0.2267 0.2267 -0.9472
vn -0.2102 -0.2102 -0.9548
vn -0.5689 -0.5689 -0.5940
vn -0.4897 -0.6382 0.5940
vn -0.1810 -0.2359 0.9548
vn 0.1951 0.2543 0.9472
vn 0.4951 0.6453 0.5817
vn 0.4951 0.6453 -0.5817
vn 0.1951 0.2543 -0.9472
vn -0.1810 -0.2359 -0.9548
vn -0.4897 -0.6382 -0.5940
vn -0.4022 -0.6967 0.5940
vn -0.1486 -0.2575 0.9548
vn 0.1603 0.2776 0.9472
vn 0.4067 0.7044 0.5817
vn 0.4067 0.7044 -0.5817
vn 0.1603 0.2776 -0.9472
vn -0.1486 -0.2575 -0.9548
vn -0.4022 -0.6967 -0.5940
vn -0.3079 -0.7432 0.5940
vn -0.1138 -0.2747 0.9548
vn 0.1227 0.2962 0.9472
vn 0.3113 0.7515 0.5817
vn 0.3113 0.7515 -0.5817
vn 0.1227 0.2962 -0.9472
vn -0.1138 -0.2747 -0.9548
vn -0.3079 -0.7432 -0.5940
vn -0.2082 -0.7771 0.5940
vn -0.0769 -0.2872 0.9548
vn 0.0830 0.3096 0.9472
vn 0.2105 0.7857 0.5817
vn 0.2105 0.7857 -0.5817
vn 0.0830 0.3096 -0.9472
vn -0.0769 -0.2872 -0.9548
vn -0.2082 -0.7771 -0.5940
vn -0.1048 -0.7975 0.5941
vn -0.0388 -0.2947 0.9548
vn 0.0419 0.3177 0.9473
vn 0.1063 0.8063 0.5819
vn 0.1307 0.9914 -0.0000
vn 0.1063 0.8063 -0.5819
vn 0.0419 0.3177 -0.9473
vn -0.0388 -0.2947 -0.9548
vn -0.1048 -0.7975 -0.5941
vn -0.1303 -0.9915 -0.0000
vt 0.000000 1.000000
vt 0.009615 1.000000
vt 0.009615 0.900000
vt 0.000000 0.900000
vt 0.000000 0.100000
vt 0.009615 0.100000
vt 0.009615 0.000000
vt 0.000000 0.000000
vt 0.000000 0.200000
vt 0.009615 0.200000
vt 0.000000 0.300000
vt 0.009615 0.300000
vt 0.000000 0.400000
vt 0.009615 0.400000
vt 0.000000 0.500000
vt 0.009615 0.500000
vt 0.000000 0.600000
vt 0.009615 0.600000
vt 0.000000 0.700000
vt 0.009615 0.700000
vt 0.000000 0.800000
vt 0.009615 0.800000
vt 0.019231 1.000000
vt 0.019231 0.900000
vt 0.019231 0.100000
vt 0.019231 0.000000
vt 0.019231 0.200000
vt 0.019231 0.300000
vt 0.019231 0.400000
vt 0.019231 0.500000
vt 0.019231 0.600000
vt 0.019231 0.700000
vt 0.019231 0.800000
vt 0.028846 1.000000
vt 0.028846 0.900000
vt 0.028846 0.100000
vt 0.028846 0.000000
vt 0.028846 0.200000
vt 0.028846 0.300000
vt 0.028846 0.400000
vt 0.028846 0.500000
vt 0.028846 0.600000
vt 0.028846 0.700000
vt 0.028846 0.800000
vt 0.038462 1.000000
vt 0.038462 0.900000
vt 0.038462 0.100000
vt 0.038462 0.000000
vt 0.038462 0.200000
vt 0.038462 0.300000
vt 0.038462 0.400000
vt 0.038462 0.500000
vt 0.038462 0.600000
vt 0.038462 0.700000
vt 0.038462 0.800000
vt 0.048077 1.000000
vt 0.048077 0.900000
vt 0.048077 0.100000
vt 0.048077 0.000000
vt 0.048077 0.200000
vt 0.048077 0.300000
vt 0.048077 0.400000
vt 0.048077 0.500000
vt 0.048077 0.600000
vt 0.048077 0.700000
vt 0.048077 0.800000
vt 0.057692 1.000000
vt 0.057692 0.900000
vt 0.057692 0.100000
vt 0.057692 0.000000
vt 0.057692 0.200000
vt 0.057692 0.300000
vt 0.057692 0.400000
vt 0.057692 0.500000
vt 0.057692 0.600000
vt 0.057692 0.700000
vt 0.057692 0.800000
vt 0.067308 1.000000
vt 0.067308 0.900000
vt 0.067308 0.100000
vt 0.067308 0.000000
vt 0.067308 0.200000
vt 0.067308 0.300000
vt 0.067308 0.400000
vt 0.067308 0.500000
vt 0.067308 0.600000
vt 0.067308 0.700000
vt 0.067308 0.800000
vt 0.076923 1.000000
vt 0.076923 0.900000
vt 0.076923 0.100000
vt 0.076923 0.000000
vt 0.076923 0.200000
vt 0.076923 0.300000
vt 0.076923 0.400000
vt 0.076923 0.500000
vt 0.076923 0.600000
vt 0.076923 0.700000
vt 0.076923 0.800000
vt 0.086538 1.000000
vt 0.086538 0.900000
vt 0.086538 0.100000
vt 0.086538 0.000000
vt 0.086538 0.200000
vt 0.086538 0.300000
vt 0.086538 0.400000
vt 0.086538 0.500000
vt 0.086538 0.600000
vt 0.086538 0.700000
vt 0.086538 0.800000
vt 0.096154 1.000000
vt 0.096154 0.900000
vt 0.096154 0.100000
vt 0.096154 0.000000
vt 0.096154 0.200000
vt 0.096154 0.300000
vt 0.096154 0.400000
vt 0.096154 0.500000
vt 0.096154 0.600000
vt 0.096154 0.700000
vt 0.096154 0.800000
vt 0.105769 1.000000
vt 0.105769 0.900000
vt 0.105769 0.100000
vt 0.105769 0.000000
vt 0.105769 0.200000
vt 0.105769 0.300000
vt 0.105769 0.400000
vt 0.105769 0.500000
vt 0.105769 0.600000
vt 0.105769 0.700000
vt 0.105769 0.800000
vt 0.115385 1.000000
vt 0.115385 0.900000
vt 0.115385 0.100000
vt 0.115385 0.000000
vt 0.115385 0.200000
vt 0.115385 0.300000
vt 0.115385 0.400000
vt 0.115385 0.500000
vt 0.115385 0.600000
vt 0.115385 0.700000
vt 0.115385 0.800000
vt 0.125000 1.000000
vt 0.125000 0.900000
vt 0.125000 0.100000
vt 0.125000 0.000000
vt 0.125000 0.200000
vt 0.125000 0.300000
vt 0.125000 0.400000
vt 0.125000 0.500000
vt 0.125000 0.600000
vt 0.125000 0.700000
vt 0.125000 0.800000
vt 0.134615 1.000000
vt 0.134615 0.900000
vt 0.134615 0.100000
vt 0.134615 0.000000
vt 0.134615 0.200000
vt 0.134615 0.300000
vt 0.134615 0.400000
vt 0.134615 0.500000
vt 0.134615 0.600000
vt 0.134615 0.700000
vt 0.134615 0.800000
vt 0.144231 1.000000
vt 0.144231 0.900000
vt 0.144231 0.100000
vt 0.144231 0.000000
vt 0.144231 0.200000
vt 0.144231 0.300000
vt 0.144231 0.400000
vt 0.144231 0.500000
vt 0.144231 0.600000
vt 0.144231 0.700000
vt 0.144231 0.800000
vt 0.153846 1.000000
vt 0.153846 0.900000
vt 0.153846 0.100000
vt 0.153846 0.000000
vt 0.153846 0.200000
vt 0.153846 0.300000
vt 0.153846 0.400000
vt 0.153846 0.500000
vt 0.153846 0.600000
vt 0.153846 0.700000
vt 0.153846 0.800000
vt 0.163462 1.000000
vt 0.163462 0.900000
vt 0.163462 0.100000
vt 0.163462 0.000000
vt 0.163462 0.200000
vt 0.163462 0.300000
vt 0.163462 0.400000
vt 0.163462 0.500000
vt 0.163462 0.600000
vt 0.163462 0.700000
vt 0.163462 0.800000
vt 0.173077 1.000000
vt 0.173077 0.900000
vt 0.173077 0.100000
vt 0.173077 0.000000
vt 0.173077 0.200000
vt 0.173077 0.300000
vt 0.173077 0.400000
vt 0.173077 0.500000
vt 0.173077 0.600000
vt 0.173077 0.700000
vt 0.173077 0.800000
vt 0.182692 1.000000
vt 0.182692 0.900000
vt 0.182692 0.100000
vt 0.182692 0.000000
vt 0.182692 0.200000
vt 0.182692 0.300000
vt 0.182692 0.400000
vt 0.182692 0.500000
vt 0.182692 0.600000
vt 0.182692 0.700000
vt 0.182692 0.800000
vt 0.192308 1.000000
vt 0.192308 0.900000
vt 0.192308 0.100000
vt 0.192308 0.000000
vt 0.192308 0.200000
vt 0.192308 0.300000
vt 0.192308 0.400000
vt 0.192308 0.500000
vt 0.192308 0.600000
vt 0.192308 0.700000
vt 0.192308 0.800000
vt 0.201923 1.000000
vt 0.201923 0.900000
vt 0.201923 0.100000
vt 0.201923 0.000000
vt 0.201923 0.200000
vt 0.201923 0.300000
vt 0.201923 0.400000
vt 0.201923 0.500000
vt 0.201923 0.600000
vt 0.201923 0.700000
vt 0.201923 0.800000
vt 0.211538 1.000000
vt 0.211538 0.900000
vt 0.211538 0.100000
vt 0.211538 0.000000
vt 0.211538 0.200000
vt 0.211538 0.300000
vt 0.211538 0.400000
vt 0.211538 0.500000
vt 0.211538 0.600000
vt 0.211538 0.700000
vt 0.211538 0.800000
vt 0.221154 1.000000
vt 0.221154 0.900000
vt 0.221154 0.100000
vt 0.221154 0.000000
vt 0.221154 0.200000
vt 0.221154 0.300000
vt 0.221154 0.400000
vt 0.221154 0.500000
vt 0.221154 0.600000
vt 0.221154 0.700000
vt 0.221154 0.800000
vt 0.230769 1.000000
vt 0.230769 0.900000
vt 0.230769 0.100000
vt 0.230769 0.000000
vt 0.230769 0.200000
vt 0.230769 0.300000
vt 0.230769 0.400000
vt 0.230769 0.500000
vt 0.230769 0.600000
vt 0.230769 0.700000
vt 0.230769 0.800000
vt 0.240385 1.000000
vt 0.240385 0.900000
vt 0.240385 0.100000
vt 0.240385 0.000000
vt 0.240385 0.200000
vt 0.240385 0.300000
vt 0.240385 0.400000
vt 0.240385 0.500000
vt 0.240385 0.600000
vt 0.240385 0.700000
vt 0.240385 0.800000
vt 0.250000 1.000000
vt 0.250000 0.900000
vt 0.250000 0.100000
vt 0.250000 0.000000
vt 0.250000 0.200000
vt 0.250000 0.300000
vt 0.250000 0.400000
vt 0.250000 0.500000
vt 0.250000 0.600000
vt 0.250000 0.700000
vt 0.250000 0.800000
vt 0.259615 1.000000
vt 0.259615 0.900000
vt 0.259615 0.100000
vt 0.259615 0.000000
vt 0.259615 0.200000
vt 0.259615 0.300000
vt 0.259615 0.400000
vt 0.259615 0.500000
vt 0.259615 0.600000
vt 0.259615 0.700000
vt 0.259615 0.800000
vt 0.269231 1.000000
vt 0.269231 0.900000
vt 0.269231 0.100000
vt 0.269231 0.000000
vt 0.269231 0.200000
vt 0.269231 0.300000
vt 0.269231 0.400000
vt 0.269231 0.500000
vt 0.269231 0.600000
vt 0.269231 0.700000
vt 0.269231 0.800000
vt 0.278846 1.000000
vt 0.278846 0.900000
vt 0.278846 0.100000
vt 0.278846 0.000000
vt 0.278846 0.200000
vt 0.278846 0.300000
vt 0.278846 0.400000
vt 0.278846 0.500000
vt 0.278846 0.600000
vt 0.278846 0.700000
vt 0.278846 0.800000
vt 0.288462 1.000000
vt 0.288462 0.900000
vt 0.288462 0.100000
vt 0.288462 0.000000
vt 0.288462 0.200000
vt 0.288462 0.300000
vt 0.288462 0.400000
vt 0.288462 0.500000
vt 0.288462 0.600000
vt 0.288462 0.700000
vt 0.288462 0.800000
vt 0.298077 1.000000
vt 0.298077 0.900000
vt 0.298077 0.100000
vt 0.298077 0.000000
vt 0.298077 0.200000
vt 0.298077 0.300000
vt 0.298077 0.400000
vt 0.298077 0.500000
vt 0.298077 0.600000
vt 0.298077 0.700000
vt 0.298077 0.800000
vt 0.307692 1.000000
vt 0.307692 0.900000
vt 0.307692 0.100000
vt 0.307692 0.000000
vt 0.307692 0.200000
vt 0.307692 0.300000
vt 0.307692 0.400000
vt 0.307692 0.500000
vt 0.307692 0.600000
vt 0.307692 0.700000
vt 0.307692 0.800000
vt 0.317308 1.000000
vt 0.317308 0.900000
vt 0.317308 0.100000
vt 0.317308 0.000000
vt 0.317308 0.200000
vt 0.317308 0.300000
vt 0.317308 0.400000
vt 0.317308 0.500000
vt 0.317308 0.600000
vt 0.317308 0.700000
vt 0.317308 0.800000
vt 0.326923 1.000000
vt 0.326923 0.900000
vt 0.326923 0.100000
vt 0.326923 0.000000
vt 0.326923 0.200000
vt 0.326923 0.300000
vt 0.326923 0.400000
vt 0.326923 0.500000
vt 0.326923 0.600000
vt 0.326923 0.700000
vt 0.326923 0.800000
vt 0.336538 1.000000
vt 0.336538 0.900000
vt 0.336538 0.100000
vt 0.336538 0.000000
vt 0.336538 0.200000
vt 0.336538 0.300000
vt 0.336538 0.400000
vt 0.336538 0.500000
vt 0.336538 0.600000
vt 0.336538 0.700000
vt 0.336538 0.800000
vt 0.346154 1.000000
vt 0.346154 0.900000
vt 0.346154 0.100000
vt 0.346154 0.000000
vt 0.346154 0.200000
vt 0.346154 0.300000
vt 0.346154 0.400000
vt 0.346154 0.500000
vt 0.346154 0.600000
vt 0.346154 0.700000
vt 0.346154 0.800000
vt 0.355769 1.000000
vt 0.355769 0.900000
vt 0.355769 0.100000
vt 0.355769 0.000000
vt 0.355769 0.200000
vt 0.355769 0.300000
vt 0.355769 0.400000
vt 0.355769 0.500000
vt 0.355769 0.600000
vt 0.355769 0.700000
vt 0.355769 0.800000
vt 0.365385 1.000000
vt 0.365385 0.900000
vt 0.365385 0.100000
vt 0.365385 0.000000
vt 0.365385 0.200000
vt 0.365385 0.300000
vt 0.365385 0.400000
vt 0.365385 0.500000
vt 0.365385 0.600000
vt 0.365385 0.700000
vt 0.365385 0.800000
vt 0.375000 1.000000
vt 0.375000 0.900000
vt 0.375000 0.100000
vt 0.375000 0.000000
vt 0.375000 0.200000
vt 0.375000 0.300000
vt 0.375000 0.400000
vt 0.375000 0.500000
vt 0.375000 0.600000
vt 0.375000 0.700000
vt 0.375000 0.800000
vt 0.384615 1.000000
vt 0.384615 0.900000
vt 0.384615 0.100000
vt 0.384615 0.000000
vt 0.384615 0.200000
vt 0.384615 0.300000
vt 0.384615 0.400000
vt 0.384615 0.500000
vt 0.384615 0.600000
vt 0.384615 0.700000
vt 0.384615 0.800000
vt 0.394231 1.000000
vt 0.394231 0.900000
vt 0.394231 0.100000
vt 0.394231 0.000000
vt 0.394231 0.200000
vt 0.394231 0.300000
vt 0.394231 0.400000
vt 0.394231 0.500000
vt 0.394231 0.600000
vt 0.394231 0.700000
vt 0.394231 0.800000
vt 0.403846 1.000000
vt 0.403846 0.900000
vt 0.403846 0.100000
vt 0.403846 0.000000
vt 0.403846 0.200000
vt 0.403846 0.300000
vt 0.403846 0.400000
vt 0.403846 0.500000
vt 0.403846 0.600000
vt 0.403846 0.700000
vt 0.403846 0.800000
vt 0.413462 1.000000
vt 0.413462 0.900000
vt 0.413462 0.100000
vt 0.413462 0.000000
vt 0.413462 0.200000
vt 0.413462 0.300000
vt 0.413462 0.400000
vt 0.413462 0.500000
vt 0.413462 0.600000
vt 0.413462 0.700000
vt 0.413462 0.800000
vt 0.423077 1.000000
vt 0.423077 0.900000
vt 0.423077 0.100000
vt 0.423077 0.000000
vt 0.423077 0.200000
vt 0.423077 0.300000
vt 0.423077 0.400000
vt 0.423077 0.500000
vt 0.423077 0.600000
vt 0.423077 0.700000
vt 0.423077 0.800000
vt 0.432692 1.000000
vt 0.432692 0.900000
vt 0.432692 0.100000
vt 0.432692 0.000000
vt 0.432692 0.200000
vt 0.432692 0.300000
vt 0.432692 0.400000
vt 0.432692 0.500000
vt 0.432692 0.600000
vt 0.432692 0.700000
vt 0.432692 0.800000
vt 0.442308 1.000000
vt 0.442308 0.900000
vt 0.442308 0.100000
vt 0.442308 0.000000
vt 0.442308 0.200000
vt 0.442308 0.300000
vt 0.442308 0.400000
vt 0.442308 0.500000
vt 0.442308 0.600000
vt 0.442308 0.700000
vt 0.442308 0.800000
vt 0.451923 1.000000
vt 0.451923 0.900000
vt 0.451923 0.100000
vt 0.451923 0.000000
vt 0.451923 0.200000
vt 0.451923 0.300000
vt 0.451923 0.400000
vt 0.451923 0.500000
vt 0.451923 0.600000
vt 0.451923 0.700000
vt 0.451923 0.800000
vt 0.461538 1.000000
vt 0.461538 0.900000
vt 0.461538 0.100000
vt 0.461538 0.000000
vt 0.461538 0.200000
vt 0.461538 0.300000
vt 0.461538 0.400000
vt 0.461538 0.500000
vt 0.461538 0.600000
vt 0.461538 0.700000
vt 0.461538 0.800000
vt 0.471154 1.000000
vt 0.471154 0.900000
vt 0.471154 0.100000
vt 0.471154 0.000000
vt 0.471154 0.200000
vt 0.471154 0.300000
vt 0.471154 0.400000
vt 0.471154 0.500000
vt 0.471154 0.600000
vt 0.471154 0.700000
vt 0.471154 0.800000
vt 0.480769 1.000000
vt 0.480769 0.900000
vt 0.480769 0.100000
vt 0.480769 0.000000
vt 0.480769 0.200000
vt 0.480769 0.300000
vt 0.480769 0.400000
vt 0.480769 0.500000
vt 0.480769 0.600000
vt 0.480769 0.700000
vt 0.480769 0.800000
vt 0.490385 1.000000
vt 0.490385 0.900000
vt 0.490385 0.100000
vt 0.490385 0.000000
vt 0.490385 0.200000
vt 0.490385 0.300000
vt 0.490385 0.400000
vt 0.490385 0.500000
vt 0.490385 0.600000
vt 0.490385 0.700000
vt 0.490385 0.800000
vt 0.500000 1.000000
vt 0.500000 0.900000
vt 0.500000 0.100000
vt 0.500000 0.000000
vt 0.500000 0.200000
vt 0.500000 0.300000
vt 0.500000 0.400000
vt 0.500000 0.500000
vt 0.500000 0.600000
vt 0.500000 0.700000
vt 0.500000 0.800000
vt 0.509615 1.000000
vt 0.509615 0.900000
vt 0.509615 0.100000
vt 0.509615 0.000000
vt 0.509615 0.200000
vt 0.509615 0.300000
vt 0.509615 0.400000
vt 0.509615 0.500000
vt 0.509615 0.600000
vt 0.509615 0.700000
vt 0.509615 0.800000
vt 0.519231 1.000000
vt 0.519231 0.900000
vt 0.519231 0.100000
vt 0.519231 0.000000
vt 0.519231 0.200000
vt 0.519231 0.300000
vt 0.519231 0.400000
vt 0.519231 0.500000
vt 0.519231 0.600000
vt 0.519231 0.700000
vt 0.519231 0.800000
vt 0.528846 1.000000
vt 0.528846 0.900000
vt 0.528846 0.100000
vt 0.528846 0.000000
vt 0.528846 0.200000
vt 0.528846 0.300000
vt 0.528846 0.400000
vt 0.528846 0.500000
vt 0.528846 0.600000
vt 0.528846 0.700000
vt 0.528846 0.800000
vt 0.538462 1.000000
vt 0.538462 0.900000
vt 0.538462 0.100000
vt 0.538462 0.000000
vt 0.538462 0.200000
vt 0.538462 0.300000
vt 0.538462 0.400000
vt 0.538462 0.500000
vt 0.538462 0.600000
vt 0.538462 0.700000
vt 0.538462 0.800000
vt 0.548077 1.000000
vt 0.548077 0.900000
vt 0.548077 0.100000
vt 0.548077 0.000000
vt 0.548077 0.200000
vt 0.548077 0.300000
vt 0.548077 0.400000
vt 0.548077 0.500000
vt 0.548077 0.600000
vt 0.548077 0.700000
vt 0.548077 0.800000
vt 0.557692 1.000000
vt 0.557692 0.900000
vt 0.557692 0.100000
vt 0.557692 0.000000
vt 0.557692 0.200000
vt 0.557692 0.300000
vt 0.557692 0.400000
vt 0.557692 0.500000
vt 0.557692 0.600000
vt 0.557692 0.700000
vt 0.557692 0.800000
vt 0.567308 1.000000
vt 0.567308 0.900000
vt 0.567308 0.100000
vt 0.567308 0.000000
vt 0.567308 0.200000
vt 0.567308 0.300000
vt 0.567308 0.400000
vt 0.567308 0.500000
vt 0.567308 0.600000
vt 0.567308 0.700000
vt 0.567308 0.800000
vt 0.576923 1.000000
vt 0.576923 0.900000
vt 0.576923 0.100000
vt 0.576923 0.000000
vt 0.576923 0.200000
vt 0.576923 0.300000
vt 0.576923 0.400000
vt 0.576923 0.500000
vt 0.576923 0.600000
vt 0.576923 0.700000
vt 0.576923 0.800000
vt 0.586538 1.000000
vt 0.586538 0.900000
vt 0.586538 0.100000
vt 0.586538 0.000000
vt 0.586538 0.200000
vt 0.586538 0.300000
vt 0.586538 0.400000
vt 0.586538 0.500000
vt 0.586538 0.600000
vt 0.586538 0.700000
vt 0.586538 0.800000
vt 0.596154 1.000000
vt 0.596154 0.900000
vt 0.596154 0.100000
vt 0.596154 0.000000
vt 0.596154 0.200000
vt 0.596154 0.300000
vt 0.596154 0.400000
vt 0.596154 0.500000
vt 0.596154 0.600000
vt 0.596154 0.700000
vt 0.596154 0.800000
vt 0.605769 1.000000
vt 0.605769 0.900000
vt 0.605769 0.100000
vt 0.605769 0.000000
vt 0.605769 0.200000
vt 0.605769 0.300000
vt 0.605769 0.400000
vt 0.605769 0.500000
vt 0.605769 0.600000
vt 0.605769 0.700000
vt 0.605769 0.800000
vt 0.615385 1.000000
vt 0.615385 0.900000
vt 0.615385 0.100000
vt 0.615385 0.000000
vt 0.615385 0.200000
vt 0.615385 0.300000
vt 0.615385 0.400000
vt 0.615385 0.500000
vt 0.615385 0.600000
vt 0.615385 0.700000
vt 0.615385 0.800000
vt 0.625000 1.000000
vt 0.625000 0.900000
vt 0.625000 0.100000
vt 0.625000 0.000000
vt 0.625000 0.200000
vt 0.625000 0.300000
vt 0.625000 0.400000
vt 0.625000 0.500000
vt 0.625000 0.600000
vt 0.625000 0.700000
vt 0.625000 0.800000
vt 0.634615 1.000000
vt 0.634615 0.900000
vt 0.634615 0.100000
vt 0.634615 0.000000
vt 0.634615 0.200000
vt 0.634615 0.300000
vt 0.634615 0.400000
vt 0.634615 0.500000
vt 0.634615 0.600000
vt 0.634615 0.700000
vt 0.634615 0.800000
vt 0.644231 1.000000
vt 0.644231 0.900000
vt 0.644231 0.100000
vt 0.644231 0.000000
vt 0.644231 0.200000
vt 0.644231 0.300000
vt 0.644231 0.400000
vt 0.644231 0.500000
vt 0.644231 0.600000
vt 0.644231 0.700000
vt 0.644231 0.800000
vt 0.653846 1.000000
vt 0.653846 0.900000
vt 0.653846 0.100000
vt 0.653846 0.000000
vt 0.653846 0.200000
vt 0.653846 0.300000
vt 0.653846 0.400000
vt 0.653846 0.500000
vt 0.653846 0.600000
vt 0.653846 0.700000
vt 0.653846 0.800000
vt 0.663462 1.000000
vt 0.663462 0.900000
vt 0.663462 0.100000
vt 0.663462 0.000000
vt 0.663462 0.200000
vt 0.663462 0.300000
vt 0.663462 0.400000
vt 0.663462 0.500000
vt 0.663462 0.600000
vt 0.663462 0.700000
vt 0.663462 0.800000
vt 0.673077 1.000000
vt 0.673077 0.900000
vt 0.673077 0.100000
vt 0.673077 0.000000
vt 0.673077 0.200000
vt 0.673077 0.300000
vt 0.673077 0.400000
vt 0.673077 0.500000
vt 0.673077 0.600000
vt 0.673077 0.700000
vt 0.673077 0.800000
vt 0.682692 1.000000
vt 0.682692 0.900000
vt 0.682692 0.100000
vt 0.682692 0.000000
vt 0.682692 0.200000
vt 0.682692 0.300000
vt 0.682692 0.400000
vt 0.682692 0.500000
vt 0.682692 0.600000
vt 0.682692 0.700000
vt 0.682692 0.800000
vt 0.692308 1.000000
vt 0.692308 0.900000
vt 0.692308 0.100000
vt 0.692308 0.000000
vt 0.692308 0.200000
vt 0.692308 0.300000
vt 0.692308 0.400000
vt 0.692308 0.500000
vt 0.692308 0.600000
vt 0.692308 0.700000
vt 0.692308 0.800000
vt 0.701923 1.000000
vt 0.701923 0.900000
vt 0.701923 0.100000
vt 0.701923 0.000000
vt 0.701923 0.200000
vt 0.701923 0.300000
vt 0.701923 0.400000
vt 0.701923 0.500000
vt 0.701923 0.600000
vt 0.701923 0.700000
vt 0.701923 0.800000
vt 0.711538 1.000000
vt 0.711538 0.900000
vt 0.711538 0.100000
vt 0.711538 0.000000
vt 0.711538 0.200000
vt 0.711538 0.300000
vt 0.711538 0.400000
vt 0.711538 0.500000
vt 0.711538 0.600000
vt 0.711538 0.700000
vt 0.711538 0.800000
vt 0.721154 1.000000
vt 0.721154 0.900000
vt 0.721154 0.100000
vt 0.721154 0.000000
vt 0.721154 0.200000
vt 0.721154 0.300000
vt 0.721154 0.400000
vt 0.721154 0.500000
vt 0.721154 0.600000
vt 0.721154 0.700000
vt 0.721154 0.800000
vt 0.730769 1.000000
vt 0.730769 0.900000
vt 0.730769 0.100000
vt 0.730769 0.000000
vt 0.730769 0.200000
vt 0.730769 0.300000
vt 0.730769 0.400000
vt 0.730769 0.500000
vt 0.730769 0.600000
vt 0.730769 0.700000
vt 0.730769 0.800000
vt 0.740385 1.000000
vt 0.740385 0.900000
vt 0.740385 0.100000
vt 0.740385 0.000000
vt 0.740385 0.200000
vt 0.740385 0.300000
vt 0.740385 0.400000
vt 0.740385 0.500000
vt 0.740385 0.600000
vt 0.740385 0.700000
vt 0.740385 0.800000
vt 0.750000 1.000000
vt 0.750000 0.900000
vt 0.750000 0.100000
vt 0.750000 0.000000
vt 0.750000 0.200000
vt 0.750000 0.300000
vt 0.750000 0.400000
vt 0.750000 0.500000
vt 0.750000 0.600000
vt 0.750000 0.700000
vt 0.750000 0.800000
vt 0.759615 1.000000
vt 0.759615 0.900000
vt 0.759615 0.100000
vt 0.759615 0.000000
vt 0.759615 0.200000
vt 0.759615 0.300000
vt 0.759615 0.400000
vt 0.759615 0.500000
vt 0.759615 0.600000
vt 0.759615 0.700000
vt 0.759615 0.800000
vt 0.769231 1.000000
vt 0.769231 0.900000
vt 0.769231 0.100000
vt 0.769231 0.000000
vt 0.769231 0.200000
vt 0.769231 0.300000
vt 0.769231 0.400000
vt 0.769231 0.500000
vt 0.769231 0.600000
vt 0.769231 0.700000
vt 0.769231 0.800000
vt 0.778846 1.000000
vt 0.778846 0.900000
vt 0.778846 0.100000
vt 0.778846 0.000000
vt 0.778846 0.200000
vt 0.778846 0.300000
vt 0.778846 0.400000
vt 0.778846 0.500000
vt 0.778846 0.600000
vt 0.778846 0.700000
vt 0.778846 0.800000
vt 0.788462 1.000000
vt 0.788462 0.900000
vt 0.788462 0.100000
vt 0.788462 0.000000
vt 0.788462 0.200000
vt 0.788462 0.300000
vt 0.788462 0.400000
vt 0.788462 0.500000
vt 0.788462 0.600000
vt 0.788462 0.700000
vt 0.788462 0.800000
vt 0.798077 1.000000
vt 0.798077 0.900000
vt 0.798077 0.100000
vt 0.798077 0.000000
vt 0.798077 0.200000
vt 0.798077 0.300000
vt 0.798077 0.400000
vt 0.798077 0.500000
vt 0.798077 0.600000
vt 0.798077 0.700000
vt 0.798077 0.800000
vt 0.807692 1.000000
vt 0.807692 0.900000
vt 0.807692 0.100000
vt 0.807692 0.000000
vt 0.807692 0.200000
vt 0.807692 0.300000
vt 0.807692 0.400000
vt 0.807692 0.500000
vt 0.807692 0.600000
vt 0.807692 0.700000
vt 0.807692 0.800000
vt 0.817308 1.000000
vt 0.817308 0.900000
vt 0.817308 0.100000
vt 0.817308 0.000000
vt 0.817308 0.200000
vt 0.817308 0.300000
vt 0.817308 0.400000
vt 0.817308 0.500000
vt 0.817308 0.600000
vt 0.817308 0.700000
vt 0.817308 0.800000
vt 0.826923 1.000000
vt 0.826923 0.900000
vt 0.826923 0.100000
vt 0.826923 0.000000
vt 0.826923 0.200000
vt 0.826923 0.300000
vt 0.826923 0.400000
vt 0.826923 0.500000
vt 0.826923 0.600000
vt 0.826923 0.700000
vt 0.826923 0.800000
vt 0.836538 1.000000
vt 0.836538 0.900000
vt 0.836538 0.100000
vt 0.836538 0.000000
vt 0.836538 0.200000
vt 0.836538 0.300000
vt 0.836538 0.400000
vt 0.836538 0.500000
vt 0.836538 0.600000
vt 0.836538 0.700000
vt 0.836538 0.800000
vt 0.846154 1.000000
vt 0.846154 0.900000
vt 0.846154 0.100000
vt 0.846154 0.000000
vt 0.846154 0.200000
vt 0.846154 0.300000
vt 0.846154 0.400000
vt 0.846154 0.500000
vt 0.846154 0.600000
vt 0.846154 0.700000
vt 0.846154 0.800000
vt 0.855769 1.000000
vt 0.855769 0.900000
vt 0.855769 0.100000
vt 0.855769 0.000000
vt 0.855769 0.200000
vt 0.855769 0.300000
vt 0.855769 0.400000
vt 0.855769 0.500000
vt 0.855769 0.600000
vt 0.855769 0.700000
vt 0.855769 0.800000
vt 0.865385 1.000000
vt 0.865385 0.900000
vt 0.865385 0.100000
vt 0.865385 0.000000
vt 0.865385 0.200000
vt 0.865385 0.300000
vt 0.865385 0.400000
vt 0.865385 0.500000
vt 0.865385 0.600000
vt 0.865385 0.700000
vt 0.865385 0.800000
vt 0.875000 1.000000
vt 0.875000 0.900000
vt 0.875000 0.100000
vt 0.875000 0.000000
vt 0.875000 0.200000
vt 0.875000 0.300000
vt 0.875000 0.400000
vt 0.875000 0.500000
vt 0.875000 0.600000
vt 0.875000 0.700000
vt 0.875000 0.800000
vt 0.884615 1.000000
vt 0.884615 0.900000
vt 0.884615 0.100000
vt 0.884615 0.000000
vt 0.884615 0.200000
vt 0.884615 0.300000
vt 0.884615 0.400000
vt 0.884615 0.500000
vt 0.884615 0.600000
vt 0.884615 0.700000
vt 0.884615 0.800000
vt 0.894231 1.000000
vt 0.894231 0.900000
vt 0.894231 0.100000
vt 0.894231 0.000000
vt 0.894231 0.200000
vt 0.894231 0.300000
vt 0.894231 0.400000
vt 0.894231 0.500000
vt 0.894231 0.600000
vt 0.894231 0.700000
vt 0.894231 0.800000
vt 0.903846 1.000000
vt 0.903846 0.900000
vt 0.903846 0.100000
vt 0.903846 0.000000
vt 0.903846 0.200000
vt 0.903846 0.300000
vt 0.903846 0.400000
vt 0.903846 0.500000
vt 0.903846 0.600000
vt 0.903846 0.700000
vt 0.903846 0.800000
vt 0.913462 1.000000
vt 0.913462 0.900000
vt 0.913462 0.100000
vt 0.913462 0.000000
vt 0.913462 0.200000
vt 0.913462 0.300000
vt 0.913462 0.400000
vt 0.913462 0.500000
vt 0.913462 0.600000
vt 0.913462 0.700000
vt 0.913462 0.800000
vt 0.923077 1.000000
vt 0.923077 0.900000
vt 0.923077 0.100000
vt 0.923077 0.000000
vt 0.923077 0.200000
vt 0.923077 0.300000
vt 0.923077 0.400000
vt 0.923077 0.500000
vt 0.923077 0.600000
vt 0.923077 0.700000
vt 0.923077 0.800000
vt 0.932692 1.000000
vt 0.932692 0.900000
vt 0.932692 0.100000
vt 0.932692 0.000000
vt 0.932692 0.200000
vt 0.932692 0.300000
vt 0.932692 0.400000
vt 0.932692 0.500000
vt 0.932692 0.600000
vt 0.932692 0.700000
vt 0.932692 0.800000
vt 0.942308 1.000000
vt 0.942308 0.900000
vt 0.942308 0.100000
vt 0.942308 0.000000
vt 0.942308 0.200000
vt 0.942308 0.300000
vt 0.942308 0.400000
vt 0.942308 0.500000
vt 0.942308 0.600000
vt 0.942308 0.700000
vt 0.942308 0.800000
vt 0.951923 1.000000
vt 0.951923 0.900000
vt 0.951923 0.100000
vt 0.951923 0.000000
vt 0.951923 0.200000
vt 0.951923 0.300000
vt 0.951923 0.400000
vt 0.951923 0.500000
vt 0.951923 0.600000
vt 0.951923 0.700000
vt 0.951923 0.800000
vt 0.961538 1.000000
vt 0.961538 0.900000
vt 0.961538 0.100000
vt 0.961538 0.000000
vt 0.961538 0.200000
vt 0.961538 0.300000
vt 0.961538 0.400000
vt 0.961538 0.500000
vt 0.961538 0.600000
vt 0.961538 0.700000
vt 0.961538 0.800000
vt 0.971154 1.000000
vt 0.971154 0.900000
vt 0.971154 0.100000
vt 0.971154 0.000000
vt 0.971154 0.200000
vt 0.971154 0.300000
vt 0.971154 0.400000
vt 0.971154 0.500000
vt 0.971154 0.600000
vt 0.971154 0.700000
vt 0.971154 0.800000
vt 0.980769 1.000000
vt 0.980769 0.900000
vt 0.980769 0.100000
vt 0.980769 0.000000
vt 0.980769 0.200000
vt 0.980769 0.300000
vt 0.980769 0.400000
vt 0.980769 0.500000
vt 0.980769 0.600000
vt 0.980769 0.700000
vt 0.980769 0.800000
vt 0.990385 1.000000
vt 0.990385 0.900000
vt 0.990385 0.100000
vt 0.990385 0.000000
vt 0.990385 0.200000
vt 0.990385 0.300000
vt 0.990385 0.400000
vt 0.990385 0.500000
vt 0.990385 0.600000
vt 0.990385 0.700000
vt 0.990385 0.800000
vt 1.000000 1.000000
vt 1.000000 0.900000
vt 1.000000 0.100000
vt 1.000000 0.000000
vt 1.000000 0.200000
vt 1.000000 0.300000
vt 1.000000 0.400000
vt 1.000000 0.500000
vt 1.000000 0.600000
vt 1.000000 0.700000
vt 1.000000 0.800000
s 1
usemtl SimTrack
f 193/206/193 203/207/203 212/208/212 202/209/202
f 194/210/194 204/211/204 203/212/203 193/213/193
f 195/214/195 205/215/205 204/211/204 194/210/194
f 196/216/196 206/217/206 205/215/205 195/214/195
f 197/218/197 207/219/207 206/217/206 196/216/196
f 198/220/198 208/221/208 207/219/207 197/218/197
f 199/222/199 209/223/209 208/221/208 198/220/198
f 200/224/200 210/225/210 209/223/209 199/222/199
f 201/226/201 211/227/211 210/225/210 200/224/200
f 202/209/202 212/208/212 211/227/211 201/226/201
f 203/207/203 213/228/213 222/229/212 212/208/212
f 204/211/204 214/230/214 213/231/213 203/212/203
f 205/215/205 215/232/215 214/230/214 204/211/204
f 206/217/206 216/233/216 215/232/215 205/215/205
f 207/219/207 217/234/207 216/233/216 206/217/206
f 208/221/208 218/235/217 217/234/207 207/219/207
f 209/223/209 219/236/218 218/235/217 208/221/208
f 210/225/210 220/237/219 219/236/218 209/223/209
f 211/227/211 221/238/220 220/237/219 210/225/210
f 212/208/212 222/229/212 221/238/220 211/227/211
f 213/228/213 223/239/213 232/240/212 222/229/212
f 214/230/214 224/241/214 223/242/213 213/231/213
f 215/232/215 225/243/215 224/241/214 214/230/214
f 216/233/216 226/244/216 225/243/215 215/232/215
f 217/234/207 227/245/207 226/244/216 216/233/216
f 218/235/217 228/246/217 227/245/207 217/234/207
f 219/236/218 229/247/218 228/246/217 218/235/217
f 220/237/219 230/248/219 229/247/218 219/236/218
f 221/238/220 231/249/220 230/248/219 220/237/219
f 222/229/212 232/240/212 231/249/220 221/238/220
f 223/239/213 233/250/213 242/251/212 232/240/212
f 224/241/214 234/252/214 233/253/213 223/242/213
f 225/243/215 235/254/215 234/252/214 224/241/214
f 226/244/216 236/255/216 235/254/215 225/243/215
f 227/245/207 237/256/207 236/255/216 226/244/216
f 228/246/217 238/257/217 237/256/207 227/245/207
f 229/247/218 239/258/218 238/257/217 228/246/217
f 230/248/219 240/259/219 239/258/218 229/247/218
f 231/249/220 241/260/220 240/259/219 230/248/219
f 232/240/212 242/251/212 241/260/220 231/249/220
f 233/250/213 243/261/213 252/262/212 242/251/212
f 234/252/214 244/263/214 243/264/213 233/253/213
f 235/254/215 245/265/215 244/263/214 234/252/214
f 236/255/216 246/266/216 245/265/215 235/254/215
f 237/256/207 247/267/207 246/266/216 236/255/216
f 238/257/217 248/268/217 247/267/207 237/256/207
f 239/258/218 249/269/218 248/268/217 238/257/217
f 240/259/219 250/270/219 249/269/218 239/258/218
f 241/260/220 251/271/220 250/270/219 240/259/219
f 242/251/212 252/262/212 251/271/220 241/260/220
f 243/261/213 253/272/213 262/273/212 252/262/212
f 244/263/214 254/274/214 253/275/213 243/264/213
f 245/265/215 255/276/215 254/274/214 244/263/214
f 246/266/216 256/277/216 255/276/215 245/265/215
f 247/267/207 257/278/207 256/277/216 246/266/216
f 248/268/217 258/279/217 257/278/207 247/267/207
f 249/269/218 259/280/218 258/279/217 248/268/217
f 250/270/219 260/281/219 259/280/218 249/269/218
f 251/271/220 261/282/220 260/281/219 250/270/219
f 252/262/212 262/273/212 261/282/220 251/271/220
f 253/272/213 263/283/213 272/284/212 262/273/212
f 254/274/214 264/285/214 263/286/213 253/275/213
f 255/276/215 265/287/215 264/285/214 254/274/214
f 256/277/216 266/288/216 265/287/215 255/276/215
f 257/278/207 267/289/207 266/288/216 256/277/216
f 258/279/217 268/290/217 267/289/207 257/278/207
f 259/280/218 269/291/218 268/290/217 258/279/217
f 260/281/219 270/292/219 269/291/218 259/280/218
f 261/282/220 271/293/220 270/292/219 260/281/219
f 262/273/212 272/284/212 271/293/220 261/282/220
f 263/283/213 273/294/213 282/295/212 272/284/212
f 264/285/214 274/296/214 273/297/213 263/286/213
f 265/287/215 275/298/215 274/296/214 264/285/214
f 266/288/216 276/299/216 275/298/215 265/287/215
f 267/289/207 277/300/207 276/299/216 266/288/216
f 268/290/217 278/301/217 277/300/207 267/289/207
f 269/291/218 279/302/218 278/301/217 268/290/217
f 270/292/219 280/303/219 279/302/218 269/291/218
f 271/293/220 281/304/220 280/303/219 270/292/219
f 272/284/212 282/295/212 281/304/220 271/293/220
f 273/294/213 283/305/213 292/306/212 282/295/212
f 274/296/214 284/307/214 283/308/213 273/297/213
f 275/298/215 285/309/215 284/307/214 274/296/214
f 276/299/216 286/310/216 285/309/215 275/298/215
f 277/300/207 287/311/207 286/310/216 276/299/216
f 278/301/217 288/312/217 287/311/207 277/300/207
f 279/302/218 289/313/218 288/312/217 278/301/217
f 280/303/219 290/314/219 289/313/218 279/302/218
f 281/304/220 291/315/220 290/314/219 280/303/219
f 282/295/212 292/306/212 291/315/220 281/304/220
f 283/305/213 293/316/213 302/317/212 292/306/212
f 284/307/214 294/318/214 293/319/213 283/308/213
f 285/309/215 295/320/215 294/318/214 284/307/214
f 286/310/216 296/321/216 295/320/215 285/309/215
f 287/311/207 297/322/207 296/321/216 286/310/216
f 288/312/217 298/323/217 297/322/207 287/311/207
f 289/313/218 299/324/218 298/323/217 288/312/217
f 290/314/219 300/325/219 299/324/218 289/313/218
f 291/315/220 301/326/220 300/325/219 290/314/219
f 292/306/212 302/317/212 301/326/220 291/315/220
f 293/316/213 303/327/213 312/328/212 302/317/212
f 294/318/214 304/329/214 303/330/213 293/319/213
f 295/320/215 305/331/215 304/329/214 294/318/214
f 296/321/216 306/332/216 305/331/215 295/320/215
f 297/322/207 307/333/207 306/332/216 296/321/216
f 298/323/217 308/334/217 307/333/207 297/322/207
f 299/324/218 309/335/218 308/334/217 298/323/217
f 300/325/219 310/336/219 309/335/218 299/324/218
f 301/326/220 311/337/220 310/336/219 300/325/219
f 302/317/212 312/328/212 311/337/220 301/326/220
f 303/327/213 313/338/213 322/339/212 312/328/212
f 304/329/214 314/340/214 313/341/213 303/330/213
f 305/331/215 315/342/215 314/340/214 304/329/214
f 306/332/216 316/343/216 315/342/215 305/331/215
f 307/333/207 317/344/207 316/343/216 306/332/216
f 308/334/217 318/345/217 317/344/207 307/333/207
f 309/335/218 319/346/218 318/345/217 308/334/217
f 310/336/219 320/347/219 319/346/218 309/335/218
f 311/337/220 321/348/220 320/347/219 310/336/219
f 312/328/212 322/339/212 321/348/220 311/337/220
f 313/338/213 323/349/213 332/350/212 322/339/212
f 314/340/214 324/351/214 323/352/213 313/341/213
f 315/342/215 325/353/215 324/351/214 314/340/214
f 316/343/216 326/354/216 325/353/215 315/342/215
f 317/344/207 327/355/207 326/354/216 316/343/216
f 318/345/217 328/356/217 327/355/207 317/344/207
f 319/346/218 329/357/218 328/356/217 318/345/217
f 320/347/219 330/358/219 329/357/218 319/346/218
f 321/348/220 331/359/220 330/358/219 320/347/219
f 322/339/212 332/350/212 331/359/220 321/348/220
f 323/349/213 333/360/213 342/361/212 332/350/212
f 324/351/214 334/362/214 333/363/213 323/352/213
f 325/353/215 335/364/215 334/362/214 324/351/214
f 326/354/216 336/365/216 335/364/215 325/353/215
f 327/355/207 337/366/207 336/365/216 326/354/216
f 328/356/217 338/367/217 337/366/207 327/355/207
f 329/357/218 339/368/218 338/367/217 328/356/217
f 330/358/219 340/369/219 339/368/218 329/357/218
f 331/359/220 341/370/220 340/369/219 330/358/219
f 332/350/212 342/361/212 341/370/220 331/359/220
f 333/360/213 343/371/203 352/372/212 342/361/212
f 334/362/214 344/373/204 343/374/203 333/363/213
f 335/364/215 345/375/205 344/373/204 334/362/214
f 336/365/216 346/376/206 345/375/205 335/364/215
f 337/366/207 347/377/207 346/376/206 336/365/216
f 338/367/217 348/378/208 347/377/207 337/366/207
f 339/368/218 349/379/209 348/378/208 338/367/217
f 340/369/219 350/380/210 349/379/209 339/368/218
f 341/370/220 351/381/211 350/380/210 340/369/219
f 342/361/212 352/372/212 351/381/211 341/370/220
f 343/371/203 353/382/221 362/383/230 352/372/212
f 344/373/204 354/384/222 353/385/221 343/374/203
f 345/375/205 355/386/223 354/384/222 344/373/204
f 346/376/206 356/387/224 355/386/223 345/375/205
f 347/377/207 357/388/225 356/387/224 346/376/206
f 348/378/208 358/389/226 357/388/225 347/377/207
f 349/379/209 359/390/227 358/389/226 348/378/208
f 350/380/210 360/391/228 359/390/227 349/379/209
f 351/381/211 361/392/229 360/391/228 350/380/210
f 352/372/212 362/383/230 361/392/229 351/381/211
f 353/382/221 363/393/231 372/394/240 362/383/230
f 354/384/222 364/395/232 363/396/231 353/385/221
f 355/386/223 365/397/233 364/395/232 354/384/222
f 356/387/224 366/398/234 365/397/233 355/386/223
f 357/388/225 367/399/235 366/398/234 356/387/224
f 358/389/226 368/400/236 367/399/235 357/388/225
f 359/390/227 369/401/237 368/400/236 358/389/226
f 360/391/228 370/402/238 369/401/237 359/390/227
f 361/392/229 371/403/239 370/402/238 360/391/228
f 362/383/230 372/394/240 371/403/239 361/392/229
f 363/393/231 373/404/241 382/405/250 372/394/240
f 364/395/232 374/406/242 373/407/241 363/396/231
f 365/397/233 375/408/243 374/406/242 364/395/232
f 366/398/234 376/409/244 375/408/243 365/397/233
f 367/399/235 377/410/245 376/409/244 366/398/234
f 368/400/236 378/411/246 377/410/245 367/399/235
f 369/401/237 379/412/247 378/411/246 368/400/236
f 370/402/238 380/413/248 379/412/247 369/401/237
f 371/403/239 381/414/249 380/413/248 370/402/238
f 372/394/240 382/405/250 381/414/249 371/403/239
f 373/404/241 383/415/251 392/416/260 382/405/250
f 374/406/242 384/417/252 383/418/251 373/407/241
f 375/408/243 385/419/253 384/417/252 374/406/242
f 376/409/244 386/420/254 385/419/253 375/408/243
f 377/410/245 387/421/255 386/420/254 376/409/244
f 378/411/246 388/422/256 387/421/255 377/410/245
f 379/412/247 389/423/257 388/422/256 378/411/246
f 380/413/248 390/424/258 389/423/257 379/412/247
f 381/414/249 391/425/259 390/424/258 380/413/248
f 382/405/250 392/416/260 391/425/259 381/414/249
f 383/415/251 393/426/261 402/427/270 392/416/260
f 384/417/252 394/428/262 393/429/261 383/418/251
f 385/419/253 395/430/263 394/428/262 384/417/252
f 386/420/254 396/431/264 395/430/263 385/419/253
f 387/421/255 397/432/265 396/431/264 386/420/254
f 388/422/256 398/433/266 397/432/265 387/421/255
f 389/423/257 399/434/267 398/433/266 388/422/256
f 390/424/258 400/435/268 399/434/267 389/423/257
f 391/425/259 401/436/269 400/435/268 390/424/258
f 392/416/260 402/427/270 401/436/269 391/425/259
f 393/426/261 403/437/271 412/438/280 402/427/270
f 394/428/262 404/439/272 403/440/271 393/429/261
f 395/430/263 405/441/273 404/439/272 394/428/262
f 396/431/264 406/442/274 405/441/273 395/430/263
f 397/432/265 407/443/275 406/442/274 396/431/264
f 398/433/266 408/444/276 407/443/275 397/432/265
f 399/434/267 409/445/277 408/444/276 398/433/266
f 400/435/268 410/446/278 409/445/277 399/434/267
f 401/436/269 411/447/279 410/446/278 400/435/268
f 402/427/270 412/438/280 411/447/279 401/436/269
f 403/437/271 413/448/281 422/449/290 412/438/280
f 404/439/272 414/450/282 413/451/281 403/440/271
f 405/441/273 415/452/283 414/450/282 404/439/272
f 406/442/274 416/453/284 415/452/283 405/441/273
f 407/443/275 417/454/285 416/453/284 406/442/274
f 408/444/276 418/455/286 417/454/285 407/443/275
f 409/445/277 419/456/287 418/455/286 408/444/276
f 410/446/278 420/457/288 419/456/287 409/445/277
f 411/447/279 421/458/289 420/457/288 410/446/278
f 412/438/280 422/449/290 421/458/289 411/447/279
f 413/448/281 423/459/291 432/460/300 422/449/290
f 414/450/282 424/461/292 423/462/291 413/451/281
f 415/452/283 425/463/293 424/461/292 414/450/282
f 416/453/284 426/464/294 425/463/293 415/452/283
f 417/454/285 427/465/295 426/464/294 416/453/284
f 418/455/286 428/466/296 427/465/295 417/454/285
f 419/456/287 429/467/297 428/466/296 418/455/286
f 420/457/288 430/468/298 429/467/297 419/456/287
f 421/458/289 431/469/299 430/468/298 420/457/288
f 422/449/290 432/460/300 431/469/299 421/458/289
f 423/459/291 433/470/301 442/471/310 432/460/300
f 424/461/292 434/472/302 433/473/301 423/462/291
f 425/463/293 435/474/303 434/472/302 424/461/292
f 426/464/294 436/475/304 435/474/303 425/463/293
f 427/465/295 437/476/305 436/475/304 426/464/294
f 428/466/296 438/477/306 437/476/305 427/465/295
f 429/467/297 439/478/307 438/477/306 428/466/296
f 430/468/298 440/479/308 439/478/307 429/467/297
f 431/469/299 441/480/309 440/479/308 430/468/298
f 432/460/300 442/471/310 441/480/309 431/469/299
f 433/470/301 443/481/311 452/482/320 442/471/310
f 434/472/302 444/483/312 443/484/311 433/473/301
f 435/474/303 445/485/313 444/483/312 434/472/302
f 436/475/304 446/486/314 445/485/313 435/474/303
f 437/476/305 447/487/315 446/486/314 436/475/304
f 438/477/306 448/488/316 447/487/315 437/476/305
f 439/478/307 449/489/317 448/488/316 438/477/306
f 440/479/308 450/490/318 449/489/317 439/478/307
f 441/480/309 451/491/319 450/490/318 440/479/308
f 442/471/310 452/482/320 451/491/319 441/480/309
f 443/481/311 453/492/321 462/493/330 452/482/320
f 444/483/312 454/494/322 453/495/321 443/484/311
f 445/485/313 455/496/323 454/494/322 444/483/312
f 446/486/314 456/497/324 455/496/323 445/485/313
f 447/487/315 457/498/325 456/497/324 446/486/314
f 448/488/316 458/499/326 457/498/325 447/487/315
f 449/489/317 459/500/327 458/499/326 448/488/316
f 450/490/318 460/501/328 459/500/327 449/489/317
f 451/491/319 461/502/329 460/501/328 450/490/318
f 452/482/320 462/493/330 461/502/329 451/491/319
f 453/492/321 463/503/331 472/504/340 462/493/330
f 454/494/322 464/505/332 463/506/331 453/495/321
f 455/496/323 465/507/333 464/505/332 454/494/322
f 456/497/324 466/508/334 465/507/333 455/496/323
f 457/498/325 467/509/335 466/508/334 456/497/324
f 458/499/326 468/510/336 467/509/335 457/498/325
f 459/500/327 469/511/337 468/510/336 458/499/326
f 460/501/328 470/512/338 469/511/337 459/500/327
f 461/502/329 471/513/339 470/512/338 460/501/328
f 462/493/330 472/504/340 471/513/339 461/502/329
f 463/503/331 473/514/341 482/515/350 472/504/340
f 464/505/332 474/516/342 473/517/341 463/506/331
f 465/507/333 475/518/343 474/516/342 464/505/332
f 466/508/334 476/519/344 475/518/343 465/507/333
f 467/509/335 477/520/345 476/519/344 466/508/334
f 468/510/336 478/521/346 477/520/345 467/509/335
f 469/511/337 479/522/347 478/521/346 468/510/336
f 470/512/338 480/523/348 479/522/347 469/511/337
f 471/513/339 481/524/349 480/523/348 470/512/338
f 472/504/340 482/515/350 481/524/349 471/513/339
f 473/514/341 483/525/351 492/526/360 482/515/350
f 474/516/342 484/527/352 483/528/351 473/517/341
f 475/518/343 485/529/353 484/527/352 474/516/342
f 476/519/344 486/530/354 485/529/353 475/518/343
f 477/520/345 487/531/355 486/530/354 476/519/344
f 478/521/346 488/532/356 487/531/355 477/520/345
f 479/522/347 489/533/357 488/532/356 478/521/346
f 480/523/348 490/534/358 489/533/357 479/522/347
f 481/524/349 491/535/359 490/534/358 480/523/348
f 482/515/350 492/526/360 491/535/359 481/524/349
f 483/525/351 493/536/361 502/537/370 492/526/360
f 484/527/352 494/538/362 493/539/361 483/528/351
f 485/529/353 495/540/363 494/538/362 484/527/352
f 486/530/354 496/541/364 495/540/363 485/529/353
f 487/531/355 497/542/365 496/541/364 486/530/354
f 488/532/356 498/543/366 497/542/365 487/531/355
f 489/533/357 499/544/367 498/543/366 488/532/356
f 490/534/358 500/545/368 499/544/367 489/533/357
f 491/535/359 501/546/369 500/545/368 490/534/358
f 492/526/360 502/537/370 501/546/369 491/535/359
f 493/536/361 503/547/361 512/548/370 502/537/370
f 494/538/362 504/549/362 503/550/361 493/539/361
f 495/540/363 505/551/363 504/549/362 494/538/362
f 496/541/364 506/552/364 505/551/363 495/540/363
f 497/542/365 507/553/365 506/552/364 496/541/364
f 498/543/366 508/554/366 507/553/365 497/542/365
f 499/544/367 509/555/367 508/554/366 498/543/366
f 500/545/368 510/556/368 509/555/367 499/544/367
f 501/546/369 511/557/369 510/556/368 500/545/368
f 502/537/370 512/548/370 511/557/369 501/546/369
f 503/547/361 513/558/361 522/559/370 512/548/370
f 504/549/362 514/560/362 513/561/361 503/550/361
f 505/551/363 515/562/363 514/560/362 504/549/362
f 506/552/364 516/563/364 515/562/363 505/551/363
f 507/553/365 517/564/365 516/563/364 506/552/364
f 508/554/366 518/565/366 517/564/365 507/553/365
f 509/555/367 519/566/367 518/565/366 508/554/366
f 510/556/368 520/567/368 519/566/367 509/555/367
f 511/557/369 521/568/369 520/567/368 510/556/368
f 512/548/370 522/559/370 521/568/369 511/557/369
f 513/558/361 523/569/361 532/570/370 522/559/370
f 514/560/362 524/571/362 523/572/361 513/561/361
f 515/562/363 525/573/363 524/571/362 514/560/362
f 516/563/364 526/574/364 525/573/363 515/562/363
f 517/564/365 527/575/365 526/574/364 516/563/364
f 518/565/366 528/576/366 527/575/365 517/564/365
f 519/566/367 529/577/367 528/576/366 518/565/366
f 520/567/368 530/578/368 529/577/367 519/566/367
f 521/568/369 531/579/369 530/578/368 520/567/368
f 522/559/370 532/570/370 531/579/369 521/568/369
f 523/569/361 533/580/361 542/581/370 532/570/370
f 524/571/362 534/582/362 533/583/361 523/572/361
f 525/573/363 535/584/363 534/582/362 524/571/362
f 526/574/364 536/585/364 535/584/363 525/573/363
f 527/575/365 537/586/365 536/585/364 526/574/364
f 528/576/366 538/587/366 537/586/365 527/575/365
f 529/577/367 539/588/367 538/587/366 528/576/366
f 530/578/368 540/589/368 539/588/367 529/577/367
f 531/579/369 541/590/369 540/589/368 530/578/368
f 532/570/370 542/581/370 541/590/369 531/579/369
f 533/580/361 543/591/361 552/592/370 542/581/370
f 534/582/362 544/593/362 543/594/361 533/583/361
f 535/584/363 545/595/363 544/593/362 534/582/362
f 536/585/364 546/596/364 545/595/363 535/584/363
f 537/586/365 547/597/365 546/596/364 536/585/364
f 538/587/366 548/598/366 547/597/365 537/586/365
f 539/588/367 549/599/367 548/598/366 538/587/366
f 540/589/368 550/600/368 549/599/367 539/588/367
f 541/590/369 551/601/369 550/600/368 540/589/368
f 542/581/370 552/592/370 551/601/369 541/590/369
f 543/591/361 553/602/361 562/603/370 552/592/370
f 544/593/362 554/604/362 553/605/361 543/594/361
f 545/595/363 555/606/363 554/604/362 544/593/362
f 546/596/364 556/607/364 555/606/363 545/595/363
f 547/597/365 557/608/365 556/607/364 546/596/364
f 548/598/366 558/609/366 557/608/365 547/597/365
f 549/599/367 559/610/367 558/609/366 548/598/366
f 550/600/368 560/611/368 559/610/367 549/599/367
f 551/601/369 561/612/369 560/611/368 550/600/368
f 552/592/370 562/603/370 561/612/369 551/601/369
f 553/602/361 563/613/361 572/614/370 562/603/370
f 554/604/362 564/615/362 563/616/361 553/605/361
f 555/606/363 565/617/363 564/615/362 554/604/362
f 556/607/364 566/618/364 565/617/363 555/606/363
f 557/608/365 567/619/365 566/618/364 556/607/364
f 558/609/366 568/620/366 567/619/365 557/608/365
f 559/610/367 569/621/367 568/620/366 558/609/366
f 560/611/368 570/622/368 569/621/367 559/610/367
f 561/612/369 571/623/369 570/622/368 560/611/368
f 562/603/370 572/614/370 571/623/369 561/612/369
f 563/613/361 573/624/361 582/625/370 572/614/370
f 564/615/362 574/626/362 573/627/361 563/616/361
f 565/617/363 575/628/363 574/626/362 564/615/362
f 566/618/364 576/629/364 575/628/363 565/617/363
f 567/619/365 577/630/365 576/629/364 566/618/364
f 568/620/366 578/631/366 577/630/365 567/619/365
f 569/621/367 579/632/367 578/631/366 568/620/366
f 570/622/368 580/633/368 579/632/367 569/621/367
f 571/623/369 581/634/369 580/633/368 570/622/368
f 572/614/370 582/625/370 581/634/369 571/623/369
f 573/624/361 583/635/371 592/636/376 582/625/370
f 574/626/362 584/637/352 583/638/371 573/627/361
f 575/628/363 585/639/353 584/637/352 574/626/362
f 576/629/364 586/640/372 585/639/353 575/628/363
f 577/630/365 587/641/373 586/640/372 576/629/364
f 578/631/366 588/642/374 587/641/373 577/630/365
f 579/632/367 589/643/357 588/642/374 578/631/366
f 580/633/368 590/644/358 589/643/357 579/632/367
f 581/634/369 591/645/375 590/644/358 580/633/368
f 582/625/370 592/636/376 591/645/375 581/634/369
f 583/635/371 593/646/377 602/647/386 592/636/376
f 584/637/352 594/648/378 593/649/377 583/638/371
f 585/639/353 595/650/379 594/648/378 584/637/352
f 586/640/372 596/651/380 595/650/379 585/639/353
f 587/641/373 597/652/381 596/651/380 586/640/372
f 588/642/374 598/653/382 597/652/381 587/641/373
f 589/643/357 599/654/383 598/653/382 588/642/374
f 590/644/358 600/655/384 599/654/383 589/643/357
f 591/645/375 601/656/385 600/655/384 590/644/358
f 592/636/376 602/647/386 601/656/385 591/645/375
f 593/646/377 603/657/387 612/658/396 602/647/386
f 594/648/378 604/659/388 603/660/387 593/649/377
f 595/650/379 605/661/389 604/659/388 594/648/378
f 596/651/380 606/662/390 605/661/389 595/650/379
f 597/652/381 607/663/391 606/662/390 596/651/380
f 598/653/382 608/664/392 607/663/391 597/652/381
f 599/654/383 609/665/393 608/664/392 598/653/382
f 600/655/384 610/666/394 609/665/393 599/654/383
f 601/656/385 611/667/395 610/666/394 600/655/384
f 602/647/386 612/658/396 611/667/395 601/656/385
f 603/657/387 613/668/397 622/669/406 612/658/396
f 604/659/388 614/670/398 613/671/397 603/660/387
f 605/661/389 615/672/399 614/670/398 604/659/388
f 606/662/390 616/673/400 615/672/399 605/661/389
f 607/663/391 617/674/401 616/673/400 606/662/390
f 608/664/392 618/675/402 617/674/401 607/663/391
f 609/665/393 619/676/403 618/675/402 608/664/392
f 610/666/394 620/677/404 619/676/403 609/665/393
f 611/667/395 621/678/405 620/677/404 610/666/394
f 612/658/396 622/669/406 621/678/405 611/667/395
f 613/668/397 623/679/407 632/680/416 622/669/406
f 614/670/398 624/681/408 623/682/407 613/671/397
f 615/672/399 625/683/409 624/681/408 614/670/398
f 616/673/400 626/684/410 625/683/409 615/672/399
f 617/674/401 627/685/411 626/684/410 616/673/400
f 618/675/402 628/686/412 627/685/411 617/674/401
f 619/676/403 629/687/413 628/686/412 618/675/402
f 620/677/404 630/688/414 629/687/413 619/676/403
f 621/678/405 631/689/415 630/688/414 620/677/404
f 622/669/406 632/680/416 631/689/415 621/678/405
f 623/679/407 633/690/417 642/691/426 632/680/416
f 624/681/408 634/692/418 633/693/417 623/682/407
f 625/683/409 635/694/419 634/692/418 624/681/408
f 626/684/410 636/695/420 635/694/419 625/683/409
f 627/685/411 637/696/421 636/695/420 626/684/410
f 628/686/412 638/697/422 637/696/421 627/685/411
f 629/687/413 639/698/423 638/697/422 628/686/412
f 630/688/414 640/699/424 639/698/423 629/687/413
f 631/689/415 641/700/425 640/699/424 630/688/414
f 632/680/416 642/691/426 641/700/425 631/689/415
f 633/690/417 643/701/427 652/702/436 642/691/426
f 634/692/418 644/703/428 643/704/427 633/693/417
f 635/694/419 645/705/429 644/703/428 634/692/418
f 636/695/420 646/706/430 645/705/429 635/694/419
f 637/696/421 647/707/431 646/706/430 636/695/420
f 638/697/422 648/708/432 647/707/431 637/696/421
f 639/698/423 649/709/433 648/708/432 638/697/422
f 640/699/424 650/710/434 649/709/433 639/698/423
f 641/700/425 651/711/435 650/710/434 640/699/424
f 642/691/426 652/702/436 651/711/435 641/700/425
f 643/701/427 653/712/437 662/713/446 652/702/436
f 644/703/428 654/714/438 653/715/437 643/704/427
f 645/705/429 655/716/439 654/714/438 644/703/428
f 646/706/430 656/717/440 655/716/439 645/705/429
f 647/707/431 657/718/441 656/717/440 646/706/430
f 648/708/432 658/719/442 657/718/441 647/707/431
f 649/709/433 659/720/443 658/719/442 648/708/432
f 650/710/434 660/721/444 659/720/443 649/709/433
f 651/711/435 661/722/445 660/721/444 650/710/434
f 652/702/436 662/713/446 661/722/445 651/711/435
f 653/712/437 663/723/447 672/724/456 662/713/446
f 654/714/438 664/725/448 663/726/447 653/715/437
f 655/716/439 665/727/449 664/725/448 654/714/438
f 656/717/440 666/728/450 665/727/449 655/716/439
f 657/718/441 667/729/451 666/728/450 656/717/440
f 658/719/442 668/730/452 667/729/451 657/718/441
f 659/720/443 669/731/453 668/730/452 658/719/442
f 660/721/444 670/732/454 669/731/453 659/720/443
f 661/722/445 671/733/455 670/732/454 660/721/444
f 662/713/446 672/724/456 671/733/455 661/722/445
f 663/723/447 673/734/457 682/735/466 672/724/456
f 664/725/448 674/736/458 673/737/457 663/726/447
f 665/727/449 675/738/459 674/736/458 664/725/448
f 666/728/450 676/739/460 675/738/459 665/727/449
f 667/729/451 677/740/461 676/739/460 666/728/450
f 668/730/452 678/741/462 677/740/461 667/729/451
f 669/731/453 679/742/463 678/741/462 668/730/452
f 670/732/454 680/743/464 679/742/463 669/731/453
f 671/733/455 681/744/465 680/743/464 670/732/454
f 672/724/456 682/735/466 681/744/465 671/733/455
f 673/734/457 683/745/467 692/746/476 682/735/466
f 674/736/458 684/747/468 683/748/467 673/737/457
f 675/738/459 685/749/469 684/747/468 674/736/458
f 676/739/460 686/750/470 685/749/469 675/738/459
f 677/740/461 687/751/471 686/750/470 676/739/460
f 678/741/462 688/752/472 687/751/471 677/740/461
f 679/742/463 689/753/473 688/752/472 678/741/462
f 680/743/464 690/754/474 689/753/473 679/742/463
f 681/744/465 691/755/475 690/754/474 680/743/464
f 682/735/466 692/746/476 691/755/475 681/744/465
f 683/745/467 693/756/477 702/757/486 692/746/476
f 684/747/468 694/758/478 693/759/477 683/748/467
f 685/749/469 695/760/479 694/758/478 684/747/468
f 686/750/470 696/761/480 695/760/479 685/749/469
f 687/751/471 697/762/481 696/761/480 686/750/470
f 688/752/472 698/763/482 697/762/481 687/751/471
f 689/753/473 699/764/483 698/763/482 688/752/472
f 690/754/474 700/765/484 699/764/483 689/753/473
f 691/755/475 701/766/485 700/765/484 690/754/474
f 692/746/476 702/757/486 701/766/485 691/755/475
f 693/756/477 703/767/487 712/768/496 702/757/486
f 694/758/478 704/769/488 703/770/487 693/759/477
f 695/760/479 705/771/489 704/769/488 694/758/478
f 696/761/480 706/772/490 705/771/489 695/760/479
f 697/762/481 707/773/491 706/772/490 696/761/480
f 698/763/482 708/774/492 707/773/491 697/762/481
f 699/764/483 709/775/493 708/774/492 698/763/482
f 700/765/484 710/776/494 709/775/493 699/764/483
f 701/766/485 711/777/495 710/776/494 700/765/484
f 702/757/486 712/768/496 711/777/495 701/766/485
f 703/767/487 713/778/497 722/779/506 712/768/496
f 704/769/488 714/780/498 713/781/497 703/770/487
f 705/771/489 715/782/499 714/780/498 704/769/488
f 706/772/490 716/783/500 715/782/499 705/771/489
f 707/773/491 717/784/501 716/783/500 706/772/490
f 708/774/492 718/785/502 717/784/501 707/773/491
f 709/775/493 719/786/503 718/785/502 708/774/492
f 710/776/494 720/787/504 719/786/503 709/775/493
f 711/777/495 721/788/505 720/787/504 710/776/494
f 712/768/496 722/779/506 721/788/505 711/777/495
f 713/778/497 723/789/206 732/790/207 722/779/506
f 714/780/498 724/791/205 723/792/206 713/781/497
f 715/782/499 725/793/204 724/791/205 714/780/498
f 716/783/500 726/794/507 725/793/204 715/782/499
f 717/784/501 727/795/212 726/794/507 716/783/500
f 718/785/502 728/796/508 727/795/212 717/784/501
f 719/786/503 729/797/210 728/796/508 718/785/502
f 720/787/504 730/798/209 729/797/210 719/786/503
f 721/788/505 731/799/208 730/798/209 720/787/504
f 722/779/506 732/790/207 731/799/208 721/788/505
f 723/789/206 733/800/216 742/801/207 732/790/207
f 724/791/205 734/802/215 733/803/216 723/792/206
f 725/793/204 735/804/214 734/802/215 724/791/205
f 726/794/507 736/805/213 735/804/214 725/793/204
f 727/795/212 737/806/212 736/805/213 726/794/507
f 728/796/508 738/807/220 737/806/212 727/795/212
f 729/797/210 739/808/219 738/807/220 728/796/508
f 730/798/209 740/809/218 739/808/219 729/797/210
f 731/799/208 741/810/217 740/809/218 730/798/209
f 732/790/207 742/801/207 741/810/217 731/799/208
f 733/800/216 743/811/216 752/812/207 742/801/207
f 734/802/215 744/813/215 743/814/216 733/803/216
f 735/804/214 745/815/214 744/813/215 734/802/215
f 736/805/213 746/816/213 745/815/214 735/804/214
f 737/806/212 747/817/212 746/816/213 736/805/213
f 738/807/220 748/818/220 747/817/212 737/806/212
f 739/808/219 749/819/219 748/818/220 738/807/220
f 740/809/218 750/820/218 749/819/219 739/808/219
f 741/810/217 751/821/217 750/820/218 740/809/218
f 742/801/207 752/812/207 751/821/217 741/810/217
f 743/811/216 753/822/216 762/823/207 752/812/207
f 744/813/215 754/824/215 753/825/216 743/814/216
f 745/815/214 755/826/214 754/824/215 744/813/215
f 746/816/213 756/827/213 755/826/214 745/815/214
f 747/817/212 757/828/212 756/827/213 746/816/213
f 748/818/220 758/829/220 757/828/212 747/817/212
f 749/819/219 759/830/219 758/829/220 748/818/220
f 750/820/218 760/831/218 759/830/219 749/819/219
f 751/821/217 761/832/217 760/831/218 750/820/218
f 752/812/207 762/823/207 761/832/217 751/821/217
f 753/822/216 763/833/216 772/834/207 762/823/207
f 754/824/215 764/835/215 763/836/216 753/825/216
f 755/826/214 765/837/214 764/835/215 754/824/215
f 756/827/213 766/838/213 765/837/214 755/826/214
f 757/828/212 767/839/212 766/838/213 756/827/213
f 758/829/220 768/840/220 767/839/212 757/828/212
f 759/830/219 769/841/219 768/840/220 758/829/220
f 760/831/218 770/842/218 769/841/219 759/830/219
f 761/832/217 771/843/217 770/842/218 760/831/218
f 762/823/207 772/834/207 771/843/217 761/832/217
f 763/833/216 773/844/216 782/845/207 772/834/207
f 764/835/215 774/846/215 773/847/216 763/836/216
f 765/837/214 775/848/214 774/846/215 764/835/215
f 766/838/213 776/849/213 775/848/214 765/837/214
f 767/839/212 777/850/212 776/849/213 766/838/213
f 768/840/220 778/851/220 777/850/212 767/839/212
f 769/841/219 779/852/219 778/851/220 768/840/220
f 770/842/218 780/853/218 779/852/219 769/841/219
f 771/843/217 781/854/217 780/853/218 770/842/218
f 772/834/207 782/845/207 781/854/217 771/843/217
f 773/844/216 783/855/216 792/856/207 782/845/207
f 774/846/215 784/857/215 783/858/216 773/847/216
f 775/848/214 785/859/214 784/857/215 774/846/215
f 776/849/213 786/860/213 785/859/214 775/848/214
f 777/850/212 787/861/212 786/860/213 776/849/213
f 778/851/220 788/862/220 787/861/212 777/850/212
f 779/852/219 789/863/219 788/862/220 778/851/220
f 780/853/218 790/864/218 789/863/219 779/852/219
f 781/854/217 791/865/217 790/864/218 780/853/218
f 782/845/207 792/856/207 791/865/217 781/854/217
f 783/855/216 793/866/216 802/867/207 792/856/207
f 784/857/215 794/868/215 793/869/216 783/858/216
f 785/859/214 795/870/214 794/868/215 784/857/215
f 786/860/213 796/871/213 795/870/214 785/859/214
f 787/861/212 797/872/212 796/871/213 786/860/213
f 788/862/220 798/873/220 797/872/212 787/861/212
f 789/863/219 799/874/219 798/873/220 788/862/220
f 790/864/218 800/875/218 799/874/219 789/863/219
f 791/865/217 801/876/217 800/875/218 790/864/218
f 792/856/207 802/867/207 801/876/217 791/865/217
f 793/866/216 803/877/216 812/878/207 802/867/207
f 794/868/215 804/879/215 803/880/216 793/869/216
f 795/870/214 805/881/214 804/879/215 794/868/215
f 796/871/213 806/882/213 805/881/214 795/870/214
f 797/872/212 807/883/212 806/882/213 796/871/213
f 798/873/220 808/884/220 807/883/212 797/872/212
f 799/874/219 809/885/219 808/884/220 798/873/220
f 800/875/218 810/886/218 809/885/219 799/874/219
f 801/876/217 811/887/217 810/886/218 800/875/218
f 802/867/207 812/878/207 811/887/217 801/876/217
f 803/877/216 813/888/216 822/889/207 812/878/207
f 804/879/215 814/890/215 813/891/216 803/880/216
f 805/881/214 815/892/214 814/890/215 804/879/215
f 806/882/213 816/893/213 815/892/214 805/881/214
f 807/883/212 817/894/212 816/893/213 806/882/213
f 808/884/220 818/895/220 817/894/212 807/883/212
f 809/885/219 819/896/219 818/895/220 808/884/220
f 810/886/218 820/897/218 819/896/219 809/885/219
f 811/887/217 821/898/217 820/897/218 810/886/218
f 812/878/207 822/889/207 821/898/217 811/887/217
f 813/888/216 823/899/216 832/900/207 822/889/207
f 814/890/215 824/901/215 823/902/216 813/891/216
f 815/892/214 825/903/214 824/901/215 814/890/215
f 816/893/213 826/904/213 825/903/214 815/892/214
f 817/894/212 827/905/212 826/904/213 816/893/213
f 818/895/220 828/906/220 827/905/212 817/894/212
f 819/896/219 829/907/219 828/906/220 818/895/220
f 820/897/218 830/908/218 829/907/219 819/896/219
f 821/898/217 831/909/217 830/908/218 820/897/218
f 822/889/207 832/900/207 831/909/217 821/898/217
f 823/899/216 833/910/216 842/911/207 832/900/207
f 824/901/215 834/912/215 833/913/216 823/902/216
f 825/903/214 835/914/214 834/912/215 824/901/215
f 826/904/213 836/915/213 835/914/214 825/903/214
f 827/905/212 837/916/212 836/915/213 826/904/213
f 828/906/220 838/917/220 837/916/212 827/905/212
f 829/907/219 839/918/219 838/917/220 828/906/220
f 830/908/218 840/919/218 839/918/219 829/907/219
f 831/909/217 841/920/217 840/919/218 830/908/218
f 832/900/207 842/911/207 841/920/217 831/909/217
f 833/910/216 843/921/216 852/922/207 842/911/207
f 834/912/215 844/923/215 843/924/216 833/913/216
f 835/914/214 845/925/214 844/923/215 834/912/215
f 836/915/213 846/926/213 845/925/214 835/914/214
f 837/916/212 847/927/212 846/926/213 836/915/213
f 838/917/220 848/928/220 847/927/212 837/916/212
f 839/918/219 849/929/219 848/928/220 838/917/220
f 840/919/218 850/930/218 849/929/219 839/918/219
f 841/920/217 851/931/217 850/930/218 840/919/218
f 842/911/207 852/922/207 851/931/217 841/920/217
f 843/921/216 853/932/216 862/933/207 852/922/207
f 844/923/215 854/934/215 853/935/216 843/924/216
f 845/925/214 855/936/214 854/934/215 844/923/215
f 846/926/213 856/937/213 855/936/214 845/925/214
f 847/927/212 857/938/212 856/937/213 846/926/213
f 848/928/220 858/939/220 857/938/212 847/927/212
f 849/929/219 859/940/219 858/939/220 848/928/220
f 850/930/218 860/941/218 859/940/219 849/929/219
f 851/931/217 861/942/217 860/941/218 850/930/218
f 852/922/207 862/933/207 861/942/217 851/931/217
f 853/932/216 863/943/206 872/944/207 862/933/207
f 854/934/215 864/945/205 863/946/206 853/935/216
f 855/936/214 865/947/204 864/945/205 854/934/215
f 856/937/213 866/948/507 865/947/204 855/936/214
f 857/938/212 867/949/212 866/948/507 856/937/213
f 858/939/220 868/950/508 867/949/212 857/938/212
f 859/940/219 869/951/210 868/950/508 858/939/220
f 860/941/218 870/952/209 869/951/210 859/940/219
f 861/942/217 871/953/509 870/952/209 860/941/218
f 862/933/207 872/944/207 871/953/509 861/942/217
f 863/943/206 873/954/510 882/955/519 872/944/207
f 864/945/205 874/956/511 873/957/510 863/946/206
f 865/947/204 875/958/512 874/956/511 864/945/205
f 866/948/507 876/959/513 875/958/512 865/947/204
f 867/949/212 877/960/514 876/959/513 866/948/507
f 868/950/508 878/961/515 877/960/514 867/949/212
f 869/951/210 879/962/516 878/961/515 868/950/508
f 870/952/209 880/963/517 879/962/516 869/951/210
f 871/953/509 881/964/518 880/963/517 870/952/209
f 872/944/207 882/955/519 881/964/518 871/953/509
f 873/954/510 883/965/520 892/966/529 882/955/519
f 874/956/511 884/967/521 883/968/520 873/957/510
f 875/958/512 885/969/522 884/967/521 874/956/511
f 876/959/513 886/970/523 885/969/522 875/958/512
f 877/960/514 887/971/524 886/970/523 876/959/513
f 878/961/515 888/972/525 887/971/524 877/960/514
f 879/962/516 889/973/526 888/972/525 878/961/515
f 880/963/517 890/974/527 889/973/526 879/962/516
f 881/964/518 891/975/528 890/974/527 880/963/517
f 882/955/519 892/966/529 891/975/528 881/964/518
f 883/965/520 893/976/530 902/977/245 892/966/529
f 884/967/521 894/978/531 893/979/530 883/968/520
f 885/969/522 895/980/532 894/978/531 884/967/521
f 886/970/523 896/981/533 895/980/532 885/969/522
f 887/971/524 897/982/250 896/981/533 886/970/523
f 888/972/525 898/983/534 897/982/250 887/971/524
f 889/973/526 899/984/535 898/983/534 888/972/525
f 890/974/527 900/985/536 899/984/535 889/973/526
f 891/975/528 901/986/537 900/985/536 890/974/527
f 892/966/529 902/977/245 901/986/537 891/975/528
f 893/976/530 903/987/538 912/988/255 902/977/245
f 894/978/531 904/989/539 903/990/538 893/979/530
f 895/980/532 905/991/540 904/989/539 894/978/531
f 896/981/533 906/992/541 905/991/540 895/980/532
f 897/982/250 907/993/260 906/992/541 896/981/533
f 898/983/534 908/994/542 907/993/260 897/982/250
f 899/984/535 909/995/543 908/994/542 898/983/534
f 900/985/536 910/996/544 909/995/543 899/984/535
f 901/986/537 911/997/545 910/996/544 900/985/536
f 902/977/245 912/988/255 911/997/545 901/986/537
f 903/987/538 913/998/546 922/999/265 912/988/255
f 904/989/539 914/1000/547 913/1001/546 903/990/538
f 905/991/540 915/1002/548 914/1000/547 904/989/539
f 906/992/541 916/1003/549 915/1002/548 905/991/540
f 907/993/260 917/1004/270 916/1003/549 906/992/541
f 908/994/542 918/1005/550 917/1004/270 907/993/260
f 909/995/543 919/1006/551 918/1005/550 908/994/542
f 910/996/544 920/1007/552 919/1006/551 909/995/543
f 911/997/545 921/1008/553 920/1007/552 910/996/544
f 912/988/255 922/999/265 921/1008/553 911/997/545
f 913/998/546 923/1009/554 932/1010/275 922/999/265
f 914/1000/547 924/1011/555 923/1012/554 913/1001/546
f 915/1002/548 925/1013/556 924/1011/555 914/1000/547
f 916/1003/549 926/1014/557 925/1013/556 915/1002/548
f 917/1004/270 927/1015/280 926/1014/557 916/1003/549
f 918/1005/550 928/1016/558 927/1015/280 917/1004/270
f 919/1006/551 929/1017/559 928/1016/558 918/1005/550
f 920/1007/552 930/1018/560 929/1017/559 919/1006/551
f 921/1008/553 931/1019/561 930/1018/560 920/1007/552
f 922/999/265 932/1010/275 931/1019/561 921/1008/553
f 923/1009/554 933/1020/562 942/1021/285 932/1010/275
f 924/1011/555 934/1022/563 933/1023/562 923/1012/554
f 925/1013/556 935/1024/564 934/1022/563 924/1011/555
f 926/1014/557 936/1025/565 935/1024/564 925/1013/556
f 927/1015/280 937/1026/290 936/1025/565 926/1014/557
f 928/1016/558 938/1027/566 937/1026/290 927/1015/280
f 929/1017/559 939/1028/567 938/1027/566 928/1016/558
f 930/1018/560 940/1029/568 939/1028/567 929/1017/559
f 931/1019/561 941/1030/569 940/1029/568 930/1018/560
f 932/1010/275 942/1021/285 941/1030/569 931/1019/561
f 933/1020/562 943/1031/570 952/1032/295 942/1021/285
f 934/1022/563 944/1033/571 943/1034/570 933/1023/562
f 935/1024/564 945/1035/572 944/1033/571 934/1022/563
f 936/1025/565 946/1036/573 945/1035/572 935/1024/564
f 937/1026/290 947/1037/300 946/1036/573 936/1025/565
f 938/1027/566 948/1038/574 947/1037/300 937/1026/290
f 939/1028/567 949/1039/575 948/1038/574 938/1027/566
f 940/1029/568 950/1040/576 949/1039/575 939/1028/567
f 941/1030/569 951/1041/577 950/1040/576 940/1029/568
f 942/1021/285 952/1032/295 951/1041/577 941/1030/569
f 943/1031/570 953/1042/578 962/1043/305 952/1032/295
f 944/1033/571 954/1044/579 953/1045/578 943/1034/570
f 945/1035/572 955/1046/580 954/1044/579 944/1033/571
f 946/1036/573 956/1047/581 955/1046/580 945/1035/572
f 947/1037/300 957/1048/310 956/1047/581 946/1036/573
f 948/1038/574 958/1049/582 957/1048/310 947/1037/300
f 949/1039/575 959/1050/583 958/1049/582 948/1038/574
f 950/1040/576 960/1051/584 959/1050/583 949/1039/575
f 951/1041/577 961/1052/585 960/1051/584 950/1040/576
f 952/1032/295 962/1043/305 961/1052/585 951/1041/577
f 953/1042/578 963/1053/586 972/1054/315 962/1043/305
f 954/1044/579 964/1055/587 963/1056/586 953/1045/578
f 955/1046/580 965/1057/588 964/1055/587 954/1044/579
f 956/1047/581 966/1058/589 965/1057/588 955/1046/580
f 957/1048/310 967/1059/320 966/1058/589 956/1047/581
f 958/1049/582 968/1060/590 967/1059/320 957/1048/310
f 959/1050/583 969/1061/591 968/1060/590 958/1049/582
f 960/1051/584 970/1062/592 969/1061/591 959/1050/583
f 961/1052/585 971/1063/593 970/1062/592 960/1051/584
f 962/1043/305 972/1054/315 971/1063/593 961/1052/585
f 963/1053/586 973/1064/594 982/1065/325 972/1054/315
f 964/1055/587 974/1066/595 973/1067/594 963/1056/586
f 965/1057/588 975/1068/596 974/1066/595 964/1055/587
f 966/1058/589 976/1069/597 975/1068/596 965/1057/588
f 967/1059/320 977/1070/330 976/1069/597 966/1058/589
f 968/1060/590 978/1071/598 977/1070/330 967/1059/320
f 969/1061/591 979/1072/599 978/1071/598 968/1060/590
f 970/1062/592 980/1073/600 979/1072/599 969/1061/591
f 971/1063/593 981/1074/601 980/1073/600 970/1062/592
f 972/1054/315 982/1065/325 981/1074/601 971/1063/593
f 973/1064/594 983/1075/602 992/1076/611 982/1065/325
f 974/1066/595 984/1077/603 983/1078/602 973/1067/594
f 975/1068/596 985/1079/604 984/1077/603 974/1066/595
f 976/1069/597 986/1080/605 985/1079/604 975/1068/596
f 977/1070/330 987/1081/606 986/1080/605 976/1069/597
f 978/1071/598 988/1082/607 987/1081/606 977/1070/330
f 979/1072/599 989/1083/608 988/1082/607 978/1071/598
f 980/1073/600 990/1084/609 989/1083/608 979/1072/599
f 981/1074/601 991/1085/610 990/1084/609 980/1073/600
f 982/1065/325 992/1076/611 991/1085/610 981/1074/601
f 983/1075/602 993/1086/612 1002/1087/621 992/1076/611
f 984/1077/603 994/1088/613 993/1089/612 983/1078/602
f 985/1079/604 995/1090/614 994/1088/613 984/1077/603
f 986/1080/605 996/1091/615 995/1090/614 985/1079/604
f 987/1081/606 997/1092/616 996/1091/615 986/1080/605
f 988/1082/607 998/1093/617 997/1092/616 987/1081/606
f 989/1083/608 999/1094/618 998/1093/617 988/1082/607
f 990/1084/609 1000/1095/619 999/1094/618 989/1083/608
f 991/1085/610 1001/1096/620 1000/1095/619 990/1084/609
f 992/1076/611 1002/1087/621 1001/1096/620 991/1085/610
f 993/1086/612 1003/1097/372 1012/1098/373 1002/1087/621
f 994/1088/613 1004/1099/353 1003/1100/372 993/1089/612
f 995/1090/614 1005/1101/352 1004/1099/353 994/1088/613
f 996/1091/615 1006/1102/371 1005/1101/352 995/1090/614
f 997/1092/616 1007/1103/376 1006/1102/371 996/1091/615
f 998/1093/617 1008/1104/375 1007/1103/376 997/1092/616
f 999/1094/618 1009/1105/358 1008/1104/375 998/1093/617
f 1000/1095/619 1010/1106/357 1009/1105/358 999/1094/618
f 1001/1096/620 1011/1107/374 1010/1106/357 1000/1095/619
f 1002/1087/621 1012/1098/373 1011/1107/374 1001/1096/620
f 1003/1097/372 1013/1108/364 1022/1109/365 1012/1098/373
f 1004/1099/353 1014/1110/363 1013/1111/364 1003/1100/372
f 1005/1101/352 1015/1112/362 1014/1110/363 1004/1099/353
f 1006/1102/371 1016/1113/361 1015/1112/362 1005/1101/352
f 1007/1103/376 1017/1114/370 1016/1113/361 1006/1102/371
f 1008/1104/375 1018/1115/369 1017/1114/370 1007/1103/376
f 1009/1105/358 1019/1116/368 1018/1115/369 1008/1104/375
f 1010/1106/357 1020/1117/367 1019/1116/368 1009/1105/358
f 1011/1107/374 1021/1118/366 1020/1117/367 1010/1106/357
f 1012/1098/373 1022/1109/365 1021/1118/366 1011/1107/374
f 1013/1108/364 1023/1119/364 1032/1120/365 1022/1109/365
f 1014/1110/363 1024/1121/363 1023/1122/364 1013/1111/364
f 1015/1112/362 1025/1123/362 1024/1121/363 1014/1110/363
f 1016/1113/361 1026/1124/361 1025/1123/362 1015/1112/362
f 1017/1114/370 1027/1125/370 1026/1124/361 1016/1113/361
f 1018/1115/369 1028/1126/369 1027/1125/370 1017/1114/370
f 1019/1116/368 1029/1127/368 1028/1126/369 1018/1115/369
f 1020/1117/367 1030/1128/367 1029/1127/368 1019/1116/368
f 1021/1118/366 1031/1129/366 1030/1128/367 1020/1117/367
f 1022/1109/365 1032/1120/365 1031/1129/366 1021/1118/366
f 1023/1119/364 1033/1130/364 1042/1131/365 1032/1120/365
f 1024/1121/363 1034/1132/363 1033/1133/364 1023/1122/364
f 1025/1123/362 1035/1134/362 1034/1132/363 1024/1121/363
f 1026/1124/361 1036/1135/361 1035/1134/362 1025/1123/362
f 1027/1125/370 1037/1136/370 1036/1135/361 1026/1124/361
f 1028/1126/369 1038/1137/369 1037/1136/370 1027/1125/370
f 1029/1127/368 1039/1138/368 1038/1137/369 1028/1126/369
f 1030/1128/367 1040/1139/367 1039/1138/368 1029/1127/368
f 1031/1129/366 1041/1140/366 1040/1139/367 1030/1128/367
f 1032/1120/365 1042/1131/365 1041/1140/366 1031/1129/366
f 1033/1130/364 1043/1141/364 1052/1142/365 1042/1131/365
f 1034/1132/363 1044/1143/363 1043/1144/364 1033/1133/364
f 1035/1134/362 1045/1145/362 1044/1143/363 1034/1132/363
f 1036/1135/361 1046/1146/361 1045/1145/362 1035/1134/362
f 1037/1136/370 1047/1147/370 1046/1146/361 1036/1135/361
f 1038/1137/369 1048/1148/369 1047/1147/370 1037/1136/370
f 1039/1138/368 1049/1149/368 1048/1148/369 1038/1137/369
f 1040/1139/367 1050/1150/367 1049/1149/368 1039/1138/368
f 1041/1140/366 1051/1151/366 1050/1150/367 1040/1139/367
f 1042/1131/365 1052/1142/365 1051/1151/366 1041/1140/366
f 1043/1141/364 1053/1152/364 1062/1153/365 1052/1142/365
f 1044/1143/363 1054/1154/363 1053/1155/364 1043/1144/364
f 1045/1145/362 1055/1156/362 1054/1154/363 1044/1143/363
f 1046/1146/361 1056/1157/361 1055/1156/362 1045/1145/362
f 1047/1147/370 1057/1158/370 1056/1157/361 1046/1146/361
f 1048/1148/369 1058/1159/369 1057/1158/370 1047/1147/370
f 1049/1149/368 1059/1160/368 1058/1159/369 1048/1148/369
f 1050/1150/367 1060/1161/367 1059/1160/368 1049/1149/368
f 1051/1151/366 1061/1162/366 1060/1161/367 1050/1150/367
f 1052/1142/365 1062/1153/365 1061/1162/366 1051/1151/366
f 1053/1152/364 1063/1163/364 1072/1164/365 1062/1153/365
f 1054/1154/363 1064/1165/363 1063/1166/364 1053/1155/364
f 1055/1156/362 1065/1167/362 1064/1165/363 1054/1154/363
f 1056/1157/361 1066/1168/361 1065/1167/362 1055/1156/362
f 1057/1158/370 1067/1169/370 1066/1168/361 1056/1157/361
f 1058/1159/369 1068/1170/369 1067/1169/370 1057/1158/370
f 1059/1160/368 1069/1171/368 1068/1170/369 1058/1159/369
f 1060/1161/367 1070/1172/367 1069/1171/368 1059/1160/368
f 1061/1162/366 1071/1173/366 1070/1172/367 1060/1161/367
f 1062/1153/365 1072/1164/365 1071/1173/366 1061/1162/366
f 1063/1163/364 1073/1174/364 1082/1175/365 1072/1164/365
f 1064/1165/363 1074/1176/363 1073/1177/364 1063/1166/364
f 1065/1167/362 1075/1178/362 1074/1176/363 1064/1165/363
f 1066/1168/361 1076/1179/361 1075/1178/362 1065/1167/362
f 1067/1169/370 1077/1180/370 1076/1179/361 1066/1168/361
f 1068/1170/369 1078/1181/369 1077/1180/370 1067/1169/370
f 1069/1171/368 1079/1182/368 1078/1181/369 1068/1170/369
f 1070/1172/367 1080/1183/367 1079/1182/368 1069/1171/368
f 1071/1173/366 1081/1184/366 1080/1183/367 1070/1172/367
f 1072/1164/365 1082/1175/365 1081/1184/366 1071/1173/366
f 1073/1174/364 1083/1185/364 1092/1186/365 1082/1175/365
f 1074/1176/363 1084/1187/363 1083/1188/364 1073/1177/364
f 1075/1178/362 1085/1189/362 1084/1187/363 1074/1176/363
f 1076/1179/361 1086/1190/361 1085/1189/362 1075/1178/362
f 1077/1180/370 1087/1191/370 1086/1190/361 1076/1179/361
f 1078/1181/369 1088/1192/369 1087/1191/370 1077/1180/370
f 1079/1182/368 1089/1193/368 1088/1192/369 1078/1181/369
f 1080/1183/367 1090/1194/367 1089/1193/368 1079/1182/368
f 1081/1184/366 1091/1195/366 1090/1194/367 1080/1183/367
f 1082/1175/365 1092/1186/365 1091/1195/366 1081/1184/366
f 1083/1185/364 1093/1196/364 1102/1197/365 1092/1186/365
f 1084/1187/363 1094/1198/363 1093/1199/364 1083/1188/364
f 1085/1189/362 1095/1200/362 1094/1198/363 1084/1187/363
f 1086/1190/361 1096/1201/361 1095/1200/362 1085/1189/362
f 1087/1191/370 1097/1202/370 1096/1201/361 1086/1190/361
f 1088/1192/369 1098/1203/369 1097/1202/370 1087/1191/370
f 1089/1193/368 1099/1204/368 1098/1203/369 1088/1192/369
f 1090/1194/367 1100/1205/367 1099/1204/368 1089/1193/368
f 1091/1195/366 1101/1206/366 1100/1205/367 1090/1194/367
f 1092/1186/365 1102/1197/365 1101/1206/366 1091/1195/366
f 1093/1196/364 1103/1207/354 1112/1208/355 1102/1197/365
f 1094/1198/363 1104/1209/353 1103/1210/354 1093/1199/364
f 1095/1200/362 1105/1211/352 1104/1209/353 1094/1198/363
f 1096/1201/361 1106/1212/351 1105/1211/352 1095/1200/362
f 1097/1202/370 1107/1213/360 1106/1212/351 1096/1201/361
f 1098/1203/369 1108/1214/359 1107/1213/360 1097/1202/370
f 1099/1204/368 1109/1215/358 1108/1214/359 1098/1203/369
f 1100/1205/367 1110/1216/357 1109/1215/358 1099/1204/368
f 1101/1206/366 1111/1217/356 1110/1216/357 1100/1205/367
f 1102/1197/365 1112/1208/355 1111/1217/356 1101/1206/366
f 1103/1207/354 1113/1218/622 1122/1219/631 1112/1208/355
f 1104/1209/353 1114/1220/623 1113/1221/622 1103/1210/354
f 1105/1211/352 1115/1222/624 1114/1220/623 1104/1209/353
f 1106/1212/351 1116/1223/625 1115/1222/624 1105/1211/352
f 1107/1213/360 1117/1224/626 1116/1223/625 1106/1212/351
f 1108/1214/359 1118/1225/627 1117/1224/626 1107/1213/360
f 1109/1215/358 1119/1226/628 1118/1225/627 1108/1214/359
f 1110/1216/357 1120/1227/629 1119/1226/628 1109/1215/358
f 1111/1217/356 1121/1228/630 1120/1227/629 1110/1216/357
f 1112/1208/355 1122/1219/631 1121/1228/630 1111/1217/356
f 1113/1218/622 1123/1229/632 1132/1230/641 1122/1219/631
f 1114/1220/623 1124/1231/633 1123/1232/632 1113/1221/622
f 1115/1222/624 1125/1233/634 1124/1231/633 1114/1220/623
f 1116/1223/625 1126/1234/635 1125/1233/634 1115/1222/624
f 1117/1224/626 1127/1235/636 1126/1234/635 1116/1223/625
f 1118/1225/627 1128/1236/637 1127/1235/636 1117/1224/626
f 1119/1226/628 1129/1237/638 1128/1236/637 1118/1225/627
f 1120/1227/629 1130/1238/639 1129/1237/638 1119/1226/628
f 1121/1228/630 1131/1239/640 1130/1238/639 1120/1227/629
f 1122/1219/631 1132/1230/641 1131/1239/640 1121/1228/630
f 1123/1229/632 1133/1240/642 1142/1241/401 1132/1230/641
f 1124/1231/633 1134/1242/643 1133/1243/642 1123/1232/632
f 1125/1233/634 1135/1244/644 1134/1242/643 1124/1231/633
f 1126/1234/635 1136/1245/645 1135/1244/644 1125/1233/634
f 1127/1235/636 1137/1246/406 1136/1245/645 1126/1234/635
f 1128/1236/637 1138/1247/646 1137/1246/406 1127/1235/636
f 1129/1237/638 1139/1248/647 1138/1247/646 1128/1236/637
f 1130/1238/639 1140/1249/648 1139/1248/647 1129/1237/638
f 1131/1239/640 1141/1250/649 1140/1249/648 1130/1238/639
f 1132/1230/641 1142/1241/401 1141/1250/649 1131/1239/640
f 1133/1240/642 1143/1251/650 1152/1252/411 1142/1241/401
f 1134/1242/643 1144/1253/651 1143/1254/650 1133/1243/642
f 1135/1244/644 1145/1255/652 1144/1253/651 1134/1242/643
f 1136/1245/645 1146/1256/653 1145/1255/652 1135/1244/644
f 1137/1246/406 1147/1257/416 1146/1256/653 1136/1245/645
f 1138/1247/646 1148/1258/654 1147/1257/416 1137/1246/406
f 1139/1248/647 1149/1259/655 1148/1258/654 1138/1247/646
f 1140/1249/648 1150/1260/656 1149/1259/655 1139/1248/647
f 1141/1250/649 1151/1261/657 1150/1260/656 1140/1249/648
f 1142/1241/401 1152/1252/411 1151/1261/657 1141/1250/649
f 1143/1251/650 1153/1262/658 1162/1263/421 1152/1252/411
f 1144/1253/651 1154/1264/659 1153/1265/658 1143/1254/650
f 1145/1255/652 1155/1266/660 1154/1264/659 1144/1253/651
f 1146/1256/653 1156/1267/661 1155/1266/660 1145/1255/652
f 1147/1257/416 1157/1268/426 1156/1267/661 1146/1256/653
f 1148/1258/654 1158/1269/662 1157/1268/426 1147/1257/416
f 1149/1259/655 1159/1270/663 1158/1269/662 1148/1258/654
f 1150/1260/656 1160/1271/664 1159/1270/663 1149/1259/655
f 1151/1261/657 1161/1272/665 1160/1271/664 1150/1260/656
f 1152/1252/411 1162/1263/421 1161/1272/665 1151/1261/657
f 1153/1262/658 1163/1273/666 1172/1274/431 1162/1263/421
f 1154/1264/659 1164/1275/667 1163/1276/666 1153/1265/658
f 1155/1266/660 1165/1277/668 1164/1275/667 1154/1264/659
f 1156/1267/661 1166/1278/669 1165/1277/668 1155/1266/660
f 1157/1268/426 1167/1279/436 1166/1278/669 1156/1267/661
f 1158/1269/662 1168/1280/670 1167/1279/436 1157/1268/426
f 1159/1270/663 1169/1281/671 1168/1280/670 1158/1269/662
f 1160/1271/664 1170/1282/672 1169/1281/671 1159/1270/663
f 1161/1272/665 1171/1283/673 1170/1282/672 1160/1271/664
f 1162/1263/421 1172/1274/431 1171/1283/673 1161/1272/665
f 1163/1273/666 1173/1284/674 1182/1285/441 1172/1274/431
f 1164/1275/667 1174/1286/675 1173/1287/674 1163/1276/666
f 1165/1277/668 1175/1288/676 1174/1286/675 1164/1275/667
f 1166/1278/669 1176/1289/677 1175/1288/676 1165/1277/668
f 1167/1279/436 1177/1290/446 1176/1289/677 1166/1278/669
f 1168/1280/670 1178/1291/678 1177/1290/446 1167/1279/436
f 1169/1281/671 1179/1292/679 1178/1291/678 1168/1280/670
f 1170/1282/672 1180/1293/680 1179/1292/679 1169/1281/671
f 1171/1283/673 1181/1294/681 1180/1293/680 1170/1282/672
f 1172/1274/431 1182/1285/441 1181/1294/681 1171/1283/673
f 1173/1284/674 1183/1295/682 1192/1296/451 1182/1285/441
f 1174/1286/675 1184/1297/683 1183/1298/682 1173/1287/674
f 1175/1288/676 1185/1299/684 1184/1297/683 1174/1286/675
f 1176/1289/677 1186/1300/685 1185/1299/684 1175/1288/676
f 1177/1290/446 1187/1301/456 1186/1300/685 1176/1289/677
f 1178/1291/678 1188/1302/686 1187/1301/456 1177/1290/446
f 1179/1292/679 1189/1303/687 1188/1302/686 1178/1291/678
f 1180/1293/680 1190/1304/688 1189/1303/687 1179/1292/679
f 1181/1294/681 1191/1305/689 1190/1304/688 1180/1293/680
f 1182/1285/441 1192/1296/451 1191/1305/689 1181/1294/681
f 1183/1295/682 1193/1306/690 1202/1307/461 1192/1296/451
f 1184/1297/683 1194/1308/691 1193/1309/690 1183/1298/682
f 1185/1299/684 1195/1310/692 1194/1308/691 1184/1297/683
f 1186/1300/685 1196/1311/693 1195/1310/692 1185/1299/684
f 1187/1301/456 1197/1312/466 1196/1311/693 1186/1300/685
f 1188/1302/686 1198/1313/694 1197/1312/466 1187/1301/456
f 1189/1303/687 1199/1314/695 1198/1313/694 1188/1302/686
f 1190/1304/688 1200/1315/696 1199/1314/695 1189/1303/687
f 1191/1305/689 1201/1316/697 1200/1315/696 1190/1304/688
f 1192/1296/451 1202/1307/461 1201/1316/697 1191/1305/689
f 1193/1306/690 1203/1317/698 1212/1318/471 1202/1307/461
f 1194/1308/691 1204/1319/699 1203/1320/698 1193/1309/690
f 1195/1310/692 1205/1321/700 1204/1319/699 1194/1308/691
f 1196/1311/693 1206/1322/701 1205/1321/700 1195/1310/692
f 1197/1312/466 1207/1323/476 1206/1322/701 1196/1311/693
f 1198/1313/694 1208/1324/702 1207/1323/476 1197/1312/466
f 1199/1314/695 1209/1325/703 1208/1324/702 1198/1313/694
f 1200/1315/696 1210/1326/704 1209/1325/703 1199/1314/695
f 1201/1316/697 1211/1327/705 1210/1326/704 1200/1315/696
f 1202/1307/461 1212/1318/471 1211/1327/705 1201/1316/697
f 1203/1317/698 1213/1328/706 1222/1329/481 1212/1318/471
f 1204/1319/699 1214/1330/707 1213/1331/706 1203/1320/698
f 1205/1321/700 1215/1332/708 1214/1330/707 1204/1319/699
f 1206/1322/701 1216/1333/709 1215/1332/708 1205/1321/700
f 1207/1323/476 1217/1334/486 1216/1333/709 1206/1322/701
f 1208/1324/702 1218/1335/710 1217/1334/486 1207/1323/476
f 1209/1325/703 1219/1336/711 1218/1335/710 1208/1324/702
f 1210/1326/704 1220/1337/712 1219/1336/711 1209/1325/703
f 1211/1327/705 1221/1338/713 1220/1337/712 1210/1326/704
f 1212/1318/471 1222/1329/481 1221/1338/713 1211/1327/705
f 1213/1328/706 1223/1339/714 1232/1340/723 1222/1329/481
f 1214/1330/707 1224/1341/715 1223/1342/714 1213/1331/706
f 1215/1332/708 1225/1343/716 1224/1341/715 1214/1330/707
f 1216/1333/709 1226/1344/717 1225/1343/716 1215/1332/708
f 1217/1334/486 1227/1345/718 1226/1344/717 1216/1333/709
f 1218/1335/710 1228/1346/719 1227/1345/718 1217/1334/486
f 1219/1336/711 1229/1347/720 1228/1346/719 1218/1335/710
f 1220/1337/712 1230/1348/721 1229/1347/720 1219/1336/711
f 1221/1338/713 1231/1349/722 1230/1348/721 1220/1337/712
f 1222/1329/481 1232/1340/723 1231/1349/722 1221/1338/713
f 1223/1339/714 193/1350/193 202/1351/202 1232/1340/723
f 1224/1341/715 194/1352/194 193/1353/193 1223/1342/714
f 1225/1343/716 195/1354/195 194/1352/194 1224/1341/715
f 1226/1344/717 196/1355/196 195/1354/195 1225/1343/716
f 1227/1345/718 197/1356/197 196/1355/196 1226/1344/717
f 1228/1346/719 198/1357/198 197/1356/197 1227/1345/718
f 1229/1347/720 199/1358/199 198/1357/198 1228/1346/719
f 1230/1348/721 200/1359/200 199/1358/199 1229/1347/720
f 1231/1349/722 201/1360/201 200/1359/200 1230/1348/721
f 1232/1340/723 202/1351/202 201/1360/201 1231/1349/722
o LineLoop
v 3.997353 4.119142 0.098779
v 3.998989 4.169115 0.135106
v 4.001011 4.230885 0.135106
v 4.002647 4.280858 0.098779
v 4.003272 4.299946 0.040000
v 4.002647 4.280858 -0.018779
v 4.001011 4.230885 -0.055106
v 3.998989 4.169115 -0.055106
v 3.997353 4.119142 -0.018779
v 3.996728 4.100053 0.040000
v 3.500000 4.119098 0.098779
v 3.500000 4.169098 0.135106
v 3.500000 4.230902 0.135106
v 3.500000 4.280901 0.098779
v 3.500000 4.300000 0.040000
v 3.500000 4.280901 -0.018779
v 3.500000 4.230902 -0.055106
v 3.500000 4.169098 -0.055106
v 3.500000 4.119098 -0.018779
v 3.500000 4.100000 0.040000
v 3.000000 4.119098 0.098779
v 3.000000 4.169098 0.135106
v 3.000000 4.230902 0.135106
v 3.000000 4.280901 0.098779
v 3.000000 4.300000 0.040000
v 3.000000 4.280901 -0.018779
v 3.000000 4.230902 -0.055106
v 3.000000 4.169098 -0.055106
v 3.000000 4.119098 -0.018779
v 3.000000 4.100000 0.040000
v 2.500000 4.119098 0.098779
v 2.500000 4.169098 0.135106
v 2.500000 4.230902 0.135106
v 2.500000 4.280901 0.098779
v 2.500000 4.300000 0.040000
v 2.500000 4.280901 -0.018779
v 2.500000 4.230902 -0.055106
v 2.500000 4.169098 -0.055106
v 2.500000 4.119098 -0.018779
v 2.500000 4.100000 0.040000
v 2.000000 4.119098 0.098779
v 2.000000 4.169098 0.135106
v 2.000000 4.230902 0.135106
v 2.000000 4.280901 0.098779
v 2.000000 4.300000 0.040000
v 2.000000 4.280901 -0.018779
v 2.000000 4.230902 -0.055106
v 2.000000 4.169098 -0.055106
v 2.000000 4.119098 -0.018779
v 2.000000 4.100000 0.040000
v 1.500000 4.119098 0.098779
v 1.500000 4.169098 0.135106
v 1.500000 4.230902 0.135106
v 1.500000 4.280901 0.098779
v 1.500000 4.300000 0.040000
v 1.500000 4.280901 -0.018779
v 1.500000 4.230902 -0.055106
v 1.500000 4.169098 -0.055106
v 1.500000 4.119098 -0.018779
v 1.500000 4.100000 0.040000
v 1.000000 4.119098 0.098779
v 1.000000 4.169098 0.135106
v 1.000000 4.230902 0.135106
v 1.000000 4.280901 0.098779
v 1.000000 4.300000 0.040000
v 1.000000 4.280901 -0.018779
v 1.000000 4.230902 -0.055106
v 1.000000 4.169098 -0.055106
v 1.000000 4.119098 -0.018779
v 1.000000 4.100000 0.040000
v 0.500000 4.119098 0.098779
v 0.500000 4.169098 0.135106
v 0.500000 4.230902 0.135106
v 0.500000 4.280901 0.098779
v 0.500000 4.300000 0.040000
v 0.500000 4.280901 -0.018779
v 0.500000 4.230902 -0.055106
v 0.500000 4.169098 -0.055106
v 0.500000 4.119098 -0.018779
v 0.500000 4.100000 0.040000
v 0.000000 4.119098 0.098779
v 0.000000 4.169098 0.135106
v 0.000000 4.230902 0.135106
v -0.000000 4.280901 0.098779
v -0.000000 4.300000 0.040000
v -0.000000 4.280901 -0.018779
v -0.000000 4.230902 -0.055106
v -0.000000 4.169098 -0.055106
v 0.000000 4.119098 -0.018779
v 0.000000 4.100000 0.040000
v -0.500000 4.119098 0.098779
v -0.500000 4.169098 0.135106
v -0.500000 4.230902 0.135106
v -0.500000 4.280901 0.098779
v -0.500000 4.300000 0.040000
v -0.500000 4.280901 -0.018779
v -0.500000 4.230902 -0.055106
v -0.500000 4.169098 -0.055106
v -0.500000 4.119098 -0.018779
v -0.500000 4.100000 0.040000
v -1.000000 4.119098 0.098779
v -1.000000 4.169098 0.135106
v -1.000000 4.230902 0.135106
v -1.000000 4.280901 0.098779
v -1.000000 4.300000 0.040000
v -1.000000 4.280901 -0.018779
v -1.000000 4.230902 -0.055106
v -1.000000 4.169098 -0.055106
v -1.000000 4.119098 -0.018779
v -1.000000 4.100000 0.040000
v -1.500000 4.119098 0.098779
v -1.500000 4.169098 0.135106
v -1.500000 4.230902 0.135106
v -1.500000 4.280901 0.098779
v -1.500000 4.300000 0.040000
v -1.500000 4.280901 -0.018779
v -1.500000 4.230902 -0.055106
v -1.500000 4.169098 -0.055106
v -1.500000 4.119098 -0.018779
v -1.500000 4.100000 0.040000
v -2.000000 4.119098 0.098779
v -2.000000 4.169098 0.135106
v -2.000000 4.230902 0.135106
v -2.000000 4.280901 0.098779
v -2.000000 4.300000 0.040000
v -2.000000 4.280901 -0.018779
v -2.000000 4.230902 -0.055106
v -2.000000 4.169098 -0.055106
v -2.000000 4.119098 -0.018779
v -2.000000 4.100000 0.040000
v -2.500000 4.119098 0.098779
v -2.500000 4.169098 0.135106
v -2.500000 4.230902 0.135106
v -2.500000 4.280901 0.098779
v -2.500000 4.300000 0.040000
v -2.500000 4.280901 -0.018779
v -2.500000 4.230902 -0.055106
v -2.500000 4.169098 -0.055106
v -2.500000 4.119098 -0.018779
v -2.500000 4.100000 0.040000
v -3.000000 4.119098 0.098779
v -3.000000 4.169098 0.135106
v -3.000000 4.230902 0.135106
v -3.000000 4.280901 0.098779
v -3.000000 4.300000 0.040000
v -3.000000 4.280901 -0.018779
v -3.000000 4.230902 -0.055106
v -3.000000 4.169098 -0.055106
v -3.000000 4.119098 -0.018779
v -3.000000 4.100000 0.040000
v -3.500000 4.119098 0.098779
v -3.500000 4.169098 0.135106
v -3.500000 4.230902 0.135106
v -3.500000 4.280901 0.098779
v -3.500000 4.300000 0.040000
v -3.500000 4.280901 -0.018779
v -3.500000 4.230902 -0.055106
v -3.500000 4.169098 -0.055106
v -3.500000 4.119098 -0.018779
v -3.500000 4.100000 0.040000
v -3.997353 4.119142 0.098779
v -3.998989 4.169115 0.135106
v -4.001011 4.230885 0.135106
v -4.002647 4.280858 0.098779
v -4.003272 4.299946 0.040000
v -4.002647 4.280858 -0.018779
v -4.001011 4.230885 -0.055106
v -3.998989 4.169115 -0.055106
v -3.997353 4.119142 -0.018779
v -3.996728 4.100053 0.040000
v -4.315756 4.098403 0.098779
v -4.322282 4.147975 0.135106
v -4.330349 4.209249 0.135106
v -4.336875 4.258822 0.098779
v -4.339368 4.277757 0.040000
v -4.336875 4.258822 -0.018779
v -4.330349 4.209249 -0.055106
v -4.322282 4.147975 -0.055106
v -4.315756 4.098403 -0.018779
v -4.313263 4.079468 0.040000
v -4.626109 4.036670 0.098779
v -4.639050 4.084966 0.135106
v -4.655046 4.144663 0.135106
v -4.667986 4.192960 0.098779
v -4.672929 4.211407 0.040000
v -4.667986 4.192960 -0.018779
v -4.655046 4.144663 -0.055106
v -4.639050 4.084966 -0.055106
v -4.626109 4.036670 -0.018779
v -4.621166 4.018222 0.040000
v -4.925749 3.934955 0.098779
v -4.944883 3.981149 0.135106
v -4.968534 4.038249 0.135106
v -4.987668 4.084442 0.098779
v -4.994977 4.102087 0.040000
v -4.987668 4.084442 -0.018779
v -4.968534 4.038249 -0.055106
v -4.944883 3.981149 -0.055106
v -4.925749 3.934955 -0.018779
v -4.918440 3.917311 0.040000
v -5.209549 3.795001 0.098779
v -5.234549 3.838302 0.135106
v -5.265451 3.891825 0.135106
v -5.290451 3.935126 0.098779
v -5.300000 3.951666 0.040000
v -5.290451 3.935126 -0.018779
v -5.265451 3.891825 -0.055106
v -5.234549 3.838302 -0.055106
v -5.209549 3.795001 -0.018779
v -5.200000 3.778461 0.040000
v -5.472654 3.619200 0.098779
v -5.503092 3.658868 0.135106
v -5.540715 3.707899 0.135106
v -5.571153 3.747567 0.098779
v -5.582780 3.762719 0.040000
v -5.571153 3.747567 -0.018779
v -5.540715 3.707899 -0.055106
v -5.503092 3.658868 -0.055106
v -5.472654 3.619200 -0.018779
v -5.461027 3.604048 0.040000
v -5.710561 3.410561 0.098778
v -5.745916 3.445916 0.135106
v -5.789618 3.489618 0.135106
v -5.824973 3.524973 0.098779
v -5.838478 3.538478 0.040000
v -5.824973 3.524973 -0.018779
v -5.789618 3.489618 -0.055106
v -5.745916 3.445916 -0.055106
v -5.710561 3.410561 -0.018779
v -5.697056 3.397056 0.040000
v -5.919199 3.172654 0.098778
v -5.958867 3.203092 0.135106
v -6.007899 3.240715 0.135106
v -6.047567 3.271153 0.098779
v -6.062718 3.282780 0.040000
v -6.047567 3.271153 -0.018779
v -6.007899 3.240715 -0.055106
v -5.958867 3.203092 -0.055106
v -5.919199 3.172654 -0.018779
v -5.904048 3.161027 0.040000
v -6.095000 2.909549 0.098778
v -6.138302 2.934549 0.135106
v -6.191825 2.965451 0.135106
v -6.235126 2.990451 0.098779
v -6.251666 3.000000 0.040000
v -6.235126 2.990451 -0.018779
v -6.191825 2.965451 -0.055106
v -6.138302 2.934549 -0.055106
v -6.095000 2.909549 -0.018779
v -6.078461 2.900000 0.040000
v -6.234956 2.625749 0.098779
v -6.281149 2.644883 0.135106
v -6.338249 2.668534 0.135106
v -6.384442 2.687668 0.098779
v -6.402087 2.694977 0.040000
v -6.384442 2.687668 -0.018779
v -6.338248 2.668534 -0.055106
v -6.281149 2.644883 -0.055106
v -6.234956 2.625749 -0.018779
v -6.217311 2.618440 0.040000
v -6.336669 2.326109 0.098779
v -6.384966 2.339050 0.135106
v -6.444663 2.355046 0.135106
v -6.492959 2.367986 0.098779
v -6.511407 2.372929 0.040000
v -6.492959 2.367986 -0.018779
v -6.444663 2.355046 -0.055106
v -6.384966 2.339050 -0.055106
v -6.336669 2.326109 -0.018779
v -6.318222 2.321166 0.040000
v -6.398402 2.015756 0.098779
v -6.447975 2.022282 0.135106
v -6.509249 2.030349 0.135106
v -6.558822 2.036875 0.098779
v -6.577756 2.039368 0.040000
v -6.558822 2.036875 -0.018779
v -6.509249 2.030349 -0.055106
v -6.447975 2.022282 -0.055106
v -6.398402 2.015756 -0.018779
v -6.379467 2.013263 0.040000
v -6.419142 1.697353 0.098779
v -6.469115 1.698989 0.135106
v -6.530885 1.701011 0.135106
v -6.580858 1.702647 0.098779
v -6.599946 1.703272 0.040000
v -6.580858 1.702647 -0.018779
v -6.530885 1.701011 -0.055106
v -6.469115 1.698989 -0.055106
v -6.419142 1.697353 -0.018779
v -6.400054 1.696728 0.040000
v -6.419098 1.416667 0.098779
v -6.469098 1.416667 0.135106
v -6.530902 1.416667 0.135106
v -6.580902 1.416667 0.098779
v -6.600000 1.416667 0.040000
v -6.580902 1.416667 -0.018779
v -6.530902 1.416667 -0.055106
v -6.469098 1.416667 -0.055106
v -6.419098 1.416667 -0.018779
v -6.400000 1.416667 0.040000
v -6.419098 1.133333 0.098779
v -6.469098 1.133333 0.135106
v -6.530902 1.133333 0.135106
v -6.580902 1.133333 0.098779
v -6.600000 1.133333 0.040000
v -6.580902 1.133333 -0.018779
v -6.530902 1.133333 -0.055106
v -6.469098 1.133333 -0.055106
v -6.419098 1.133333 -0.018779
v -6.400000 1.133333 0.040000
v -6.419098 0.850000 0.098779
v -6.469098 0.850000 0.135106
v -6.530902 0.850000 0.135106
v -6.580902 0.850000 0.098779
v -6.600000 0.850000 0.040000
v -6.580902 0.850000 -0.018779
v -6.530902 0.850000 -0.055106
v -6.469098 0.850000 -0.055106
v -6.419098 0.850000 -0.018779
v -6.400000 0.850000 0.040000
v -6.419098 0.566667 0.098779
v -6.469098 0.566667 0.135106
v -6.530902 0.566667 0.135106
v -6.580902 0.566667 0.098779
v -6.600000 0.566667 0.040000
v -6.580902 0.566667 -0.018779
v -6.530902 0.566667 -0.055106
v -6.469098 0.566667 -0.055106
v -6.419098 0.566667 -0.018779
v -6.400000 0.566667 0.040000
v -6.419098 0.283333 0.098779
v -6.469098 0.283333 0.135106
v -6.530902 0.283333 0.135106
v -6.580902 0.283333 0.098779
v -6.600000 0.283333 0.040000
v -6.580902 0.283333 -0.018779
v -6.530902 0.283333 -0.055106
v -6.469098 0.283333 -0.055106
v -6.419098 0.283333 -0.018779
v -6.400000 0.283333 0.040000
v -6.419098 0.000000 0.098779
v -6.469098 0.000000 0.135106
v -6.530902 0.000000 0.135106
v -6.580902 -0.000000 0.098779
v -6.600000 -0.000000 0.040000
v -6.580902 -0.000000 -0.018779
v -6.530902 0.000000 -0.055106
v -6.469098 0.000000 -0.055106
v -6.419098 0.000000 -0.018779
v -6.400000 0.000000 0.040000
v -6.419098 -0.283333 0.098779
v -6.469098 -0.283333 0.135106
v -6.530902 -0.283333 0.135106
v -6.580902 -0.283333 0.098779
v -6.600000 -0.283333 0.040000
v -6.580902 -0.283333 -0.018779
v -6.530902 -0.283333 -0.055106
v -6.469098 -0.283333 -0.055106
v -6.419098 -0.283333 -0.018779
v -6.400000 -0.283333 0.040000
v -6.419098 -0.566667 0.098779
v -6.469098 -0.566667 0.135106
v -6.530902 -0.566667 0.135106
v -6.580902 -0.566667 0.098779
v -6.600000 -0.566667 0.040000
v -6.580902 -0.566667 -0.018779
v -6.530902 -0.566667 -0.055106
v -6.469098 -0.566667 -0.055106
v -6.419098 -0.566667 -0.018779
v -6.400000 -0.566667 0.040000
v -6.419098 -0.850000 0.098779
v -6.469098 -0.850000 0.135106
v -6.530902 -0.850000 0.135106
v -6.580902 -0.850000 0.098779
v -6.600000 -0.850000 0.040000
v -6.580902 -0.850000 -0.018779
v -6.530902 -0.850000 -0.055106
v -6.469098 -0.850000 -0.055106
v -6.419098 -0.850000 -0.018779
v -6.400000 -0.850000 0.040000
v -6.419098 -1.133333 0.098779
v -6.469098 -1.133333 0.135106
v -6.530902 -1.133333 0.135106
v -6.580902 -1.133333 0.098779
v -6.600000 -1.133333 0.040000
v -6.580902 -1.133333 -0.018779
v -6.530902 -1.133333 -0.055106
v -6.469098 -1.133333 -0.055106
v -6.419098 -1.133333 -0.018779
v -6.400000 -1.133333 0.040000
v -6.419098 -1.416667 0.098779
v -6.469098 -1.416667 0.135106
v -6.530902 -1.416667 0.135106
v -6.580902 -1.416667 0.098779
v -6.600000 -1.416667 0.040000
v -6.580902 -1.416667 -0.018779
v -6.530902 -1.416667 -0.055106
v -6.469098 -1.416667 -0.055106
v -6.419098 -1.416667 -0.018779
v -6.400000 -1.416667 0.040000
v -6.419142 -1.697353 0.098779
v -6.469115 -1.698989 0.135106
v -6.530885 -1.701011 0.135106
v -6.580858 -1.702647 0.098779
v -6.599946 -1.703272 0.040000
v -6.580858 -1.702647 -0.018779
v -6.530885 -1.701011 -0.055106
v -6.469115 -1.698989 -0.055106
v -6.419142 -1.697353 -0.018779
v -6.400054 -1.696728 0.040000
v -6.398402 -2.015756 0.098779
v -6.447975 -2.022282 0.135106
v -6.509249 -2.030349 0.135106
v -6.558822 -2.036875 0.098779
v -6.577756 -2.039368 0.040000
v -6.558822 -2.036875 -0.018779
v -6.509249 -2.030349 -0.055106
v -6.447975 -2.022282 -0.055106
v -6.398402 -2.015756 -0.018779
v -6.379467 -2.013263 0.040000
v -6.336669 -2.326109 0.098779
v -6.384966 -2.339050 0.135106
v -6.444663 -2.355046 0.135106
v -6.492959 -2.367986 0.098779
v -6.511407 -2.372929 0.040000
v -6.492959 -2.367986 -0.018779
v -6.444663 -2.355046 -0.055106
v -6.384966 -2.339050 -0.055106
v -6.336669 -2.326109 -0.018779
v -6.318222 -2.321166 0.040000
v -6.234956 -2.625749 0.098779
v -6.281149 -2.644883 0.135106
v -6.338249 -2.668534 0.135106
v -6.384442 -2.687668 0.098779
v -6.402087 -2.694977 0.040000
v -6.384442 -2.687668 -0.018779
v -6.338248 -2.668534 -0.055106
v -6.281149 -2.644883 -0.055106
v -6.234956 -2.625749 -0.018779
v -6.217311 -2.618440 0.040000
v -6.095000 -2.909549 0.098779
v -6.138302 -2.934549 0.135106
v -6.191825 -2.965451 0.135106
v -6.235126 -2.990451 0.098779
v -6.251666 -3.000000 0.040000
v -6.235126 -2.990451 -0.018779
v -6.191825 -2.965451 -0.055106
v -6.138302 -2.934549 -0.055106
v -6.095000 -2.909549 -0.018779
v -6.078461 -2.900000 0.040000
v -5.919199 -3.172654 0.098779
v -5.958867 -3.203092 0.135106
v -6.007899 -3.240715 0.135106
v -6.047567 -3.271153 0.098779
v -6.062718 -3.282780 0.040000
v -6.047567 -3.271153 -0.018779
v -6.007899 -3.240715 -0.055106
v -5.958867 -3.203092 -0.055106
v -5.919199 -3.172654 -0.018779
v -5.904048 -3.161027 0.040000
v -5.710561 -3.410561 0.098779
v -5.745916 -3.445916 0.135106
v -5.789618 -3.489618 0.135106
v -5.824973 -3.524973 0.098779
v -5.838478 -3.538478 0.040000
v -5.824973 -3.524973 -0.018779
v -5.789618 -3.489618 -0.055106
v -5.745916 -3.445916 -0.055106
v -5.710561 -3.410561 -0.018779
v -5.697056 -3.397056 0.040000
v -5.472654 -3.619200 0.098779
v -5.503092 -3.658868 0.135106
v -5.540715 -3.707899 0.135106
v -5.571153 -3.747567 0.098779
v -5.582780 -3.762719 0.040000
v -5.571153 -3.747567 -0.018779
v -5.540715 -3.707899 -0.055106
v -5.503092 -3.658867 -0.055106
v -5.472654 -3.619200 -0.018779
v -5.461027 -3.604048 0.040000
v -5.209549 -3.795001 0.098778
v -5.234549 -3.838302 0.135106
v -5.265451 -3.891825 0.135106
v -5.290451 -3.935126 0.098779
v -5.300000 -3.951666 0.040000
v -5.290451 -3.935126 -0.018779
v -5.265451 -3.891825 -0.055106
v -5.234549 -3.838302 -0.055106
v -5.209549 -3.795001 -0.018779
v -5.200000 -3.778461 0.040000
v -4.925749 -3.934955 0.098779
v -4.944883 -3.981149 0.135106
v -4.968534 -4.038249 0.135106
v -4.987668 -4.084442 0.098779
v -4.994977 -4.102087 0.040000
v -4.987668 -4.084442 -0.018779
v -4.968534 -4.038248 -0.055106
v -4.944883 -3.981149 -0.055106
v -4.925749 -3.934955 -0.018779
v -4.918440 -3.917311 0.040000
v -4.626109 -4.036670 0.098778
v -4.639050 -4.084966 0.135106
v -4.655046 -4.144663 0.135106
v -4.667986 -4.192960 0.098779
v -4.672929 -4.211407 0.040000
v -4.667986 -4.192960 -0.018779
v -4.655046 -4.144663 -0.055106
v -4.639050 -4.084966 -0.055106
v -4.626109 -4.036670 -0.018779
v -4.621166 -4.018222 0.040000
v -4.315756 -4.098403 0.098779
v -4.322282 -4.147975 0.135106
v -4.330349 -4.209249 0.135106
v -4.336875 -4.258822 0.098779
v -4.339368 -4.277757 0.040000
v -4.336875 -4.258822 -0.018779
v -4.330349 -4.209249 -0.055106
v -4.322282 -4.147975 -0.055106
v -4.315756 -4.098403 -0.018779
v -4.313263 -4.079468 0.040000
v -3.997353 -4.119142 0.098779
v -3.998989 -4.169115 0.135106
v -4.001011 -4.230885 0.135106
v -4.002647 -4.280858 0.098779
v -4.003272 -4.299946 0.040000
v -4.002647 -4.280858 -0.018779
v -4.001011 -4.230885 -0.055106
v -3.998989 -4.169115 -0.055106
v -3.997353 -4.119142 -0.018779
v -3.996728 -4.100053 0.040000
v -3.500000 -4.119098 0.098778
v -3.500000 -4.169098 0.135106
v -3.500000 -4.230902 0.135106
v -3.500000 -4.280901 0.098779
v -3.500000 -4.300000 0.040000
v -3.500000 -4.280901 -0.018779
v -3.500000 -4.230902 -0.055106
v -3.500000 -4.169098 -0.055106
v -3.500000 -4.119098 -0.018779
v -3.500000 -4.100000 0.040000
v -3.000000 -4.119098 0.098778
v -3.000000 -4.169098 0.135106
v -3.000000 -4.230902 0.135106
v -3.000000 -4.280901 0.098779
v -3.000000 -4.300000 0.040000
v -3.000000 -4.280901 -0.018779
v -3.000000 -4.230902 -0.055106
v -3.000000 -4.169098 -0.055106
v -3.000000 -4.119098 -0.018779
v -3.000000 -4.100000 0.040000
v -2.500000 -4.119098 0.098778
v -2.500000 -4.169098 0.135106
v -2.500000 -4.230902 0.135106
v -2.500000 -4.280901 0.098779
v -2.500000 -4.300000 0.040000
v -2.500000 -4.280901 -0.018779
v -2.500000 -4.230902 -0.055106
v -2.500000 -4.169098 -0.055106
v -2.500000 -4.119098 -0.018779
v -2.500000 -4.100000 0.040000
v -2.000000 -4.119098 0.098778
v -2.000000 -4.169098 0.135106
v -2.000000 -4.230902 0.135106
v -2.000000 -4.280901 0.098779
v -2.000000 -4.300000 0.040000
v -2.000000 -4.280901 -0.018779
v -2.000000 -4.230902 -0.055106
v -2.000000 -4.169098 -0.055106
v -2.000000 -4.119098 -0.018779
v -2.000000 -4.100000 0.040000
v -1.500000 -4.119098 0.098778
v -1.500000 -4.169098 0.135106
v -1.500000 -4.230902 0.135106
v -1.500000 -4.280901 0.098779
v -1.500000 -4.300000 0.040000
v -1.500000 -4.280901 -0.018779
v -1.500000 -4.230902 -0.055106
v -1.500000 -4.169098 -0.055106
v -1.500000 -4.119098 -0.018779
v -1.500000 -4.100000 0.040000
v -1.000000 -4.119098 0.098778
v -1.000000 -4.169098 0.135106
v -1.000000 -4.230902 0.135106
v -1.000000 -4.280901 0.098779
v -1.000000 -4.300000 0.040000
v -1.000000 -4.280901 -0.018779
v -1.000000 -4.230902 -0.055106
v -1.000000 -4.169098 -0.055106
v -1.000000 -4.119098 -0.018779
v -1.000000 -4.100000 0.040000
v -0.500000 -4.119098 0.098778
v -0.500000 -4.169098 0.135106
v -0.500000 -4.230902 0.135106
v -0.500000 -4.280901 0.098779
v -0.500000 -4.300000 0.040000
v -0.500000 -4.280901 -0.018779
v -0.500000 -4.230902 -0.055106
v -0.500000 -4.169098 -0.055106
v -0.500000 -4.119098 -0.018779
v -0.500000 -4.100000 0.040000
v 0.000000 -4.119098 0.098778
v 0.000000 -4.169098 0.135106
v 0.000000 -4.230902 0.135106
v -0.000000 -4.280901 0.098779
v 0.000000 -4.300000 0.040000
v 0.000000 -4.280901 -0.018779
v 0.000000 -4.230902 -0.055106
v 0.000000 -4.169098 -0.055106
v 0.000000 -4.119098 -0.018779
v 0.000000 -4.100000 0.040000
v 0.500000 -4.119098 0.098778
v 0.500000 -4.169098 0.135106
v 0.500000 -4.230902 0.135106
v 0.500000 -4.280901 0.098779
v 0.500000 -4.300000 0.040000
v 0.500000 -4.280901 -0.018779
v 0.500000 -4.230902 -0.055106
v 0.500000 -4.169098 -0.055106
v 0.500000 -4.119098 -0.018779
v 0.500000 -4.100000 0.040000
v 1.000000 -4.119098 0.098778
v 1.000000 -4.169098 0.135106
v 1.000000 -4.230902 0.135106
v 1.000000 -4.280901 0.098779
v 1.000000 -4.300000 0.040000
v 1.000000 -4.280901 -0.018779
v 1.000000 -4.230902 -0.055106
v 1.000000 -4.169098 -0.055106
v 1.000000 -4.119098 -0.018779
v 1.000000 -4.100000 0.040000
v 1.500000 -4.119098 0.098778
v 1.500000 -4.169098 0.135106
v 1.500000 -4.230902 0.135106
v 1.500000 -4.280901 0.098779
v 1.500000 -4.300000 0.040000
v 1.500000 -4.280901 -0.018779
v 1.500000 -4.230902 -0.055106
v 1.500000 -4.169098 -0.055106
v 1.500000 -4.119098 -0.018779
v 1.500000 -4.100000 0.040000
v 2.000000 -4.119098 0.098778
v 2.000000 -4.169098 0.135106
v 2.000000 -4.230902 0.135106
v 2.000000 -4.280901 0.098779
v 2.000000 -4.300000 0.040000
v 2.000000 -4.280901 -0.018779
v 2.000000 -4.230902 -0.055106
v 2.000000 -4.169098 -0.055106
v 2.000000 -4.119098 -0.018779
v 2.000000 -4.100000 0.040000
v 2.500000 -4.119098 0.098778
v 2.500000 -4.169098 0.135106
v 2.500000 -4.230902 0.135106
v 2.500000 -4.280901 0.098779
v 2.500000 -4.300000 0.040000
v 2.500000 -4.280901 -0.018779
v 2.500000 -4.230902 -0.055106
v 2.500000 -4.169098 -0.055106
v 2.500000 -4.119098 -0.018779
v 2.500000 -4.100000 0.040000
v 3.000000 -4.119098 0.098778
v 3.000000 -4.169098 0.135106
v 3.000000 -4.230902 0.135106
v 3.000000 -4.280901 0.098779
v 3.000000 -4.300000 0.040000
v 3.000000 -4.280901 -0.018779
v 3.000000 -4.230902 -0.055106
v 3.000000 -4.169098 -0.055106
v 3.000000 -4.119098 -0.018779
v 3.000000 -4.100000 0.040000
v 3.500000 -4.119098 0.098778
v 3.500000 -4.169098 0.135106
v 3.500000 -4.230902 0.135106
v 3.500000 -4.280901 0.098779
v 3.500000 -4.300000 0.040000
v 3.500000 -4.280901 -0.018779
v 3.500000 -4.230902 -0.055106
v 3.500000 -4.169098 -0.055106
v 3.500000 -4.119098 -0.018779
v 3.500000 -4.100000 0.040000
v 3.997353 -4.119142 0.098779
v 3.998989 -4.169115 0.135106
v 4.001011 -4.230885 0.135106
v 4.002647 -4.280858 0.098779
v 4.003272 -4.299946 0.040000
v 4.002647 -4.280858 -0.018779
v 4.001011 -4.230885 -0.055106
v 3.998989 -4.169115 -0.055106
v 3.997353 -4.119142 -0.018779
v 3.996728 -4.100053 0.040000
v 4.315756 -4.098403 0.098779
v 4.322282 -4.147975 0.135106
v 4.330349 -4.209249 0.135106
v 4.336875 -4.258822 0.098779
v 4.339368 -4.277757 0.040000
v 4.336875 -4.258822 -0.018779
v 4.330349 -4.209249 -0.055106
v 4.322282 -4.147975 -0.055106
v 4.315756 -4.098403 -0.018779
v 4.313263 -4.079468 0.040000
v 4.626109 -4.036670 0.098778
v 4.639050 -4.084966 0.135106
v 4.655046 -4.144663 0.135106
v 4.667986 -4.192960 0.098779
v 4.672929 -4.211407 0.040000
v 4.667986 -4.192960 -0.018779
v 4.655046 -4.144663 -0.055106
v 4.639050 -4.084966 -0.055106
v 4.626109 -4.036670 -0.018779
v 4.621166 -4.018222 0.040000
v 4.925749 -3.934955 0.098779
v 4.944883 -3.981149 0.135106
v 4.968534 -4.038249 0.135106
v 4.987668 -4.084442 0.098779
v 4.994977 -4.102087 0.040000
v 4.987668 -4.084442 -0.018779
v 4.968534 -4.038249 -0.055106
v 4.944883 -3.981149 -0.055106
v 4.925749 -3.934955 -0.018779
v 4.918440 -3.917311 0.040000
v 5.209549 -3.795001 0.098779
v 5.234549 -3.838302 0.135106
v 5.265451 -3.891825 0.135106
v 5.290451 -3.935126 0.098779
v 5.300000 -3.951666 0.040000
v 5.290451 -3.935126 -0.018779
v 5.265451 -3.891825 -0.055106
v 5.234549 -3.838302 -0.055106
v 5.209549 -3.795001 -0.018779
v 5.200000 -3.778461 0.040000
v 5.472654 -3.619200 0.098779
v 5.503092 -3.658868 0.135106
v 5.540715 -3.707899 0.135106
v 5.571153 -3.747567 0.098779
v 5.582780 -3.762719 0.040000
v 5.571153 -3.747567 -0.018779
v 5.540715 -3.707899 -0.055106
v 5.503092 -3.658867 -0.055106
v 5.472654 -3.619200 -0.018779
v 5.461027 -3.604048 0.040000
v 5.710561 -3.410561 0.098779
v 5.745916 -3.445916 0.135106
v 5.789618 -3.489618 0.135106
v 5.824973 -3.524973 0.098779
v 5.838478 -3.538478 0.040000
v 5.824973 -3.524973 -0.018779
v 5.789618 -3.489618 -0.055106
v 5.745916 -3.445916 -0.055106
v 5.710561 -3.410561 -0.018779
v 5.697056 -3.397056 0.040000
v 5.919199 -3.172654 0.098779
v 5.958867 -3.203092 0.135106
v 6.007899 -3.240715 0.135106
v 6.047567 -3.271153 0.098779
v 6.062718 -3.282780 0.040000
v 6.047567 -3.271153 -0.018779
v 6.007899 -3.240715 -0.055106
v 5.958867 -3.203092 -0.055106
v 5.919199 -3.172654 -0.018779
v 5.904048 -3.161027 0.040000
v 6.095000 -2.909549 0.098778
v 6.138302 -2.934549 0.135106
v 6.191825 -2.965451 0.135106
v 6.235126 -2.990451 0.098779
v 6.251666 -3.000000 0.040000
v 6.235126 -2.990451 -0.018779
v 6.191825 -2.965451 -0.055106
v 6.138302 -2.934549 -0.055106
v 6.095000 -2.909549 -0.018778
v 6.078461 -2.900000 0.040000
v 6.234956 -2.625749 0.098779
v 6.281149 -2.644883 0.135106
v 6.338249 -2.668534 0.135106
v 6.384442 -2.687668 0.098779
v 6.402087 -2.694977 0.040000
v 6.384442 -2.687668 -0.018779
v 6.338249 -2.668534 -0.055106
v 6.281149 -2.644883 -0.055106
v 6.234956 -2.625749 -0.018779
v 6.217311 -2.618440 0.040000
v 6.336669 -2.326109 0.098779
v 6.384966 -2.339050 0.135106
v 6.444663 -2.355046 0.135106
v 6.492959 -2.367986 0.098779
v 6.511407 -2.372929 0.040000
v 6.492959 -2.367986 -0.018779
v 6.444663 -2.355046 -0.055106
v 6.384966 -2.339050 -0.055106
v 6.336669 -2.326109 -0.018779
v 6.318222 -2.321166 0.040000
v 6.398402 -2.015756 0.098779
v 6.447975 -2.022282 0.135106
v 6.509249 -2.030349 0.135106
v 6.558822 -2.036875 0.098779
v 6.577756 -2.039368 0.040000
v 6.558822 -2.036875 -0.018779
v 6.509249 -2.030349 -0.055106
v 6.447975 -2.022282 -0.055106
v 6.398402 -2.015756 -0.018779
v 6.379467 -2.013263 0.040000
v 6.419142 -1.697353 0.098779
v 6.469115 -1.698989 0.135106
v 6.530885 -1.701011 0.135106
v 6.580858 -1.702647 0.098779
v 6.599946 -1.703272 0.040000
v 6.580858 -1.702647 -0.018779
v 6.530885 -1.701011 -0.055106
v 6.469115 -1.698989 -0.055106
v 6.419142 -1.697353 -0.018779
v 6.400054 -1.696728 0.040000
v 6.419098 -1.416667 0.098779
v 6.469098 -1.416667 0.135106
v 6.530902 -1.416667 0.135106
v 6.580902 -1.416667 0.098779
v 6.600000 -1.416667 0.040000
v 6.580902 -1.416667 -0.018779
v 6.530902 -1.416667 -0.055106
v 6.469098 -1.416667 -0.055106
v 6.419098 -1.416667 -0.018779
v 6.400000 -1.416667 0.040000
v 6.419098 -1.133333 0.098779
v 6.469098 -1.133333 0.135106
v 6.530902 -1.133333 0.135106
v 6.580902 -1.133333 0.098779
v 6.600000 -1.133333 0.040000
v 6.580902 -1.133333 -0.018779
v 6.530902 -1.133333 -0.055106
v 6.469098 -1.133333 -0.055106
v 6.419098 -1.133333 -0.018779
v 6.400000 -1.133333 0.040000
v 6.419098 -0.850000 0.098779
v 6.469098 -0.850000 0.135106
v 6.530902 -0.850000 0.135106
v 6.580902 -0.850000 0.098779
v 6.600000 -0.850000 0.040000
v 6.580902 -0.850000 -0.018779
v 6.530902 -0.850000 -0.055106
v 6.469098 -0.850000 -0.055106
v 6.419098 -0.850000 -0.018779
v 6.400000 -0.850000 0.040000
v 6.419098 -0.566667 0.098779
v 6.469098 -0.566667 0.135106
v 6.530902 -0.566667 0.135106
v 6.580902 -0.566667 0.098779
v 6.600000 -0.566667 0.040000
v 6.580902 -0.566667 -0.018779
v 6.530902 -0.566667 -0.055106
v 6.469098 -0.566667 -0.055106
v 6.419098 -0.566667 -0.018779
v 6.400000 -0.566667 0.040000
v 6.419098 -0.283333 0.098779
v 6.469098 -0.283333 0.135106
v 6.530902 -0.283333 0.135106
v 6.580902 -0.283333 0.098779
v 6.600000 -0.283333 0.040000
v 6.580902 -0.283333 -0.018779
v 6.530902 -0.283333 -0.055106
v 6.469098 -0.283333 -0.055106
v 6.419098 -0.283333 -0.018779
v 6.400000 -0.283333 0.040000
v 6.419098 -0.000000 0.098779
v 6.469098 -0.000000 0.135106
v 6.530902 0.000000 0.135106
v 6.580902 0.000000 0.098779
v 6.600000 0.000000 0.040000
v 6.580902 0.000000 -0.018779
v 6.530902 0.000000 -0.055106
v 6.469098 -0.000000 -0.055106
v 6.419098 -0.000000 -0.018779
v 6.400000 -0.000000 0.040000
v 6.419098 0.283333 0.098779
v 6.469098 0.283333 0.135106
v 6.530902 0.283333 0.135106
v 6.580902 0.283333 0.098779
v 6.600000 0.283333 0.040000
v 6.580902 0.283333 -0.018779
v 6.530902 0.283333 -0.055106
v 6.469098 0.283333 -0.055106
v 6.419098 0.283333 -0.018779
v 6.400000 0.283333 0.040000
v 6.419098 0.566667 0.098779
v 6.469098 0.566667 0.135106
v 6.530902 0.566667 0.135106
v 6.580902 0.566667 0.098779
v 6.600000 0.566667 0.040000
v 6.580902 0.566667 -0.018779
v 6.530902 0.566667 -0.055106
v 6.469098 0.566667 -0.055106
v 6.419098 0.566667 -0.018779
v 6.400000 0.566667 0.040000
v 6.419098 0.850000 0.098779
v 6.469098 0.850000 0.135106
v 6.530902 0.850000 0.135106
v 6.580902 0.850000 0.098779
v 6.600000 0.850000 0.040000
v 6.580902 0.850000 -0.018779
v 6.530902 0.850000 -0.055106
v 6.469098 0.850000 -0.055106
v 6.419098 0.850000 -0.018779
v 6.400000 0.850000 0.040000
v 6.419098 1.133333 0.098779
v 6.469098 1.133333 0.135106
v 6.530902 1.133333 0.135106
v 6.580902 1.133333 0.098779
v 6.600000 1.133333 0.040000
v 6.580902 1.133333 -0.018779
v 6.530902 1.133333 -0.055106
v 6.469098 1.133333 -0.055106
v 6.419098 1.133333 -0.018779
v 6.400000 1.133333 0.040000
v 6.419098 1.416667 0.098779
v 6.469098 1.416667 0.135106
v 6.530902 1.416667 0.135106
v 6.580902 1.416667 0.098779
v 6.600000 1.416667 0.040000
v 6.580902 1.416667 -0.018779
v 6.530902 1.416667 -0.055106
v 6.469098 1.416667 -0.055106
v 6.419098 1.416667 -0.018779
v 6.400000 1.416667 0.040000
v 6.419142 1.697353 0.098779
v 6.469115 1.698989 0.135106
v 6.530885 1.701011 0.135106
v 6.580858 1.702647 0.098779
v 6.599946 1.703272 0.040000
v 6.580858 1.702647 -0.018779
v 6.530885 1.701011 -0.055106
v 6.469115 1.698989 -0.055106
v 6.419142 1.697353 -0.018779
v 6.400054 1.696728 0.040000
v 6.398402 2.015756 0.098779
v 6.447975 2.022282 0.135106
v 6.509249 2.030349 0.135106
v 6.558822 2.036875 0.098779
v 6.577756 2.039368 0.040000
v 6.558822 2.036875 -0.018779
v 6.509249 2.030349 -0.055106
v 6.447975 2.022282 -0.055106
v 6.398402 2.015756 -0.018779
v 6.379467 2.013263 0.040000
v 6.336669 2.326109 0.098779
v 6.384966 2.339050 0.135106
v 6.444663 2.355046 0.135106
v 6.492959 2.367986 0.098779
v 6.511407 2.372929 0.040000
v 6.492959 2.367986 -0.018779
v 6.444663 2.355046 -0.055106
v 6.384966 2.339050 -0.055106
v 6.336669 2.326109 -0.018779
v 6.318222 2.321166 0.040000
v 6.234956 2.625749 0.098779
v 6.281149 2.644883 0.135106
v 6.338249 2.668534 0.135106
v 6.384442 2.687668 0.098779
v 6.402087 2.694977 0.040000
v 6.384442 2.687668 -0.018779
v 6.338248 2.668534 -0.055106
v 6.281149 2.644883 -0.055106
v 6.234956 2.625749 -0.018779
v 6.217311 2.618440 0.040000
v 6.095000 2.909549 0.098779
v 6.138302 2.934549 0.135106
v 6.191825 2.965451 0.135106
v 6.235126 2.990451 0.098779
v 6.251666 3.000000 0.040000
v 6.235126 2.990451 -0.018779
v 6.191825 2.965451 -0.055106
v 6.138302 2.934549 -0.055106
v 6.095000 2.909549 -0.018779
v 6.078461 2.900000 0.040000
v 5.919199 3.172654 0.098779
v 5.958867 3.203092 0.135106
v 6.007899 3.240715 0.135106
v 6.047567 3.271153 0.098779
v 6.062718 3.282780 0.040000
v 6.047567 3.271153 -0.018779
v 6.007899 3.240715 -0.055106
v 5.958867 3.203092 -0.055106
v 5.919199 3.172654 -0.018779
v 5.904048 3.161027 0.040000
v 5.710561 3.410561 0.098779
v 5.745916 3.445916 0.135106
v 5.789618 3.489618 0.135106
v 5.824973 3.524973 0.098779
v 5.838478 3.538478 0.040000
v 5.824973 3.524973 -0.018779
v 5.789618 3.489618 -0.055106
v 5.745916 3.445916 -0.055106
v 5.710561 3.410561 -0.018779
v 5.697056 3.397056 0.040000
v 5.472654 3.619200 0.098779
v 5.503092 3.658868 0.135106
v 5.540715 3.707899 0.135106
v 5.571153 3.747567 0.098779
v 5.582779 3.762719 0.040000
v 5.571153 3.747567 -0.018779
v 5.540715 3.707899 -0.055106
v 5.503092 3.658868 -0.055106
v 5.472654 3.619200 -0.018779
v 5.461028 3.604048 0.040000
v 5.209549 3.795001 0.098778
v 5.234549 3.838302 0.135106
v 5.265451 3.891825 0.135106
v 5.290451 3.935126 0.098779
v 5.300000 3.951666 0.040000
v 5.290451 3.935126 -0.018779
v 5.265451 3.891825 -0.055106
v 5.234549 3.838302 -0.055106
v 5.209549 3.795001 -0.018779
v 5.200000 3.778461 0.040000
v 4.925749 3.934955 0.098779
v 4.944883 3.981149 0.135106
v 4.968534 4.038249 0.135106
v 4.987668 4.084442 0.098779
v 4.994977 4.102087 0.040000
v 4.987668 4.084442 -0.018779
v 4.968534 4.038248 -0.055106
v 4.944883 3.981149 -0.055106
v 4.925749 3.934955 -0.018779
v 4.918440 3.917311 0.040000
v 4.626109 4.036670 0.098779
v 4.639050 4.084966 0.135106
v 4.655046 4.144663 0.135106
v 4.667986 4.192960 0.098779
v 4.672929 4.211407 0.040000
v 4.667986 4.192960 -0.018779
v 4.655046 4.144663 -0.055106
v 4.639050 4.084966 -0.055106
v 4.626109 4.036670 -0.018779
v 4.621166 4.018222 0.040000
v 4.315756 4.098403 0.098778
v 4.322282 4.147975 0.135106
v 4.330349 4.209249 0.135106
v 4.336875 4.258822 0.098779
v 4.339368 4.277757 0.040000
v 4.336875 4.258822 -0.018779
v 4.330349 4.209249 -0.055106
v 4.322282 4.147975 -0.055106
v 4.315756 4.098403 -0.018779
v 4.313263 4.079468 0.040000
vn -0.0262 -0.8064 0.5908
vn -0.0099 -0.3031 0.9529
vn 0.0104 0.3147 0.9491
vn 0.0267 0.8108 0.5847
vn 0.0330 0.9995 -0.0000
vn 0.0267 0.8108 -0.5847
vn 0.0104 0.3147 -0.9491
vn -0.0099 -0.3031 -0.9529
vn -0.0262 -0.8064 -0.5908
vn -0.0324 -0.9995 -0.0000
vn -0.0000 -0.8091 0.5877
vn -0.0000 -0.3091 0.9510
vn -0.0000 0.3091 0.9510
vn -0.0000 0.8090 0.5877
vn -0.0000 1.0000 -0.0000
vn -0.0000 0.8090 -0.5877
vn -0.0000 0.3091 -0.9510
vn -0.0000 -0.3091 -0.9510
vn -0.0000 -0.8091 -0.5877
vn -0.0000 -1.0000 -0.0000
vn -0.0000 -0.8090 0.5878
vn -0.0000 -0.3090 0.9511
vn -0.0000 0.3090 0.9511
vn -0.0000 0.8090 0.5878
vn -0.0000 0.8090 -0.5878
vn -0.0000 0.3090 -0.9511
vn -0.0000 -0.3090 -0.9511
vn -0.0000 -0.8090 -0.5878
vn 0.0262 -0.8064 0.5908
vn 0.0099 -0.3031 0.9529
vn -0.0104 0.3147 0.9491
vn -0.0267 0.8108 0.5847
vn -0.0330 0.9995 -0.0000
vn -0.0267 0.8108 -0.5847
vn -0.0104 0.3147 -0.9491
vn 0.0099 -0.3031 -0.9529
vn 0.0262 -0.8064 -0.5908
vn 0.0324 -0.9995 -0.0000
vn 0.1048 -0.7975 0.5941
vn 0.0388 -0.2947 0.9548
vn -0.0419 0.3177 0.9473
vn -0.1063 0.8063 0.5819
vn -0.1307 0.9914 -0.0000
vn -0.1063 0.8063 -0.5819
vn -0.0419 0.3177 -0.9473
vn 0.0388 -0.2947 -0.9548
vn 0.1048 -0.7975 -0.5941
vn 0.1303 -0.9915 -0.0000
vn 0.2082 -0.7771 0.5940
vn 0.0769 -0.2872 0.9548
vn -0.0830 0.3096 0.9472
vn -0.2105 0.7857 0.5817
vn -0.2588 0.9659 -0.0000
vn -0.2105 0.7857 -0.5817
vn -0.0830 0.3096 -0.9472
vn 0.0769 -0.2872 -0.9548
vn 0.2082 -0.7771 -0.5940
vn 0.2588 -0.9659 -0.0000
vn 0.3079 -0.7432 0.5940
vn 0.1138 -0.2747 0.9548
vn -0.1227 0.2962 0.9472
vn -0.3113 0.7515 0.5817
vn -0.3827 0.9239 -0.0000
vn -0.3113 0.7515 -0.5817
vn -0.1227 0.2962 -0.9472
vn 0.1138 -0.2747 -0.9548
vn 0.3079 -0.7432 -0.5940
vn 0.3827 -0.9239 -0.0000
vn 0.4022 -0.6967 0.5940
vn 0.1486 -0.2575 0.9548
vn -0.1603 0.2776 0.9472
vn -0.4067 0.7044 0.5817
vn -0.5000 0.8660 -0.0000
vn -0.4067 0.7044 -0.5817
vn -0.1603 0.2776 -0.9472
vn 0.1486 -0.2575 -0.9548
vn 0.4022 -0.6967 -0.5940
vn 0.5000 -0.8660 -0.0000
vn 0.4897 -0.6382 0.5940
vn 0.1810 -0.2359 0.9548
vn -0.1951 0.2543 0.9472
vn -0.4951 0.6453 0.5817
vn -0.6088 0.7934 -0.0000
vn -0.4951 0.6453 -0.5817
vn -0.1951 0.2543 -0.9472
vn 0.1810 -0.2359 -0.9548
vn 0.4897 -0.6382 -0.5940
vn 0.6088 -0.7934 -0.0000
vn 0.5689 -0.5689 0.5940
vn 0.2102 -0.2102 0.9548
vn -0.2267 0.2267 0.9472
vn -0.5751 0.5751 0.5817
vn -0.7071 0.7071 -0.0000
vn -0.5751 0.5751 -0.5817
vn -0.2267 0.2267 -0.9472
vn 0.2102 -0.2102 -0.9548
vn 0.5689 -0.5689 -0.5940
vn 0.7071 -0.7071 -0.0000
vn 0.6382 -0.4897 0.5940
vn 0.2359 -0.1810 0.9548
vn -0.2543 0.1951 0.9472
vn -0.6453 0.4951 0.5817
vn -0.7934 0.6088 -0.0000
vn -0.6453 0.4951 -0.5817
vn -0.2543 0.1951 -0.9472
vn 0.2359 -0.1810 -0.9548
vn 0.6382 -0.4897 -0.5940
vn 0.7934 -0.6088 -0.0000
vn 0.6967 -0.4022 0.5940
vn 0.2575 -0.1486 0.9548
vn -0.2776 0.1603 0.9472
vn -0.7044 0.4067 0.5817
vn -0.8660 0.5000 -0.0000
vn -0.7044 0.4067 -0.5817
vn -0.2776 0.1603 -0.9472
vn 0.2575 -0.1486 -0.9548
vn 0.6967 -0.4022 -0.5940
vn 0.8660 -0.5000 -0.0000
vn 0.7432 -0.3079 0.5940
vn 0.2747 -0.1138 0.9548
vn -0.2962 0.1227 0.9472
vn -0.7515 0.3113 0.5817
vn -0.9239 0.3827 -0.0000
vn -0.7515 0.3113 -0.5817
vn -0.2962 0.1227 -0.9472
vn 0.2747 -0.1138 -0.9548
vn 0.7432 -0.3079 -0.5940
vn 0.9239 -0.3827 -0.0000
vn 0.7771 -0.2082 0.5940
vn 0.2872 -0.0769 0.9548
vn -0.3096 0.0830 0.9472
vn -0.7857 0.2105 0.5817
vn -0.9659 0.2588 -0.0000
vn -0.7857 0.2105 -0.5817
vn -0.3096 0.0830 -0.9472
vn 0.2872 -0.0769 -0.9548
vn 0.7771 -0.2082 -0.5940
vn 0.9659 -0.2588 -0.0000
vn 0.7975 -0.1048 0.5941
vn 0.2946 -0.0388 0.9548
vn -0.3177 0.0419 0.9473
vn -0.8063 0.1063 0.5819
vn -0.9914 0.1307 -0.0000
vn -0.8063 0.1063 -0.5819
vn -0.3177 0.0419 -0.9473
vn 0.2946 -0.0388 -0.9548
vn 0.7975 -0.1048 -0.5941
vn 0.9915 -0.1303 -0.0000
vn 0.8064 -0.0262 0.5908
vn 0.3031 -0.0099 0.9529
vn -0.3147 0.0104 0.9491
vn -0.8108 0.0268 0.5847
vn -0.9995 0.0330 -0.0000
vn -0.8108 0.0268 -0.5847
vn -0.3147 0.0104 -0.9491
vn 0.3031 -0.0099 -0.9529
vn 0.8064 -0.0262 -0.5908
vn 0.9995 -0.0324 -0.0000
vn 0.8091 0.0001 0.5877
vn 0.3091 -0.0000 0.9510
vn -0.3091 -0.0000 0.9510
vn -0.8091 0.0001 0.5877
vn -1.0000 0.0001 -0.0000
vn -0.8091 0.0001 -0.5877
vn -0.3091 -0.0000 -0.9510
vn 0.3091 -0.0000 -0.9510
vn 0.8091 0.0001 -0.5877
vn 1.0000 0.0001 -0.0000
vn 0.8090 -0.0000 0.5878
vn 0.3090 -0.0000 0.9511
vn -0.3090 -0.0000 0.9511
vn -0.8090 -0.0000 0.5878
vn -1.0000 -0.0000 -0.0000
vn -0.8090 -0.0000 -0.5878
vn -0.3090 -0.0000 -0.9511
vn 0.3090 -0.0000 -0.9511
vn 0.8090 -0.0000 -0.5878
vn 1.0000 -0.0000 -0.0000
vn 0.8091 -0.0001 0.5877
vn -0.8091 -0.0001 0.5877
vn -1.0000 -0.0001 -0.0000
vn -0.8091 -0.0001 -0.5877
vn 0.8091 -0.0001 -0.5877
vn 1.0000 -0.0001 -0.0000
vn 0.8064 0.0262 0.5908
vn 0.3031 0.0099 0.9529
vn -0.3147 -0.0104 0.9491
vn -0.8108 -0.0268 0.5847
vn -0.9995 -0.0330 -0.0000
vn -0.8108 -0.0268 -0.5847
vn -0.3147 -0.0104 -0.9491
vn 0.3031 0.0099 -0.9529
vn 0.8064 0.0262 -0.5908
vn 0.9995 0.0324 -0.0000
vn 0.7975 0.1048 0.5941
vn 0.2946 0.0388 0.9548
vn -0.3177 -0.0419 0.9473
vn -0.8063 -0.1063 0.5819
vn -0.9914 -0.1307 -0.0000
vn -0.8063 -0.1063 -0.5819
vn -0.3177 -0.0419 -0.9473
vn 0.2946 0.0388 -0.9548
vn 0.7975 0.1048 -0.5941
vn 0.9915 0.1303 -0.0000
vn 0.7771 0.2082 0.5940
vn 0.2872 0.0769 0.9548
vn -0.3096 -0.0830 0.9472
vn -0.7857 -0.2105 0.5817
vn -0.9659 -0.2588 -0.0000
vn -0.7857 -0.2105 -0.5817
vn -0.3096 -0.0830 -0.9472
vn 0.2872 0.0769 -0.9548
vn 0.7771 0.2082 -0.5940
vn 0.9659 0.2588 -0.0000
vn 0.7432 0.3079 0.5940
vn 0.2747 0.1138 0.9548
vn -0.2962 -0.1227 0.9472
vn -0.7515 -0.3113 0.5817
vn -0.9239 -0.3827 -0.0000
vn -0.7515 -0.3113 -0.5817
vn -0.2962 -0.1227 -0.9472
vn 0.2747 0.1138 -0.9548
vn 0.7432 0.3079 -0.5940
vn 0.9239 0.3827 -0.0000
vn 0.6967 0.4022 0.5940
vn 0.2575 0.1486 0.9548
vn -0.2776 -0.1603 0.9472
vn -0.7044 -0.4067 0.5817
vn -0.8660 -0.5000 -0.0000
vn -0.7044 -0.4067 -0.5817
vn -0.2776 -0.1603 -0.9472
vn 0.2575 0.1486 -0.9548
vn 0.6967 0.4022 -0.5940
vn 0.8660 0.5000 -0.0000
vn 0.6382 0.4897 0.5940
vn 0.2359 0.1810 0.9548
vn -0.2543 -0.1951 0.9472
vn -0.6453 -0.4951 0.5817
vn -0.7934 -0.6088 -0.0000
vn -0.6453 -0.4951 -0.5817
vn -0.2543 -0.1951 -0.9472
vn 0.2359 0.1810 -0.9548
vn 0.6382 0.4897 -0.5940
vn 0.7934 0.6088 -0.0000
vn 0.5689 0.5689 0.5940
vn 0.2102 0.2102 0.9548
vn -0.2267 -0.2267 0.9472
vn -0.5751 -0.5751 0.5817
vn -0.7071 -0.7071 -0.0000
vn -0.5751 -0.5751 -0.5817
vn -0.2267 -0.2267 -0.9472
vn 0.2102 0.2102 -0.9548
vn 0.5689 0.5689 -0.5940
vn 0.7071 0.7071 -0.0000
vn 0.4897 0.6382 0.5940
vn 0.1810 0.2359 0.9548
vn -0.1951 -0.2543 0.9472
vn -0.4951 -0.6453 0.5817
vn -0.6088 -0.7934 -0.0000
vn -0.4951 -0.6453 -0.5817
vn -0.1951 -0.2543 -0.9472
vn 0.1810 0.2359 -0.9548
vn 0.4897 0.6382 -0.5940
vn 0.6088 0.7934 -0.0000
vn 0.4022 0.6967 0.5940
vn 0.1486 0.2575 0.9548
vn -0.1603 -0.2776 0.9472
vn -0.4067 -0.7044 0.5817
vn -0.5000 -0.8660 -0.0000
vn -0.4067 -0.7044 -0.5817
vn -0.1603 -0.2776 -0.9472
vn 0.1486 0.2575 -0.9548
vn 0.4022 0.6967 -0.5940
vn 0.5000 0.8660 -0.0000
vn 0.3079 0.7432 0.5940
vn 0.1138 0.2747 0.9548
vn -0.1227 -0.2962 0.9472
vn -0.3113 -0.7515 0.5817
vn -0.3827 -0.9239 -0.0000
vn -0.3113 -0.7515 -0.5817
vn -0.1227 -0.2962 -0.9472
vn 0.1138 0.2747 -0.9548
vn 0.3079 0.7432 -0.5940
vn 0.3827 0.9239 -0.0000
vn 0.2082 0.7771 0.5940
vn 0.0769 0.2872 0.9548
vn -0.0830 -0.3096 0.9472
vn -0.2105 -0.7857 0.5817
vn -0.2588 -0.9659 -0.0000
vn -0.2105 -0.7857 -0.5817
vn -0.0830 -0.3096 -0.9472
vn 0.0769 0.2872 -0.9548
vn 0.2082 0.7771 -0.5940
vn 0.2588 0.9659 -0.0000
vn 0.1048 0.7975 0.5941
vn 0.0388 0.2947 0.9548
vn -0.0419 -0.3177 0.9473
vn -0.1063 -0.8063 0.5819
vn -0.1307 -0.9914 -0.0000
vn -0.1063 -0.8063 -0.5819
vn -0.0419 -0.3177 -0.9473
vn 0.0388 0.2947 -0.9548
vn 0.1048 0.7975 -0.5941
vn 0.1303 0.9915 -0.0000
vn 0.0262 0.8064 0.5908
vn 0.0099 0.3031 0.9529
vn -0.0104 -0.3147 0.9491
vn -0.0267 -0.8108 0.5847
vn -0.0330 -0.9995 -0.0000
vn -0.0267 -0.8108 -0.5847
vn -0.0104 -0.3147 -0.9491
vn 0.0099 0.3031 -0.9529
vn 0.0262 0.8064 -0.5908
vn 0.0324 0.9995 -0.0000
vn -0.0000 -0.8090 0.5877
vn -0.0000 -0.8090 -0.5877
vn -0.0000 0.8091 -0.5877
vn -0.0262 0.8064 0.5908
vn -0.0099 0.3031 0.9529
vn 0.0104 -0.3147 0.9491
vn 0.0267 -0.8108 0.5847
vn 0.0330 -0.9995 -0.0000
vn 0.0267 -0.8108 -0.5847
vn 0.0104 -0.3147 -0.9491
vn -0.0099 0.3031 -0.9529
vn -0.0262 0.8064 -0.5908
vn -0.0324 0.9995 -0.0000
vn -0.1048 0.7975 0.5941
vn -0.0388 0.2947 0.9548
vn 0.0419 -0.3177 0.9473
vn 0.1063 -0.8063 0.5819
vn 0.1307 -0.9914 -0.0000
vn 0.1063 -0.8063 -0.5819
vn 0.0419 -0.3177 -0.9473
vn -0.0388 0.2947 -0.9548
vn -0.1048 0.7975 -0.5941
vn -0.1303 0.9915 -0.0000
vn -0.2082 0.7771 0.5940
vn -0.0769 0.2872 0.9548
vn 0.0830 -0.3096 0.9472
vn 0.2105 -0.7857 0.5817
vn 0.2105 -0.7857 -0.5817
vn 0.0830 -0.3096 -0.9472
vn -0.0769 0.2872 -0.9548
vn -0.2082 0.7771 -0.5940
vn -0.3079 0.7432 0.5940
vn -0.1138 0.2747 0.9548
vn 0.1227 -0.2962 0.9472
vn 0.3113 -0.7515 0.5817
vn 0.3113 -0.7515 -0.5817
vn 0.1227 -0.2962 -0.9472
vn -0.1138 0.2747 -0.9548
vn -0.3079 0.7432 -0.5940
vn -0.4022 0.6967 0.5940
vn -0.1486 0.2575 0.9548
vn 0.1603 -0.2776 0.9472
vn 0.4067 -0.7044 0.5817
vn 0.4067 -0.7044 -0.5817
vn 0.1603 -0.2776 -0.9472
vn -0.1486 0.2575 -0.9548
vn -0.4022 0.6967 -0.5940
vn -0.4897 0.6382 0.5940
vn -0.1810 0.2359 0.9548
vn 0.1951 -0.2543 0.9472
vn 0.4951 -0.6453 0.5817
vn 0.4951 -0.6453 -0.5817
vn 0.1951 -0.2543 -0.9472
vn -0.1810 0.2359 -0.9548
vn -0.4897 0.6382 -0.5940
vn -0.5689 0.5689 0.5940
vn -0.2102 0.2102 0.9548
vn 0.2267 -0.2267 0.9472
vn 0.5751 -0.5751 0.5817
vn 0.5751 -0.5751 -0.5817
vn 0.2267 -0.2267 -0.9472
vn -0.2102 0.2102 -0.9548
vn -0.5689 0.5689 -0.5940
vn -0.6382 0.4897 0.5940
vn -0.2359 0.1810 0.9548
vn 0.2543 -0.1951 0.9472
vn 0.6453 -0.4951 0.5817
vn 0.6453 -0.4951 -0.5817
vn 0.2543 -0.1951 -0.9472
vn -0.2359 0.1810 -0.9548
vn -0.6382 0.4897 -0.5940
vn -0.6967 0.4022 0.5940
vn -0.2575 0.1486 0.9548
vn 0.2776 -0.1603 0.9472
vn 0.7044 -0.4067 0.5817
vn 0.7044 -0.4067 -0.5817
vn 0.2776 -0.1603 -0.9472
vn -0.2575 0.1486 -0.9548
vn -0.6967 0.4022 -0.5940
vn -0.7432 0.3079 0.5940
vn -0.2747 0.1138 0.9548
vn 0.2962 -0.1227 0.9472
vn 0.7515 -0.3113 0.5817
vn 0.7515 -0.3113 -0.5817
vn 0.2962 -0.1227 -0.9472
vn -0.2747 0.1138 -0.9548
vn -0.7432 0.3079 -0.5940
vn -0.7771 0.2082 0.5940
vn -0.2872 0.0769 0.9548
vn 0.3096 -0.0830 0.9472
vn 0.7857 -0.2105 0.5817
vn 0.7857 -0.2105 -0.5817
vn 0.3096 -0.0830 -0.9472
vn -0.2872 0.0769 -0.9548
vn -0.7771 0.2082 -0.5940
vn -0.7975 0.1048 0.5941
vn -0.2946 0.0388 0.9548
vn 0.3177 -0.0419 0.9473
vn 0.8063 -0.1063 0.5819
vn 0.9914 -0.1307 -0.0000
vn 0.8063 -0.1063 -0.5819
vn 0.3177 -0.0419 -0.9473
vn -0.2946 0.0388 -0.9548
vn -0.7975 0.1048 -0.5941
vn -0.9915 0.1303 -0.0000
vn -0.8064 0.0262 0.5908
vn -0.3031 0.0099 0.9529
vn 0.3147 -0.0104 0.9491
vn 0.8108 -0.0268 0.5847
vn 0.9995 -0.0330 -0.0000
vn 0.8108 -0.0268 -0.5847
vn 0.3147 -0.0104 -0.9491
vn -0.3031 0.0099 -0.9529
vn -0.8064 0.0262 -0.5908
vn -0.9995 0.0324 -0.0000
vn -0.8064 -0.0262 0.5908
vn -0.3031 -0.0099 0.9529
vn 0.3147 0.0104 0.9491
vn 0.8108 0.0268 0.5847
vn 0.9995 0.0330 -0.0000
vn 0.8108 0.0268 -0.5847
vn 0.3147 0.0104 -0.9491
vn -0.3031 -0.0099 -0.9529
vn -0.8064 -0.0262 -0.5908
vn -0.9995 -0.0324 -0.0000
vn -0.7975 -0.1048 0.5941
vn -0.2946 -0.0388 0.9548
vn 0.3177 0.0419 0.9473
vn 0.8063 0.1063 0.5819
vn 0.9914 0.1307 -0.0000
vn 0.8063 0.1063 -0.5819
vn 0.3177 0.0419 -0.9473
vn -0.2946 -0.0388 -0.9548
vn -0.7975 -0.1048 -0.5941
vn -0.9915 -0.1303 -0.0000
vn -0.7771 -0.2082 0.5940
vn -0.2872 -0.0769 0.9548
vn 0.3096 0.0830 0.9472
vn 0.7857 0.2105 0.5817
vn 0.7857 0.2105 -0.5817
vn 0.3096 0.0830 -0.9472
vn -0.2872 -0.0769 -0.9548
vn -0.7771 -0.2082 -0.5940
vn -0.7432 -0.3079 0.5940
vn -0.2747 -0.1138 0.9548
vn 0.2962 0.1227 0.9472
vn 0.7515 0.3113 0.5817
vn 0.7515 0.3113 -0.5817
vn 0.2962 0.1227 -0.9472
vn -0.2747 -0.1138 -0.9548
vn -0.7432 -0.3079 -0.5940
vn -0.6967 -0.4022 0.5940
vn -0.2575 -0.1486 0.9548
vn 0.2776 0.1603 0.9472
vn 0.7044 0.4067 0.5817
vn 0.7044 0.4067 -0.5817
vn 0.2776 0.1603 -0.9472
vn -0.2575 -0.1486 -0.9548
vn -0.6967 -0.4022 -0.5940
vn -0.6382 -0.4897 0.5940
vn -0.2359 -0.1810 0.9548
vn 0.2543 0.1951 0.9472
vn 0.6453 0.4951 0.5817
vn 0.6453 0.4951 -0.5817
vn 0.2543 0.1951 -0.9472
vn -0.2359 -0.1810 -0.9548
vn -0.6382 -0.4897 -0.5940
vn -0.5689 -0.5689 0.5940
vn -0.2102 -0.2102 0.9548
vn 0.2267 0.2267 0.9472
vn 0.5751 0.5751 0.5817
vn 0.5751 0.5751 -0.5817
vn 0.2267 0.2267 -0.9472
vn -0.2102 -0.2102 -0.9548
vn -0.5689 -0.5689 -0.5940
vn -0.4897 -0.6382 0.5940
vn -0.1810 -0.2359 0.9548
vn 0.1951 0.2543 0.9472
vn 0.4951 0.6453 0.5817
vn 0.4951 0.6453 -0.5817
vn 0.1951 0.2543 -0.9472
vn -0.1810 -0.2359 -0.9548
vn -0.4897 -0.6382 -0.5940
vn -0.4022 -0.6967 0.5940
vn -0.1486 -0.2575 0.9548
vn 0.1603 0.2776 0.9472
vn 0.4067 0.7044 0.5817
vn 0.4067 0.7044 -0.5817
vn 0.1603 0.2776 -0.9472
vn -0.1486 -0.2575 -0.9548
vn -0.4022 -0.6967 -0.5940
vn -0.3079 -0.7432 0.5940
vn -0.1138 -0.2747 0.9548
vn 0.1227 0.2962 0.9472
vn 0.3113 0.7515 0.5817
vn 0.3113 0.7515 -0.5817
vn 0.1227 0.2962 -0.9472
vn -0.1138 -0.2747 -0.9548
vn -0.3079 -0.7432 -0.5940
vn -0.2082 -0.7771 0.5940
vn -0.0769 -0.2872 0.9548
vn 0.0830 0.3096 0.9472
vn 0.2105 0.7857 0.5817
vn 0.2105 0.7857 -0.5817
vn 0.0830 0.3096 -0.9472
vn -0.0769 -0.2872 -0.9548
vn -0.2082 -0.7771 -0.5940
vn -0.1048 -0.7975 0.5941
vn -0.0388 -0.2947 0.9548
vn 0.0419 0.3177 0.9473
vn 0.1063 0.8063 0.5819
vn 0.1307 0.9914 -0.0000
vn 0.1063 0.8063 -0.5819
vn 0.0419 0.3177 -0.9473
vn -0.0388 -0.2947 -0.9548
vn -0.1048 -0.7975 -0.5941
vn -0.1303 -0.9915 -0.0000
vt 0.000000 1.000000
vt 0.009615 1.000000
vt 0.009615 0.900000
vt 0.000000 0.900000
vt 0.000000 0.100000
vt 0.009615 0.100000
vt 0.009615 0.000000
vt 0.000000 0.000000
vt 0.000000 0.200000
vt 0.009615 0.200000
vt 0.000000 0.300000
vt 0.009615 0.300000
vt 0.000000 0.400000
vt 0.009615 0.400000
vt 0.000000 0.500000
vt 0.009615 0.500000
vt 0.000000 0.600000
vt 0.009615 0.600000
vt 0.000000 0.700000
vt 0.009615 0.700000
vt 0.000000 0.800000
vt 0.009615 0.800000
vt 0.019231 1.000000
vt 0.019231 0.900000
vt 0.019231 0.100000
vt 0.019231 0.000000
vt 0.019231 0.200000
vt 0.019231 0.300000
vt 0.019231 0.400000
vt 0.019231 0.500000
vt 0.019231 0.600000
vt 0.019231 0.700000
vt 0.019231 0.800000
vt 0.028846 1.000000
vt 0.028846 0.900000
vt 0.028846 0.100000
vt 0.028846 0.000000
vt 0.028846 0.200000
vt 0.028846 0.300000
vt 0.028846 0.400000
vt 0.028846 0.500000
vt 0.028846 0.600000
vt 0.028846 0.700000
vt 0.028846 0.800000
vt 0.038462 1.000000
vt 0.038462 0.900000
vt 0.038462 0.100000
vt 0.038462 0.000000
vt 0.038462 0.200000
vt 0.038462 0.300000
vt 0.038462 0.400000
vt 0.038462 0.500000
vt 0.038462 0.600000
vt 0.038462 0.700000
vt 0.038462 0.800000
vt 0.048077 1.000000
vt 0.048077 0.900000
vt 0.048077 0.100000
vt 0.048077 0.000000
vt 0.048077 0.200000
vt 0.048077 0.300000
vt 0.048077 0.400000
vt 0.048077 0.500000
vt 0.048077 0.600000
vt 0.048077 0.700000
vt 0.048077 0.800000
vt 0.057692 1.000000
vt 0.057692 0.900000
vt 0.057692 0.100000
vt 0.057692 0.000000
vt 0.057692 0.200000
vt 0.057692 0.300000
vt 0.057692 0.400000
vt 0.057692 0.500000
vt 0.057692 0.600000
vt 0.057692 0.700000
vt 0.057692 0.800000
vt 0.067308 1.000000
vt 0.067308 0.900000
vt 0.067308 0.100000
vt 0.067308 0.000000
vt 0.067308 0.200000
vt 0.067308 0.300000
vt 0.067308 0.400000
vt 0.067308 0.500000
vt 0.067308 0.600000
vt 0.067308 0.700000
vt 0.067308 0.800000
vt 0.076923 1.000000
vt 0.076923 0.900000
vt 0.076923 0.100000
vt 0.076923 0.000000
vt 0.076923 0.200000
vt 0.076923 0.300000
vt 0.076923 0.400000
vt 0.076923 0.500000
vt 0.076923 0.600000
vt 0.076923 0.700000
vt 0.076923 0.800000
vt 0.086538 1.000000
vt 0.086538 0.900000
vt 0.086538 0.100000
vt 0.086538 0.000000
vt 0.086538 0.200000
vt 0.086538 0.300000
vt 0.086538 0.400000
vt 0.086538 0.500000
vt 0.086538 0.600000
vt 0.086538 0.700000
vt 0.086538 0.800000
vt 0.096154 1.000000
vt 0.096154 0.900000
vt 0.096154 0.100000
vt 0.096154 0.000000
vt 0.096154 0.200000
vt 0.096154 0.300000
vt 0.096154 0.400000
vt 0.096154 0.500000
vt 0.096154 0.600000
vt 0.096154 0.700000
vt 0.096154 0.800000
vt 0.105769 1.000000
vt 0.105769 0.900000
vt 0.105769 0.100000
vt 0.105769 0.000000
vt 0.105769 0.200000
vt 0.105769 0.300000
vt 0.105769 0.400000
vt 0.105769 0.500000
vt 0.105769 0.600000
vt 0.105769 0.700000
vt 0.105769 0.800000
vt 0.115385 1.000000
vt 0.115385 0.900000
vt 0.115385 0.100000
vt 0.115385 0.000000
vt 0.115385 0.200000
vt 0.115385 0.300000
vt 0.115385 0.400000
vt 0.115385 0.500000
vt 0.115385 0.600000
vt 0.115385 0.700000
vt 0.115385 0.800000
vt 0.125000 1.000000
vt 0.125000 0.900000
vt 0.125000 0.100000
vt 0.125000 0.000000
vt 0.125000 0.200000
vt 0.125000 0.300000
vt 0.125000 0.400000
vt 0.125000 0.500000
vt 0.125000 0.600000
vt 0.125000 0.700000
vt 0.125000 0.800000
vt 0.134615 1.000000
vt 0.134615 0.900000
vt 0.134615 0.100000
vt 0.134615 0.000000
vt 0.134615 0.200000
vt 0.134615 0.300000
vt 0.134615 0.400000
vt 0.134615 0.500000
vt 0.134615 0.600000
vt 0.134615 0.700000
vt 0.134615 0.800000
vt 0.144231 1.000000
vt 0.144231 0.900000
vt 0.144231 0.100000
vt 0.144231 0.000000
vt 0.144231 0.200000
vt 0.144231 0.300000
vt 0.144231 0.400000
vt 0.144231 0.500000
vt 0.144231 0.600000
vt 0.144231 0.700000
vt 0.144231 0.800000
vt 0.153846 1.000000
vt 0.153846 0.900000
vt 0.153846 0.100000
vt 0.153846 0.000000
vt 0.153846 0.200000
vt 0.153846 0.300000
vt 0.153846 0.400000
vt 0.153846 0.500000
vt 0.153846 0.600000
vt 0.153846 0.700000
vt 0.153846 0.800000
vt 0.163462 1.000000
vt 0.163462 0.900000
vt 0.163462 0.100000
vt 0.163462 0.000000
vt 0.163462 0.200000
vt 0.163462 0.300000
vt 0.163462 0.400000
vt 0.163462 0.500000
vt 0.163462 0.600000
vt 0.163462 0.700000
vt 0.163462 0.800000
vt 0.173077 1.000000
vt 0.173077 0.900000
vt 0.173077 0.100000
vt 0.173077 0.000000
vt 0.173077 0.200000
vt 0.173077 0.300000
vt 0.173077 0.400000
vt 0.173077 0.500000
vt 0.173077 0.600000
vt 0.173077 0.700000
vt 0.173077 0.800000
vt 0.182692 1.000000
vt 0.182692 0.900000
vt 0.182692 0.100000
vt 0.182692 0.000000
vt 0.182692 0.200000
vt 0.182692 0.300000
vt 0.182692 0.400000
vt 0.182692 0.500000
vt 0.182692 0.600000
vt 0.182692 0.700000
vt 0.182692 0.800000
vt 0.192308 1.000000
vt 0.192308 0.900000
vt 0.192308 0.100000
vt 0.192308 0.000000
vt 0.192308 0.200000
vt 0.192308 0.300000
vt 0.192308 0.400000
vt 0.192308 0.500000
vt 0.192308 0.600000
vt 0.192308 0.700000
vt 0.192308 0.800000
vt 0.201923 1.000000
vt 0.201923 0.900000
vt 0.201923 0.100000
vt 0.201923 0.000000
vt 0.201923 0.200000
vt 0.201923 0.300000
vt 0.201923 0.400000
vt 0.201923 0.500000
vt 0.201923 0.600000
vt 0.201923 0.700000
vt 0.201923 0.800000
vt 0.211538 1.000000
vt 0.211538 0.900000
vt 0.211538 0.100000
vt 0.211538 0.000000
vt 0.211538 0.200000
vt 0.211538 0.300000
vt 0.211538 0.400000
vt 0.211538 0.500000
vt 0.211538 0.600000
vt 0.211538 0.700000
vt 0.211538 0.800000
vt 0.221154 1.000000
vt 0.221154 0.900000
vt 0.221154 0.100000
vt 0.221154 0.000000
vt 0.221154 0.200000
vt 0.221154 0.300000
vt 0.221154 0.400000
vt 0.221154 0.500000
vt 0.221154 0.600000
vt 0.221154 0.700000
vt 0.221154 0.800000
vt 0.230769 1.000000
vt 0.230769 0.900000
vt 0.230769 0.100000
vt 0.230769 0.000000
vt 0.230769 0.200000
vt 0.230769 0.300000
vt 0.230769 0.400000
vt 0.230769 0.500000
vt 0.230769 0.600000
vt 0.230769 0.700000
vt 0.230769 0.800000
vt 0.240385 1.000000
vt 0.240385 0.900000
vt 0.240385 0.100000
vt 0.240385 0.000000
vt 0.240385 0.200000
vt 0.240385 0.300000
vt 0.240385 0.400000
vt 0.240385 0.500000
vt 0.240385 0.600000
vt 0.240385 0.700000
vt 0.240385 0.800000
vt 0.250000 1.000000
vt 0.250000 0.900000
vt 0.250000 0.100000
vt 0.250000 0.000000
vt 0.250000 0.200000
vt 0.250000 0.300000
vt 0.250000 0.400000
vt 0.250000 0.500000
vt 0.250000 0.600000
vt 0.250000 0.700000
vt 0.250000 0.800000
vt 0.259615 1.000000
vt 0.259615 0.900000
vt 0.259615 0.100000
vt 0.259615 0.000000
vt 0.259615 0.200000
vt 0.259615 0.300000
vt 0.259615 0.400000
vt 0.259615 0.500000
vt 0.259615 0.600000
vt 0.259615 0.700000
vt 0.259615 0.800000
vt 0.269231 1.000000
vt 0.269231 0.900000
vt 0.269231 0.100000
vt 0.269231 0.000000
vt 0.269231 0.200000
vt 0.269231 0.300000
vt 0.269231 0.400000
vt 0.269231 0.500000
vt 0.269231 0.600000
vt 0.269231 0.700000
vt 0.269231 0.800000
vt 0.278846 1.000000
vt 0.278846 0.900000
vt 0.278846 0.100000
vt 0.278846 0.000000
vt 0.278846 0.200000
vt 0.278846 0.300000
vt 0.278846 0.400000
vt 0.278846 0.500000
vt 0.278846 0.600000
vt 0.278846 0.700000
vt 0.278846 0.800000
vt 0.288462 1.000000
vt 0.288462 0.900000
vt 0.288462 0.100000
vt 0.288462 0.000000
vt 0.288462 0.200000
vt 0.288462 0.300000
vt 0.288462 0.400000
vt 0.288462 0.500000
vt 0.288462 0.600000
vt 0.288462 0.700000
vt 0.288462 0.800000
vt 0.298077 1.000000
vt 0.298077 0.900000
vt 0.298077 0.100000
vt 0.298077 0.000000
vt 0.298077 0.200000
vt 0.298077 0.300000
vt 0.298077 0.400000
vt 0.298077 0.500000
vt 0.298077 0.600000
vt 0.298077 0.700000
vt 0.298077 0.800000
vt 0.307692 1.000000
vt 0.307692 0.900000
vt 0.307692 0.100000
vt 0.307692 0.000000
vt 0.307692 0.200000
vt 0.307692 0.300000
vt 0.307692 0.400000
vt 0.307692 0.500000
vt 0.307692 0.600000
vt 0.307692 0.700000
vt 0.307692 0.800000
vt 0.317308 1.000000
vt 0.317308 0.900000
vt 0.317308 0.100000
vt 0.317308 0.000000
vt 0.317308 0.200000
vt 0.317308 0.300000
vt 0.317308 0.400000
vt 0.317308 0.500000
vt 0.317308 0.600000
vt 0.317308 0.700000
vt 0.317308 0.800000
vt 0.326923 1.000000
vt 0.326923 0.900000
vt 0.326923 0.100000
vt 0.326923 0.000000
vt 0.326923 0.200000
vt 0.326923 0.300000
vt 0.326923 0.400000
vt 0.326923 0.500000
vt 0.326923 0.600000
vt 0.326923 0.700000
vt 0.326923 0.800000
vt 0.336538 1.000000
vt 0.336538 0.900000
vt 0.336538 0.100000
vt 0.336538 0.000000
vt 0.336538 0.200000
vt 0.336538 0.300000
vt 0.336538 0.400000
vt 0.336538 0.500000
vt 0.336538 0.600000
vt 0.336538 0.700000
vt 0.336538 0.800000
vt 0.346154 1.000000
vt 0.346154 0.900000
vt 0.346154 0.100000
vt 0.346154 0.000000
vt 0.346154 0.200000
vt 0.346154 0.300000
vt 0.346154 0.400000
vt 0.346154 0.500000
vt 0.346154 0.600000
vt 0.346154 0.700000
vt 0.346154 0.800000
vt 0.355769 1.000000
vt 0.355769 0.900000
vt 0.355769 0.100000
vt 0.355769 0.000000
vt 0.355769 0.200000
vt 0.355769 0.300000
vt 0.355769 0.400000
vt 0.355769 0.500000
vt 0.355769 0.600000
vt 0.355769 0.700000
vt 0.355769 0.800000
vt 0.365385 1.000000
vt 0.365385 0.900000
vt 0.365385 0.100000
vt 0.365385 0.000000
vt 0.365385 0.200000
vt 0.365385 0.300000
vt 0.365385 0.400000
vt 0.365385 0.500000
vt 0.365385 0.600000
vt 0.365385 0.700000
vt 0.365385 0.800000
vt 0.375000 1.000000
vt 0.375000 0.900000
vt 0.375000 0.100000
vt 0.375000 0.000000
vt 0.375000 0.200000
vt 0.375000 0.300000
vt 0.375000 0.400000
vt 0.375000 0.500000
vt 0.375000 0.600000
vt 0.375000 0.700000
vt 0.375000 0.800000
vt 0.384615 1.000000
vt 0.384615 0.900000
vt 0.384615 0.100000
vt 0.384615 0.000000
vt 0.384615 0.200000
vt 0.384615 0.300000
vt 0.384615 0.400000
vt 0.384615 0.500000
vt 0.384615 0.600000
vt 0.384615 0.700000
vt 0.384615 0.800000
vt 0.394231 1.000000
vt 0.394231 0.900000
vt 0.394231 0.100000
vt 0.394231 0.000000
vt 0.394231 0.200000
vt 0.394231 0.300000
vt 0.394231 0.400000
vt 0.394231 0.500000
vt 0.394231 0.600000
vt 0.394231 0.700000
vt 0.394231 0.800000
vt 0.403846 1.000000
vt 0.403846 0.900000
vt 0.403846 0.100000
vt 0.403846 0.000000
vt 0.403846 0.200000
vt 0.403846 0.300000
vt 0.403846 0.400000
vt 0.403846 0.500000
vt 0.403846 0.600000
vt 0.403846 0.700000
vt 0.403846 0.800000
vt 0.413462 1.000000
vt 0.413462 0.900000
vt 0.413462 0.100000
vt 0.413462 0.000000
vt 0.413462 0.200000
vt 0.413462 0.300000
vt 0.413462 0.400000
vt 0.413462 0.500000
vt 0.413462 0.600000
vt 0.413462 0.700000
vt 0.413462 0.800000
vt 0.423077 1.000000
vt 0.423077 0.900000
vt 0.423077 0.100000
vt 0.423077 0.000000
vt 0.423077 0.200000
vt 0.423077 0.300000
vt 0.423077 0.400000
vt 0.423077 0.500000
vt 0.423077 0.600000
vt 0.423077 0.700000
vt 0.423077 0.800000
vt 0.432692 1.000000
vt 0.432692 0.900000
vt 0.432692 0.100000
vt 0.432692 0.000000
vt 0.432692 0.200000
vt 0.432692 0.300000
vt 0.432692 0.400000
vt 0.432692 0.500000
vt 0.432692 0.600000
vt 0.432692 0.700000
vt 0.432692 0.800000
vt 0.442308 1.000000
vt 0.442308 0.900000
vt 0.442308 0.100000
vt 0.442308 0.000000
vt 0.442308 0.200000
vt 0.442308 0.300000
vt 0.442308 0.400000
vt 0.442308 0.500000
vt 0.442308 0.600000
vt 0.442308 0.700000
vt 0.442308 0.800000
vt 0.451923 1.000000
vt 0.451923 0.900000
vt 0.451923 0.100000
vt 0.451923 0.000000
vt 0.451923 0.200000
vt 0.451923 0.300000
vt 0.451923 0.400000
vt 0.451923 0.500000
vt 0.451923 0.600000
vt 0.451923 0.700000
vt 0.451923 0.800000
vt 0.461538 1.000000
vt 0.461538 0.900000
vt 0.461538 0.100000
vt 0.461538 0.000000
vt 0.461538 0.200000
vt 0.461538 0.300000
vt 0.461538 0.400000
vt 0.461538 0.500000
vt 0.461538 0.600000
vt 0.461538 0.700000
vt 0.461538 0.800000
vt 0.471154 1.000000
vt 0.471154 0.900000
vt 0.471154 0.100000
vt 0.471154 0.000000
vt 0.471154 0.200000
vt 0.471154 0.300000
vt 0.471154 0.400000
vt 0.471154 0.500000
vt 0.471154 0.600000
vt 0.471154 0.700000
vt 0.471154 0.800000
vt 0.480769 1.000000
vt 0.480769 0.900000
vt 0.480769 0.100000
vt 0.480769 0.000000
vt 0.480769 0.200000
vt 0.480769 0.300000
vt 0.480769 0.400000
vt 0.480769 0.500000
vt 0.480769 0.600000
vt 0.480769 0.700000
vt 0.480769 0.800000
vt 0.490385 1.000000
vt 0.490385 0.900000
vt 0.490385 0.100000
vt 0.490385 0.000000
vt 0.490385 0.200000
vt 0.490385 0.300000
vt 0.490385 0.400000
vt 0.490385 0.500000
vt 0.490385 0.600000
vt 0.490385 0.700000
vt 0.490385 0.800000
vt 0.500000 1.000000
vt 0.500000 0.900000
vt 0.500000 0.100000
vt 0.500000 0.000000
vt 0.500000 0.200000
vt 0.500000 0.300000
vt 0.500000 0.400000
vt 0.500000 0.500000
vt 0.500000 0.600000
vt 0.500000 0.700000
vt 0.500000 0.800000
vt 0.509615 1.000000
vt 0.509615 0.900000
vt 0.509615 0.100000
vt 0.509615 0.000000
vt 0.509615 0.200000
vt 0.509615 0.300000
vt 0.509615 0.400000
vt 0.509615 0.500000
vt 0.509615 0.600000
vt 0.509615 0.700000
vt 0.509615 0.800000
vt 0.519231 1.000000
vt 0.519231 0.900000
vt 0.519231 0.100000
vt 0.519231 0.000000
vt 0.519231 0.200000
vt 0.519231 0.300000
vt 0.519231 0.400000
vt 0.519231 0.500000
vt 0.519231 0.600000
vt 0.519231 0.700000
vt 0.519231 0.800000
vt 0.528846 1.000000
vt 0.528846 0.900000
vt 0.528846 0.100000
vt 0.528846 0.000000
vt 0.528846 0.200000
vt 0.528846 0.300000
vt 0.528846 0.400000
vt 0.528846 0.500000
vt 0.528846 0.600000
vt 0.528846 0.700000
vt 0.528846 0.800000
vt 0.538462 1.000000
vt 0.538462 0.900000
vt 0.538462 0.100000
vt 0.538462 0.000000
vt 0.538462 0.200000
vt 0.538462 0.300000
vt 0.538462 0.400000
vt 0.538462 0.500000
vt 0.538462 0.600000
vt 0.538462 0.700000
vt 0.538462 0.800000
vt 0.548077 1.000000
vt 0.548077 0.900000
vt 0.548077 0.100000
vt 0.548077 0.000000
vt 0.548077 0.200000
vt 0.548077 0.300000
vt 0.548077 0.400000
vt 0.548077 0.500000
vt 0.548077 0.600000
vt 0.548077 0.700000
vt 0.548077 0.800000
vt 0.557692 1.000000
vt 0.557692 0.900000
vt 0.557692 0.100000
vt 0.557692 0.000000
vt 0.557692 0.200000
vt 0.557692 0.300000
vt 0.557692 0.400000
vt 0.557692 0.500000
vt 0.557692 0.600000
vt 0.557692 0.700000
vt 0.557692 0.800000
vt 0.567308 1.000000
vt 0.567308 0.900000
vt 0.567308 0.100000
vt 0.567308 0.000000
vt 0.567308 0.200000
vt 0.567308 0.300000
vt 0.567308 0.400000
vt 0.567308 0.500000
vt 0.567308 0.600000
vt 0.567308 0.700000
vt 0.567308 0.800000
vt 0.576923 1.000000
vt 0.576923 0.900000
vt 0.576923 0.100000
vt 0.576923 0.000000
vt 0.576923 0.200000
vt 0.576923 0.300000
vt 0.576923 0.400000
vt 0.576923 0.500000
vt 0.576923 0.600000
vt 0.576923 0.700000
vt 0.576923 0.800000
vt 0.586538 1.000000
vt 0.586538 0.900000
vt 0.586538 0.100000
vt 0.586538 0.000000
vt 0.586538 0.200000
vt 0.586538 0.300000
vt 0.586538 0.400000
vt 0.586538 0.500000
vt 0.586538 0.600000
vt 0.586538 0.700000
vt 0.586538 0.800000
vt 0.596154 1.000000
vt 0.596154 0.900000
vt 0.596154 0.100000
vt 0.596154 0.000000
vt 0.596154 0.200000
vt 0.596154 0.300000
vt 0.596154 0.400000
vt 0.596154 0.500000
vt 0.596154 0.600000
vt 0.596154 0.700000
vt 0.596154 0.800000
vt 0.605769 1.000000
vt 0.605769 0.900000
vt 0.605769 0.100000
vt 0.605769 0.000000
vt 0.605769 0.200000
vt 0.605769 0.300000
vt 0.605769 0.400000
vt 0.605769 0.500000
vt 0.605769 0.600000
vt 0.605769 0.700000
vt 0.605769 0.800000
vt 0.615385 1.000000
vt 0.615385 0.900000
vt 0.615385 0.100000
vt 0.615385 0.000000
vt 0.615385 0.200000
vt 0.615385 0.300000
vt 0.615385 0.400000
vt 0.615385 0.500000
vt 0.615385 0.600000
vt 0.615385 0.700000
vt 0.615385 0.800000
vt 0.625000 1.000000
vt 0.625000 0.900000
vt 0.625000 0.100000
vt 0.625000 0.000000
vt 0.625000 0.200000
vt 0.625000 0.300000
vt 0.625000 0.400000
vt 0.625000 0.500000
vt 0.625000 0.600000
vt 0.625000 0.700000
vt 0.625000 0.800000
vt 0.634615 1.000000
vt 0.634615 0.900000
vt 0.634615 0.100000
vt 0.634615 0.000000
vt 0.634615 0.200000
vt 0.634615 0.300000
vt 0.634615 0.400000
vt 0.634615 0.500000
vt 0.634615 0.600000
vt 0.634615 0.700000
vt 0.634615 0.800000
vt 0.644231 1.000000
vt 0.644231 0.900000
vt 0.644231 0.100000
vt 0.644231 0.000000
vt 0.644231 0.200000
vt 0.644231 0.300000
vt 0.644231 0.400000
vt 0.644231 0.500000
vt 0.644231 0.600000
vt 0.644231 0.700000
vt 0.644231 0.800000
vt 0.653846 1.000000
vt 0.653846 0.900000
vt 0.653846 0.100000
vt 0.653846 0.000000
vt 0.653846 0.200000
vt 0.653846 0.300000
vt 0.653846 0.400000
vt 0.653846 0.500000
vt 0.653846 0.600000
vt 0.653846 0.700000
vt 0.653846 0.800000
vt 0.663462 1.000000
vt 0.663462 0.900000
vt 0.663462 0.100000
vt 0.663462 0.000000
vt 0.663462 0.200000
vt 0.663462 0.300000
vt 0.663462 0.400000
vt 0.663462 0.500000
vt 0.663462 0.600000
vt 0.663462 0.700000
vt 0.663462 0.800000
vt 0.673077 1.000000
vt 0.673077 0.900000
vt 0.673077 0.100000
vt 0.673077 0.000000
vt 0.673077 0.200000
vt 0.673077 0.300000
vt 0.673077 0.400000
vt 0.673077 0.500000
vt 0.673077 0.600000
vt 0.673077 0.700000
vt 0.673077 0.800000
vt 0.682692 1.000000
vt 0.682692 0.900000
vt 0.682692 0.100000
vt 0.682692 0.000000
vt 0.682692 0.200000
vt 0.682692 0.300000
vt 0.682692 0.400000
vt 0.682692 0.500000
vt 0.682692 0.600000
vt 0.682692 0.700000
vt 0.682692 0.800000
vt 0.692308 1.000000
vt 0.692308 0.900000
vt 0.692308 0.100000
vt 0.692308 0.000000
vt 0.692308 0.200000
vt 0.692308 0.300000
vt 0.692308 0.400000
vt 0.692308 0.500000
vt 0.692308 0.600000
vt 0.692308 0.700000
vt 0.692308 0.800000
vt 0.701923 1.000000
vt 0.701923 0.900000
vt 0.701923 0.100000
vt 0.701923 0.000000
vt 0.701923 0.200000
vt 0.701923 0.300000
vt 0.701923 0.400000
vt 0.701923 0.500000
vt 0.701923 0.600000
vt 0.701923 0.700000
vt 0.701923 0.800000
vt 0.711538 1.000000
vt 0.711538 0.900000
vt 0.711538 0.100000
vt 0.711538 0.000000
vt 0.711538 0.200000
vt 0.711538 0.300000
vt 0.711538 0.400000
vt 0.711538 0.500000
vt 0.711538 0.600000
vt 0.711538 0.700000
vt 0.711538 0.800000
vt 0.721154 1.000000
vt 0.721154 0.900000
vt 0.721154 0.100000
vt 0.721154 0.000000
vt 0.721154 0.200000
vt 0.721154 0.300000
vt 0.721154 0.400000
vt 0.721154 0.500000
vt 0.721154 0.600000
vt 0.721154 0.700000
vt 0.721154 0.800000
vt 0.730769 1.000000
vt 0.730769 0.900000
vt 0.730769 0.100000
vt 0.730769 0.000000
vt 0.730769 0.200000
vt 0.730769 0.300000
vt 0.730769 0.400000
vt 0.730769 0.500000
vt 0.730769 0.600000
vt 0.730769 0.700000
vt 0.730769 0.800000
vt 0.740385 1.000000
vt 0.740385 0.900000
vt 0.740385 0.100000
vt 0.740385 0.000000
vt 0.740385 0.200000
vt 0.740385 0.300000
vt 0.740385 0.400000
vt 0.740385 0.500000
vt 0.740385 0.600000
vt 0.740385 0.700000
vt 0.740385 0.800000
vt 0.750000 1.000000
vt 0.750000 0.900000
vt 0.750000 0.100000
vt 0.750000 0.000000
vt 0.750000 0.200000
vt 0.750000 0.300000
vt 0.750000 0.400000
vt 0.750000 0.500000
vt 0.750000 0.600000
vt 0.750000 0.700000
vt 0.750000 0.800000
vt 0.759615 1.000000
vt 0.759615 0.900000
vt 0.759615 0.100000
vt 0.759615 0.000000
vt 0.759615 0.200000
vt 0.759615 0.300000
vt 0.759615 0.400000
vt 0.759615 0.500000
vt 0.759615 0.600000
vt 0.759615 0.700000
vt 0.759615 0.800000
vt 0.769231 1.000000
vt 0.769231 0.900000
vt 0.769231 0.100000
vt 0.769231 0.000000
vt 0.769231 0.200000
vt 0.769231 0.300000
vt 0.769231 0.400000
vt 0.769231 0.500000
vt 0.769231 0.600000
vt 0.769231 0.700000
vt 0.769231 0.800000
vt 0.778846 1.000000
vt 0.778846 0.900000
vt 0.778846 0.100000
vt 0.778846 0.000000
vt 0.778846 0.200000
vt 0.778846 0.300000
vt 0.778846 0.400000
vt 0.778846 0.500000
vt 0.778846 0.600000
vt 0.778846 0.700000
vt 0.778846 0.800000
vt 0.788462 1.000000
vt 0.788462 0.900000
vt 0.788462 0.100000
vt 0.788462 0.000000
vt 0.788462 0.200000
vt 0.788462 0.300000
vt 0.788462 0.400000
vt 0.788462 0.500000
vt 0.788462 0.600000
vt 0.788462 0.700000
vt 0.788462 0.800000
vt 0.798077 1.000000
vt 0.798077 0.900000
vt 0.798077 0.100000
vt 0.798077 0.000000
vt 0.798077 0.200000
vt 0.798077 0.300000
vt 0.798077 0.400000
vt 0.798077 0.500000
vt 0.798077 0.600000
vt 0.798077 0.700000
vt 0.798077 0.800000
vt 0.807692 1.000000
vt 0.807692 0.900000
vt 0.807692 0.100000
vt 0.807692 0.000000
vt 0.807692 0.200000
vt 0.807692 0.300000
vt 0.807692 0.400000
vt 0.807692 0.500000
vt 0.807692 0.600000
vt 0.807692 0.700000
vt 0.807692 0.800000
vt 0.817308 1.000000
vt 0.817308 0.900000
vt 0.817308 0.100000
vt 0.817308 0.000000
vt 0.817308 0.200000
vt 0.817308 0.300000
vt 0.817308 0.400000
vt 0.817308 0.500000
vt 0.817308 0.600000
vt 0.817308 0.700000
vt 0.817308 0.800000
vt 0.826923 1.000000
vt 0.826923 0.900000
vt 0.826923 0.100000
vt 0.826923 0.000000
vt 0.826923 0.200000
vt 0.826923 0.300000
vt 0.826923 0.400000
vt 0.826923 0.500000
vt 0.826923 0.600000
vt 0.826923 0.700000
vt 0.826923 0.800000
vt 0.836538 1.000000
vt 0.836538 0.900000
vt 0.836538 0.100000
vt 0.836538 0.000000
vt 0.836538 0.200000
vt 0.836538 0.300000
vt 0.836538 0.400000
vt 0.836538 0.500000
vt 0.836538 0.600000
vt 0.836538 0.700000
vt 0.836538 0.800000
vt 0.846154 1.000000
vt 0.846154 0.900000
vt 0.846154 0.100000
vt 0.846154 0.000000
vt 0.846154 0.200000
vt 0.846154 0.300000
vt 0.846154 0.400000
vt 0.846154 0.500000
vt 0.846154 0.600000
vt 0.846154 0.700000
vt 0.846154 0.800000
vt 0.855769 1.000000
vt 0.855769 0.900000
vt 0.855769 0.100000
vt 0.855769 0.000000
vt 0.855769 0.200000
vt 0.855769 0.300000
vt 0.855769 0.400000
vt 0.855769 0.500000
vt 0.855769 0.600000
vt 0.855769 0.700000
vt 0.855769 0.800000
vt 0.865385 1.000000
vt 0.865385 0.900000
vt 0.865385 0.100000
vt 0.865385 0.000000
vt 0.865385 0.200000
vt 0.865385 0.300000
vt 0.865385 0.400000
vt 0.865385 0.500000
vt 0.865385 0.600000
vt 0.865385 0.700000
vt 0.865385 0.800000
vt 0.875000 1.000000
vt 0.875000 0.900000
vt 0.875000 0.100000
vt 0.875000 0.000000
vt 0.875000 0.200000
vt 0.875000 0.300000
vt 0.875000 0.400000
vt 0.875000 0.500000
vt 0.875000 0.600000
vt 0.875000 0.700000
vt 0.875000 0.800000
vt 0.884615 1.000000
vt 0.884615 0.900000
vt 0.884615 0.100000
vt 0.884615 0.000000
vt 0.884615 0.200000
vt 0.884615 0.300000
vt 0.884615 0.400000
vt 0.884615 0.500000
vt 0.884615 0.600000
vt 0.884615 0.700000
vt 0.884615 0.800000
vt 0.894231 1.000000
vt 0.894231 0.900000
vt 0.894231 0.100000
vt 0.894231 0.000000
vt 0.894231 0.200000
vt 0.894231 0.300000
vt 0.894231 0.400000
vt 0.894231 0.500000
vt 0.894231 0.600000
vt 0.894231 0.700000
vt 0.894231 0.800000
vt 0.903846 1.000000
vt 0.903846 0.900000
vt 0.903846 0.100000
vt 0.903846 0.000000
vt 0.903846 0.200000
vt 0.903846 0.300000
vt 0.903846 0.400000
vt 0.903846 0.500000
vt 0.903846 0.600000
vt 0.903846 0.700000
vt 0.903846 0.800000
vt 0.913462 1.000000
vt 0.913462 0.900000
vt 0.913462 0.100000
vt 0.913462 0.000000
vt 0.913462 0.200000
vt 0.913462 0.300000
vt 0.913462 0.400000
vt 0.913462 0.500000
vt 0.913462 0.600000
vt 0.913462 0.700000
vt 0.913462 0.800000
vt 0.923077 1.000000
vt 0.923077 0.900000
vt 0.923077 0.100000
vt 0.923077 0.000000
vt 0.923077 0.200000
vt 0.923077 0.300000
vt 0.923077 0.400000
vt 0.923077 0.500000
vt 0.923077 0.600000
vt 0.923077 0.700000
vt 0.923077 0.800000
vt 0.932692 1.000000
vt 0.932692 0.900000
vt 0.932692 0.100000
vt 0.932692 0.000000
vt 0.932692 0.200000
vt 0.932692 0.300000
vt 0.932692 0.400000
vt 0.932692 0.500000
vt 0.932692 0.600000
vt 0.932692 0.700000
vt 0.932692 0.800000
vt 0.942308 1.000000
vt 0.942308 0.900000
vt 0.942308 0.100000
vt 0.942308 0.000000
vt 0.942308 0.200000
vt 0.942308 0.300000
vt 0.942308 0.400000
vt 0.942308 0.500000
vt 0.942308 0.600000
vt 0.942308 0.700000
vt 0.942308 0.800000
vt 0.951923 1.000000
vt 0.951923 0.900000
vt 0.951923 0.100000
vt 0.951923 0.000000
vt 0.951923 0.200000
vt 0.951923 0.300000
vt 0.951923 0.400000
vt 0.951923 0.500000
vt 0.951923 0.600000
vt 0.951923 0.700000
vt 0.951923 0.800000
vt 0.961538 1.000000
vt 0.961538 0.900000
vt 0.961538 0.100000
vt 0.961538 0.000000
vt 0.961538 0.200000
vt 0.961538 0.300000
vt 0.961538 0.400000
vt 0.961538 0.500000
vt 0.961538 0.600000
vt 0.961538 0.700000
vt 0.961538 0.800000
vt 0.971154 1.000000
vt 0.971154 0.900000
vt 0.971154 0.100000
vt 0.971154 0.000000
vt 0.971154 0.200000
vt 0.971154 0.300000
vt 0.971154 0.400000
vt 0.971154 0.500000
vt 0.971154 0.600000
vt 0.971154 0.700000
vt 0.971154 0.800000
vt 0.980769 1.000000
vt 0.980769 0.900000
vt 0.980769 0.100000
vt 0.980769 0.000000
vt 0.980769 0.200000
vt 0.980769 0.300000
vt 0.980769 0.400000
vt 0.980769 0.500000
vt 0.980769 0.600000
vt 0.980769 0.700000
vt 0.980769 0.800000
vt 0.990385 1.000000
vt 0.990385 0.900000
vt 0.990385 0.100000
vt 0.990385 0.000000
vt 0.990385 0.200000
vt 0.990385 0.300000
vt 0.990385 0.400000
vt 0.990385 0.500000
vt 0.990385 0.600000
vt 0.990385 0.700000
vt 0.990385 0.800000
vt 1.000000 1.000000
vt 1.000000 0.900000
vt 1.000000 0.100000
vt 1.000000 0.000000
vt 1.000000 0.200000
vt 1.000000 0.300000
vt 1.000000 0.400000
vt 1.000000 0.500000
vt 1.000000 0.600000
vt 1.000000 0.700000
vt 1.000000 0.800000
s 1
usemtl SimTrack
f 1233/1361/724 1243/1362/734 1252/1363/743 1242/1364/733
f 1234/1365/725 1244/1366/735 1243/1367/734 1233/1368/724
f 1235/1369/726 1245/1370/736 1244/1366/735 1234/1365/725
f 1236/1371/727 1246/1372/737 1245/1370/736 1235/1369/726
f 1237/1373/728 1247/1374/738 1246/1372/737 1236/1371/727
f 1238/1375/729 1248/1376/739 1247/1374/738 1237/1373/728
f 1239/1377/730 1249/1378/740 1248/1376/739 1238/1375/729
f 1240/1379/731 1250/1380/741 1249/1378/740 1239/1377/730
f 1241/1381/732 1251/1382/742 1250/1380/741 1240/1379/731
f 1242/1364/733 1252/1363/743 1251/1382/742 1241/1381/732
f 1243/1362/734 1253/1383/744 1262/1384/743 1252/1363/743
f 1244/1366/735 1254/1385/745 1253/1386/744 1243/1367/734
f 1245/1370/736 1255/1387/746 1254/1385/745 1244/1366/735
f 1246/1372/737 1256/1388/747 1255/1387/746 1245/1370/736
f 1247/1374/738 1257/1389/738 1256/1388/747 1246/1372/737
f 1248/1376/739 1258/1390/748 1257/1389/738 1247/1374/738
f 1249/1378/740 1259/1391/749 1258/1390/748 1248/1376/739
f 1250/1380/741 1260/1392/750 1259/1391/749 1249/1378/740
f 1251/1382/742 1261/1393/751 1260/1392/750 1250/1380/741
f 1252/1363/743 1262/1384/743 1261/1393/751 1251/1382/742
f 1253/1383/744 1263/1394/744 1272/1395/743 1262/1384/743
f 1254/1385/745 1264/1396/745 1263/1397/744 1253/1386/744
f 1255/1387/746 1265/1398/746 1264/1396/745 1254/1385/745
f 1256/1388/747 1266/1399/747 1265/1398/746 1255/1387/746
f 1257/1389/738 1267/1400/738 1266/1399/747 1256/1388/747
f 1258/1390/748 1268/1401/748 1267/1400/738 1257/1389/738
f 1259/1391/749 1269/1402/749 1268/1401/748 1258/1390/748
f 1260/1392/750 1270/1403/750 1269/1402/749 1259/1391/749
f 1261/1393/751 1271/1404/751 1270/1403/750 1260/1392/750
f 1262/1384/743 1272/1395/743 1271/1404/751 1261/1393/751
f 1263/1394/744 1273/1405/744 1282/1406/743 1272/1395/743
f 1264/1396/745 1274/1407/745 1273/1408/744 1263/1397/744
f 1265/1398/746 1275/1409/746 1274/1407/745 1264/1396/745
f 1266/1399/747 1276/1410/747 1275/1409/746 1265/1398/746
f 1267/1400/738 1277/1411/738 1276/1410/747 1266/1399/747
f 1268/1401/748 1278/1412/748 1277/1411/738 1267/1400/738
f 1269/1402/749 1279/1413/749 1278/1412/748 1268/1401/748
f 1270/1403/750 1280/1414/750 1279/1413/749 1269/1402/749
f 1271/1404/751 1281/1415/751 1280/1414/750 1270/1403/750
f 1272/1395/743 1282/1406/743 1281/1415/751 1271/1404/751
f 1273/1405/744 1283/1416/744 1292/1417/743 1282/1406/743
f 1274/1407/745 1284/1418/745 1283/1419/744 1273/1408/744
f 1275/1409/746 1285/1420/746 1284/1418/745 1274/1407/745
f 1276/1410/747 1286/1421/747 1285/1420/746 1275/1409/746
f 1277/1411/738 1287/1422/738 1286/1421/747 1276/1410/747
f 1278/1412/748 1288/1423/748 1287/1422/738 1277/1411/738
f 1279/1413/749 1289/1424/749 1288/1423/748 1278/1412/748
f 1280/1414/750 1290/1425/750 1289/1424/749 1279/1413/749
f 1281/1415/751 1291/1426/751 1290/1425/750 1280/1414/750
f 1282/1406/743 1292/1417/743 1291/1426/751 1281/1415/751
f 1283/1416/744 1293/1427/744 1302/1428/743 1292/1417/743
f 1284/1418/745 1294/1429/745 1293/1430/744 1283/1419/744
f 1285/1420/746 1295/1431/746 1294/1429/745 1284/1418/745
f 1286/1421/747 1296/1432/747 1295/1431/746 1285/1420/746
f 1287/1422/738 1297/1433/738 1296/1432/747 1286/1421/747
f 1288/1423/748 1298/1434/748 1297/1433/738 1287/1422/738
f 1289/1424/749 1299/1435/749 1298/1434/748 1288/1423/748
f 1290/1425/750 1300/1436/750 1299/1435/749 1289/1424/749
f 1291/1426/751 1301/1437/751 1300/1436/750 1290/1425/750
f 1292/1417/743 1302/1428/743 1301/1437/751 1291/1426/751
f 1293/1427/744 1303/1438/744 1312/1439/743 1302/1428/743
f 1294/1429/745 1304/1440/745 1303/1441/744 1293/1430/744
f 1295/1431/746 1305/1442/746 1304/1440/745 1294/1429/745
f 1296/1432/747 1306/1443/747 1305/1442/746 1295/1431/746
f 1297/1433/738 1307/1444/738 1306/1443/747 1296/1432/747
f 1298/1434/748 1308/1445/748 1307/1444/738 1297/1433/738
f 1299/1435/749 1309/1446/749 1308/1445/748 1298/1434/748
f 1300/1436/750 1310/1447/750 1309/1446/749 1299/1435/749
f 1301/1437/751 1311/1448/751 1310/1447/750 1300/1436/750
f 1302/1428/743 1312/1439/743 1311/1448/751 1301/1437/751
f 1303/1438/744 1313/1449/744 1322/1450/743 1312/1439/743
f 1304/1440/745 1314/1451/745 1313/1452/744 1303/1441/744
f 1305/1442/746 1315/1453/746 1314/1451/745 1304/1440/745
f 1306/1443/747 1316/1454/747 1315/1453/746 1305/1442/746
f 1307/1444/738 1317/1455/738 1316/1454/747 1306/1443/747
f 1308/1445/748 1318/1456/748 1317/1455/738 1307/1444/738
f 1309/1446/749 1319/1457/749 1318/1456/748 1308/1445/748
f 1310/1447/750 1320/1458/750 1319/1457/749 1309/1446/749
f 1311/1448/751 1321/1459/751 1320/1458/750 1310/1447/750
f 1312/1439/743 1322/1450/743 1321/1459/751 1311/1448/751
f 1313/1449/744 1323/1460/744 1332/1461/743 1322/1450/743
f 1314/1451/745 1324/1462/745 1323/1463/744 1313/1452/744
f 1315/1453/746 1325/1464/746 1324/1462/745 1314/1451/745
f 1316/1454/747 1326/1465/747 1325/1464/746 1315/1453/746
f 1317/1455/738 1327/1466/738 1326/1465/747 1316/1454/747
f 1318/1456/748 1328/1467/748 1327/1466/738 1317/1455/738
f 1319/1457/749 1329/1468/749 1328/1467/748 1318/1456/748
f 1320/1458/750 1330/1469/750 1329/1468/749 1319/1457/749
f 1321/1459/751 1331/1470/751 1330/1469/750 1320/1458/750
f 1322/1450/743 1332/1461/743 1331/1470/751 1321/1459/751
f 1323/1460/744 1333/1471/744 1342/1472/743 1332/1461/743
f 1324/1462/745 1334/1473/745 1333/1474/744 1323/1463/744
f 1325/1464/746 1335/1475/746 1334/1473/745 1324/1462/745
f 1326/1465/747 1336/1476/747 1335/1475/746 1325/1464/746
f 1327/1466/738 1337/1477/738 1336/1476/747 1326/1465/747
f 1328/1467/748 1338/1478/748 1337/1477/738 1327/1466/738
f 1329/1468/749 1339/1479/749 1338/1478/748 1328/1467/748
f 1330/1469/750 1340/1480/750 1339/1479/749 1329/1468/749
f 1331/1470/751 1341/1481/751 1340/1480/750 1330/1469/750
f 1332/1461/743 1342/1472/743 1341/1481/751 1331/1470/751
f 1333/1471/744 1343/1482/744 1352/1483/743 1342/1472/743
f 1334/1473/745 1344/1484/745 1343/1485/744 1333/1474/744
f 1335/1475/746 1345/1486/746 1344/1484/745 1334/1473/745
f 1336/1476/747 1346/1487/747 1345/1486/746 1335/1475/746
f 1337/1477/738 1347/1488/738 1346/1487/747 1336/1476/747
f 1338/1478/748 1348/1489/748 1347/1488/738 1337/1477/738
f 1339/1479/749 1349/1490/749 1348/1489/748 1338/1478/748
f 1340/1480/750 1350/1491/750 1349/1490/749 1339/1479/749
f 1341/1481/751 1351/1492/751 1350/1491/750 1340/1480/750
f 1342/1472/743 1352/1483/743 1351/1492/751 1341/1481/751
f 1343/1482/744 1353/1493/744 1362/1494/743 1352/1483/743
f 1344/1484/745 1354/1495/745 1353/1496/744 1343/1485/744
f 1345/1486/746 1355/1497/746 1354/1495/745 1344/1484/745
f 1346/1487/747 1356/1498/747 1355/1497/746 1345/1486/746
f 1347/1488/738 1357/1499/738 1356/1498/747 1346/1487/747
f 1348/1489/748 1358/1500/748 1357/1499/738 1347/1488/738
f 1349/1490/749 1359/1501/749 1358/1500/748 1348/1489/748
f 1350/1491/750 1360/1502/750 1359/1501/749 1349/1490/749
f 1351/1492/751 1361/1503/751 1360/1502/750 1350/1491/750
f 1352/1483/743 1362/1494/743 1361/1503/751 1351/1492/751
f 1353/1493/744 1363/1504/744 1372/1505/743 1362/1494/743
f 1354/1495/745 1364/1506/745 1363/1507/744 1353/1496/744
f 1355/1497/746 1365/1508/746 1364/1506/745 1354/1495/745
f 1356/1498/747 1366/1509/747 1365/1508/746 1355/1497/746
f 1357/1499/738 1367/1510/738 1366/1509/747 1356/1498/747
f 1358/1500/748 1368/1511/748 1367/1510/738 1357/1499/738
f 1359/1501/749 1369/1512/749 1368/1511/748 1358/1500/748
f 1360/1502/750 1370/1513/750 1369/1512/749 1359/1501/749
f 1361/1503/751 1371/1514/751 1370/1513/750 1360/1502/750
f 1362/1494/743 1372/1505/743 1371/1514/751 1361/1503/751
f 1363/1504/744 1373/1515/744 1382/1516/743 1372/1505/743
f 1364/1506/745 1374/1517/745 1373/1518/744 1363/1507/744
f 1365/1508/746 1375/1519/746 1374/1517/745 1364/1506/745
f 1366/1509/747 1376/1520/747 1375/1519/746 1365/1508/746
f 1367/1510/738 1377/1521/738 1376/1520/747 1366/1509/747
f 1368/1511/748 1378/1522/748 1377/1521/738 1367/1510/738
f 1369/1512/749 1379/1523/749 1378/1522/748 1368/1511/748
f 1370/1513/750 1380/1524/750 1379/1523/749 1369/1512/749
f 1371/1514/751 1381/1525/751 1380/1524/750 1370/1513/750
f 1372/1505/743 1382/1516/743 1381/1525/751 1371/1514/751
f 1373/1515/744 1383/1526/734 1392/1527/743 1382/1516/743
f 1374/1517/745 1384/1528/735 1383/1529/734 1373/1518/744
f 1375/1519/746 1385/1530/736 1384/1528/735 1374/1517/745
f 1376/1520/747 1386/1531/737 1385/1530/736 1375/1519/746
f 1377/1521/738 1387/1532/738 1386/1531/737 1376/1520/747
f 1378/1522/748 1388/1533/739 1387/1532/738 1377/1521/738
f 1379/1523/749 1389/1534/740 1388/1533/739 1378/1522/748
f 1380/1524/750 1390/1535/741 1389/1534/740 1379/1523/749
f 1381/1525/751 1391/1536/742 1390/1535/741 1380/1524/750
f 1382/1516/743 1392/1527/743 1391/1536/742 1381/1525/751
f 1383/1526/734 1393/1537/752 1402/1538/761 1392/1527/743
f 1384/1528/735 1394/1539/753 1393/1540/752 1383/1529/734
f 1385/1530/736 1395/1541/754 1394/1539/753 1384/1528/735
f 1386/1531/737 1396/1542/755 1395/1541/754 1385/1530/736
f 1387/1532/738 1397/1543/756 1396/1542/755 1386/1531/737
f 1388/1533/739 1398/1544/757 1397/1543/756 1387/1532/738
f 1389/1534/740 1399/1545/758 1398/1544/757 1388/1533/739
f 1390/1535/741 1400/1546/759 1399/1545/758 1389/1534/740
f 1391/1536/742 1401/1547/760 1400/1546/759 1390/1535/741
f 1392/1527/743 1402/1538/761 1401/1547/760 1391/1536/742
f 1393/1537/752 1403/1548/762 1412/1549/771 1402/1538/761
f 1394/1539/753 1404/1550/763 1403/1551/762 1393/1540/752
f 1395/1541/754 1405/1552/764 1404/1550/763 1394/1539/753
f 1396/1542/755 1406/1553/765 1405/1552/764 1395/1541/754
f 1397/1543/756 1407/1554/766 1406/1553/765 1396/1542/755
f 1398/1544/757 1408/1555/767 1407/1554/766 1397/1543/756
f 1399/1545/758 1409/1556/768 1408/1555/767 1398/1544/757
f 1400/1546/759 1410/1557/769 1409/1556/768 1399/1545/758
f 1401/1547/760 1411/1558/770 1410/1557/769 1400/1546/759
f 1402/1538/761 1412/1549/771 1411/1558/770 1401/1547/760
f 1403/1548/762 1413/1559/772 1422/1560/781 1412/1549/771
f 1404/1550/763 1414/1561/773 1413/1562/772 1403/1551/762
f 1405/1552/764 1415/1563/774 1414/1561/773 1404/1550/763
f 1406/1553/765 1416/1564/775 1415/1563/774 1405/1552/764
f 1407/1554/766 1417/1565/776 1416/1564/775 1406/1553/765
f 1408/1555/767 1418/1566/777 1417/1565/776 1407/1554/766
f 1409/1556/768 1419/1567/778 1418/1566/777 1408/1555/767
f 1410/1557/769 1420/1568/779 1419/1567/778 1409/1556/768
f 1411/1558/770 1421/1569/780 1420/1568/779 1410/1557/769
f 1412/1549/771 1422/1560/781 1421/1569/780 1411/1558/770
f 1413/1559/772 1423/1570/782 1432/1571/791 1422/1560/781
f 1414/1561/773 1424/1572/783 1423/1573/782 1413/1562/772
f 1415/1563/774 1425/1574/784 1424/1572/783 1414/1561/773
f 1416/1564/775 1426/1575/785 1425/1574/784 1415/1563/774
f 1417/1565/776 1427/1576/786 1426/1575/785 1416/1564/775
f 1418/1566/777 1428/1577/787 1427/1576/786 1417/1565/776
f 1419/1567/778 1429/1578/788 1428/1577/787 1418/1566/777
f 1420/1568/779 1430/1579/789 1429/1578/788 1419/1567/778
f 1421/1569/780 1431/1580/790 1430/1579/789 1420/1568/779
f 1422/1560/781 1432/1571/791 1431/1580/790 1421/1569/780
f 1423/1570/782 1433/1581/792 1442/1582/801 1432/1571/791
f 1424/1572/783 1434/1583/793 1433/1584/792 1423/1573/782
f 1425/1574/784 1435/1585/794 1434/1583/793 1424/1572/783
f 1426/1575/785 1436/1586/795 1435/1585/794 1425/1574/784
f 1427/1576/786 1437/1587/796 1436/1586/795 1426/1575/785
f 1428/1577/787 1438/1588/797 1437/1587/796 1427/1576/786
f 1429/1578/788 1439/1589/798 1438/1588/797 1428/1577/787
f 1430/1579/789 1440/1590/799 1439/1589/798 1429/1578/788
f 1431/1580/790 1441/1591/800 1440/1590/799 1430/1579/789
f 1432/1571/791 1442/1582/801 1441/1591/800 1431/1580/790
f 1433/1581/792 1443/1592/802 1452/1593/811 1442/1582/801
f 1434/1583/793 1444/1594/803 1443/1595/802 1433/1584/792
f 1435/1585/794 1445/1596/804 1444/1594/803 1434/1583/793
f 1436/1586/795 1446/1597/805 1445/1596/804 1435/1585/794
f 1437/1587/796 1447/1598/806 1446/1597/805 1436/1586/795
f 1438/1588/797 1448/1599/807 1447/1598/806 1437/1587/796
f 1439/1589/798 1449/1600/808 1448/1599/807 1438/1588/797
f 1440/1590/799 1450/1601/809 1449/1600/808 1439/1589/798
f 1441/1591/800 1451/1602/810 1450/1601/809 1440/1590/799
f 1442/1582/801 1452/1593/811 1451/1602/810 1441/1591/800
f 1443/1592/802 1453/1603/812 1462/1604/821 1452/1593/811
f 1444/1594/803 1454/1605/813 1453/1606/812 1443/1595/802
f 1445/1596/804 1455/1607/814 1454/1605/813 1444/1594/803
f 1446/1597/805 1456/1608/815 1455/1607/814 1445/1596/804
f 1447/1598/806 1457/1609/816 1456/1608/815 1446/1597/805
f 1448/1599/807 1458/1610/817 1457/1609/816 1447/1598/806
f 1449/1600/808 1459/1611/818 1458/1610/817 1448/1599/807
f 1450/1601/809 1460/1612/819 1459/1611/818 1449/1600/808
f 1451/1602/810 1461/1613/820 1460/1612/819 1450/1601/809
f 1452/1593/811 1462/1604/821 1461/1613/820 1451/1602/810
f 1453/1603/812 1463/1614/822 1472/1615/831 1462/1604/821
f 1454/1605/813 1464/1616/823 1463/1617/822 1453/1606/812
f 1455/1607/814 1465/1618/824 1464/1616/823 1454/1605/813
f 1456/1608/815 1466/1619/825 1465/1618/824 1455/1607/814
f 1457/1609/816 1467/1620/826 1466/1619/825 1456/1608/815
f 1458/1610/817 1468/1621/827 1467/1620/826 1457/1609/816
f 1459/1611/818 1469/1622/828 1468/1621/827 1458/1610/817
f 1460/1612/819 1470/1623/829 1469/1622/828 1459/1611/818
f 1461/1613/820 1471/1624/830 1470/1623/829 1460/1612/819
f 1462/1604/821 1472/1615/831 1471/1624/830 1461/1613/820
f 1463/1614/822 1473/1625/832 1482/1626/841 1472/1615/831
f 1464/1616/823 1474/1627/833 1473/1628/832 1463/1617/822
f 1465/1618/824 1475/1629/834 1474/1627/833 1464/1616/823
f 1466/1619/825 1476/1630/835 1475/1629/834 1465/1618/824
f 1467/1620/826 1477/1631/836 1476/1630/835 1466/1619/825
f 1468/1621/827 1478/1632/837 1477/1631/836 1467/1620/826
f 1469/1622/828 1479/1633/838 1478/1632/837 1468/1621/827
f 1470/1623/829 1480/1634/839 1479/1633/838 1469/1622/828
f 1471/1624/830 1481/1635/840 1480/1634/839 1470/1623/829
f 1472/1615/831 1482/1626/841 1481/1635/840 1471/1624/830
f 1473/1625/832 1483/1636/842 1492/1637/851 1482/1626/841
f 1474/1627/833 1484/1638/843 1483/1639/842 1473/1628/832
f 1475/1629/834 1485/1640/844 1484/1638/843 1474/1627/833
f 1476/1630/835 1486/1641/845 1485/1640/844 1475/1629/834
f 1477/1631/836 1487/1642/846 1486/1641/845 1476/1630/835
f 1478/1632/837 1488/1643/847 1487/1642/846 1477/1631/836
f 1479/1633/838 1489/1644/848 1488/1643/847 1478/1632/837
f 1480/1634/839 1490/1645/849 1489/1644/848 1479/1633/838
f 1481/1635/840 1491/1646/850 1490/1645/849 1480/1634/839
f 1482/1626/841 1492/1637/851 1491/1646/850 1481/1635/840
f 1483/1636/842 1493/1647/852 1502/1648/861 1492/1637/851
f 1484/1638/843 1494/1649/853 1493/1650/852 1483/1639/842
f 1485/1640/844 1495/1651/854 1494/1649/853 1484/1638/843
f 1486/1641/845 1496/1652/855 1495/1651/854 1485/1640/844
f 1487/1642/846 1497/1653/856 1496/1652/855 1486/1641/845
f 1488/1643/847 1498/1654/857 1497/1653/856 1487/1642/846
f 1489/1644/848 1499/1655/858 1498/1654/857 1488/1643/847
f 1490/1645/849 1500/1656/859 1499/1655/858 1489/1644/848
f 1491/1646/850 1501/1657/860 1500/1656/859 1490/1645/849
f 1492/1637/851 1502/1648/861 1501/1657/860 1491/1646/850
f 1493/1647/852 1503/1658/862 1512/1659/871 1502/1648/861
f 1494/1649/853 1504/1660/863 1503/1661/862 1493/1650/852
f 1495/1651/854 1505/1662/864 1504/1660/863 1494/1649/853
f 1496/1652/855 1506/1663/865 1505/1662/864 1495/1651/854
f 1497/1653/856 1507/1664/866 1506/1663/865 1496/1652/855
f 1498/1654/857 1508/1665/867 1507/1664/866 1497/1653/856
f 1499/1655/858 1509/1666/868 1508/1665/867 1498/1654/857
f 1500/1656/859 1510/1667/869 1509/1666/868 1499/1655/858
f 1501/1657/860 1511/1668/870 1510/1667/869 1500/1656/859
f 1502/1648/861 1512/1659/871 1511/1668/870 1501/1657/860
f 1503/1658/862 1513/1669/872 1522/1670/881 1512/1659/871
f 1504/1660/863 1514/1671/873 1513/1672/872 1503/1661/862
f 1505/1662/864 1515/1673/874 1514/1671/873 1504/1660/863
f 1506/1663/865 1516/1674/875 1515/1673/874 1505/1662/864
f 1507/1664/866 1517/1675/876 1516/1674/875 1506/1663/865
f 1508/1665/867 1518/1676/877 1517/1675/876 1507/1664/866
f 1509/1666/868 1519/1677/878 1518/1676/877 1508/1665/867
f 1510/1667/869 1520/1678/879 1519/1677/878 1509/1666/868
f 1511/1668/870 1521/1679/880 1520/1678/879 1510/1667/869
f 1512/1659/871 1522/1670/881 1521/1679/880 1511/1668/870
f 1513/1669/872 1523/1680/882 1532/1681/891 1522/1670/881
f 1514/1671/873 1524/1682/883 1523/1683/882 1513/1672/872
f 1515/1673/874 1525/1684/884 1524/1682/883 1514/1671/873
f 1516/1674/875 1526/1685/885 1525/1684/884 1515/1673/874
f 1517/1675/876 1527/1686/886 1526/1685/885 1516/1674/875
f 1518/1676/877 1528/1687/887 1527/1686/886 1517/1675/876
f 1519/1677/878 1529/1688/888 1528/1687/887 1518/1676/877
f 1520/1678/879 1530/1689/889 1529/1688/888 1519/1677/878
f 1521/1679/880 1531/1690/890 1530/1689/889 1520/1678/879
f 1522/1670/881 1532/1681/891 1531/1690/890 1521/1679/880
f 1523/1680/882 1533/1691/892 1542/1692/901 1532/1681/891
f 1524/1682/883 1534/1693/893 1533/1694/892 1523/1683/882
f 1525/1684/884 1535/1695/894 1534/1693/893 1524/1682/883
f 1526/1685/885 1536/1696/895 1535/1695/894 1525/1684/884
f 1527/1686/886 1537/1697/896 1536/1696/895 1526/1685/885
f 1528/1687/887 1538/1698/897 1537/1697/896 1527/1686/886
f 1529/1688/888 1539/1699/898 1538/1698/897 1528/1687/887
f 1530/1689/889 1540/1700/899 1539/1699/898 1529/1688/888
f 1531/1690/890 1541/1701/900 1540/1700/899 1530/1689/889
f 1532/1681/891 1542/1692/901 1541/1701/900 1531/1690/890
f 1533/1691/892 1543/1702/892 1552/1703/901 1542/1692/901
f 1534/1693/893 1544/1704/893 1543/1705/892 1533/1694/892
f 1535/1695/894 1545/1706/894 1544/1704/893 1534/1693/893
f 1536/1696/895 1546/1707/895 1545/1706/894 1535/1695/894
f 1537/1697/896 1547/1708/896 1546/1707/895 1536/1696/895
f 1538/1698/897 1548/1709/897 1547/1708/896 1537/1697/896
f 1539/1699/898 1549/1710/898 1548/1709/897 1538/1698/897
f 1540/1700/899 1550/1711/899 1549/1710/898 1539/1699/898
f 1541/1701/900 1551/1712/900 1550/1711/899 1540/1700/899
f 1542/1692/901 1552/1703/901 1551/1712/900 1541/1701/900
f 1543/1702/892 1553/1713/892 1562/1714/901 1552/1703/901
f 1544/1704/893 1554/1715/893 1553/1716/892 1543/1705/892
f 1545/1706/894 1555/1717/894 1554/1715/893 1544/1704/893
f 1546/1707/895 1556/1718/895 1555/1717/894 1545/1706/894
f 1547/1708/896 1557/1719/896 1556/1718/895 1546/1707/895
f 1548/1709/897 1558/1720/897 1557/1719/896 1547/1708/896
f 1549/1710/898 1559/1721/898 1558/1720/897 1548/1709/897
f 1550/1711/899 1560/1722/899 1559/1721/898 1549/1710/898
f 1551/1712/900 1561/1723/900 1560/1722/899 1550/1711/899
f 1552/1703/901 1562/1714/901 1561/1723/900 1551/1712/900
f 1553/1713/892 1563/1724/892 1572/1725/901 1562/1714/901
f 1554/1715/893 1564/1726/893 1563/1727/892 1553/1716/892
f 1555/1717/894 1565/1728/894 1564/1726/893 1554/1715/893
f 1556/1718/895 1566/1729/895 1565/1728/894 1555/1717/894
f 1557/1719/896 1567/1730/896 1566/1729/895 1556/1718/895
f 1558/1720/897 1568/1731/897 1567/1730/896 1557/1719/896
f 1559/1721/898 1569/1732/898 1568/1731/897 1558/1720/897
f 1560/1722/899 1570/1733/899 1569/1732/898 1559/1721/898
f 1561/1723/900 1571/1734/900 1570/1733/899 1560/1722/899
f 1562/1714/901 1572/1725/901 1571/1734/900 1561/1723/900
f 1563/1724/892 1573/1735/892 1582/1736/901 1572/1725/901
f 1564/1726/893 1574/1737/893 1573/1738/892 1563/1727/892
f 1565/1728/894 1575/1739/894 1574/1737/893 1564/1726/893
f 1566/1729/895 1576/1740/895 1575/1739/894 1565/1728/894
f 1567/1730/896 1577/1741/896 1576/1740/895 1566/1729/895
f 1568/1731/897 1578/1742/897 1577/1741/896 1567/1730/896
f 1569/1732/898 1579/1743/898 1578/1742/897 1568/1731/897
f 1570/1733/899 1580/1744/899 1579/1743/898 1569/1732/898
f 1571/1734/900 1581/1745/900 1580/1744/899 1570/1733/899
f 1572/1725/901 1582/1736/901 1581/1745/900 1571/1734/900
f 1573/1735/892 1583/1746/892 1592/1747/901 1582/1736/901
f 1574/1737/893 1584/1748/893 1583/1749/892 1573/1738/892
f 1575/1739/894 1585/1750/894 1584/1748/893 1574/1737/893
f 1576/1740/895 1586/1751/895 1585/1750/894 1575/1739/894
f 1577/1741/896 1587/1752/896 1586/1751/895 1576/1740/895
f 1578/1742/897 1588/1753/897 1587/1752/896 1577/1741/896
f 1579/1743/898 1589/1754/898 1588/1753/897 1578/1742/897
f 1580/1744/899 1590/1755/899 1589/1754/898 1579/1743/898
f 1581/1745/900 1591/1756/900 1590/1755/899 1580/1744/899
f 1582/1736/901 1592/1747/901 1591/1756/900 1581/1745/900
f 1583/1746/892 1593/1757/892 1602/1758/901 1592/1747/901
f 1584/1748/893 1594/1759/893 1593/1760/892 1583/1749/892
f 1585/1750/894 1595/1761/894 1594/1759/893 1584/1748/893
f 1586/1751/895 1596/1762/895 1595/1761/894 1585/1750/894
f 1587/1752/896 1597/1763/896 1596/1762/895 1586/1751/895
f 1588/1753/897 1598/1764/897 1597/1763/896 1587/1752/896
f 1589/1754/898 1599/1765/898 1598/1764/897 1588/1753/897
f 1590/1755/899 1600/1766/899 1599/1765/898 1589/1754/898
f 1591/1756/900 1601/1767/900 1600/1766/899 1590/1755/899
f 1592/1747/901 1602/1758/901 1601/1767/900 1591/1756/900
f 1593/1757/892 1603/1768/892 1612/1769/901 1602/1758/901
f 1594/1759/893 1604/1770/893 1603/1771/892 1593/1760/892
f 1595/1761/894 1605/1772/894 1604/1770/893 1594/1759/893
f 1596/1762/895 1606/1773/895 1605/1772/894 1595/1761/894
f 1597/1763/896 1607/1774/896 1606/1773/895 1596/1762/895
f 1598/1764/897 1608/1775/897 1607/1774/896 1597/1763/896
f 1599/1765/898 1609/1776/898 1608/1775/897 1598/1764/897
f 1600/1766/899 1610/1777/899 1609/1776/898 1599/1765/898
f 1601/1767/900 1611/1778/900 1610/1777/899 1600/1766/899
f 1602/1758/901 1612/1769/901 1611/1778/900 1601/1767/900
f 1603/1768/892 1613/1779/892 1622/1780/901 1612/1769/901
f 1604/1770/893 1614/1781/893 1613/1782/892 1603/1771/892
f 1605/1772/894 1615/1783/894 1614/1781/893 1604/1770/893
f 1606/1773/895 1616/1784/895 1615/1783/894 1605/1772/894
f 1607/1774/896 1617/1785/896 1616/1784/895 1606/1773/895
f 1608/1775/897 1618/1786/897 1617/1785/896 1607/1774/896
f 1609/1776/898 1619/1787/898 1618/1786/897 1608/1775/897
f 1610/1777/899 1620/1788/899 1619/1787/898 1609/1776/898
f 1611/1778/900 1621/1789/900 1620/1788/899 1610/1777/899
f 1612/1769/901 1622/1780/901 1621/1789/900 1611/1778/900
f 1613/1779/892 1623/1790/902 1632/1791/907 1622/1780/901
f 1614/1781/893 1624/1792/883 1623/1793/902 1613/1782/892
f 1615/1783/894 1625/1794/884 1624/1792/883 1614/1781/893
f 1616/1784/895 1626/1795/903 1625/1794/884 1615/1783/894
f 1617/1785/896 1627/1796/904 1626/1795/903 1616/1784/895
f 1618/1786/897 1628/1797/905 1627/1796/904 1617/1785/896
f 1619/1787/898 1629/1798/888 1628/1797/905 1618/1786/897
f 1620/1788/899 1630/1799/889 1629/1798/888 1619/1787/898
f 1621/1789/900 1631/1800/906 1630/1799/889 1620/1788/899
f 1622/1780/901 1632/1791/907 1631/1800/906 1621/1789/900
f 1623/1790/902 1633/1801/908 1642/1802/917 1632/1791/907
f 1624/1792/883 1634/1803/909 1633/1804/908 1623/1793/902
f 1625/1794/884 1635/1805/910 1634/1803/909 1624/1792/883
f 1626/1795/903 1636/1806/911 1635/1805/910 1625/1794/884
f 1627/1796/904 1637/1807/912 1636/1806/911 1626/1795/903
f 1628/1797/905 1638/1808/913 1637/1807/912 1627/1796/904
f 1629/1798/888 1639/1809/914 1638/1808/913 1628/1797/905
f 1630/1799/889 1640/1810/915 1639/1809/914 1629/1798/888
f 1631/1800/906 1641/1811/916 1640/1810/915 1630/1799/889
f 1632/1791/907 1642/1802/917 1641/1811/916 1631/1800/906
f 1633/1801/908 1643/1812/918 1652/1813/927 1642/1802/917
f 1634/1803/909 1644/1814/919 1643/1815/918 1633/1804/908
f 1635/1805/910 1645/1816/920 1644/1814/919 1634/1803/909
f 1636/1806/911 1646/1817/921 1645/1816/920 1635/1805/910
f 1637/1807/912 1647/1818/922 1646/1817/921 1636/1806/911
f 1638/1808/913 1648/1819/923 1647/1818/922 1637/1807/912
f 1639/1809/914 1649/1820/924 1648/1819/923 1638/1808/913
f 1640/1810/915 1650/1821/925 1649/1820/924 1639/1809/914
f 1641/1811/916 1651/1822/926 1650/1821/925 1640/1810/915
f 1642/1802/917 1652/1813/927 1651/1822/926 1641/1811/916
f 1643/1812/918 1653/1823/928 1662/1824/937 1652/1813/927
f 1644/1814/919 1654/1825/929 1653/1826/928 1643/1815/918
f 1645/1816/920 1655/1827/930 1654/1825/929 1644/1814/919
f 1646/1817/921 1656/1828/931 1655/1827/930 1645/1816/920
f 1647/1818/922 1657/1829/932 1656/1828/931 1646/1817/921
f 1648/1819/923 1658/1830/933 1657/1829/932 1647/1818/922
f 1649/1820/924 1659/1831/934 1658/1830/933 1648/1819/923
f 1650/1821/925 1660/1832/935 1659/1831/934 1649/1820/924
f 1651/1822/926 1661/1833/936 1660/1832/935 1650/1821/925
f 1652/1813/927 1662/1824/937 1661/1833/936 1651/1822/926
f 1653/1823/928 1663/1834/938 1672/1835/947 1662/1824/937
f 1654/1825/929 1664/1836/939 1663/1837/938 1653/1826/928
f 1655/1827/930 1665/1838/940 1664/1836/939 1654/1825/929
f 1656/1828/931 1666/1839/941 1665/1838/940 1655/1827/930
f 1657/1829/932 1667/1840/942 1666/1839/941 1656/1828/931
f 1658/1830/933 1668/1841/943 1667/1840/942 1657/1829/932
f 1659/1831/934 1669/1842/944 1668/1841/943 1658/1830/933
f 1660/1832/935 1670/1843/945 1669/1842/944 1659/1831/934
f 1661/1833/936 1671/1844/946 1670/1843/945 1660/1832/935
f 1662/1824/937 1672/1835/947 1671/1844/946 1661/1833/936
f 1663/1834/938 1673/1845/948 1682/1846/957 1672/1835/947
f 1664/1836/939 1674/1847/949 1673/1848/948 1663/1837/938
f 1665/1838/940 1675/1849/950 1674/1847/949 1664/1836/939
f 1666/1839/941 1676/1850/951 1675/1849/950 1665/1838/940
f 1667/1840/942 1677/1851/952 1676/1850/951 1666/1839/941
f 1668/1841/943 1678/1852/953 1677/1851/952 1667/1840/942
f 1669/1842/944 1679/1853/954 1678/1852/953 1668/1841/943
f 1670/1843/945 1680/1854/955 1679/1853/954 1669/1842/944
f 1671/1844/946 1681/1855/956 1680/1854/955 1670/1843/945
f 1672/1835/947 1682/1846/957 1681/1855/956 1671/1844/946
f 1673/1845/948 1683/1856/958 1692/1857/967 1682/1846/957
f 1674/1847/949 1684/1858/959 1683/1859/958 1673/1848/948
f 1675/1849/950 1685/1860/960 1684/1858/959 1674/1847/949
f 1676/1850/951 1686/1861/961 1685/1860/960 1675/1849/950
f 1677/1851/952 1687/1862/962 1686/1861/961 1676/1850/951
f 1678/1852/953 1688/1863/963 1687/1862/962 1677/1851/952
f 1679/1853/954 1689/1864/964 1688/1863/963 1678/1852/953
f 1680/1854/955 1690/1865/965 1689/1864/964 1679/1853/954
f 1681/1855/956 1691/1866/966 1690/1865/965 1680/1854/955
f 1682/1846/957 1692/1857/967 1691/1866/966 1681/1855/956
f 1683/1856/958 1693/1867/968 1702/1868/977 1692/1857/967
f 1684/1858/959 1694/1869/969 1693/1870/968 1683/1859/958
f 1685/1860/960 1695/1871/970 1694/1869/969 1684/1858/959
f 1686/1861/961 1696/1872/971 1695/1871/970 1685/1860/960
f 1687/1862/962 1697/1873/972 1696/1872/971 1686/1861/961
f 1688/1863/963 1698/1874/973 1697/1873/972 1687/1862/962
f 1689/1864/964 1699/1875/974 1698/1874/973 1688/1863/963
f 1690/1865/965 1700/1876/975 1699/1875/974 1689/1864/964
f 1691/1866/966 1701/1877/976 1700/1876/975 1690/1865/965
f 1692/1857/967 1702/1868/977 1701/1877/976 1691/1866/966
f 1693/1867/968 1703/1878/978 1712/1879/987 1702/1868/977
f 1694/1869/969 1704/1880/979 1703/1881/978 1693/1870/968
f 1695/1871/970 1705/1882/980 1704/1880/979 1694/1869/969
f 1696/1872/971 1706/1883/981 1705/1882/980 1695/1871/970
f 1697/1873/972 1707/1884/982 1706/1883/981 1696/1872/971
f 1698/1874/973 1708/1885/983 1707/1884/982 1697/1873/972
f 1699/1875/974 1709/1886/984 1708/1885/983 1698/1874/973
f 1700/1876/975 1710/1887/985 1709/1886/984 1699/1875/974
f 1701/1877/976 1711/1888/986 1710/1887/985 1700/1876/975
f 1702/1868/977 1712/1879/987 1711/1888/986 1701/1877/976
f 1703/1878/978 1713/1889/988 1722/1890/997 1712/1879/987
f 1704/1880/979 1714/1891/989 1713/1892/988 1703/1881/978
f 1705/1882/980 1715/1893/990 1714/1891/989 1704/1880/979
f 1706/1883/981 1716/1894/991 1715/1893/990 1705/1882/980
f 1707/1884/982 1717/1895/992 1716/1894/991 1706/1883/981
f 1708/1885/983 1718/1896/993 1717/1895/992 1707/1884/982
f 1709/1886/984 1719/1897/994 1718/1896/993 1708/1885/983
f 1710/1887/985 1720/1898/995 1719/1897/994 1709/1886/984
f 1711/1888/986 1721/1899/996 1720/1898/995 1710/1887/985
f 1712/1879/987 1722/1890/997 1721/1899/996 1711/1888/986
f 1713/1889/988 1723/1900/998 1732/1901/1007 1722/1890/997
f 1714/1891/989 1724/1902/999 1723/1903/998 1713/1892/988
f 1715/1893/990 1725/1904/1000 1724/1902/999 1714/1891/989
f 1716/1894/991 1726/1905/1001 1725/1904/1000 1715/1893/990
f 1717/1895/992 1727/1906/1002 1726/1905/1001 1716/1894/991
f 1718/1896/993 1728/1907/1003 1727/1906/1002 1717/1895/992
f 1719/1897/994 1729/1908/1004 1728/1907/1003 1718/1896/993
f 1720/1898/995 1730/1909/1005 1729/1908/1004 1719/1897/994
f 1721/1899/996 1731/1910/1006 1730/1909/1005 1720/1898/995
f 1722/1890/997 1732/1901/1007 1731/1910/1006 1721/1899/996
f 1723/1900/998 1733/1911/1008 1742/1912/1017 1732/1901/1007
f 1724/1902/999 1734/1913/1009 1733/1914/1008 1723/1903/998
f 1725/1904/1000 1735/1915/1010 1734/1913/1009 1724/1902/999
f 1726/1905/1001 1736/1916/1011 1735/1915/1010 1725/1904/1000
f 1727/1906/1002 1737/1917/1012 1736/1916/1011 1726/1905/1001
f 1728/1907/1003 1738/1918/1013 1737/1917/1012 1727/1906/1002
f 1729/1908/1004 1739/1919/1014 1738/1918/1013 1728/1907/1003
f 1730/1909/1005 1740/1920/1015 1739/1919/1014 1729/1908/1004
f 1731/1910/1006 1741/1921/1016 1740/1920/1015 1730/1909/1005
f 1732/1901/1007 1742/1912/1017 1741/1921/1016 1731/1910/1006
f 1733/1911/1008 1743/1922/1018 1752/1923/1027 1742/1912/1017
f 1734/1913/1009 1744/1924/1019 1743/1925/1018 1733/1914/1008
f 1735/1915/1010 1745/1926/1020 1744/1924/1019 1734/1913/1009
f 1736/1916/1011 1746/1927/1021 1745/1926/1020 1735/1915/1010
f 1737/1917/1012 1747/1928/1022 1746/1927/1021 1736/1916/1011
f 1738/1918/1013 1748/1929/1023 1747/1928/1022 1737/1917/1012
f 1739/1919/1014 1749/1930/1024 1748/1929/1023 1738/1918/1013
f 1740/1920/1015 1750/1931/1025 1749/1930/1024 1739/1919/1014
f 1741/1921/1016 1751/1932/1026 1750/1931/1025 1740/1920/1015
f 1742/1912/1017 1752/1923/1027 1751/1932/1026 1741/1921/1016
f 1743/1922/1018 1753/1933/1028 1762/1934/1037 1752/1923/1027
f 1744/1924/1019 1754/1935/1029 1753/1936/1028 1743/1925/1018
f 1745/1926/1020 1755/1937/1030 1754/1935/1029 1744/1924/1019
f 1746/1927/1021 1756/1938/1031 1755/1937/1030 1745/1926/1020
f 1747/1928/1022 1757/1939/1032 1756/1938/1031 1746/1927/1021
f 1748/1929/1023 1758/1940/1033 1757/1939/1032 1747/1928/1022
f 1749/1930/1024 1759/1941/1034 1758/1940/1033 1748/1929/1023
f 1750/1931/1025 1760/1942/1035 1759/1941/1034 1749/1930/1024
f 1751/1932/1026 1761/1943/1036 1760/1942/1035 1750/1931/1025
f 1752/1923/1027 1762/1934/1037 1761/1943/1036 1751/1932/1026
f 1753/1933/1028 1763/1944/737 1772/1945/738 1762/1934/1037
f 1754/1935/1029 1764/1946/736 1763/1947/737 1753/1936/1028
f 1755/1937/1030 1765/1948/735 1764/1946/736 1754/1935/1029
f 1756/1938/1031 1766/1949/1038 1765/1948/735 1755/1937/1030
f 1757/1939/1032 1767/1950/743 1766/1949/1038 1756/1938/1031
f 1758/1940/1033 1768/1951/1039 1767/1950/743 1757/1939/1032
f 1759/1941/1034 1769/1952/741 1768/1951/1039 1758/1940/1033
f 1760/1942/1035 1770/1953/740 1769/1952/741 1759/1941/1034
f 1761/1943/1036 1771/1954/739 1770/1953/740 1760/1942/1035
f 1762/1934/1037 1772/1945/738 1771/1954/739 1761/1943/1036
f 1763/1944/737 1773/1955/747 1782/1956/738 1772/1945/738
f 1764/1946/736 1774/1957/746 1773/1958/747 1763/1947/737
f 1765/1948/735 1775/1959/745 1774/1957/746 1764/1946/736
f 1766/1949/1038 1776/1960/744 1775/1959/745 1765/1948/735
f 1767/1950/743 1777/1961/743 1776/1960/744 1766/1949/1038
f 1768/1951/1039 1778/1962/751 1777/1961/743 1767/1950/743
f 1769/1952/741 1779/1963/750 1778/1962/751 1768/1951/1039
f 1770/1953/740 1780/1964/749 1779/1963/750 1769/1952/741
f 1771/1954/739 1781/1965/748 1780/1964/749 1770/1953/740
f 1772/1945/738 1782/1956/738 1781/1965/748 1771/1954/739
f 1773/1955/747 1783/1966/747 1792/1967/738 1782/1956/738
f 1774/1957/746 1784/1968/746 1783/1969/747 1773/1958/747
f 1775/1959/745 1785/1970/745 1784/1968/746 1774/1957/746
f 1776/1960/744 1786/1971/744 1785/1970/745 1775/1959/745
f 1777/1961/743 1787/1972/743 1786/1971/744 1776/1960/744
f 1778/1962/751 1788/1973/751 1787/1972/743 1777/1961/743
f 1779/1963/750 1789/1974/750 1788/1973/751 1778/1962/751
f 1780/1964/749 1790/1975/749 1789/1974/750 1779/1963/750
f 1781/1965/748 1791/1976/748 1790/1975/749 1780/1964/749
f 1782/1956/738 1792/1967/738 1791/1976/748 1781/1965/748
f 1783/1966/747 1793/1977/747 1802/1978/738 1792/1967/738
f 1784/1968/746 1794/1979/746 1793/1980/747 1783/1969/747
f 1785/1970/745 1795/1981/745 1794/1979/746 1784/1968/746
f 1786/1971/744 1796/1982/744 1795/1981/745 1785/1970/745
f 1787/1972/743 1797/1983/743 1796/1982/744 1786/1971/744
f 1788/1973/751 1798/1984/751 1797/1983/743 1787/1972/743
f 1789/1974/750 1799/1985/750 1798/1984/751 1788/1973/751
f 1790/1975/749 1800/1986/749 1799/1985/750 1789/1974/750
f 1791/1976/748 1801/1987/748 1800/1986/749 1790/1975/749
f 1792/1967/738 1802/1978/738 1801/1987/748 1791/1976/748
f 1793/1977/747 1803/1988/747 1812/1989/738 1802/1978/738
f 1794/1979/746 1804/1990/746 1803/1991/747 1793/1980/747
f 1795/1981/745 1805/1992/745 1804/1990/746 1794/1979/746
f 1796/1982/744 1806/1993/744 1805/1992/745 1795/1981/745
f 1797/1983/743 1807/1994/743 1806/1993/744 1796/1982/744
f 1798/1984/751 1808/1995/751 1807/1994/743 1797/1983/743
f 1799/1985/750 1809/1996/750 1808/1995/751 1798/1984/751
f 1800/1986/749 1810/1997/749 1809/1996/750 1799/1985/750
f 1801/1987/748 1811/1998/748 1810/1997/749 1800/1986/749
f 1802/1978/738 1812/1989/738 1811/1998/748 1801/1987/748
f 1803/1988/747 1813/1999/747 1822/2000/738 1812/1989/738
f 1804/1990/746 1814/2001/746 1813/2002/747 1803/1991/747
f 1805/1992/745 1815/2003/745 1814/2001/746 1804/1990/746
f 1806/1993/744 1816/2004/744 1815/2003/745 1805/1992/745
f 1807/1994/743 1817/2005/743 1816/2004/744 1806/1993/744
f 1808/1995/751 1818/2006/751 1817/2005/743 1807/1994/743
f 1809/1996/750 1819/2007/750 1818/2006/751 1808/1995/751
f 1810/1997/749 1820/2008/749 1819/2007/750 1809/1996/750
f 1811/1998/748 1821/2009/748 1820/2008/749 1810/1997/749
f 1812/1989/738 1822/2000/738 1821/2009/748 1811/1998/748
f 1813/1999/747 1823/2010/747 1832/2011/738 1822/2000/738
f 1814/2001/746 1824/2012/746 1823/2013/747 1813/2002/747
f 1815/2003/745 1825/2014/745 1824/2012/746 1814/2001/746
f 1816/2004/744 1826/2015/744 1825/2014/745 1815/2003/745
f 1817/2005/743 1827/2016/743 1826/2015/744 1816/2004/744
f 1818/2006/751 1828/2017/751 1827/2016/743 1817/2005/743
f 1819/2007/750 1829/2018/750 1828/2017/751 1818/2006/751
f 1820/2008/749 1830/2019/749 1829/2018/750 1819/2007/750
f 1821/2009/748 1831/2020/748 1830/2019/749 1820/2008/749
f 1822/2000/738 1832/2011/738 1831/2020/748 1821/2009/748
f 1823/2010/747 1833/2021/747 1842/2022/738 1832/2011/738
f 1824/2012/746 1834/2023/746 1833/2024/747 1823/2013/747
f 1825/2014/745 1835/2025/745 1834/2023/746 1824/2012/746
f 1826/2015/744 1836/2026/744 1835/2025/745 1825/2014/745
f 1827/2016/743 1837/2027/743 1836/2026/744 1826/2015/744
f 1828/2017/751 1838/2028/751 1837/2027/743 1827/2016/743
f 1829/2018/750 1839/2029/750 1838/2028/751 1828/2017/751
f 1830/2019/749 1840/2030/749 1839/2029/750 1829/2018/750
f 1831/2020/748 1841/2031/748 1840/2030/749 1830/2019/749
f 1832/2011/738 1842/2022/738 1841/2031/748 1831/2020/748
f 1833/2021/747 1843/2032/747 1852/2033/738 1842/2022/738
f 1834/2023/746 1844/2034/746 1843/2035/747 1833/2024/747
f 1835/2025/745 1845/2036/745 1844/2034/746 1834/2023/746
f 1836/2026/744 1846/2037/744 1845/2036/745 1835/2025/745
f 1837/2027/743 1847/2038/743 1846/2037/744 1836/2026/744
f 1838/2028/751 1848/2039/751 1847/2038/743 1837/2027/743
f 1839/2029/750 1849/2040/750 1848/2039/751 1838/2028/751
f 1840/2030/749 1850/2041/749 1849/2040/750 1839/2029/750
f 1841/2031/748 1851/2042/748 1850/2041/749 1840/2030/749
f 1842/2022/738 1852/2033/738 1851/2042/748 1841/2031/748
f 1843/2032/747 1853/2043/747 1862/2044/738 1852/2033/738
f 1844/2034/746 1854/2045/746 1853/2046/747 1843/2035/747
f 1845/2036/745 1855/2047/745 1854/2045/746 1844/2034/746
f 1846/2037/744 1856/2048/744 1855/2047/745 1845/2036/745
f 1847/2038/743 1857/2049/743 1856/2048/744 1846/2037/744
f 1848/2039/751 1858/2050/751 1857/2049/743 1847/2038/743
f 1849/2040/750 1859/2051/750 1858/2050/751 1848/2039/751
f 1850/2041/749 1860/2052/749 1859/2051/750 1849/2040/750
f 1851/2042/748 1861/2053/748 1860/2052/749 1850/2041/749
f 1852/2033/738 1862/2044/738 1861/2053/748 1851/2042/748
f 1853/2043/747 1863/2054/747 1872/2055/738 1862/2044/738
f 1854/2045/746 1864/2056/746 1863/2057/747 1853/2046/747
f 1855/2047/745 1865/2058/745 1864/2056/746 1854/2045/746
f 1856/2048/744 1866/2059/744 1865/2058/745 1855/2047/745
f 1857/2049/743 1867/2060/743 1866/2059/744 1856/2048/744
f 1858/2050/751 1868/2061/751 1867/2060/743 1857/2049/743
f 1859/2051/750 1869/2062/750 1868/2061/751 1858/2050/751
f 1860/2052/749 1870/2063/749 1869/2062/750 1859/2051/750
f 1861/2053/748 1871/2064/748 1870/2063/749 1860/2052/749
f 1862/2044/738 1872/2055/738 1871/2064/748 1861/2053/748
f 1863/2054/747 1873/2065/747 1882/2066/738 1872/2055/738
f 1864/2056/746 1874/2067/746 1873/2068/747 1863/2057/747
f 1865/2058/745 1875/2069/745 1874/2067/746 1864/2056/746
f 1866/2059/744 1876/2070/744 1875/2069/745 1865/2058/745
f 1867/2060/743 1877/2071/743 1876/2070/744 1866/2059/744
f 1868/2061/751 1878/2072/751 1877/2071/743 1867/2060/743
f 1869/2062/750 1879/2073/750 1878/2072/751 1868/2061/751
f 1870/2063/749 1880/2074/749 1879/2073/750 1869/2062/750
f 1871/2064/748 1881/2075/748 1880/2074/749 1870/2063/749
f 1872/2055/738 1882/2066/738 1881/2075/748 1871/2064/748
f 1873/2065/747 1883/2076/747 1892/2077/738 1882/2066/738
f 1874/2067/746 1884/2078/746 1883/2079/747 1873/2068/747
f 1875/2069/745 1885/2080/745 1884/2078/746 1874/2067/746
f 1876/2070/744 1886/2081/744 1885/2080/745 1875/2069/745
f 1877/2071/743 1887/2082/743 1886/2081/744 1876/2070/744
f 1878/2072/751 1888/2083/751 1887/2082/743 1877/2071/743
f 1879/2073/750 1889/2084/750 1888/2083/751 1878/2072/751
f 1880/2074/749 1890/2085/749 1889/2084/750 1879/2073/750
f 1881/2075/748 1891/2086/748 1890/2085/749 1880/2074/749
f 1882/2066/738 1892/2077/738 1891/2086/748 1881/2075/748
f 1883/2076/747 1893/2087/747 1902/2088/738 1892/2077/738
f 1884/2078/746 1894/2089/746 1893/2090/747 1883/2079/747
f 1885/2080/745 1895/2091/745 1894/2089/746 1884/2078/746
f 1886/2081/744 1896/2092/744 1895/2091/745 1885/2080/745
f 1887/2082/743 1897/2093/743 1896/2092/744 1886/2081/744
f 1888/2083/751 1898/2094/751 1897/2093/743 1887/2082/743
f 1889/2084/750 1899/2095/750 1898/2094/751 1888/2083/751
f 1890/2085/749 1900/2096/749 1899/2095/750 1889/2084/750
f 1891/2086/748 1901/2097/748 1900/2096/749 1890/2085/749
f 1892/2077/738 1902/2088/738 1901/2097/748 1891/2086/748
f 1893/2087/747 1903/2098/737 1912/2099/738 1902/2088/738
f 1894/2089/746 1904/2100/736 1903/2101/737 1893/2090/747
f 1895/2091/745 1905/2102/735 1904/2100/736 1894/2089/746
f 1896/2092/744 1906/2103/1038 1905/2102/735 1895/2091/745
f 1897/2093/743 1907/2104/743 1906/2103/1038 1896/2092/744
f 1898/2094/751 1908/2105/1039 1907/2104/743 1897/2093/743
f 1899/2095/750 1909/2106/741 1908/2105/1039 1898/2094/751
f 1900/2096/749 1910/2107/740 1909/2106/741 1899/2095/750
f 1901/2097/748 1911/2108/1040 1910/2107/740 1900/2096/749
f 1902/2088/738 1912/2099/738 1911/2108/1040 1901/2097/748
f 1903/2098/737 1913/2109/1041 1922/2110/1050 1912/2099/738
f 1904/2100/736 1914/2111/1042 1913/2112/1041 1903/2101/737
f 1905/2102/735 1915/2113/1043 1914/2111/1042 1904/2100/736
f 1906/2103/1038 1916/2114/1044 1915/2113/1043 1905/2102/735
f 1907/2104/743 1917/2115/1045 1916/2114/1044 1906/2103/1038
f 1908/2105/1039 1918/2116/1046 1917/2115/1045 1907/2104/743
f 1909/2106/741 1919/2117/1047 1918/2116/1046 1908/2105/1039
f 1910/2107/740 1920/2118/1048 1919/2117/1047 1909/2106/741
f 1911/2108/1040 1921/2119/1049 1920/2118/1048 1910/2107/740
f 1912/2099/738 1922/2110/1050 1921/2119/1049 1911/2108/1040
f 1913/2109/1041 1923/2120/1051 1932/2121/1060 1922/2110/1050
f 1914/2111/1042 1924/2122/1052 1923/2123/1051 1913/2112/1041
f 1915/2113/1043 1925/2124/1053 1924/2122/1052 1914/2111/1042
f 1916/2114/1044 1926/2125/1054 1925/2124/1053 1915/2113/1043
f 1917/2115/1045 1927/2126/1055 1926/2125/1054 1916/2114/1044
f 1918/2116/1046 1928/2127/1056 1927/2126/1055 1917/2115/1045
f 1919/2117/1047 1929/2128/1057 1928/2127/1056 1918/2116/1046
f 1920/2118/1048 1930/2129/1058 1929/2128/1057 1919/2117/1047
f 1921/2119/1049 1931/2130/1059 1930/2129/1058 1920/2118/1048
f 1922/2110/1050 1932/2121/1060 1931/2130/1059 1921/2119/1049
f 1923/2120/1051 1933/2131/1061 1942/2132/776 1932/2121/1060
f 1924/2122/1052 1934/2133/1062 1933/2134/1061 1923/2123/1051
f 1925/2124/1053 1935/2135/1063 1934/2133/1062 1924/2122/1052
f 1926/2125/1054 1936/2136/1064 1935/2135/1063 1925/2124/1053
f 1927/2126/1055 1937/2137/781 1936/2136/1064 1926/2125/1054
f 1928/2127/1056 1938/2138/1065 1937/2137/781 1927/2126/1055
f 1929/2128/1057 1939/2139/1066 1938/2138/1065 1928/2127/1056
f 1930/2129/1058 1940/2140/1067 1939/2139/1066 1929/2128/1057
f 1931/2130/1059 1941/2141/1068 1940/2140/1067 1930/2129/1058
f 1932/2121/1060 1942/2132/776 1941/2141/1068 1931/2130/1059
f 1933/2131/1061 1943/2142/1069 1952/2143/786 1942/2132/776
f 1934/2133/1062 1944/2144/1070 1943/2145/1069 1933/2134/1061
f 1935/2135/1063 1945/2146/1071 1944/2144/1070 1934/2133/1062
f 1936/2136/1064 1946/2147/1072 1945/2146/1071 1935/2135/1063
f 1937/2137/781 1947/2148/791 1946/2147/1072 1936/2136/1064
f 1938/2138/1065 1948/2149/1073 1947/2148/791 1937/2137/781
f 1939/2139/1066 1949/2150/1074 1948/2149/1073 1938/2138/1065
f 1940/2140/1067 1950/2151/1075 1949/2150/1074 1939/2139/1066
f 1941/2141/1068 1951/2152/1076 1950/2151/1075 1940/2140/1067
f 1942/2132/776 1952/2143/786 1951/2152/1076 1941/2141/1068
f 1943/2142/1069 1953/2153/1077 1962/2154/796 1952/2143/786
f 1944/2144/1070 1954/2155/1078 1953/2156/1077 1943/2145/1069
f 1945/2146/1071 1955/2157/1079 1954/2155/1078 1944/2144/1070
f 1946/2147/1072 1956/2158/1080 1955/2157/1079 1945/2146/1071
f 1947/2148/791 1957/2159/801 1956/2158/1080 1946/2147/1072
f 1948/2149/1073 1958/2160/1081 1957/2159/801 1947/2148/791
f 1949/2150/1074 1959/2161/1082 1958/2160/1081 1948/2149/1073
f 1950/2151/1075 1960/2162/1083 1959/2161/1082 1949/2150/1074
f 1951/2152/1076 1961/2163/1084 1960/2162/1083 1950/2151/1075
f 1952/2143/786 1962/2154/796 1961/2163/1084 1951/2152/1076
f 1953/2153/1077 1963/2164/1085 1972/2165/806 1962/2154/796
f 1954/2155/1078 1964/2166/1086 1963/2167/1085 1953/2156/1077
f 1955/2157/1079 1965/2168/1087 1964/2166/1086 1954/2155/1078
f 1956/2158/1080 1966/2169/1088 1965/2168/1087 1955/2157/1079
f 1957/2159/801 1967/2170/811 1966/2169/1088 1956/2158/1080
f 1958/2160/1081 1968/2171/1089 1967/2170/811 1957/2159/801
f 1959/2161/1082 1969/2172/1090 1968/2171/1089 1958/2160/1081
f 1960/2162/1083 1970/2173/1091 1969/2172/1090 1959/2161/1082
f 1961/2163/1084 1971/2174/1092 1970/2173/1091 1960/2162/1083
f 1962/2154/796 1972/2165/806 1971/2174/1092 1961/2163/1084
f 1963/2164/1085 1973/2175/1093 1982/2176/816 1972/2165/806
f 1964/2166/1086 1974/2177/1094 1973/2178/1093 1963/2167/1085
f 1965/2168/1087 1975/2179/1095 1974/2177/1094 1964/2166/1086
f 1966/2169/1088 1976/2180/1096 1975/2179/1095 1965/2168/1087
f 1967/2170/811 1977/2181/821 1976/2180/1096 1966/2169/1088
f 1968/2171/1089 1978/2182/1097 1977/2181/821 1967/2170/811
f 1969/2172/1090 1979/2183/1098 1978/2182/1097 1968/2171/1089
f 1970/2173/1091 1980/2184/1099 1979/2183/1098 1969/2172/1090
f 1971/2174/1092 1981/2185/1100 1980/2184/1099 1970/2173/1091
f 1972/2165/806 1982/2176/816 1981/2185/1100 1971/2174/1092
f 1973/2175/1093 1983/2186/1101 1992/2187/826 1982/2176/816
f 1974/2177/1094 1984/2188/1102 1983/2189/1101 1973/2178/1093
f 1975/2179/1095 1985/2190/1103 1984/2188/1102 1974/2177/1094
f 1976/2180/1096 1986/2191/1104 1985/2190/1103 1975/2179/1095
f 1977/2181/821 1987/2192/831 1986/2191/1104 1976/2180/1096
f 1978/2182/1097 1988/2193/1105 1987/2192/831 1977/2181/821
f 1979/2183/1098 1989/2194/1106 1988/2193/1105 1978/2182/1097
f 1980/2184/1099 1990/2195/1107 1989/2194/1106 1979/2183/1098
f 1981/2185/1100 1991/2196/1108 1990/2195/1107 1980/2184/1099
f 1982/2176/816 1992/2187/826 1991/2196/1108 1981/2185/1100
f 1983/2186/1101 1993/2197/1109 2002/2198/836 1992/2187/826
f 1984/2188/1102 1994/2199/1110 1993/2200/1109 1983/2189/1101
f 1985/2190/1103 1995/2201/1111 1994/2199/1110 1984/2188/1102
f 1986/2191/1104 1996/2202/1112 1995/2201/1111 1985/2190/1103
f 1987/2192/831 1997/2203/841 1996/2202/1112 1986/2191/1104
f 1988/2193/1105 1998/2204/1113 1997/2203/841 1987/2192/831
f 1989/2194/1106 1999/2205/1114 1998/2204/1113 1988/2193/1105
f 1990/2195/1107 2000/2206/1115 1999/2205/1114 1989/2194/1106
f 1991/2196/1108 2001/2207/1116 2000/2206/1115 1990/2195/1107
f 1992/2187/826 2002/2198/836 2001/2207/1116 1991/2196/1108
f 1993/2197/1109 2003/2208/1117 2012/2209/846 2002/2198/836
f 1994/2199/1110 2004/2210/1118 2003/2211/1117 1993/2200/1109
f 1995/2201/1111 2005/2212/1119 2004/2210/1118 1994/2199/1110
f 1996/2202/1112 2006/2213/1120 2005/2212/1119 1995/2201/1111
f 1997/2203/841 2007/2214/851 2006/2213/1120 1996/2202/1112
f 1998/2204/1113 2008/2215/1121 2007/2214/851 1997/2203/841
f 1999/2205/1114 2009/2216/1122 2008/2215/1121 1998/2204/1113
f 2000/2206/1115 2010/2217/1123 2009/2216/1122 1999/2205/1114
f 2001/2207/1116 2011/2218/1124 2010/2217/1123 2000/2206/1115
f 2002/2198/836 2012/2209/846 2011/2218/1124 2001/2207/1116
f 2003/2208/1117 2013/2219/1125 2022/2220/856 2012/2209/846
f 2004/2210/1118 2014/2221/1126 2013/2222/1125 2003/2211/1117
f 2005/2212/1119 2015/2223/1127 2014/2221/1126 2004/2210/1118
f 2006/2213/1120 2016/2224/1128 2015/2223/1127 2005/2212/1119
f 2007/2214/851 2017/2225/861 2016/2224/1128 2006/2213/1120
f 2008/2215/1121 2018/2226/1129 2017/2225/861 2007/2214/851
f 2009/2216/1122 2019/2227/1130 2018/2226/1129 2008/2215/1121
f 2010/2217/1123 2020/2228/1131 2019/2227/1130 2009/2216/1122
f 2011/2218/1124 2021/2229/1132 2020/2228/1131 2010/2217/1123
f 2012/2209/846 2022/2220/856 2021/2229/1132 2011/2218/1124
f 2013/2219/1125 2023/2230/1133 2032/2231/1142 2022/2220/856
f 2014/2221/1126 2024/2232/1134 2023/2233/1133 2013/2222/1125
f 2015/2223/1127 2025/2234/1135 2024/2232/1134 2014/2221/1126
f 2016/2224/1128 2026/2235/1136 2025/2234/1135 2015/2223/1127
f 2017/2225/861 2027/2236/1137 2026/2235/1136 2016/2224/1128
f 2018/2226/1129 2028/2237/1138 2027/2236/1137 2017/2225/861
f 2019/2227/1130 2029/2238/1139 2028/2237/1138 2018/2226/1129
f 2020/2228/1131 2030/2239/1140 2029/2238/1139 2019/2227/1130
f 2021/2229/1132 2031/2240/1141 2030/2239/1140 2020/2228/1131
f 2022/2220/856 2032/2231/1142 2031/2240/1141 2021/2229/1132
f 2023/2230/1133 2033/2241/1143 2042/2242/1152 2032/2231/1142
f 2024/2232/1134 2034/2243/1144 2033/2244/1143 2023/2233/1133
f 2025/2234/1135 2035/2245/1145 2034/2243/1144 2024/2232/1134
f 2026/2235/1136 2036/2246/1146 2035/2245/1145 2025/2234/1135
f 2027/2236/1137 2037/2247/1147 2036/2246/1146 2026/2235/1136
f 2028/2237/1138 2038/2248/1148 2037/2247/1147 2027/2236/1137
f 2029/2238/1139 2039/2249/1149 2038/2248/1148 2028/2237/1138
f 2030/2239/1140 2040/2250/1150 2039/2249/1149 2029/2238/1139
f 2031/2240/1141 2041/2251/1151 2040/2250/1150 2030/2239/1140
f 2032/2231/1142 2042/2242/1152 2041/2251/1151 2031/2240/1141
f 2033/2241/1143 2043/2252/903 2052/2253/904 2042/2242/1152
f 2034/2243/1144 2044/2254/884 2043/2255/903 2033/2244/1143
f 2035/2245/1145 2045/2256/883 2044/2254/884 2034/2243/1144
f 2036/2246/1146 2046/2257/902 2045/2256/883 2035/2245/1145
f 2037/2247/1147 2047/2258/907 2046/2257/902 2036/2246/1146
f 2038/2248/1148 2048/2259/906 2047/2258/907 2037/2247/1147
f 2039/2249/1149 2049/2260/889 2048/2259/906 2038/2248/1148
f 2040/2250/1150 2050/2261/888 2049/2260/889 2039/2249/1149
f 2041/2251/1151 2051/2262/905 2050/2261/888 2040/2250/1150
f 2042/2242/1152 2052/2253/904 2051/2262/905 2041/2251/1151
f 2043/2252/903 2053/2263/895 2062/2264/896 2052/2253/904
f 2044/2254/884 2054/2265/894 2053/2266/895 2043/2255/903
f 2045/2256/883 2055/2267/893 2054/2265/894 2044/2254/884
f 2046/2257/902 2056/2268/892 2055/2267/893 2045/2256/883
f 2047/2258/907 2057/2269/901 2056/2268/892 2046/2257/902
f 2048/2259/906 2058/2270/900 2057/2269/901 2047/2258/907
f 2049/2260/889 2059/2271/899 2058/2270/900 2048/2259/906
f 2050/2261/888 2060/2272/898 2059/2271/899 2049/2260/889
f 2051/2262/905 2061/2273/897 2060/2272/898 2050/2261/888
f 2052/2253/904 2062/2264/896 2061/2273/897 2051/2262/905
f 2053/2263/895 2063/2274/895 2072/2275/896 2062/2264/896
f 2054/2265/894 2064/2276/894 2063/2277/895 2053/2266/895
f 2055/2267/893 2065/2278/893 2064/2276/894 2054/2265/894
f 2056/2268/892 2066/2279/892 2065/2278/893 2055/2267/893
f 2057/2269/901 2067/2280/901 2066/2279/892 2056/2268/892
f 2058/2270/900 2068/2281/900 2067/2280/901 2057/2269/901
f 2059/2271/899 2069/2282/899 2068/2281/900 2058/2270/900
f 2060/2272/898 2070/2283/898 2069/2282/899 2059/2271/899
f 2061/2273/897 2071/2284/897 2070/2283/898 2060/2272/898
f 2062/2264/896 2072/2275/896 2071/2284/897 2061/2273/897
f 2063/2274/895 2073/2285/895 2082/2286/896 2072/2275/896
f 2064/2276/894 2074/2287/894 2073/2288/895 2063/2277/895
f 2065/2278/893 2075/2289/893 2074/2287/894 2064/2276/894
f 2066/2279/892 2076/2290/892 2075/2289/893 2065/2278/893
f 2067/2280/901 2077/2291/901 2076/2290/892 2066/2279/892
f 2068/2281/900 2078/2292/900 2077/2291/901 2067/2280/901
f 2069/2282/899 2079/2293/899 2078/2292/900 2068/2281/900
f 2070/2283/898 2080/2294/898 2079/2293/899 2069/2282/899
f 2071/2284/897 2081/2295/897 2080/2294/898 2070/2283/898
f 2072/2275/896 2082/2286/896 2081/2295/897 2071/2284/897
f 2073/2285/895 2083/2296/895 2092/2297/896 2082/2286/896
f 2074/2287/894 2084/2298/894 2083/2299/895 2073/2288/895
f 2075/2289/893 2085/2300/893 2084/2298/894 2074/2287/894
f 2076/2290/892 2086/2301/892 2085/2300/893 2075/2289/893
f 2077/2291/901 2087/2302/901 2086/2301/892 2076/2290/892
f 2078/2292/900 2088/2303/900 2087/2302/901 2077/2291/901
f 2079/2293/899 2089/2304/899 2088/2303/900 2078/2292/900
f 2080/2294/898 2090/2305/898 2089/2304/899 2079/2293/899
f 2081/2295/897 2091/2306/897 2090/2305/898 2080/2294/898
f 2082/2286/896 2092/2297/896 2091/2306/897 2081/2295/897
f 2083/2296/895 2093/2307/895 2102/2308/896 2092/2297/896
f 2084/2298/894 2094/2309/894 2093/2310/895 2083/2299/895
f 2085/2300/893 2095/2311/893 2094/2309/894 2084/2298/894
f 2086/2301/892 2096/2312/892 2095/2311/893 2085/2300/893
f 2087/2302/901 2097/2313/901 2096/2312/892 2086/2301/892
f 2088/2303/900 2098/2314/900 2097/2313/901 2087/2302/901
f 2089/2304/899 2099/2315/899 2098/2314/900 2088/2303/900
f 2090/2305/898 2100/2316/898 2099/2315/899 2089/2304/899
f 2091/2306/897 2101/2317/897 2100/2316/898 2090/2305/898
f 2092/2297/896 2102/2308/896 2101/2317/897 2091/2306/897
f 2093/2307/895 2103/2318/895 2112/2319/896 2102/2308/896
f 2094/2309/894 2104/2320/894 2103/2321/895 2093/2310/895
f 2095/2311/893 2105/2322/893 2104/2320/894 2094/2309/894
f 2096/2312/892 2106/2323/892 2105/2322/893 2095/2311/893
f 2097/2313/901 2107/2324/901 2106/2323/892 2096/2312/892
f 2098/2314/900 2108/2325/900 2107/2324/901 2097/2313/901
f 2099/2315/899 2109/2326/899 2108/2325/900 2098/2314/900
f 2100/2316/898 2110/2327/898 2109/2326/899 2099/2315/899
f 2101/2317/897 2111/2328/897 2110/2327/898 2100/2316/898
f 2102/2308/896 2112/2319/896 2111/2328/897 2101/2317/897
f 2103/2318/895 2113/2329/895 2122/2330/896 2112/2319/896
f 2104/2320/894 2114/2331/894 2113/2332/895 2103/2321/895
f 2105/2322/893 2115/2333/893 2114/2331/894 2104/2320/894
f 2106/2323/892 2116/2334/892 2115/2333/893 2105/2322/893
f 2107/2324/901 2117/2335/901 2116/2334/892 2106/2323/892
f 2108/2325/900 2118/2336/900 2117/2335/901 2107/2324/901
f 2109/2326/899 2119/2337/899 2118/2336/900 2108/2325/900
f 2110/2327/898 2120/2338/898 2119/2337/899 2109/2326/899
f 2111/2328/897 2121/2339/897 2120/2338/898 2110/2327/898
f 2112/2319/896 2122/2330/896 2121/2339/897 2111/2328/897
f 2113/2329/895 2123/2340/895 2132/2341/896 2122/2330/896
f 2114/2331/894 2124/2342/894 2123/2343/895 2113/2332/895
f 2115/2333/893 2125/2344/893 2124/2342/894 2114/2331/894
f 2116/2334/892 2126/2345/892 2125/2344/893 2115/2333/893
f 2117/2335/901 2127/2346/901 2126/2345/892 2116/2334/892
f 2118/2336/900 2128/2347/900 2127/2346/901 2117/2335/901
f 2119/2337/899 2129/2348/899 2128/2347/900 2118/2336/900
f 2120/2338/898 2130/2349/898 2129/2348/899 2119/2337/899
f 2121/2339/897 2131/2350/897 2130/2349/898 2120/2338/898
f 2122/2330/896 2132/2341/896 2131/2350/897 2121/2339/897
f 2123/2340/895 2133/2351/895 2142/2352/896 2132/2341/896
f 2124/2342/894 2134/2353/894 2133/2354/895 2123/2343/895
f 2125/2344/893 2135/2355/893 2134/2353/894 2124/2342/894
f 2126/2345/892 2136/2356/892 2135/2355/893 2125/2344/893
f 2127/2346/901 2137/2357/901 2136/2356/892 2126/2345/892
f 2128/2347/900 2138/2358/900 2137/2357/901 2127/2346/901
f 2129/2348/899 2139/2359/899 2138/2358/900 2128/2347/900
f 2130/2349/898 2140/2360/898 2139/2359/899 2129/2348/899
f 2131/2350/897 2141/2361/897 2140/2360/898 2130/2349/898
f 2132/2341/896 2142/2352/896 2141/2361/897 2131/2350/897
f 2133/2351/895 2143/2362/885 2152/2363/886 2142/2352/896
f 2134/2353/894 2144/2364/884 2143/2365/885 2133/2354/895
f 2135/2355/893 2145/2366/883 2144/2364/884 2134/2353/894
f 2136/2356/892 2146/2367/882 2145/2366/883 2135/2355/893
f 2137/2357/901 2147/2368/891 2146/2367/882 2136/2356/892
f 2138/2358/900 2148/2369/890 2147/2368/891 2137/2357/901
f 2139/2359/899 2149/2370/889 2148/2369/890 2138/2358/900
f 2140/2360/898 2150/2371/888 2149/2370/889 2139/2359/899
f 2141/2361/897 2151/2372/887 2150/2371/888 2140/2360/898
f 2142/2352/896 2152/2363/886 2151/2372/887 2141/2361/897
f 2143/2362/885 2153/2373/1153 2162/2374/1162 2152/2363/886
f 2144/2364/884 2154/2375/1154 2153/2376/1153 2143/2365/885
f 2145/2366/883 2155/2377/1155 2154/2375/1154 2144/2364/884
f 2146/2367/882 2156/2378/1156 2155/2377/1155 2145/2366/883
f 2147/2368/891 2157/2379/1157 2156/2378/1156 2146/2367/882
f 2148/2369/890 2158/2380/1158 2157/2379/1157 2147/2368/891
f 2149/2370/889 2159/2381/1159 2158/2380/1158 2148/2369/890
f 2150/2371/888 2160/2382/1160 2159/2381/1159 2149/2370/889
f 2151/2372/887 2161/2383/1161 2160/2382/1160 2150/2371/888
f 2152/2363/886 2162/2374/1162 2161/2383/1161 2151/2372/887
f 2153/2373/1153 2163/2384/1163 2172/2385/1172 2162/2374/1162
f 2154/2375/1154 2164/2386/1164 2163/2387/1163 2153/2376/1153
f 2155/2377/1155 2165/2388/1165 2164/2386/1164 2154/2375/1154
f 2156/2378/1156 2166/2389/1166 2165/2388/1165 2155/2377/1155
f 2157/2379/1157 2167/2390/1167 2166/2389/1166 2156/2378/1156
f 2158/2380/1158 2168/2391/1168 2167/2390/1167 2157/2379/1157
f 2159/2381/1159 2169/2392/1169 2168/2391/1168 2158/2380/1158
f 2160/2382/1160 2170/2393/1170 2169/2392/1169 2159/2381/1159
f 2161/2383/1161 2171/2394/1171 2170/2393/1170 2160/2382/1160
f 2162/2374/1162 2172/2385/1172 2171/2394/1171 2161/2383/1161
f 2163/2384/1163 2173/2395/1173 2182/2396/932 2172/2385/1172
f 2164/2386/1164 2174/2397/1174 2173/2398/1173 2163/2387/1163
f 2165/2388/1165 2175/2399/1175 2174/2397/1174 2164/2386/1164
f 2166/2389/1166 2176/2400/1176 2175/2399/1175 2165/2388/1165
f 2167/2390/1167 2177/2401/937 2176/2400/1176 2166/2389/1166
f 2168/2391/1168 2178/2402/1177 2177/2401/937 2167/2390/1167
f 2169/2392/1169 2179/2403/1178 2178/2402/1177 2168/2391/1168
f 2170/2393/1170 2180/2404/1179 2179/2403/1178 2169/2392/1169
f 2171/2394/1171 2181/2405/1180 2180/2404/1179 2170/2393/1170
f 2172/2385/1172 2182/2396/932 2181/2405/1180 2171/2394/1171
f 2173/2395/1173 2183/2406/1181 2192/2407/942 2182/2396/932
f 2174/2397/1174 2184/2408/1182 2183/2409/1181 2173/2398/1173
f 2175/2399/1175 2185/2410/1183 2184/2408/1182 2174/2397/1174
f 2176/2400/1176 2186/2411/1184 2185/2410/1183 2175/2399/1175
f 2177/2401/937 2187/2412/947 2186/2411/1184 2176/2400/1176
f 2178/2402/1177 2188/2413/1185 2187/2412/947 2177/2401/937
f 2179/2403/1178 2189/2414/1186 2188/2413/1185 2178/2402/1177
f 2180/2404/1179 2190/2415/1187 2189/2414/1186 2179/2403/1178
f 2181/2405/1180 2191/2416/1188 2190/2415/1187 2180/2404/1179
f 2182/2396/932 2192/2407/942 2191/2416/1188 2181/2405/1180
f 2183/2406/1181 2193/2417/1189 2202/2418/952 2192/2407/942
f 2184/2408/1182 2194/2419/1190 2193/2420/1189 2183/2409/1181
f 2185/2410/1183 2195/2421/1191 2194/2419/1190 2184/2408/1182
f 2186/2411/1184 2196/2422/1192 2195/2421/1191 2185/2410/1183
f 2187/2412/947 2197/2423/957 2196/2422/1192 2186/2411/1184
f 2188/2413/1185 2198/2424/1193 2197/2423/957 2187/2412/947
f 2189/2414/1186 2199/2425/1194 2198/2424/1193 2188/2413/1185
f 2190/2415/1187 2200/2426/1195 2199/2425/1194 2189/2414/1186
f 2191/2416/1188 2201/2427/1196 2200/2426/1195 2190/2415/1187
f 2192/2407/942 2202/2418/952 2201/2427/1196 2191/2416/1188
f 2193/2417/1189 2203/2428/1197 2212/2429/962 2202/2418/952
f 2194/2419/1190 2204/2430/1198 2203/2431/1197 2193/2420/1189
f 2195/2421/1191 2205/2432/1199 2204/2430/1198 2194/2419/1190
f 2196/2422/1192 2206/2433/1200 2205/2432/1199 2195/2421/1191
f 2197/2423/957 2207/2434/967 2206/2433/1200 2196/2422/1192
f 2198/2424/1193 2208/2435/1201 2207/2434/967 2197/2423/957
f 2199/2425/1194 2209/2436/1202 2208/2435/1201 2198/2424/1193
f 2200/2426/1195 2210/2437/1203 2209/2436/1202 2199/2425/1194
f 2201/2427/1196 2211/2438/1204 2210/2437/1203 2200/2426/1195
f 2202/2418/952 2212/2429/962 2211/2438/1204 2201/2427/1196
f 2203/2428/1197 2213/2439/1205 2222/2440/972 2212/2429/962
f 2204/2430/1198 2214/2441/1206 2213/2442/1205 2203/2431/1197
f 2205/2432/1199 2215/2443/1207 2214/2441/1206 2204/2430/1198
f 2206/2433/1200 2216/2444/1208 2215/2443/1207 2205/2432/1199
f 2207/2434/967 2217/2445/977 2216/2444/1208 2206/2433/1200
f 2208/2435/1201 2218/2446/1209 2217/2445/977 2207/2434/967
f 2209/2436/1202 2219/2447/1210 2218/2446/1209 2208/2435/1201
f 2210/2437/1203 2220/2448/1211 2219/2447/1210 2209/2436/1202
f 2211/2438/1204 2221/2449/1212 2220/2448/1211 2210/2437/1203
f 2212/2429/962 2222/2440/972 2221/2449/1212 2211/2438/1204
f 2213/2439/1205 2223/2450/1213 2232/2451/982 2222/2440/972
f 2214/2441/1206 2224/2452/1214 2223/2453/1213 2213/2442/1205
f 2215/2443/1207 2225/2454/1215 2224/2452/1214 2214/2441/1206
f 2216/2444/1208 2226/2455/1216 2225/2454/1215 2215/2443/1207
f 2217/2445/977 2227/2456/987 2226/2455/1216 2216/2444/1208
f 2218/2446/1209 2228/2457/1217 2227/2456/987 2217/2445/977
f 2219/2447/1210 2229/2458/1218 2228/2457/1217 2218/2446/1209
f 2220/2448/1211 2230/2459/1219 2229/2458/1218 2219/2447/1210
f 2221/2449/1212 2231/2460/1220 2230/2459/1219 2220/2448/1211
f 2222/2440/972 2232/2451/982 2231/2460/1220 2221/2449/1212
f 2223/2450/1213 2233/2461/1221 2242/2462/992 2232/2451/982
f 2224/2452/1214 2234/2463/1222 2233/2464/1221 2223/2453/1213
f 2225/2454/1215 2235/2465/1223 2234/2463/1222 2224/2452/1214
f 2226/2455/1216 2236/2466/1224 2235/2465/1223 2225/2454/1215
f 2227/2456/987 2237/2467/997 2236/2466/1224 2226/2455/1216
f 2228/2457/1217 2238/2468/1225 2237/2467/997 2227/2456/987
f 2229/2458/1218 2239/2469/1226 2238/2468/1225 2228/2457/1217
f 2230/2459/1219 2240/2470/1227 2239/2469/1226 2229/2458/1218
f 2231/2460/1220 2241/2471/1228 2240/2470/1227 2230/2459/1219
f 2232/2451/982 2242/2462/992 2241/2471/1228 2231/2460/1220
f 2233/2461/1221 2243/2472/1229 2252/2473/1002 2242/2462/992
f 2234/2463/1222 2244/2474/1230 2243/2475/1229 2233/2464/1221
f 2235/2465/1223 2245/2476/1231 2244/2474/1230 2234/2463/1222
f 2236/2466/1224 2246/2477/1232 2245/2476/1231 2235/2465/1223
f 2237/2467/997 2247/2478/1007 2246/2477/1232 2236/2466/1224
f 2238/2468/1225 2248/2479/1233 2247/2478/1007 2237/2467/997
f 2239/2469/1226 2249/2480/1234 2248/2479/1233 2238/2468/1225
f 2240/2470/1227 2250/2481/1235 2249/2480/1234 2239/2469/1226
f 2241/2471/1228 2251/2482/1236 2250/2481/1235 2240/2470/1227
f 2242/2462/992 2252/2473/1002 2251/2482/1236 2241/2471/1228
f 2243/2472/1229 2253/2483/1237 2262/2484/1012 2252/2473/1002
f 2244/2474/1230 2254/2485/1238 2253/2486/1237 2243/2475/1229
f 2245/2476/1231 2255/2487/1239 2254/2485/1238 2244/2474/1230
f 2246/2477/1232 2256/2488/1240 2255/2487/1239 2245/2476/1231
f 2247/2478/1007 2257/2489/1017 2256/2488/1240 2246/2477/1232
f 2248/2479/1233 2258/2490/1241 2257/2489/1017 2247/2478/1007
f 2249/2480/1234 2259/2491/1242 2258/2490/1241 2248/2479/1233
f 2250/2481/1235 2260/2492/1243 2259/2491/1242 2249/2480/1234
f 2251/2482/1236 2261/2493/1244 2260/2492/1243 2250/2481/1235
f 2252/2473/1002 2262/2484/1012 2261/2493/1244 2251/2482/1236
f 2253/2483/1237 2263/2494/1245 2272/2495/1254 2262/2484/1012
f 2254/2485/1238 2264/2496/1246 2263/2497/1245 2253/2486/1237
f 2255/2487/1239 2265/2498/1247 2264/2496/1246 2254/2485/1238
f 2256/2488/1240 2266/2499/1248 2265/2498/1247 2255/2487/1239
f 2257/2489/1017 2267/2500/1249 2266/2499/1248 2256/2488/1240
f 2258/2490/1241 2268/2501/1250 2267/2500/1249 2257/2489/1017
f 2259/2491/1242 2269/2502/1251 2268/2501/1250 2258/2490/1241
f 2260/2492/1243 2270/2503/1252 2269/2502/1251 2259/2491/1242
f 2261/2493/1244 2271/2504/1253 2270/2503/1252 2260/2492/1243
f 2262/2484/1012 2272/2495/1254 2271/2504/1253 2261/2493/1244
f 2263/2494/1245 1233/2505/724 1242/2506/733 2272/2495/1254
f 2264/2496/1246 1234/2507/725 1233/2508/724 2263/2497/1245
f 2265/2498/1247 1235/2509/726 1234/2507/725 2264/2496/1246
f 2266/2499/1248 1236/2510/727 1235/2509/726 2265/2498/1247
f 2267/2500/1249 1237/2511/728 1236/2510/727 2266/2499/1248
f 2268/2501/1250 1238/2512/729 1237/2511/728 2267/2500/1249
f 2269/2502/1251 1239/2513/730 1238/2512/729 2268/2501/1250
f 2270/2503/1252 1240/2514/731 1239/2513/730 2269/2502/1251
f 2271/2504/1253 1241/2515/732 1240/2514/731 2270/2503/1252
f 2272/2495/1254 1242/2506/733 1241/2515/732 2271/2504/1253
o StartPad
v 3.500000 3.140123 0.000000
v 3.500000 3.100000 0.040000
v 3.500000 3.111752 0.011716
v 3.500000 3.140123 0.120000
v 3.500000 3.100000 0.080000
v 3.500000 3.111752 0.108284
v 3.334199 3.153172 0.000000
v 3.327922 3.113543 0.040000
v 3.329761 3.125150 0.011716
v 3.334199 3.153172 0.120000
v 3.327922 3.113543 0.080000
v 3.329761 3.125150 0.108284
v 3.172481 3.191997 0.000000
v 3.160081 3.153838 0.040000
v 3.163713 3.165014 0.011716
v 3.172481 3.191997 0.120000
v 3.160081 3.153838 0.080000
v 3.163713 3.165014 0.108284
v 3.018826 3.255643 0.000000
v 3.000610 3.219893 0.040000
v 3.005946 3.230364 0.011716
v 3.018826 3.255643 0.120000
v 3.000610 3.219893 0.080000
v 3.005946 3.230364 0.108284
v 2.877020 3.342542 0.000000
v 2.853436 3.310081 0.040000
v 2.860344 3.319589 0.011716
v 2.877020 3.342542 0.120000
v 2.853436 3.310081 0.080000
v 2.860344 3.319589 0.108284
v 2.750554 3.450554 0.000000
v 2.722183 3.422182 0.040000
v 2.730493 3.430492 0.011716
v 2.750554 3.450554 0.120000
v 2.722183 3.422182 0.080000
v 2.730493 3.430492 0.108284
v 2.642542 3.577020 0.000000
v 2.610081 3.553436 0.040000
v 2.619589 3.560344 0.011716
v 2.642542 3.577020 0.120000
v 2.610081 3.553436 0.080000
v 2.619589 3.560344 0.108284
v 2.555643 3.718826 0.000000
v 2.519893 3.700610 0.040000
v 2.530364 3.705945 0.011716
v 2.555643 3.718826 0.120000
v 2.519893 3.700610 0.080000
v 2.530364 3.705945 0.108284
v 2.491997 3.872480 0.000000
v 2.453838 3.860081 0.040000
v 2.465014 3.863713 0.011716
v 2.491997 3.872480 0.120000
v 2.453838 3.860081 0.080000
v 2.465014 3.863713 0.108284
v 2.453172 4.034198 0.000000
v 2.413543 4.027922 0.040000
v 2.425150 4.029760 0.011716
v 2.453172 4.034198 0.120000
v 2.413543 4.027922 0.080000
v 2.425150 4.029760 0.108284
v 2.440124 4.200000 0.000000
v 2.400000 4.200000 0.040000
v 2.411752 4.200000 0.011716
v 2.440124 4.200000 0.120000
v 2.400000 4.200000 0.080000
v 2.411752 4.200000 0.108284
v 2.453172 4.365801 0.000000
v 2.413543 4.372078 0.040000
v 2.425150 4.370239 0.011716
v 2.453172 4.365801 0.120000
v 2.413543 4.372078 0.080000
v 2.425150 4.370239 0.108284
v 2.491997 4.527519 0.000000
v 2.453838 4.539918 0.040000
v 2.465014 4.536287 0.011716
v 2.491997 4.527519 0.120000
v 2.453838 4.539918 0.080000
v 2.465014 4.536287 0.108284
v 2.555643 4.681174 0.000000
v 2.519893 4.699389 0.040000
v 2.530364 4.694054 0.011716
v 2.555643 4.681174 0.120000
v 2.519893 4.699389 0.080000
v 2.530364 4.694054 0.108284
v 2.642542 4.822979 0.000000
v 2.610081 4.846563 0.040000
v 2.619589 4.839656 0.011716
v 2.642542 4.822979 0.120000
v 2.610081 4.846563 0.080000
v 2.619589 4.839656 0.108284
v 2.750554 4.949446 0.000000
v 2.722183 4.977818 0.040000
v 2.730493 4.969507 0.011716
v 2.750554 4.949446 0.120000
v 2.722183 4.977818 0.080000
v 2.730493 4.969507 0.108284
v 2.877020 5.057458 0.000000
v 2.853436 5.089919 0.040000
v 2.860344 5.080411 0.011716
v 2.877020 5.057458 0.120000
v 2.853436 5.089919 0.080000
v 2.860344 5.080411 0.108284
v 3.018826 5.144357 0.000000
v 3.000610 5.180107 0.040000
v 3.005946 5.169636 0.011716
v 3.018826 5.144357 0.120000
v 3.000610 5.180107 0.080000
v 3.005946 5.169636 0.108284
v 3.172481 5.208002 0.000000
v 3.160081 5.246162 0.040000
v 3.163713 5.234985 0.011716
v 3.172481 5.208002 0.120000
v 3.160081 5.246162 0.080000
v 3.163713 5.234985 0.108284
v 3.334199 5.246827 0.000000
v 3.327922 5.286457 0.040000
v 3.329761 5.274850 0.011716
v 3.334199 5.246827 0.120000
v 3.327922 5.286457 0.080000
v 3.329761 5.274850 0.108284
v 3.500000 5.259876 0.000000
v 3.500000 5.300000 0.040000
v 3.500000 5.288248 0.011716
v 3.500000 5.259876 0.120000
v 3.500000 5.300000 0.080000
v 3.500000 5.288248 0.108284
v 3.665801 5.246827 0.000000
v 3.672078 5.286457 0.040000
v 3.670239 5.274850 0.011716
v 3.665801 5.246827 0.120000
v 3.672078 5.286457 0.080000
v 3.670239 5.274850 0.108284
v 3.827519 5.208002 0.000000
v 3.839919 5.246162 0.040000
v 3.836287 5.234985 0.011716
v 3.827519 5.208002 0.120000
v 3.839919 5.246162 0.080000
v 3.836287 5.234985 0.108284
v 3.981174 5.144357 0.000000
v 3.999390 5.180107 0.040000
v 3.994054 5.169636 0.011716
v 3.981174 5.144357 0.120000
v 3.999390 5.180107 0.080000
v 3.994054 5.169636 0.108284
v 4.122980 5.057458 0.000000
v 4.146564 5.089919 0.040000
v 4.139656 5.080411 0.011716
v 4.122980 5.057458 0.120000
v 4.146564 5.089919 0.080000
v 4.139656 5.080411 0.108284
v 4.249446 4.949446 0.000000
v 4.277818 4.977818 0.040000
v 4.269507 4.969507 0.011716
v 4.249446 4.949446 0.120000
v 4.277818 4.977818 0.080000
v 4.269507 4.969507 0.108284
v 4.357458 4.822979 0.000000
v 4.389919 4.846563 0.040000
v 4.380411 4.839656 0.011716
v 4.357458 4.822979 0.120000
v 4.389919 4.846563 0.080000
v 4.380411 4.839656 0.108284
v 4.444357 4.681174 0.000000
v 4.480107 4.699389 0.040000
v 4.469636 4.694054 0.011716
v 4.444357 4.681174 0.120000
v 4.480107 4.699389 0.080000
v 4.469636 4.694054 0.108284
v 4.508002 4.527519 0.000000
v 4.546162 4.539918 0.040000
v 4.534986 4.536287 0.011716
v 4.508002 4.527519 0.120000
v 4.546162 4.539918 0.080000
v 4.534986 4.536287 0.108284
v 4.546827 4.365801 0.000000
v 4.586457 4.372078 0.040000
v 4.574850 4.370239 0.011716
v 4.546827 4.365801 0.120000
v 4.586457 4.372078 0.080000
v 4.574850 4.370239 0.108284
v 4.559876 4.200000 0.000000
v 4.600000 4.200000 0.040000
v 4.588248 4.200000 0.011716
v 4.559876 4.200000 0.120000
v 4.600000 4.200000 0.080000
v 4.588248 4.200000 0.108284
v 4.546827 4.034198 0.000000
v 4.586457 4.027922 0.040000
v 4.574850 4.029760 0.011716
v 4.546827 4.034198 0.120000
v 4.586457 4.027922 0.080000
v 4.574850 4.029760 0.108284
v 4.508002 3.872480 0.000000
v 4.546162 3.860081 0.040000
v 4.534986 3.863713 0.011716
v 4.508002 3.872480 0.120000
v 4.546162 3.860081 0.080000
v 4.534986 3.863713 0.108284
v 4.444357 3.718826 0.000000
v 4.480107 3.700610 0.040000
v 4.469636 3.705945 0.011716
v 4.444357 3.718826 0.120000
v 4.480107 3.700610 0.080000
v 4.469636 3.705945 0.108284
v 4.357458 3.577020 0.000000
v 4.389919 3.553436 0.040000
v 4.380411 3.560344 0.011716
v 4.357458 3.577020 0.120000
v 4.389919 3.553436 0.080000
v 4.380411 3.560344 0.108284
v 4.249446 3.450554 0.000000
v 4.277818 3.422182 0.040000
v 4.269507 3.430492 0.011716
v 4.249446 3.450554 0.120000
v 4.277818 3.422182 0.080000
v 4.269507 3.430492 0.108284
v 4.122980 3.342542 0.000000
v 4.146564 3.310081 0.040000
v 4.139656 3.319589 0.011716
v 4.122980 3.342542 0.120000
v 4.146564 3.310081 0.080000
v 4.139656 3.319589 0.108284
v 3.981174 3.255643 0.000000
v 3.999390 3.219893 0.040000
v 3.994054 3.230364 0.011716
v 3.981174 3.255643 0.120000
v 3.999390 3.219893 0.080000
v 3.994054 3.230364 0.108284
v 3.827519 3.191997 0.000000
v 3.839919 3.153838 0.040000
v 3.836287 3.165014 0.011716
v 3.827519 3.191997 0.120000
v 3.839919 3.153838 0.080000
v 3.836287 3.165014 0.108284
v 3.665801 3.153172 0.000000
v 3.672078 3.113543 0.040000
v 3.670239 3.125150 0.011716
v 3.665801 3.153172 0.120000
v 3.672078 3.113543 0.080000
v 3.670239 3.125150 0.108284
vn -0.0000 -0.2039 -0.9790
vn -0.0000 -0.9810 -0.1938
vn -0.0000 -0.7157 -0.6984
vn -0.0000 -0.2039 0.9790
vn -0.0000 -0.9810 0.1938
vn -0.0000 -0.7157 0.6984
vn -0.0319 -0.2014 -0.9790
vn -0.1535 -0.9690 -0.1938
vn -0.1120 -0.7069 -0.6984
vn -0.0319 -0.2014 0.9790
vn -0.1535 -0.9690 0.1938
vn -0.1120 -0.7069 0.6984
vn -0.0630 -0.1939 -0.9790
vn -0.3032 -0.9330 -0.1938
vn -0.2212 -0.6806 -0.6984
vn -0.0630 -0.1939 0.9790
vn -0.3032 -0.9330 0.1938
vn -0.2212 -0.6806 0.6984
vn -0.0926 -0.1817 -0.9790
vn -0.4454 -0.8741 -0.1938
vn -0.3249 -0.6377 -0.6984
vn -0.0926 -0.1817 0.9790
vn -0.4454 -0.8741 0.1938
vn -0.3249 -0.6377 0.6984
vn -0.1198 -0.1649 -0.9790
vn -0.5766 -0.7937 -0.1938
vn -0.4207 -0.5790 -0.6984
vn -0.1198 -0.1649 0.9790
vn -0.5766 -0.7937 0.1938
vn -0.4207 -0.5790 0.6984
vn -0.1442 -0.1442 -0.9790
vn -0.6937 -0.6937 -0.1938
vn -0.5060 -0.5060 -0.6984
vn -0.1442 -0.1442 0.9790
vn -0.6937 -0.6937 0.1938
vn -0.5060 -0.5060 0.6984
vn -0.1649 -0.1198 -0.9790
vn -0.7937 -0.5766 -0.1938
vn -0.5790 -0.4207 -0.6984
vn -0.1649 -0.1198 0.9790
vn -0.7937 -0.5766 0.1938
vn -0.5790 -0.4207 0.6984
vn -0.1817 -0.0926 -0.9790
vn -0.8741 -0.4454 -0.1938
vn -0.6377 -0.3249 -0.6984
vn -0.1817 -0.0926 0.9790
vn -0.8741 -0.4454 0.1938
vn -0.6377 -0.3249 0.6984
vn -0.1939 -0.0630 -0.9790
vn -0.9330 -0.3032 -0.1938
vn -0.6806 -0.2212 -0.6984
vn -0.1939 -0.0630 0.9790
vn -0.9330 -0.3032 0.1938
vn -0.6806 -0.2212 0.6984
vn -0.2014 -0.0319 -0.9790
vn -0.9690 -0.1535 -0.1938
vn -0.7068 -0.1120 -0.6984
vn -0.2014 -0.0319 0.9790
vn -0.9690 -0.1535 0.1938
vn -0.7068 -0.1120 0.6984
vn -0.2039 -0.0000 -0.9790
vn -0.9810 -0.0000 -0.1938
vn -0.7157 -0.0000 -0.6984
vn -0.2039 -0.0000 0.9790
vn -0.9810 -0.0000 0.1938
vn -0.7157 -0.0000 0.6984
vn -0.2014 0.0319 -0.9790
vn -0.9690 0.1535 -0.1938
vn -0.7068 0.1120 -0.6984
vn -0.2014 0.0319 0.9790
vn -0.9690 0.1535 0.1938
vn -0.7068 0.1120 0.6984
vn -0.1939 0.0630 -0.9790
vn -0.9330 0.3032 -0.1938
vn -0.6806 0.2212 -0.6984
vn -0.1939 0.0630 0.9790
vn -0.9330 0.3032 0.1938
vn -0.6806 0.2212 0.6984
vn -0.1817 0.0926 -0.9790
vn -0.8741 0.4454 -0.1938
vn -0.6377 0.3249 -0.6984
vn -0.1817 0.0926 0.9790
vn -0.8741 0.4454 0.1938
vn -0.6377 0.3249 0.6984
vn -0.1649 0.1198 -0.9790
vn -0.7937 0.5766 -0.1938
vn -0.5790 0.4207 -0.6984
vn -0.1649 0.1198 0.9790
vn -0.7937 0.5766 0.1938
vn -0.5790 0.4207 0.6984
vn -0.1442 0.1442 -0.9790
vn -0.6937 0.6937 -0.1938
vn -0.5060 0.5060 -0.6984
vn -0.1442 0.1442 0.9790
vn -0.6937 0.6937 0.1938
vn -0.5060 0.5060 0.6984
vn -0.1198 0.1649 -0.9790
vn -0.5766 0.7937 -0.1938
vn -0.4207 0.5790 -0.6984
vn -0.1198 0.1649 0.9790
vn -0.5766 0.7937 0.1938
vn -0.4207 0.5790 0.6984
vn -0.0926 0.1817 -0.9790
vn -0.4454 0.8741 -0.1938
vn -0.3249 0.6377 -0.6984
vn -0.0926 0.1817 0.9790
vn -0.4454 0.8741 0.1938
vn -0.3249 0.6377 0.6984
vn -0.0630 0.1939 -0.9790
vn -0.3032 0.9330 -0.1938
vn -0.2212 0.6806 -0.6984
vn -0.0630 0.1939 0.9790
vn -0.3032 0.9330 0.1938
vn -0.2212 0.6806 0.6984
vn -0.0319 0.2014 -0.9790
vn -0.1535 0.9690 -0.1938
vn -0.1120 0.7069 -0.6984
vn -0.0319 0.2014 0.9790
vn -0.1535 0.9690 0.1938
vn -0.1120 0.7069 0.6984
vn -0.0000 0.2039 -0.9790
vn -0.0000 0.9810 -0.1938
vn -0.0000 0.7157 -0.6984
vn -0.0000 0.2039 0.9790
vn -0.0000 0.9810 0.1938
vn -0.0000 0.7157 0.6984
vn 0.0319 0.2014 -0.9790
vn 0.1535 0.9690 -0.1938
vn 0.1120 0.7069 -0.6984
vn 0.0319 0.2014 0.9790
vn 0.1535 0.9690 0.1938
vn 0.1120 0.7069 0.6984
vn 0.0630 0.1939 -0.9790
vn 0.3032 0.9330 -0.1938
vn 0.2212 0.6806 -0.6984
vn 0.0630 0.1939 0.9790
vn 0.3032 0.9330 0.1938
vn 0.2212 0.6806 0.6984
vn 0.0926 0.1817 -0.9790
vn 0.4454 0.8741 -0.1938
vn 0.3249 0.6377 -0.6984
vn 0.0926 0.1817 0.9790
vn 0.4454 0.8741 0.1938
vn 0.3249 0.6377 0.6984
vn 0.1198 0.1649 -0.9790
vn 0.5766 0.7937 -0.1938
vn 0.4207 0.5790 -0.6984
vn 0.1198 0.1649 0.9790
vn 0.5766 0.7937 0.1938
vn 0.4207 0.5790 0.6984
vn 0.1442 0.1442 -0.9790
vn 0.6937 0.6937 -0.1938
vn 0.5060 0.5060 -0.6984
vn 0.1442 0.1442 0.9790
vn 0.6937 0.6937 0.1938
vn 0.5060 0.5060 0.6984
vn 0.1649 0.1198 -0.9790
vn 0.7937 0.5766 -0.1938
vn 0.5790 0.4207 -0.6984
vn 0.1649 0.1198 0.9790
vn 0.7937 0.5766 0.1938
vn 0.5790 0.4207 0.6984
vn 0.1817 0.0926 -0.9790
vn 0.8741 0.4454 -0.1938
vn 0.6377 0.3249 -0.6984
vn 0.1817 0.0926 0.9790
vn 0.8741 0.4454 0.1938
vn 0.6377 0.3249 0.6984
vn 0.1939 0.0630 -0.9790
vn 0.9330 0.3032 -0.1938
vn 0.6806 0.2212 -0.6984
vn 0.1939 0.0630 0.9790
vn 0.9330 0.3032 0.1938
vn 0.6806 0.2212 0.6984
vn 0.2014 0.0319 -0.9790
vn 0.9690 0.1535 -0.1938
vn 0.7068 0.1120 -0.6984
vn 0.2014 0.0319 0.9790
vn 0.9690 0.1535 0.1938
vn 0.7068 0.1120 0.6984
vn 0.2039 -0.0000 -0.9790
vn 0.9810 -0.0000 -0.1938
vn 0.7157 -0.0000 -0.6984
vn 0.2039 -0.0000 0.9790
vn 0.9810 -0.0000 0.1938
vn 0.7157 -0.0000 0.6984
vn 0.2014 -0.0319 -0.9790
vn 0.9690 -0.1535 -0.1938
vn 0.7068 -0.1120 -0.6984
vn 0.2014 -0.0319 0.9790
vn 0.9690 -0.1535 0.1938
vn 0.7068 -0.1120 0.6984
vn 0.1939 -0.0630 -0.9790
vn 0.9330 -0.3032 -0.1938
vn 0.6806 -0.2212 -0.6984
vn 0.1939 -0.0630 0.9790
vn 0.9330 -0.3032 0.1938
vn 0.6806 -0.2212 0.6984
vn 0.1817 -0.0926 -0.9790
vn 0.8741 -0.4454 -0.1938
vn 0.6377 -0.3249 -0.6984
vn 0.1817 -0.0926 0.9790
vn 0.8741 -0.4454 0.1938
vn 0.6377 -0.3249 0.6984
vn 0.1649 -0.1198 -0.9790
vn 0.7937 -0.5766 -0.1938
vn 0.5790 -0.4207 -0.6984
vn 0.1649 -0.1198 0.9790
vn 0.7937 -0.5766 0.1938
vn 0.5790 -0.4207 0.6984
vn 0.1442 -0.1442 -0.9790
vn 0.6937 -0.6937 -0.1938
vn 0.5060 -0.5060 -0.6984
vn 0.1442 -0.1442 0.9790
vn 0.6937 -0.6937 0.1938
vn 0.5060 -0.5060 0.6984
vn 0.1198 -0.1649 -0.9790
vn 0.5766 -0.7937 -0.1938
vn 0.4207 -0.5790 -0.6984
vn 0.1198 -0.1649 0.9790
vn 0.5766 -0.7937 0.1938
vn 0.4207 -0.5790 0.6984
vn 0.0926 -0.1817 -0.9790
vn 0.4454 -0.8741 -0.1938
vn 0.3249 -0.6377 -0.6984
vn 0.0926 -0.1817 0.9790
vn 0.4454 -0.8741 0.1938
vn 0.3249 -0.6377 0.6984
vn 0.0630 -0.1939 -0.9790
vn 0.3032 -0.9330 -0.1938
vn 0.2212 -0.6806 -0.6984
vn 0.0630 -0.1939 0.9790
vn 0.3032 -0.9330 0.1938
vn 0.2212 -0.6806 0.6984
vn 0.0319 -0.2014 -0.9790
vn 0.1535 -0.9690 -0.1938
vn 0.1120 -0.7069 -0.6984
vn 0.0319 -0.2014 0.9790
vn 0.1535 -0.9690 0.1938
vn 0.1120 -0.7069 0.6984
vt 1.000000 0.666667
vt 0.975000 0.666667
vt 0.975000 0.500000
vt 0.999866 0.500000
vt 0.750000 0.489984
vt 0.787542 0.487030
vt 0.786175 0.478399
vt 0.750000 0.481246
vt 0.975000 0.833333
vt 1.000000 0.833333
vt 0.999866 1.000000
vt 0.975000 1.000000
vt 0.287542 0.487030
vt 0.250000 0.489984
vt 0.250000 0.481246
vt 0.286175 0.478399
vt 0.950000 0.666667
vt 0.950000 0.500000
vt 0.824159 0.478239
vt 0.821459 0.469928
vt 0.950000 0.833333
vt 0.950000 1.000000
vt 0.324159 0.478239
vt 0.321459 0.469928
vt 0.925000 0.666667
vt 0.925000 0.500000
vt 0.858950 0.463827
vt 0.854983 0.456042
vt 0.925000 0.833333
vt 0.925000 1.000000
vt 0.358951 0.463827
vt 0.354983 0.456041
vt 0.900000 0.666667
vt 0.900000 0.500000
vt 0.891059 0.444151
vt 0.885923 0.437082
vt 0.900000 0.833333
vt 0.900000 1.000000
vt 0.391059 0.444151
vt 0.385923 0.437082
vt 0.875000 0.666667
vt 0.875000 0.500000
vt 0.919694 0.419694
vt 0.913515 0.413515
vt 0.875000 0.833333
vt 0.875000 1.000000
vt 0.419694 0.419694
vt 0.413515 0.413515
vt 0.850000 0.666667
vt 0.850000 0.500000
vt 0.944151 0.391059
vt 0.937082 0.385923
vt 0.850000 0.833333
vt 0.850000 1.000000
vt 0.444151 0.391059
vt 0.437082 0.385923
vt 0.825000 0.666667
vt 0.825000 0.500000
vt 0.963827 0.358951
vt 0.956041 0.354983
vt 0.825000 0.833333
vt 0.825000 1.000000
vt 0.463827 0.358951
vt 0.456041 0.354983
vt 0.800000 0.666667
vt 0.800000 0.500000
vt 0.978239 0.324159
vt 0.969928 0.321459
vt 0.800000 0.833333
vt 0.800000 1.000000
vt 0.478239 0.324159
vt 0.469928 0.321459
vt 0.775000 0.666667
vt 0.775000 0.500000
vt 0.987030 0.287542
vt 0.978399 0.286175
vt 0.775000 0.833333
vt 0.775000 1.000000
vt 0.487030 0.287542
vt 0.478399 0.286175
vt 0.750000 0.666667
vt 0.750000 0.500000
vt 0.989984 0.250000
vt 0.981246 0.250000
vt 0.750000 0.833333
vt 0.750000 1.000000
vt 0.489984 0.250000
vt 0.481246 0.250000
vt 0.725000 0.666667
vt 0.725000 0.500000
vt 0.987030 0.212458
vt 0.978399 0.213825
vt 0.725000 0.833333
vt 0.725000 1.000000
vt 0.487030 0.212458
vt 0.478399 0.213825
vt 0.700000 0.666667
vt 0.700000 0.500000
vt 0.978239 0.175841
vt 0.969928 0.178541
vt 0.700000 0.833333
vt 0.700000 1.000000
vt 0.478239 0.175841
vt 0.469928 0.178541
vt 0.675000 0.666667
vt 0.675000 0.500000
vt 0.963827 0.141049
vt 0.956041 0.145017
vt 0.675000 0.833333
vt 0.675000 1.000000
vt 0.463827 0.141049
vt 0.456042 0.145017
vt 0.650000 0.666667
vt 0.650000 0.500000
vt 0.944151 0.108941
vt 0.937082 0.114077
vt 0.650000 0.833333
vt 0.650000 1.000000
vt 0.444151 0.108941
vt 0.437082 0.114077
vt 0.625000 0.666667
vt 0.625000 0.500000
vt 0.919694 0.080306
vt 0.913516 0.086485
vt 0.625000 0.833333
vt 0.625000 1.000000
vt 0.419694 0.080306
vt 0.413515 0.086485
vt 0.600000 0.666667
vt 0.600000 0.500000
vt 0.891059 0.055849
vt 0.885923 0.062918
vt 0.600000 0.833333
vt 0.600000 1.000000
vt 0.391059 0.055849
vt 0.385923 0.062918
vt 0.575000 0.666667
vt 0.575000 0.500000
vt 0.858951 0.036173
vt 0.854983 0.043959
vt 0.575000 0.833333
vt 0.575000 1.000000
vt 0.358951 0.036173
vt 0.354983 0.043959
vt 0.550000 0.666667
vt 0.550000 0.500000
vt 0.824159 0.021761
vt 0.821459 0.030072
vt 0.550000 0.833333
vt 0.550000 1.000000
vt 0.324159 0.021761
vt 0.321459 0.030072
vt 0.525000 0.666667
vt 0.525000 0.500000
vt 0.787542 0.012970
vt 0.786175 0.021601
vt 0.525000 0.833333
vt 0.525000 1.000000
vt 0.287542 0.012970
vt 0.286175 0.021601
vt 0.500000 0.666667
vt 0.500000 0.500000
vt 0.750000 0.010016
vt 0.750000 0.018754
vt 0.500000 0.833333
vt 0.500000 1.000000
vt 0.250000 0.010016
vt 0.250000 0.018754
vt 0.475000 0.666667
vt 0.475000 0.500000
vt 0.712458 0.012970
vt 0.713825 0.021601
vt 0.475000 0.833333
vt 0.475000 1.000000
vt 0.212458 0.012970
vt 0.213825 0.021601
vt 0.450000 0.666667
vt 0.450000 0.500000
vt 0.675841 0.021761
vt 0.678541 0.030072
vt 0.450000 0.833333
vt 0.450000 1.000000
vt 0.175841 0.021761
vt 0.178541 0.030072
vt 0.425000 0.666667
vt 0.425000 0.500000
vt 0.641049 0.036173
vt 0.645017 0.043959
vt 0.425000 0.833333
vt 0.425000 1.000000
vt 0.141049 0.036173
vt 0.145017 0.043959
vt 0.400000 0.666667
vt 0.400000 0.500000
vt 0.608941 0.055849
vt 0.614077 0.062918
vt 0.400000 0.833333
vt 0.400000 1.000000
vt 0.108941 0.055849
vt 0.114077 0.062918
vt 0.375000 0.666667
vt 0.375000 0.500000
vt 0.580306 0.080306
vt 0.586485 0.086485
vt 0.375000 0.833333
vt 0.375000 1.000000
vt 0.080306 0.080306
vt 0.086485 0.086485
vt 0.350000 0.666667
vt 0.350000 0.500000
vt 0.555849 0.108941
vt 0.562918 0.114077
vt 0.350000 0.833333
vt 0.350000 1.000000
vt 0.055849 0.108941
vt 0.062918 0.114077
vt 0.325000 0.666667
vt 0.325000 0.500000
vt 0.536173 0.141049
vt 0.543959 0.145017
vt 0.325000 0.833333
vt 0.325000 1.000000
vt 0.036173 0.141049
vt 0.043959 0.145017
vt 0.300000 0.666667
vt 0.300000 0.500000
vt 0.521761 0.175841
vt 0.530072 0.178541
vt 0.300000 0.833333
vt 0.300000 1.000000
vt 0.021761 0.175841
vt 0.030072 0.178541
vt 0.275000 0.666667
vt 0.275000 0.500000
vt 0.512970 0.212458
vt 0.521601 0.213825
vt 0.275000 0.833333
vt 0.275000 1.000000
vt 0.012970 0.212458
vt 0.021601 0.213825
vt 0.250000 0.666667
vt 0.250000 0.500000
vt 0.510016 0.250000
vt 0.518754 0.250000
vt 0.250000 0.833333
vt 0.250000 1.000000
vt 0.010016 0.250000
vt 0.018754 0.250000
vt 0.225000 0.666667
vt 0.225000 0.500000
vt 0.512970 0.287542
vt 0.521601 0.286175
vt 0.225000 0.833333
vt 0.225000 1.000000
vt 0.012970 0.287542
vt 0.021601 0.286175
vt 0.200000 0.666667
vt 0.200000 0.500000
vt 0.521761 0.324159
vt 0.530072 0.321459
vt 0.200000 0.833333
vt 0.200000 1.000000
vt 0.021761 0.324159
vt 0.030072 0.321459
vt 0.175000 0.666667
vt 0.175000 0.500000
vt 0.536173 0.358951
vt 0.543959 0.354983
vt 0.175000 0.833333
vt 0.175000 1.000000
vt 0.036173 0.358951
vt 0.043959 0.354983
vt 0.150000 0.666667
vt 0.150000 0.500000
vt 0.555849 0.391059
vt 0.562918 0.385923
vt 0.150000 0.833333
vt 0.150000 1.000000
vt 0.055849 0.391059
vt 0.062918 0.385923
vt 0.125000 0.666667
vt 0.125000 0.500000
vt 0.580306 0.419694
vt 0.586485 0.413515
vt 0.125000 0.833333
vt 0.125000 1.000000
vt 0.080306 0.419694
vt 0.086485 0.413515
vt 0.100000 0.666667
vt 0.100000 0.500000
vt 0.608941 0.444151
vt 0.614077 0.437082
vt 0.100000 0.833333
vt 0.100000 1.000000
vt 0.108941 0.444151
vt 0.114077 0.437082
vt 0.075000 0.666667
vt 0.075000 0.500000
vt 0.641049 0.463827
vt 0.645017 0.456041
vt 0.075000 0.833333
vt 0.075000 1.000000
vt 0.141049 0.463827
vt 0.145017 0.456041
vt 0.050000 0.666667
vt 0.050000 0.500000
vt 0.675841 0.478239
vt 0.678541 0.469928
vt 0.050000 0.833333
vt 0.050000 1.000000
vt 0.175841 0.478239
vt 0.178541 0.469928
vt 0.025000 0.666667
vt 0.025000 0.500000
vt 0.712458 0.487030
vt 0.713825 0.478399
vt 0.025000 0.833333
vt 0.025000 1.000000
vt 0.212458 0.487030
vt 0.213825 0.478399
vt 0.000000 0.666667
vt 0.000134 0.500000
vt 0.000000 0.833333
vt 0.000134 1.000000
s 1
usemtl SimStart
f 2274/2516/1256 2280/2517/1262 2281/2518/1263 2275/2519/1257
f 2275/2520/1257 2281/2521/1263 2279/2522/1261 2273/2523/1255
f 2283/2524/1265 2277/2525/1259 2278/2526/1260 2284/2527/1266
f 2284/2528/1266 2278/2529/1260 2276/2530/1258 2282/2531/1264
f 2280/2517/1262 2286/2532/1268 2287/2533/1269 2281/2518/1263
f 2281/2521/1263 2287/2534/1269 2285/2535/1267 2279/2522/1261
f 2289/2536/1271 2283/2524/1265 2284/2527/1266 2290/2537/1272
f 2290/2538/1272 2284/2528/1266 2282/2531/1264 2288/2539/1270
f 2286/2532/1268 2292/2540/1274 2293/2541/1275 2287/2533/1269
f 2287/2534/1269 2293/2542/1275 2291/2543/1273 2285/2535/1267
f 2295/2544/1277 2289/2536/1271 2290/2537/1272 2296/2545/1278
f 2296/2546/1278 2290/2538/1272 2288/2539/1270 2294/2547/1276
f 2292/2540/1274 2298/2548/1280 2299/2549/1281 2293/2541/1275
f 2293/2542/1275 2299/2550/1281 2297/2551/1279 2291/2543/1273
f 2301/2552/1283 2295/2544/1277 2296/2545/1278 2302/2553/1284
f 2302/2554/1284 2296/2546/1278 2294/2547/1276 2300/2555/1282
f 2298/2548/1280 2304/2556/1286 2305/2557/1287 2299/2549/1281
f 2299/2550/1281 2305/2558/1287 2303/2559/1285 2297/2551/1279
f 2307/2560/1289 2301/2552/1283 2302/2553/1284 2308/2561/1290
f 2308/2562/1290 2302/2554/1284 2300/2555/1282 2306/2563/1288
f 2304/2556/1286 2310/2564/1292 2311/2565/1293 2305/2557/1287
f 2305/2558/1287 2311/2566/1293 2309/2567/1291 2303/2559/1285
f 2313/2568/1295 2307/2560/1289 2308/2561/1290 2314/2569/1296
f 2314/2570/1296 2308/2562/1290 2306/2563/1288 2312/2571/1294
f 2310/2564/1292 2316/2572/1298 2317/2573/1299 2311/2565/1293
f 2311/2566/1293 2317/2574/1299 2315/2575/1297 2309/2567/1291
f 2319/2576/1301 2313/2568/1295 2314/2569/1296 2320/2577/1302
f 2320/2578/1302 2314/2570/1296 2312/2571/1294 2318/2579/1300
f 2316/2572/1298 2322/2580/1304 2323/2581/1305 2317/2573/1299
f 2317/2574/1299 2323/2582/1305 2321/2583/1303 2315/2575/1297
f 2325/2584/1307 2319/2576/1301 2320/2577/1302 2326/2585/1308
f 2326/2586/1308 2320/2578/1302 2318/2579/1300 2324/2587/1306
f 2322/2580/1304 2328/2588/1310 2329/2589/1311 2323/2581/1305
f 2323/2582/1305 2329/2590/1311 2327/2591/1309 2321/2583/1303
f 2331/2592/1313 2325/2584/1307 2326/2585/1308 2332/2593/1314
f 2332/2594/1314 2326/2586/1308 2324/2587/1306 2330/2595/1312
f 2328/2588/1310 2334/2596/1316 2335/2597/1317 2329/2589/1311
f 2329/2590/1311 2335/2598/1317 2333/2599/1315 2327/2591/1309
f 2337/2600/1319 2331/2592/1313 2332/2593/1314 2338/2601/1320
f 2338/2602/1320 2332/2594/1314 2330/2595/1312 2336/2603/1318
f 2334/2596/1316 2340/2604/1322 2341/2605/1323 2335/2597/1317
f 2335/2598/1317 2341/2606/1323 2339/2607/1321 2333/2599/1315
f 2343/2608/1325 2337/2600/1319 2338/2601/1320 2344/2609/1326
f 2344/2610/1326 2338/2602/1320 2336/2603/1318 2342/2611/1324
f 2340/2604/1322 2346/2612/1328 2347/2613/1329 2341/2605/1323
f 2341/2606/1323 2347/2614/1329 2345/2615/1327 2339/2607/1321
f 2349/2616/1331 2343/2608/1325 2344/2609/1326 2350/2617/1332
f 2350/2618/1332 2344/2610/1326 2342/2611/1324 2348/2619/1330
f 2346/2612/1328 2352/2620/1334 2353/2621/1335 2347/2613/1329
f 2347/2614/1329 2353/2622/1335 2351/2623/1333 2345/2615/1327
f 2355/2624/1337 2349/2616/1331 2350/2617/1332 2356/2625/1338
f 2356/2626/1338 2350/2618/1332 2348/2619/1330 2354/2627/1336
f 2352/2620/1334 2358/2628/1340 2359/2629/1341 2353/2621/1335
f 2353/2622/1335 2359/2630/1341 2357/2631/1339 2351/2623/1333
f 2361/2632/1343 2355/2624/1337 2356/2625/1338 2362/2633/1344
f 2362/2634/1344 2356/2626/1338 2354/2627/1336 2360/2635/1342
f 2358/2628/1340 2364/2636/1346 2365/2637/1347 2359/2629/1341
f 2359/2630/1341 2365/2638/1347 2363/2639/1345 2357/2631/1339
f 2367/2640/1349 2361/2632/1343 2362/2633/1344 2368/2641/1350
f 2368/2642/1350 2362/2634/1344 2360/2635/1342 2366/2643/1348
f 2364/2636/1346 2370/2644/1352 2371/2645/1353 2365/2637/1347
f 2365/2638/1347 2371/2646/1353 2369/2647/1351 2363/2639/1345
f 2373/2648/1355 2367/2640/1349 2368/2641/1350 2374/2649/1356
f 2374/2650/1356 2368/2642/1350 2366/2643/1348 2372/2651/1354
f 2370/2644/1352 2376/2652/1358 2377/2653/1359 2371/2645/1353
f 2371/2646/1353 2377/2654/1359 2375/2655/1357 2369/2647/1351
f 2379/2656/1361 2373/2648/1355 2374/2649/1356 2380/2657/1362
f 2380/2658/1362 2374/2650/1356 2372/2651/1354 2378/2659/1360
f 2376/2652/1358 2382/2660/1364 2383/2661/1365 2377/2653/1359
f 2377/2654/1359 2383/2662/1365 2381/2663/1363 2375/2655/1357
f 2385/2664/1367 2379/2656/1361 2380/2657/1362 2386/2665/1368
f 2386/2666/1368 2380/2658/1362 2378/2659/1360 2384/2667/1366
f 2382/2660/1364 2388/2668/1370 2389/2669/1371 2383/2661/1365
f 2383/2662/1365 2389/2670/1371 2387/2671/1369 2381/2663/1363
f 2391/2672/1373 2385/2664/1367 2386/2665/1368 2392/2673/1374
f 2392/2674/1374 2386/2666/1368 2384/2667/1366 2390/2675/1372
f 2388/2668/1370 2394/2676/1376 2395/2677/1377 2389/2669/1371
f 2389/2670/1371 2395/2678/1377 2393/2679/1375 2387/2671/1369
f 2397/2680/1379 2391/2672/1373 2392/2673/1374 2398/2681/1380
f 2398/2682/1380 2392/2674/1374 2390/2675/1372 2396/2683/1378
f 2394/2676/1376 2400/2684/1382 2401/2685/1383 2395/2677/1377
f 2395/2678/1377 2401/2686/1383 2399/2687/1381 2393/2679/1375
f 2403/2688/1385 2397/2680/1379 2398/2681/1380 2404/2689/1386
f 2404/2690/1386 2398/2682/1380 2396/2683/1378 2402/2691/1384
f 2400/2684/1382 2406/2692/1388 2407/2693/1389 2401/2685/1383
f 2401/2686/1383 2407/2694/1389 2405/2695/1387 2399/2687/1381
f 2409/2696/1391 2403/2688/1385 2404/2689/1386 2410/2697/1392
f 2410/2698/1392 2404/2690/1386 2402/2691/1384 2408/2699/1390
f 2406/2692/1388 2412/2700/1394 2413/2701/1395 2407/2693/1389
f 2407/2694/1389 2413/2702/1395 2411/2703/1393 2405/2695/1387
f 2415/2704/1397 2409/2696/1391 2410/2697/1392 2416/2705/1398
f 2416/2706/1398 2410/2698/1392 2408/2699/1390 2414/2707/1396
f 2412/2700/1394 2418/2708/1400 2419/2709/1401 2413/2701/1395
f 2413/2702/1395 2419/2710/1401 2417/2711/1399 2411/2703/1393
f 2421/2712/1403 2415/2704/1397 2416/2705/1398 2422/2713/1404
f 2422/2714/1404 2416/2706/1398 2414/2707/1396 2420/2715/1402
f 2418/2708/1400 2424/2716/1406 2425/2717/1407 2419/2709/1401
f 2419/2710/1401 2425/2718/1407 2423/2719/1405 2417/2711/1399
f 2427/2720/1409 2421/2712/1403 2422/2713/1404 2428/2721/1410
f 2428/2722/1410 2422/2714/1404 2420/2715/1402 2426/2723/1408
f 2424/2716/1406 2430/2724/1412 2431/2725/1413 2425/2717/1407
f 2425/2718/1407 2431/2726/1413 2429/2727/1411 2423/2719/1405
f 2433/2728/1415 2427/2720/1409 2428/2721/1410 2434/2729/1416
f 2434/2730/1416 2428/2722/1410 2426/2723/1408 2432/2731/1414
f 2430/2724/1412 2436/2732/1418 2437/2733/1419 2431/2725/1413
f 2431/2726/1413 2437/2734/1419 2435/2735/1417 2429/2727/1411
f 2439/2736/1421 2433/2728/1415 2434/2729/1416 2440/2737/1422
f 2440/2738/1422 2434/2730/1416 2432/2731/1414 2438/2739/1420
f 2436/2732/1418 2442/2740/1424 2443/2741/1425 2437/2733/1419
f 2437/2734/1419 2443/2742/1425 2441/2743/1423 2435/2735/1417
f 2445/2744/1427 2439/2736/1421 2440/2737/1422 2446/2745/1428
f 2446/2746/1428 2440/2738/1422 2438/2739/1420 2444/2747/1426
f 2442/2740/1424 2448/2748/1430 2449/2749/1431 2443/2741/1425
f 2443/2742/1425 2449/2750/1431 2447/2751/1429 2441/2743/1423
f 2451/2752/1433 2445/2744/1427 2446/2745/1428 2452/2753/1434
f 2452/2754/1434 2446/2746/1428 2444/2747/1426 2450/2755/1432
f 2448/2748/1430 2454/2756/1436 2455/2757/1437 2449/2749/1431
f 2449/2750/1431 2455/2758/1437 2453/2759/1435 2447/2751/1429
f 2457/2760/1439 2451/2752/1433 2452/2753/1434 2458/2761/1440
f 2458/2762/1440 2452/2754/1434 2450/2755/1432 2456/2763/1438
f 2454/2756/1436 2460/2764/1442 2461/2765/1443 2455/2757/1437
f 2455/2758/1437 2461/2766/1443 2459/2767/1441 2453/2759/1435
f 2463/2768/1445 2457/2760/1439 2458/2761/1440 2464/2769/1446
f 2464/2770/1446 2458/2762/1440 2456/2763/1438 2462/2771/1444
f 2460/2764/1442 2466/2772/1448 2467/2773/1449 2461/2765/1443
f 2461/2766/1443 2467/2774/1449 2465/2775/1447 2459/2767/1441
f 2469/2776/1451 2463/2768/1445 2464/2769/1446 2470/2777/1452
f 2470/2778/1452 2464/2770/1446 2462/2771/1444 2468/2779/1450
f 2466/2772/1448 2472/2780/1454 2473/2781/1455 2467/2773/1449
f 2467/2774/1449 2473/2782/1455 2471/2783/1453 2465/2775/1447
f 2475/2784/1457 2469/2776/1451 2470/2777/1452 2476/2785/1458
f 2476/2786/1458 2470/2778/1452 2468/2779/1450 2474/2787/1456
f 2472/2780/1454 2478/2788/1460 2479/2789/1461 2473/2781/1455
f 2473/2782/1455 2479/2790/1461 2477/2791/1459 2471/2783/1453
f 2481/2792/1463 2475/2784/1457 2476/2785/1458 2482/2793/1464
f 2482/2794/1464 2476/2786/1458 2474/2787/1456 2480/2795/1462
f 2478/2788/1460 2484/2796/1466 2485/2797/1467 2479/2789/1461
f 2479/2790/1461 2485/2798/1467 2483/2799/1465 2477/2791/1459
f 2487/2800/1469 2481/2792/1463 2482/2793/1464 2488/2801/1470
f 2488/2802/1470 2482/2794/1464 2480/2795/1462 2486/2803/1468
f 2484/2796/1466 2490/2804/1472 2491/2805/1473 2485/2797/1467
f 2485/2798/1467 2491/2806/1473 2489/2807/1471 2483/2799/1465
f 2493/2808/1475 2487/2800/1469 2488/2801/1470 2494/2809/1476
f 2494/2810/1476 2488/2802/1470 2486/2803/1468 2492/2811/1474
f 2490/2804/1472 2496/2812/1478 2497/2813/1479 2491/2805/1473
f 2491/2806/1473 2497/2814/1479 2495/2815/1477 2489/2807/1471
f 2499/2816/1481 2493/2808/1475 2494/2809/1476 2500/2817/1482
f 2500/2818/1482 2494/2810/1476 2492/2811/1474 2498/2819/1480
f 2496/2812/1478 2502/2820/1484 2503/2821/1485 2497/2813/1479
f 2497/2814/1479 2503/2822/1485 2501/2823/1483 2495/2815/1477
f 2505/2824/1487 2499/2816/1481 2500/2817/1482 2506/2825/1488
f 2506/2826/1488 2500/2818/1482 2498/2819/1480 2504/2827/1486
f 2502/2820/1484 2508/2828/1490 2509/2829/1491 2503/2821/1485
f 2503/2822/1485 2509/2830/1491 2507/2831/1489 2501/2823/1483
f 2511/2832/1493 2505/2824/1487 2506/2825/1488 2512/2833/1494
f 2512/2834/1494 2506/2826/1488 2504/2827/1486 2510/2835/1492
f 2508/2828/1490 2274/2836/1256 2275/2837/1257 2509/2829/1491
f 2509/2830/1491 2275/2520/1257 2273/2523/1255 2507/2831/1489
f 2277/2838/1259 2511/2832/1493 2512/2833/1494 2278/2839/1260
f 2278/2529/1260 2512/2834/1494 2510/2835/1492 2276/2530/1258
f 2273/2523/1255 2279/2522/1261 2285/2535/1267 2291/2543/1273 2297/2551/1279 2303/2559/1285 2309/2567/1291 2315/2575/1297 2321/2583/1303 2327/2591/1309 2333/2599/1315 2339/2607/1321 2345/2615/1327 2351/2623/1333 2357/2631/1339 2363/2639/1345 2369/2647/1351 2375/2655/1357 2381/2663/1363 2387/2671/1369 2393/2679/1375 2399/2687/1381 2405/2695/1387 2411/2703/1393 2417/2711/1399 2423/2719/1405 2429/2727/1411 2435/2735/1417 2441/2743/1423 2447/2751/1429 2453/2759/1435 2459/2767/1441 2465/2775/1447 2471/2783/1453 2477/2791/1459 2483/2799/1465 2489/2807/1471 2495/2815/1477 2501/2823/1483 2507/2831/1489
f 2274/2516/1256 2277/2525/1259 2283/2524/1265 2280/2517/1262
f 2508/2828/1490 2511/2832/1493 2277/2838/1259 2274/2836/1256
f 2282/2531/1264 2276/2530/1258 2510/2835/1492 2504/2827/1486 2498/2819/1480 2492/2811/1474 2486/2803/1468 2480/2795/1462 2474/2787/1456 2468/2779/1450 2462/2771/1444 2456/2763/1438 2450/2755/1432 2444/2747/1426 2438/2739/1420 2432/2731/1414 2426/2723/1408 2420/2715/1402 2414/2707/1396 2408/2699/1390 2402/2691/1384 2396/2683/1378 2390/2675/1372 2384/2667/1366 2378/2659/1360 2372/2651/1354 2366/2643/1348 2360/2635/1342 2354/2627/1336 2348/2619/1330 2342/2611/1324 2336/2603/1318 2330/2595/1312 2324/2587/1306 2318/2579/1300 2312/2571/1294 2306/2563/1288 2300/2555/1282 2294/2547/1276 2288/2539/1270
f 2280/2517/1262 2283/2524/1265 2289/2536/1271 2286/2532/1268
f 2286/2532/1268 2289/2536/1271 2295/2544/1277 2292/2540/1274
f 2292/2540/1274 2295/2544/1277 2301/2552/1283 2298/2548/1280
f 2298/2548/1280 2301/2552/1283 2307/2560/1289 2304/2556/1286
f 2304/2556/1286 2307/2560/1289 2313/2568/1295 2310/2564/1292
f 2310/2564/1292 2313/2568/1295 2319/2576/1301 2316/2572/1298
f 2316/2572/1298 2319/2576/1301 2325/2584/1307 2322/2580/1304
f 2322/2580/1304 2325/2584/1307 2331/2592/1313 2328/2588/1310
f 2328/2588/1310 2331/2592/1313 2337/2600/1319 2334/2596/1316
f 2334/2596/1316 2337/2600/1319 2343/2608/1325 2340/2604/1322
f 2340/2604/1322 2343/2608/1325 2349/2616/1331 2346/2612/1328
f 2346/2612/1328 2349/2616/1331 2355/2624/1337 2352/2620/1334
f 2352/2620/1334 2355/2624/1337 2361/2632/1343 2358/2628/1340
f 2358/2628/1340 2361/2632/1343 2367/2640/1349 2364/2636/1346
f 2364/2636/1346 2367/2640/1349 2373/2648/1355 2370/2644/1352
f 2370/2644/1352 2373/2648/1355 2379/2656/1361 2376/2652/1358
f 2376/2652/1358 2379/2656/1361 2385/2664/1367 2382/2660/1364
f 2382/2660/1364 2385/2664/1367 2391/2672/1373 2388/2668/1370
f 2388/2668/1370 2391/2672/1373 2397/2680/1379 2394/2676/1376
f 2394/2676/1376 2397/2680/1379 2403/2688/1385 2400/2684/1382
f 2400/2684/1382 2403/2688/1385 2409/2696/1391 2406/2692/1388
f 2406/2692/1388 2409/2696/1391 2415/2704/1397 2412/2700/1394
f 2412/2700/1394 2415/2704/1397 2421/2712/1403 2418/2708/1400
f 2418/2708/1400 2421/2712/1403 2427/2720/1409 2424/2716/1406
f 2424/2716/1406 2427/2720/1409 2433/2728/1415 2430/2724/1412
f 2430/2724/1412 2433/2728/1415 2439/2736/1421 2436/2732/1418
f 2436/2732/1418 2439/2736/1421 2445/2744/1427 2442/2740/1424
f 2442/2740/1424 2445/2744/1427 2451/2752/1433 2448/2748/1430
f 2448/2748/1430 2451/2752/1433 2457/2760/1439 2454/2756/1436
f 2454/2756/1436 2457/2760/1439 2463/2768/1445 2460/2764/1442
f 2460/2764/1442 2463/2768/1445 2469/2776/1451 2466/2772/1448
f 2466/2772/1448 2469/2776/1451 2475/2784/1457 2472/2780/1454
f 2472/2780/1454 2475/2784/1457 2481/2792/1463 2478/2788/1460
f 2478/2788/1460 2481/2792/1463 2487/2800/1469 2484/2796/1466
f 2484/2796/1466 2487/2800/1469 2493/2808/1475 2490/2804/1472
f 2490/2804/1472 2493/2808/1475 2499/2816/1481 2496/2812/1478
f 2496/2812/1478 2499/2816/1481 2505/2824/1487 2502/2820/1484
f 2502/2820/1484 2505/2824/1487 2511/2832/1493 2508/2828/1490
o StartPole
v 4.300000 4.950000 0.050000
v 4.300000 4.950000 1.850000
v 4.275000 4.956699 0.050000
v 4.275000 4.956699 1.850000
v 4.256699 4.975000 0.050000
v 4.256699 4.975000 1.850000
v 4.250000 5.000000 0.050000
v 4.250000 5.000000 1.850000
v 4.256699 5.025000 0.050000
v 4.256699 5.025000 1.850000
v 4.275000 5.043301 0.050000
v 4.275000 5.043301 1.850000
v 4.300000 5.050000 0.050000
v 4.300000 5.050000 1.850000
v 4.325000 5.043301 0.050000
v 4.325000 5.043301 1.850000
v 4.343301 5.025000 0.050000
v 4.343301 5.025000 1.850000
v 4.350000 5.000000 0.050000
v 4.350000 5.000000 1.850000
v 4.343301 4.975000 0.050000
v 4.343301 4.975000 1.850000
v 4.325000 4.956699 0.050000
v 4.325000 4.956699 1.850000
vn -0.0000 -0.7572 -0.6532
vn -0.0000 -0.7572 0.6532
vn -0.3786 -0.6557 -0.6532
vn -0.3786 -0.6557 0.6532
vn -0.6557 -0.3786 -0.6532
vn -0.6557 -0.3786 0.6532
vn -0.7572 -0.0000 -0.6532
vn -0.7572 -0.0000 0.6532
vn -0.6557 0.3786 -0.6532
vn -0.6557 0.3786 0.6532
vn -0.3786 0.6557 -0.6532
vn -0.3786 0.6557 0.6532
vn -0.0000 0.7572 -0.6532
vn -0.0000 0.7572 0.6532
vn 0.3786 0.6557 -0.6532
vn 0.3786 0.6557 0.6532
vn 0.6557 0.3786 -0.6532
vn 0.6557 0.3786 0.6532
vn 0.7572 -0.0000 -0.6532
vn 0.7572 -0.0000 0.6532
vn 0.6557 -0.3786 -0.6532
vn 0.6557 -0.3786 0.6532
vn 0.3786 -0.6557 -0.6532
vn 0.3786 -0.6557 0.6532
vt 1.000000 0.500000
vt 1.000000 1.000000
vt 0.916667 1.000000
vt 0.916667 0.500000
vt 0.833333 1.000000
vt 0.833333 0.500000
vt 0.750000 1.000000
vt 0.750000 0.500000
vt 0.666667 1.000000
vt 0.666667 0.500000
vt 0.583333 1.000000
vt 0.583333 0.500000
vt 0.500000 1.000000
vt 0.500000 0.500000
vt 0.416667 1.000000
vt 0.416667 0.500000
vt 0.333333 1.000000
vt 0.333333 0.500000
vt 0.250000 1.000000
vt 0.250000 0.500000
vt 0.166667 1.000000
vt 0.166667 0.500000
vt 0.370000 0.457846
vt 0.250000 0.490000
vt 0.130000 0.457846
vt 0.042154 0.370000
vt 0.010000 0.250000
vt 0.042154 0.130000
vt 0.130000 0.042154
vt 0.250000 0.010000
vt 0.370000 0.042154
vt 0.457846 0.130000
vt 0.490000 0.250000
vt 0.457846 0.370000
vt 0.083333 1.000000
vt 0.083333 0.500000
vt 0.000000 1.000000
vt 0.000000 0.500000
vt 0.750000 0.490000
vt 0.870000 0.457846
vt 0.957846 0.370000
vt 0.990000 0.250000
vt 0.957846 0.130000
vt 0.870000 0.042154
vt 0.750000 0.010000
vt 0.630000 0.042154
vt 0.542154 0.130000
vt 0.510000 0.250000
vt 0.542154 0.370000
vt 0.630000 0.457846
s 1
usemtl SimPole
f 2513/2840/1495 2514/2841/1496 2516/2842/1498 2515/2843/1497
f 2515/2843/1497 2516/2842/1498 2518/2844/1500 2517/2845/1499
f 2517/2845/1499 2518/2844/1500 2520/2846/1502 2519/2847/1501
f 2519/2847/1501 2520/2846/1502 2522/2848/1504 2521/2849/1503
f 2521/2849/1503 2522/2848/1504 2524/2850/1506 2523/2851/1505
f 2523/2851/1505 2524/2850/1506 2526/2852/1508 2525/2853/1507
f 2525/2853/1507 2526/2852/1508 2528/2854/1510 2527/2855/1509
f 2527/2855/1509 2528/2854/1510 2530/2856/1512 2529/2857/1511
f 2529/2857/1511 2530/2856/1512 2532/2858/1514 2531/2859/1513
f 2531/2859/1513 2532/2858/1514 2534/2860/1516 2533/2861/1515
f 2516/2862/1498 2514/2863/1496 2536/2864/1518 2534/2865/1516 2532/2866/1514 2530/2867/1512 2528/2868/1510 2526/2869/1508 2524/2870/1506 2522/2871/1504 2520/2872/1502 2518/2873/1500
f 2533/2861/1515 2534/2860/1516 2536/2874/1518 2535/2875/1517
f 2535/2875/1517 2536/2874/1518 2514/2876/1496 2513/2877/1495
f 2513/2878/1495 2515/2879/1497 2517/2880/1499 2519/2881/1501 2521/2882/1503 2523/2883/1505 2525/2884/1507 2527/2885/1509 2529/2886/1511 2531/2887/1513 2533/2888/1515 2535/2889/1517
o StartFlag
v 4.230000 5.020000 1.380000
v 4.230000 5.020000 1.720000
v 4.230000 4.980000 1.380000
v 4.230000 4.980000 1.720000
v 3.610000 5.020000 1.380000
v 3.610000 5.020000 1.720000
v 3.610000 4.980000 1.380000
v 3.610000 4.980000 1.720000
vn 0.5774 0.5774 -0.5774
vn 0.5774 0.5774 0.5774
vn 0.5774 -0.5774 -0.5774
vn 0.5774 -0.5774 0.5774
vn -0.5774 0.5774 -0.5774
vn -0.5774 0.5774 0.5774
vn -0.5774 -0.5774 -0.5774
vn -0.5774 -0.5774 0.5774
vt 0.375000 0.000000
vt 0.625000 0.000000
vt 0.625000 0.250000
vt 0.375000 0.250000
vt 0.625000 0.500000
vt 0.375000 0.500000
vt 0.625000 0.750000
vt 0.375000 0.750000
vt 0.625000 1.000000
vt 0.375000 1.000000
vt 0.125000 0.500000
vt 0.125000 0.750000
vt 0.875000 0.500000
vt 0.875000 0.750000
s 1
usemtl SimStartFlag
f 2537/2890/1519 2538/2891/1520 2540/2892/1522 2539/2893/1521
f 2539/2893/1521 2540/2892/1522 2544/2894/1526 2543/2895/1525
f 2543/2895/1525 2544/2894/1526 2542/2896/1524 2541/2897/1523
f 2541/2897/1523 2542/2896/1524 2538/2898/1520 2537/2899/1519
f 2539/2900/1521 2543/2895/1525 2541/2897/1523 2537/2901/1519
f 2544/2894/1526 2540/2902/1522 2538/2903/1520 2542/2896/1524
o TreeTrunk_0
v 11.400000 8.190000 0.000000
v 11.400000 8.190000 1.050000
v 11.276565 8.230106 0.000000
v 11.276565 8.230106 1.050000
v 11.200277 8.335106 0.000000
v 11.200277 8.335106 1.050000
v 11.200277 8.464893 0.000000
v 11.200277 8.464893 1.050000
v 11.276565 8.569893 0.000000
v 11.276565 8.569893 1.050000
v 11.400000 8.610000 0.000000
v 11.400000 8.610000 1.050000
v 11.523435 8.569893 0.000000
v 11.523435 8.569893 1.050000
v 11.599722 8.464893 0.000000
v 11.599722 8.464893 1.050000
v 11.599722 8.335106 0.000000
v 11.599722 8.335106 1.050000
v 11.523435 8.230106 0.000000
v 11.523435 8.230106 1.050000
vn -0.0000 -0.7653 -0.6437
vn -0.0000 -0.7653 0.6437
vn -0.4498 -0.6191 -0.6437
vn -0.4498 -0.6191 0.6437
vn -0.7278 -0.2365 -0.6437
vn -0.7278 -0.2365 0.6437
vn -0.7278 0.2365 -0.6437
vn -0.7278 0.2365 0.6437
vn -0.4498 0.6191 -0.6437
vn -0.4498 0.6191 0.6437
vn -0.0000 0.7653 -0.6437
vn -0.0000 0.7653 0.6437
vn 0.4498 0.6191 -0.6437
vn 0.4498 0.6191 0.6437
vn 0.7278 0.2365 -0.6437
vn 0.7278 0.2365 0.6437
vn 0.7278 -0.2365 -0.6437
vn 0.7278 -0.2365 0.6437
vn 0.4498 -0.6191 -0.6437
vn 0.4498 -0.6191 0.6437
vt 1.000000 0.500000
vt 1.000000 1.000000
vt 0.900000 1.000000
vt 0.900000 0.500000
vt 0.800000 1.000000
vt 0.800000 0.500000
vt 0.700000 1.000000
vt 0.700000 0.500000
vt 0.600000 1.000000
vt 0.600000 0.500000
vt 0.500000 1.000000
vt 0.500000 0.500000
vt 0.400000 1.000000
vt 0.400000 0.500000
vt 0.300000 1.000000
vt 0.300000 0.500000
vt 0.200000 1.000000
vt 0.200000 0.500000
vt 0.391068 0.444164
vt 0.250000 0.490000
vt 0.108932 0.444164
vt 0.021746 0.324164
vt 0.021746 0.175836
vt 0.108932 0.055836
vt 0.250000 0.010000
vt 0.391068 0.055836
vt 0.478254 0.175836
vt 0.478254 0.324164
vt 0.100000 1.000000
vt 0.100000 0.500000
vt -0.000000 1.000000
vt -0.000000 0.500000
vt 0.750000 0.490000
vt 0.891068 0.444164
vt 0.978254 0.324164
vt 0.978254 0.175836
vt 0.891068 0.055836
vt 0.750000 0.010000
vt 0.608932 0.055836
vt 0.521746 0.175836
vt 0.521746 0.324164
vt 0.608932 0.444164
s 1
usemtl TreeTrunk
f 2545/2904/1527 2546/2905/1528 2548/2906/1530 2547/2907/1529
f 2547/2907/1529 2548/2906/1530 2550/2908/1532 2549/2909/1531
f 2549/2909/1531 2550/2908/1532 2552/2910/1534 2551/2911/1533
f 2551/2911/1533 2552/2910/1534 2554/2912/1536 2553/2913/1535
f 2553/2913/1535 2554/2912/1536 2556/2914/1538 2555/2915/1537
f 2555/2915/1537 2556/2914/1538 2558/2916/1540 2557/2917/1539
f 2557/2917/1539 2558/2916/1540 2560/2918/1542 2559/2919/1541
f 2559/2919/1541 2560/2918/1542 2562/2920/1544 2561/2921/1543
f 2548/2922/1530 2546/2923/1528 2564/2924/1546 2562/2925/1544 2560/2926/1542 2558/2927/1540 2556/2928/1538 2554/2929/1536 2552/2930/1534 2550/2931/1532
f 2561/2921/1543 2562/2920/1544 2564/2932/1546 2563/2933/1545
f 2563/2933/1545 2564/2932/1546 2546/2934/1528 2545/2935/1527
f 2545/2936/1527 2547/2937/1529 2549/2938/1531 2551/2939/1533 2553/2940/1535 2555/2941/1537 2557/2942/1539 2559/2943/1541 2561/2944/1543 2563/2945/1545
o TreeLeaf_0_0
v 11.400000 7.297500 0.892500
v 10.751966 7.508059 0.892500
v 10.351460 8.059308 0.892500
v 10.351460 8.740691 0.892500
v 10.751966 9.291941 0.892500
v 11.400000 9.502500 0.892500
v 12.048033 9.291941 0.892500
v 12.448540 8.740691 0.892500
v 12.448540 8.059308 0.892500
v 12.048033 7.508059 0.892500
v 11.400000 8.400000 1.942500
vn -0.0000 -0.9473 -0.3204
vn -0.5568 -0.7664 -0.3204
vn -0.9009 -0.2927 -0.3204
vn -0.9009 0.2927 -0.3204
vn -0.5568 0.7664 -0.3204
vn -0.0000 0.9473 -0.3204
vn 0.5568 0.7664 -0.3204
vn 0.9009 0.2927 -0.3204
vn 0.9009 -0.2927 -0.3204
vn 0.5568 -0.7664 -0.3204
vn -0.0000 -0.0000 1.0000
vt 0.250000 0.490000
vt 0.250000 0.250000
vt 0.391068 0.444164
vt 0.478254 0.324164
vt 0.478254 0.175836
vt 0.391068 0.055836
vt 0.250000 0.010000
vt 0.108932 0.055836
vt 0.021746 0.175836
vt 0.021746 0.324164
vt 0.750000 0.490000
vt 0.891068 0.444164
vt 0.978254 0.324164
vt 0.978254 0.175836
vt 0.891068 0.055836
vt 0.750000 0.010000
vt 0.608932 0.055836
vt 0.521746 0.175836
vt 0.521746 0.324164
vt 0.608932 0.444164
vt 0.108932 0.444164
s 1
usemtl TreeLeaf
f 2565/2946/1547 2575/2947/1557 2566/2948/1548
f 2566/2948/1548 2575/2947/1557 2567/2949/1549
f 2567/2949/1549 2575/2947/1557 2568/2950/1550
f 2568/2950/1550 2575/2947/1557 2569/2951/1551
f 2569/2951/1551 2575/2947/1557 2570/2952/1552
f 2570/2952/1552 2575/2947/1557 2571/2953/1553
f 2571/2953/1553 2575/2947/1557 2572/2954/1554
f 2572/2954/1554 2575/2947/1557 2573/2955/1555
f 2565/2956/1547 2566/2957/1548 2567/2958/1549 2568/2959/1550 2569/2960/1551 2570/2961/1552 2571/2962/1553 2572/2963/1554 2573/2964/1555 2574/2965/1556
f 2573/2955/1555 2575/2947/1557 2574/2966/1556
f 2574/2966/1556 2575/2947/1557 2565/2946/1547
o TreeLeaf_0_1
v 11.400000 7.539000 1.575000
v 10.893916 7.703436 1.575000
v 10.581140 8.133936 1.575000
v 10.581140 8.666063 1.575000
v 10.893916 9.096563 1.575000
v 11.400000 9.261000 1.575000
v 11.906083 9.096563 1.575000
v 12.218860 8.666063 1.575000
v 12.218860 8.133936 1.575000
v 11.906083 7.703436 1.575000
v 11.400000 8.400000 2.625000
vn -0.0000 -0.9285 -0.3713
vn -0.5458 -0.7512 -0.3713
vn -0.8831 -0.2869 -0.3713
vn -0.8831 0.2869 -0.3713
vn -0.5458 0.7512 -0.3713
vn -0.0000 0.9285 -0.3713
vn 0.5458 0.7512 -0.3713
vn 0.8831 0.2869 -0.3713
vn 0.8831 -0.2869 -0.3713
vn 0.5458 -0.7512 -0.3713
vn -0.0000 -0.0000 1.0000
vt 0.250000 0.490000
vt 0.250000 0.250000
vt 0.391068 0.444164
vt 0.478254 0.324164
vt 0.478254 0.175836
vt 0.391068 0.055836
vt 0.250000 0.010000
vt 0.108932 0.055836
vt 0.021746 0.175836
vt 0.021746 0.324164
vt 0.750000 0.490000
vt 0.891068 0.444164
vt 0.978254 0.324164
vt 0.978254 0.175836
vt 0.891068 0.055836
vt 0.750000 0.010000
vt 0.608932 0.055836
vt 0.521746 0.175836
vt 0.521746 0.324164
vt 0.608932 0.444164
vt 0.108932 0.444164
s 1
usemtl TreeLeaf2
f 2576/2967/1558 2586/2968/1568 2577/2969/1559
f 2577/2969/1559 2586/2968/1568 2578/2970/1560
f 2578/2970/1560 2586/2968/1568 2579/2971/1561
f 2579/2971/1561 2586/2968/1568 2580/2972/1562
f 2580/2972/1562 2586/2968/1568 2581/2973/1563
f 2581/2973/1563 2586/2968/1568 2582/2974/1564
f 2582/2974/1564 2586/2968/1568 2583/2975/1565
f 2583/2975/1565 2586/2968/1568 2584/2976/1566
f 2576/2977/1558 2577/2978/1559 2578/2979/1560 2579/2980/1561 2580/2981/1562 2581/2982/1563 2582/2983/1564 2583/2984/1565 2584/2985/1566 2585/2986/1567
f 2584/2976/1566 2586/2968/1568 2585/2987/1567
f 2585/2987/1567 2586/2968/1568 2576/2967/1558
o TreeLeaf_0_2
v 11.400000 7.822500 2.205000
v 11.060554 7.932792 2.205000
v 10.850764 8.221542 2.205000
v 10.850764 8.578457 2.205000
v 11.060554 8.867207 2.205000
v 11.400000 8.977500 2.205000
v 11.739446 8.867207 2.205000
v 11.949235 8.578457 2.205000
v 11.949235 8.221542 2.205000
v 11.739446 7.932792 2.205000
v 11.400000 8.400000 3.255000
vn -0.0000 -0.8947 -0.4466
vn -0.5259 -0.7239 -0.4466
vn -0.8510 -0.2765 -0.4466
vn -0.8510 0.2765 -0.4466
vn -0.5259 0.7239 -0.4466
vn -0.0000 0.8947 -0.4466
vn 0.5259 0.7239 -0.4466
vn 0.8510 0.2765 -0.4466
vn 0.8510 -0.2765 -0.4466
vn 0.5259 -0.7239 -0.4466
vn -0.0000 -0.0000 1.0000
vt 0.250000 0.490000
vt 0.250000 0.250000
vt 0.391068 0.444164
vt 0.478254 0.324164
vt 0.478254 0.175836
vt 0.391068 0.055836
vt 0.250000 0.010000
vt 0.108932 0.055836
vt 0.021746 0.175836
vt 0.021746 0.324164
vt 0.750000 0.490000
vt 0.891068 0.444164
vt 0.978254 0.324164
vt 0.978254 0.175836
vt 0.891068 0.055836
vt 0.750000 0.010000
vt 0.608932 0.055836
vt 0.521746 0.175836
vt 0.521746 0.324164
vt 0.608932 0.444164
vt 0.108932 0.444164
s 1
usemtl TreeLeaf
f 2587/2988/1569 2597/2989/1579 2588/2990/1570
f 2588/2990/1570 2597/2989/1579 2589/2991/1571
f 2589/2991/1571 2597/2989/1579 2590/2992/1572
f 2590/2992/1572 2597/2989/1579 2591/2993/1573
f 2591/2993/1573 2597/2989/1579 2592/2994/1574
f 2592/2994/1574 2597/2989/1579 2593/2995/1575
f 2593/2995/1575 2597/2989/1579 2594/2996/1576
f 2594/2996/1576 2597/2989/1579 2595/2997/1577
f 2587/2998/1569 2588/2999/1570 2589/3000/1571 2590/3001/1572 2591/3002/1573 2592/3003/1574 2593/3004/1575 2594/3005/1576 2595/3006/1577 2596/3007/1578
f 2595/2997/1577 2597/2989/1579 2596/3008/1578
f 2596/3008/1578 2597/2989/1579 2587/2988/1569
o TreeTrunk_1
v -11.400000 8.219999 0.000000
v -11.400000 8.219999 0.900000
v -11.505801 8.254376 0.000000
v -11.505801 8.254376 0.900000
v -11.571190 8.344377 0.000000
v -11.571190 8.344377 0.900000
v -11.571190 8.455623 0.000000
v -11.571190 8.455623 0.900000
v -11.505801 8.545623 0.000000
v -11.505801 8.545623 0.900000
v -11.400000 8.580000 0.000000
v -11.400000 8.580000 0.900000
v -11.294198 8.545623 0.000000
v -11.294198 8.545623 0.900000
v -11.228809 8.455623 0.000000
v -11.228809 8.455623 0.900000
v -11.228809 8.344377 0.000000
v -11.228809 8.344377 0.900000
v -11.294198 8.254376 0.000000
v -11.294198 8.254376 0.900000
vn -0.0000 -0.7653 -0.6437
vn -0.0000 -0.7653 0.6437
vn -0.4498 -0.6191 -0.6437
vn -0.4498 -0.6191 0.6437
vn -0.7278 -0.2365 -0.6437
vn -0.7278 -0.2365 0.6437
vn -0.7278 0.2365 -0.6437
vn -0.7278 0.2365 0.6437
vn -0.4498 0.6191 -0.6437
vn -0.4498 0.6191 0.6437
vn -0.0000 0.7653 -0.6437
vn -0.0000 0.7653 0.6437
vn 0.4498 0.6191 -0.6437
vn 0.4498 0.6191 0.6437
vn 0.7278 0.2365 -0.6437
vn 0.7278 0.2365 0.6437
vn 0.7278 -0.2365 -0.6437
vn 0.7278 -0.2365 0.6437
vn 0.4498 -0.6191 -0.6437
vn 0.4498 -0.6191 0.6437
vt 1.000000 0.500000
vt 1.000000 1.000000
vt 0.900000 1.000000
vt 0.900000 0.500000
vt 0.800000 1.000000
vt 0.800000 0.500000
vt 0.700000 1.000000
vt 0.700000 0.500000
vt 0.600000 1.000000
vt 0.600000 0.500000
vt 0.500000 1.000000
vt 0.500000 0.500000
vt 0.400000 1.000000
vt 0.400000 0.500000
vt 0.300000 1.000000
vt 0.300000 0.500000
vt 0.200000 1.000000
vt 0.200000 0.500000
vt 0.391068 0.444164
vt 0.250000 0.490000
vt 0.108932 0.444164
vt 0.021746 0.324164
vt 0.021746 0.175836
vt 0.108932 0.055836
vt 0.250000 0.010000
vt 0.391068 0.055836
vt 0.478254 0.175836
vt 0.478254 0.324164
vt 0.100000 1.000000
vt 0.100000 0.500000
vt -0.000000 1.000000
vt -0.000000 0.500000
vt 0.750000 0.490000
vt 0.891068 0.444164
vt 0.978254 0.324164
vt 0.978254 0.175836
vt 0.891068 0.055836
vt 0.750000 0.010000
vt 0.608932 0.055836
vt 0.521746 0.175836
vt 0.521746 0.324164
vt 0.608932 0.444164
s 1
usemtl TreeTrunk
f 2598/3009/1580 2599/3010/1581 2601/3011/1583 2600/3012/1582
f 2600/3012/1582 2601/3011/1583 2603/3013/1585 2602/3014/1584
f 2602/3014/1584 2603/3013/1585 2605/3015/1587 2604/3016/1586
f 2604/3016/1586 2605/3015/1587 2607/3017/1589 2606/3018/1588
f 2606/3018/1588 2607/3017/1589 2609/3019/1591 2608/3020/1590
f 2608/3020/1590 2609/3019/1591 2611/3021/1593 2610/3022/1592
f 2610/3022/1592 2611/3021/1593 2613/3023/1595 2612/3024/1594
f 2612/3024/1594 2613/3023/1595 2615/3025/1597 2614/3026/1596
f 2601/3027/1583 2599/3028/1581 2617/3029/1599 2615/3030/1597 2613/3031/1595 2611/3032/1593 2609/3033/1591 2607/3034/1589 2605/3035/1587 2603/3036/1585
f 2614/3026/1596 2615/3025/1597 2617/3037/1599 2616/3038/1598
f 2616/3038/1598 2617/3037/1599 2599/3039/1581 2598/3040/1580
f 2598/3041/1580 2600/3042/1582 2602/3043/1584 2604/3044/1586 2606/3045/1588 2608/3046/1590 2610/3047/1592 2612/3048/1594 2614/3049/1596 2616/3050/1598
o TreeLeaf_1_0
v -11.400000 7.454999 0.765000
v -11.955457 7.635478 0.765000
v -12.298748 8.107979 0.765000
v -12.298748 8.692020 0.765000
v -11.955457 9.164520 0.765000
v -11.400000 9.344999 0.765000
v -10.844543 9.164520 0.765000
v -10.501251 8.692020 0.765000
v -10.501251 8.107979 0.765000
v -10.844543 7.635478 0.765000
v -11.400000 8.400000 1.665000
vn -0.0000 -0.9473 -0.3204
vn -0.5568 -0.7664 -0.3204
vn -0.9009 -0.2927 -0.3204
vn -0.9009 0.2927 -0.3204
vn -0.5568 0.7664 -0.3204
vn -0.0000 0.9473 -0.3204
vn 0.5568 0.7664 -0.3204
vn 0.9009 0.2927 -0.3204
vn 0.9009 -0.2927 -0.3204
vn 0.5568 -0.7664 -0.3204
vn -0.0000 -0.0000 1.0000
vt 0.250000 0.490000
vt 0.250000 0.250000
vt 0.391068 0.444164
vt 0.478254 0.324164
vt 0.478254 0.175836
vt 0.391068 0.055836
vt 0.250000 0.010000
vt 0.108932 0.055836
vt 0.021746 0.175836
vt 0.021746 0.324164
vt 0.750000 0.490000
vt 0.891068 0.444164
vt 0.978254 0.324164
vt 0.978254 0.175836
vt 0.891068 0.055836
vt 0.750000 0.010000
vt 0.608932 0.055836
vt 0.521746 0.175836
vt 0.521746 0.324164
vt 0.608932 0.444164
vt 0.108932 0.444164
s 1
usemtl TreeLeaf
f 2618/3051/1600 2628/3052/1610 2619/3053/1601
f 2619/3053/1601 2628/3052/1610 2620/3054/1602
f 2620/3054/1602 2628/3052/1610 2621/3055/1603
f 2621/3055/1603 2628/3052/1610 2622/3056/1604
f 2622/3056/1604 2628/3052/1610 2623/3057/1605
f 2623/3057/1605 2628/3052/1610 2624/3058/1606
f 2624/3058/1606 2628/3052/1610 2625/3059/1607
f 2625/3059/1607 2628/3052/1610 2626/3060/1608
f 2618/3061/1600 2619/3062/1601 2620/3063/1602 2621/3064/1603 2622/3065/1604 2623/3066/1605 2624/3067/1606 2625/3068/1607 2626/3069/1608 2627/3070/1609
f 2626/3060/1608 2628/3052/1610 2627/3071/1609
f 2627/3071/1609 2628/3052/1610 2618/3051/1600
o TreeLeaf_1_1
v -11.400000 7.662000 1.350000
v -11.833785 7.802945 1.350000
v -12.101879 8.171945 1.350000
v -12.101879 8.628055 1.350000
v -11.833785 8.997054 1.350000
v -11.400000 9.138000 1.350000
v -10.966214 8.997054 1.350000
v -10.698120 8.628055 1.350000
v -10.698120 8.171945 1.350000
v -10.966214 7.802945 1.350000
v -11.400000 8.400000 2.250000
vn -0.0000 -0.9285 -0.3713
vn -0.5458 -0.7512 -0.3713
vn -0.8831 -0.2869 -0.3713
vn -0.8831 0.2869 -0.3713
vn -0.5458 0.7512 -0.3713
vn -0.0000 0.9285 -0.3713
vn 0.5458 0.7512 -0.3713
vn 0.8831 0.2869 -0.3713
vn 0.8831 -0.2869 -0.3713
vn 0.5458 -0.7512 -0.3713
vn -0.0000 -0.0000 1.0000
vt 0.250000 0.490000
vt 0.250000 0.250000
vt 0.391068 0.444164
vt 0.478254 0.324164
vt 0.478254 0.175836
vt 0.391068 0.055836
vt 0.250000 0.010000
vt 0.108932 0.055836
vt 0.021746 0.175836
vt 0.021746 0.324164
vt 0.750000 0.490000
vt 0.891068 0.444164
vt 0.978254 0.324164
vt 0.978254 0.175836
vt 0.891068 0.055836
vt 0.750000 0.010000
vt 0.608932 0.055836
vt 0.521746 0.175836
vt 0.521746 0.324164
vt 0.608932 0.444164
vt 0.108932 0.444164
s 1
usemtl TreeLeaf2
f 2629/3072/1611 2639/3073/1621 2630/3074/1612
f 2630/3074/1612 2639/3073/1621 2631/3075/1613
f 2631/3075/1613 2639/3073/1621 2632/3076/1614
f 2632/3076/1614 2639/3073/1621 2633/3077/1615
f 2633/3077/1615 2639/3073/1621 2634/3078/1616
f 2634/3078/1616 2639/3073/1621 2635/3079/1617
f 2635/3079/1617 2639/3073/1621 2636/3080/1618
f 2636/3080/1618 2639/3073/1621 2637/3081/1619
f 2629/3082/1611 2630/3083/1612 2631/3084/1613 2632/3085/1614 2633/3086/1615 2634/3087/1616 2635/3088/1617 2636/3089/1618 2637/3090/1619 2638/3091/1620
f 2637/3081/1619 2639/3073/1621 2638/3092/1620
f 2638/3092/1620 2639/3073/1621 2629/3072/1611
o TreeLeaf_1_2
v -11.400000 7.905000 1.890000
v -11.690953 7.999536 1.890000
v -11.870772 8.247036 1.890000
v -11.870772 8.552963 1.890000
v -11.690953 8.800463 1.890000
v -11.400000 8.895000 1.890000
v -11.109046 8.800463 1.890000
v -10.929227 8.552963 1.890000
v -10.929227 8.247036 1.890000
v -11.109046 7.999536 1.890000
v -11.400000 8.400000 2.790000
vn -0.0000 -0.8947 -0.4466
vn -0.5259 -0.7239 -0.4466
vn -0.8510 -0.2765 -0.4466
vn -0.8510 0.2765 -0.4466
vn -0.5259 0.7239 -0.4466
vn -0.0000 0.8947 -0.4466
vn 0.5259 0.7239 -0.4466
vn 0.8510 0.2765 -0.4466
vn 0.8510 -0.2765 -0.4466
vn 0.5259 -0.7239 -0.4466
vn -0.0000 -0.0000 1.0000
vt 0.250000 0.490000
vt 0.250000 0.250000
vt 0.391068 0.444164
vt 0.478254 0.324164
vt 0.478254 0.175836
vt 0.391068 0.055836
vt 0.250000 0.010000
vt 0.108932 0.055836
vt 0.021746 0.175836
vt 0.021746 0.324164
vt 0.750000 0.490000
vt 0.891068 0.444164
vt 0.978254 0.324164
vt 0.978254 0.175836
vt 0.891068 0.055836
vt 0.750000 0.010000
vt 0.608932 0.055836
vt 0.521746 0.175836
vt 0.521746 0.324164
vt 0.608932 0.444164
vt 0.108932 0.444164
s 1
usemtl TreeLeaf
f 2640/3093/1622 2650/3094/1632 2641/3095/1623
f 2641/3095/1623 2650/3094/1632 2642/3096/1624
f 2642/3096/1624 2650/3094/1632 2643/3097/1625
f 2643/3097/1625 2650/3094/1632 2644/3098/1626
f 2644/3098/1626 2650/3094/1632 2645/3099/1627
f 2645/3099/1627 2650/3094/1632 2646/3100/1628
f 2646/3100/1628 2650/3094/1632 2647/3101/1629
f 2647/3101/1629 2650/3094/1632 2648/3102/1630
f 2640/3103/1622 2641/3104/1623 2642/3105/1624 2643/3106/1625 2644/3107/1626 2645/3108/1627 2646/3109/1628 2647/3110/1629 2648/3111/1630 2649/3112/1631
f 2648/3102/1630 2650/3094/1632 2649/3113/1631
f 2649/3113/1631 2650/3094/1632 2640/3093/1622
o TreeTrunk_2
v -11.400000 -8.620000 0.000000
v -11.400000 -8.620000 1.100000
v -11.529312 -8.577983 0.000000
v -11.529312 -8.577983 1.100000
v -11.609232 -8.467983 0.000000
v -11.609232 -8.467983 1.100000
v -11.609232 -8.332016 0.000000
v -11.609232 -8.332016 1.100000
v -11.529312 -8.222016 0.000000
v -11.529312 -8.222016 1.100000
v -11.400000 -8.179999 0.000000
v -11.400000 -8.179999 1.100000
v -11.270687 -8.222016 0.000000
v -11.270687 -8.222016 1.100000
v -11.190767 -8.332016 0.000000
v -11.190767 -8.332016 1.100000
v -11.190767 -8.467983 0.000000
v -11.190767 -8.467983 1.100000
v -11.270687 -8.577983 0.000000
v -11.270687 -8.577983 1.100000
vn -0.0000 -0.7653 -0.6437
vn -0.0000 -0.7653 0.6437
vn -0.4498 -0.6191 -0.6437
vn -0.4498 -0.6191 0.6437
vn -0.7278 -0.2365 -0.6437
vn -0.7278 -0.2365 0.6437
vn -0.7278 0.2365 -0.6437
vn -0.7278 0.2365 0.6437
vn -0.4498 0.6191 -0.6437
vn -0.4498 0.6191 0.6437
vn -0.0000 0.7653 -0.6437
vn -0.0000 0.7653 0.6437
vn 0.4498 0.6191 -0.6437
vn 0.4498 0.6191 0.6437
vn 0.7278 0.2365 -0.6437
vn 0.7278 0.2365 0.6437
vn 0.7278 -0.2365 -0.6437
vn 0.7278 -0.2365 0.6437
vn 0.4498 -0.6191 -0.6437
vn 0.4498 -0.6191 0.6437
vt 1.000000 0.500000
vt 1.000000 1.000000
vt 0.900000 1.000000
vt 0.900000 0.500000
vt 0.800000 1.000000
vt 0.800000 0.500000
vt 0.700000 1.000000
vt 0.700000 0.500000
vt 0.600000 1.000000
vt 0.600000 0.500000
vt 0.500000 1.000000
vt 0.500000 0.500000
vt 0.400000 1.000000
vt 0.400000 0.500000
vt 0.300000 1.000000
vt 0.300000 0.500000
vt 0.200000 1.000000
vt 0.200000 0.500000
vt 0.391068 0.444164
vt 0.250000 0.490000
vt 0.108932 0.444164
vt 0.021746 0.324164
vt 0.021746 0.175836
vt 0.108932 0.055836
vt 0.250000 0.010000
vt 0.391068 0.055836
vt 0.478254 0.175836
vt 0.478254 0.324164
vt 0.100000 1.000000
vt 0.100000 0.500000
vt -0.000000 1.000000
vt -0.000000 0.500000
vt 0.750000 0.490000
vt 0.891068 0.444164
vt 0.978254 0.324164
vt 0.978254 0.175836
vt 0.891068 0.055836
vt 0.750000 0.010000
vt 0.608932 0.055836
vt 0.521746 0.175836
vt 0.521746 0.324164
vt 0.608932 0.444164
s 1
usemtl TreeTrunk
f 2651/3114/1633 2652/3115/1634 2654/3116/1636 2653/3117/1635
f 2653/3117/1635 2654/3116/1636 2656/3118/1638 2655/3119/1637
f 2655/3119/1637 2656/3118/1638 2658/3120/1640 2657/3121/1639
f 2657/3121/1639 2658/3120/1640 2660/3122/1642 2659/3123/1641
f 2659/3123/1641 2660/3122/1642 2662/3124/1644 2661/3125/1643
f 2661/3125/1643 2662/3124/1644 2664/3126/1646 2663/3127/1645
f 2663/3127/1645 2664/3126/1646 2666/3128/1648 2665/3129/1647
f 2665/3129/1647 2666/3128/1648 2668/3130/1650 2667/3131/1649
f 2654/3132/1636 2652/3133/1634 2670/3134/1652 2668/3135/1650 2666/3136/1648 2664/3137/1646 2662/3138/1644 2660/3139/1642 2658/3140/1640 2656/3141/1638
f 2667/3131/1649 2668/3130/1650 2670/3142/1652 2669/3143/1651
f 2669/3143/1651 2670/3142/1652 2652/3144/1634 2651/3145/1633
f 2651/3146/1633 2653/3147/1635 2655/3148/1637 2657/3149/1639 2659/3150/1641 2661/3151/1643 2663/3152/1645 2665/3153/1647 2667/3154/1649 2669/3155/1651
o TreeLeaf_2_0
v -11.400000 -9.554999 0.935000
v -12.078892 -9.334414 0.935000
v -12.498470 -8.756914 0.935000
v -12.498470 -8.043085 0.935000
v -12.078892 -7.465585 0.935000
v -11.400000 -7.245000 0.935000
v -10.721107 -7.465585 0.935000
v -10.301529 -8.043085 0.935000
v -10.301529 -8.756914 0.935000
v -10.721107 -9.334414 0.935000
v -11.400000 -8.400000 2.035000
vn -0.0000 -0.9473 -0.3204
vn -0.5568 -0.7664 -0.3204
vn -0.9009 -0.2927 -0.3204
vn -0.9009 0.2927 -0.3204
vn -0.5568 0.7664 -0.3204
vn -0.0000 0.9473 -0.3204
vn 0.5568 0.7664 -0.3204
vn 0.9009 0.2927 -0.3204
vn 0.9009 -0.2927 -0.3204
vn 0.5568 -0.7664 -0.3204
vn -0.0000 -0.0000 1.0000
vt 0.250000 0.490000
vt 0.250000 0.250000
vt 0.391068 0.444164
vt 0.478254 0.324164
vt 0.478254 0.175836
vt 0.391068 0.055836
vt 0.250000 0.010000
vt 0.108932 0.055836
vt 0.021746 0.175836
vt 0.021746 0.324164
vt 0.750000 0.490000
vt 0.891068 0.444164
vt 0.978254 0.324164
vt 0.978254 0.175836
vt 0.891068 0.055836
vt 0.750000 0.010000
vt 0.608932 0.055836
vt 0.521746 0.175836
vt 0.521746 0.324164
vt 0.608932 0.444164
vt 0.108932 0.444164
s 1
usemtl TreeLeaf
f 2671/3156/1653 2681/3157/1663 2672/3158/1654
f 2672/3158/1654 2681/3157/1663 2673/3159/1655
f 2673/3159/1655 2681/3157/1663 2674/3160/1656
f 2674/3160/1656 2681/3157/1663 2675/3161/1657
f 2675/3161/1657 2681/3157/1663 2676/3162/1658
f 2676/3162/1658 2681/3157/1663 2677/3163/1659
f 2677/3163/1659 2681/3157/1663 2678/3164/1660
f 2678/3164/1660 2681/3157/1663 2679/3165/1661
f 2671/3166/1653 2672/3167/1654 2673/3168/1655 2674/3169/1656 2675/3170/1657 2676/3171/1658 2677/3172/1659 2678/3173/1660 2679/3174/1661 2680/3175/1662
f 2679/3165/1661 2681/3157/1663 2680/3176/1662
f 2680/3176/1662 2681/3157/1663 2671/3156/1653
o TreeLeaf_2_1
v -11.400000 -9.302000 1.650000
v -11.930182 -9.129733 1.650000
v -12.257853 -8.678733 1.650000
v -12.257853 -8.121266 1.650000
v -11.930182 -7.670266 1.650000
v -11.400000 -7.498000 1.650000
v -10.869818 -7.670266 1.650000
v -10.542147 -8.121266 1.650000
v -10.542147 -8.678733 1.650000
v -10.869818 -9.129733 1.650000
v -11.400000 -8.400000 2.750000
vn -0.0000 -0.9285 -0.3713
vn -0.5458 -0.7512 -0.3713
vn -0.8831 -0.2869 -0.3713
vn -0.8831 0.2869 -0.3713
vn -0.5458 0.7512 -0.3713
vn -0.0000 0.9285 -0.3713
vn 0.5458 0.7512 -0.3713
vn 0.8831 0.2869 -0.3713
vn 0.8831 -0.2869 -0.3713
vn 0.5458 -0.7512 -0.3713
vn -0.0000 -0.0000 1.0000
vt 0.250000 0.490000
vt 0.250000 0.250000
vt 0.391068 0.444164
vt 0.478254 0.324164
vt 0.478254 0.175836
vt 0.391068 0.055836
vt 0.250000 0.010000
vt 0.108932 0.055836
vt 0.021746 0.175836
vt 0.021746 0.324164
vt 0.750000 0.490000
vt 0.891068 0.444164
vt 0.978254 0.324164
vt 0.978254 0.175836
vt 0.891068 0.055836
vt 0.750000 0.010000
vt 0.608932 0.055836
vt 0.521746 0.175836
vt 0.521746 0.324164
vt 0.608932 0.444164
vt 0.108932 0.444164
s 1
usemtl TreeLeaf2
f 2682/3177/1664 2692/3178/1674 2683/3179/1665
f 2683/3179/1665 2692/3178/1674 2684/3180/1666
f 2684/3180/1666 2692/3178/1674 2685/3181/1667
f 2685/3181/1667 2692/3178/1674 2686/3182/1668
f 2686/3182/1668 2692/3178/1674 2687/3183/1669
f 2687/3183/1669 2692/3178/1674 2688/3184/1670
f 2688/3184/1670 2692/3178/1674 2689/3185/1671
f 2689/3185/1671 2692/3178/1674 2690/3186/1672
f 2682/3187/1664 2683/3188/1665 2684/3189/1666 2685/3190/1667 2686/3191/1668 2687/3192/1669 2688/3193/1670 2689/3194/1671 2690/3195/1672 2691/3196/1673
f 2690/3186/1672 2692/3178/1674 2691/3197/1673
f 2691/3197/1673 2692/3178/1674 2682/3177/1664
o TreeLeaf_2_2
v -11.400000 -9.004999 2.310000
v -11.755610 -8.889455 2.310000
v -11.975389 -8.586955 2.310000
v -11.975389 -8.213044 2.310000
v -11.755610 -7.910544 2.310000
v -11.400000 -7.795000 2.310000
v -11.044390 -7.910544 2.310000
v -10.824611 -8.213044 2.310000
v -10.824611 -8.586955 2.310000
v -11.044390 -8.889455 2.310000
v -11.400000 -8.400000 3.410000
vn -0.0000 -0.8947 -0.4466
vn -0.5259 -0.7239 -0.4466
vn -0.8510 -0.2765 -0.4466
vn -0.8510 0.2765 -0.4466
vn -0.5259 0.7239 -0.4466
vn -0.0000 0.8947 -0.4466
vn 0.5259 0.7239 -0.4466
vn 0.8510 0.2765 -0.4466
vn 0.8510 -0.2765 -0.4466
vn 0.5259 -0.7239 -0.4466
vn -0.0000 -0.0000 1.0000
vt 0.250000 0.490000
vt 0.250000 0.250000
vt 0.391068 0.444164
vt 0.478254 0.324164
vt 0.478254 0.175836
vt 0.391068 0.055836
vt 0.250000 0.010000
vt 0.108932 0.055836
vt 0.021746 0.175836
vt 0.021746 0.324164
vt 0.750000 0.490000
vt 0.891068 0.444164
vt 0.978254 0.324164
vt 0.978254 0.175836
vt 0.891068 0.055836
vt 0.750000 0.010000
vt 0.608932 0.055836
vt 0.521746 0.175836
vt 0.521746 0.324164
vt 0.608932 0.444164
vt 0.108932 0.444164
s 1
usemtl TreeLeaf
f 2693/3198/1675 2703/3199/1685 2694/3200/1676
f 2694/3200/1676 2703/3199/1685 2695/3201/1677
f 2695/3201/1677 2703/3199/1685 2696/3202/1678
f 2696/3202/1678 2703/3199/1685 2697/3203/1679
f 2697/3203/1679 2703/3199/1685 2698/3204/1680
f 2698/3204/1680 2703/3199/1685 2699/3205/1681
f 2699/3205/1681 2703/3199/1685 2700/3206/1682
f 2700/3206/1682 2703/3199/1685 2701/3207/1683
f 2693/3208/1675 2694/3209/1676 2695/3210/1677 2696/3211/1678 2697/3212/1679 2698/3213/1680 2699/3214/1681 2700/3215/1682 2701/3216/1683 2702/3217/1684
f 2701/3207/1683 2703/3199/1685 2702/3218/1684
f 2702/3218/1684 2703/3199/1685 2693/3198/1675
o TreeTrunk_3
v 11.400000 -8.589999 0.000000
v 11.400000 -8.589999 0.950000
v 11.288321 -8.553713 0.000000
v 11.288321 -8.553713 0.950000
v 11.219299 -8.458713 0.000000
v 11.219299 -8.458713 0.950000
v 11.219299 -8.341287 0.000000
v 11.219299 -8.341287 0.950000
v 11.288321 -8.246286 0.000000
v 11.288321 -8.246286 0.950000
v 11.400000 -8.210000 0.000000
v 11.400000 -8.210000 0.950000
v 11.511679 -8.246286 0.000000
v 11.511679 -8.246286 0.950000
v 11.580700 -8.341287 0.000000
v 11.580700 -8.341287 0.950000
v 11.580700 -8.458713 0.000000
v 11.580700 -8.458713 0.950000
v 11.511679 -8.553713 0.000000
v 11.511679 -8.553713 0.950000
vn -0.0000 -0.7653 -0.6437
vn -0.0000 -0.7653 0.6437
vn -0.4498 -0.6191 -0.6437
vn -0.4498 -0.6191 0.6437
vn -0.7278 -0.2365 -0.6437
vn -0.7278 -0.2365 0.6437
vn -0.7278 0.2365 -0.6437
vn -0.7278 0.2365 0.6437
vn -0.4498 0.6191 -0.6437
vn -0.4498 0.6191 0.6437
vn -0.0000 0.7653 -0.6437
vn -0.0000 0.7653 0.6437
vn 0.4498 0.6191 -0.6437
vn 0.4498 0.6191 0.6437
vn 0.7278 0.2365 -0.6437
vn 0.7278 0.2365 0.6437
vn 0.7278 -0.2365 -0.6437
vn 0.7278 -0.2365 0.6437
vn 0.4498 -0.6191 -0.6437
vn 0.4498 -0.6191 0.6437
vt 1.000000 0.500000
vt 1.000000 1.000000
vt 0.900000 1.000000
vt 0.900000 0.500000
vt 0.800000 1.000000
vt 0.800000 0.500000
vt 0.700000 1.000000
vt 0.700000 0.500000
vt 0.600000 1.000000
vt 0.600000 0.500000
vt 0.500000 1.000000
vt 0.500000 0.500000
vt 0.400000 1.000000
vt 0.400000 0.500000
vt 0.300000 1.000000
vt 0.300000 0.500000
vt 0.200000 1.000000
vt 0.200000 0.500000
vt 0.391068 0.444164
vt 0.250000 0.490000
vt 0.108932 0.444164
vt 0.021746 0.324164
vt 0.021746 0.175836
vt 0.108932 0.055836
vt 0.250000 0.010000
vt 0.391068 0.055836
vt 0.478254 0.175836
vt 0.478254 0.324164
vt 0.100000 1.000000
vt 0.100000 0.500000
vt -0.000000 1.000000
vt -0.000000 0.500000
vt 0.750000 0.490000
vt 0.891068 0.444164
vt 0.978254 0.324164
vt 0.978254 0.175836
vt 0.891068 0.055836
vt 0.750000 0.010000
vt 0.608932 0.055836
vt 0.521746 0.175836
vt 0.521746 0.324164
vt 0.608932 0.444164
s 1
usemtl TreeTrunk
f 2704/3219/1686 2705/3220/1687 2707/3221/1689 2706/3222/1688
f 2706/3222/1688 2707/3221/1689 2709/3223/1691 2708/3224/1690
f 2708/3224/1690 2709/3223/1691 2711/3225/1693 2710/3226/1692
f 2710/3226/1692 2711/3225/1693 2713/3227/1695 2712/3228/1694
f 2712/3228/1694 2713/3227/1695 2715/3229/1697 2714/3230/1696
f 2714/3230/1696 2715/3229/1697 2717/3231/1699 2716/3232/1698
f 2716/3232/1698 2717/3231/1699 2719/3233/1701 2718/3234/1700
f 2718/3234/1700 2719/3233/1701 2721/3235/1703 2720/3236/1702
f 2707/3237/1689 2705/3238/1687 2723/3239/1705 2721/3240/1703 2719/3241/1701 2717/3242/1699 2715/3243/1697 2713/3244/1695 2711/3245/1693 2709/3246/1691
f 2720/3236/1702 2721/3235/1703 2723/3247/1705 2722/3248/1704
f 2722/3248/1704 2723/3247/1705 2705/3249/1687 2704/3250/1686
f 2704/3251/1686 2706/3252/1688 2708/3253/1690 2710/3254/1692 2712/3255/1694 2714/3256/1696 2716/3257/1698 2718/3258/1700 2720/3259/1702 2722/3260/1704
o TreeLeaf_3_0
v 11.400000 -9.397500 0.807500
v 10.813684 -9.206994 0.807500
v 10.451321 -8.708244 0.807500
v 10.451321 -8.091755 0.807500
v 10.813684 -7.593005 0.807500
v 11.400000 -7.402500 0.807500
v 11.986316 -7.593005 0.807500
v 12.348679 -8.091755 0.807500
v 12.348679 -8.708244 0.807500
v 11.986316 -9.206994 0.807500
v 11.400000 -8.400000 1.757500
vn -0.0000 -0.9473 -0.3204
vn -0.5568 -0.7664 -0.3204
vn -0.9009 -0.2927 -0.3204
vn -0.9009 0.2927 -0.3204
vn -0.5568 0.7664 -0.3204
vn -0.0000 0.9473 -0.3204
vn 0.5568 0.7664 -0.3204
vn 0.9009 0.2927 -0.3204
vn 0.9009 -0.2927 -0.3204
vn 0.5568 -0.7664 -0.3204
vn -0.0000 -0.0000 1.0000
vt 0.250000 0.490000
vt 0.250000 0.250000
vt 0.391068 0.444164
vt 0.478254 0.324164
vt 0.478254 0.175836
vt 0.391068 0.055836
vt 0.250000 0.010000
vt 0.108932 0.055836
vt 0.021746 0.175836
vt 0.021746 0.324164
vt 0.750000 0.490000
vt 0.891068 0.444164
vt 0.978254 0.324164
vt 0.978254 0.175836
vt 0.891068 0.055836
vt 0.750000 0.010000
vt 0.608932 0.055836
vt 0.521746 0.175836
vt 0.521746 0.324164
vt 0.608932 0.444164
vt 0.108932 0.444164
s 1
usemtl TreeLeaf
f 2724/3261/1706 2734/3262/1716 2725/3263/1707
f 2725/3263/1707 2734/3262/1716 2726/3264/1708
f 2726/3264/1708 2734/3262/1716 2727/3265/1709
f 2727/3265/1709 2734/3262/1716 2728/3266/1710
f 2728/3266/1710 2734/3262/1716 2729/3267/1711
f 2729/3267/1711 2734/3262/1716 2730/3268/1712
f 2730/3268/1712 2734/3262/1716 2731/3269/1713
f 2731/3269/1713 2734/3262/1716 2732/3270/1714
f 2724/3271/1706 2725/3272/1707 2726/3273/1708 2727/3274/1709 2728/3275/1710 2729/3276/1711 2730/3277/1712 2731/3278/1713 2732/3279/1714 2733/3280/1715
f 2732/3270/1714 2734/3262/1716 2733/3281/1715
f 2733/3281/1715 2734/3262/1716 2724/3261/1706
o TreeLeaf_3_1
v 11.400000 -9.179000 1.425000
v 10.942115 -9.030224 1.425000
v 10.659126 -8.640724 1.425000
v 10.659126 -8.159275 1.425000
v 10.942115 -7.769775 1.425000
v 11.400000 -7.621000 1.425000
v 11.857884 -7.769775 1.425000
v 12.140873 -8.159275 1.425000
v 12.140873 -8.640724 1.425000
v 11.857884 -9.030224 1.425000
v 11.400000 -8.400000 2.375000
vn -0.0000 -0.9285 -0.3713
vn -0.5458 -0.7512 -0.3713
vn -0.8831 -0.2869 -0.3713
vn -0.8831 0.2869 -0.3713
vn -0.5458 0.7512 -0.3713
vn -0.0000 0.9285 -0.3713
vn 0.5458 0.7512 -0.3713
vn 0.8831 0.2869 -0.3713
vn 0.8831 -0.2869 -0.3713
vn 0.5458 -0.7512 -0.3713
vn -0.0000 -0.0000 1.0000
vt 0.250000 0.490000
vt 0.250000 0.250000
vt 0.391068 0.444164
vt 0.478254 0.324164
vt 0.478254 0.175836
vt 0.391068 0.055836
vt 0.250000 0.010000
vt 0.108932 0.055836
vt 0.021746 0.175836
vt 0.021746 0.324164
vt 0.750000 0.490000
vt 0.891068 0.444164
vt 0.978254 0.324164
vt 0.978254 0.175836
vt 0.891068 0.055836
vt 0.750000 0.010000
vt 0.608932 0.055836
vt 0.521746 0.175836
vt 0.521746 0.324164
vt 0.608932 0.444164
vt 0.108932 0.444164
s 1
usemtl TreeLeaf2
f 2735/3282/1717 2745/3283/1727 2736/3284/1718
f 2736/3284/1718 2745/3283/1727 2737/3285/1719
f 2737/3285/1719 2745/3283/1727 2738/3286/1720
f 2738/3286/1720 2745/3283/1727 2739/3287/1721
f 2739/3287/1721 2745/3283/1727 2740/3288/1722
f 2740/3288/1722 2745/3283/1727 2741/3289/1723
f 2741/3289/1723 2745/3283/1727 2742/3290/1724
f 2742/3290/1724 2745/3283/1727 2743/3291/1725
f 2735/3292/1717 2736/3293/1718 2737/3294/1719 2738/3295/1720 2739/3296/1721 2740/3297/1722 2741/3298/1723 2742/3299/1724 2743/3300/1725 2744/3301/1726
f 2743/3291/1725 2745/3283/1727 2744/3302/1726
f 2744/3302/1726 2745/3283/1727 2735/3282/1717
o TreeLeaf_3_2
v 11.400000 -8.922500 1.995000
v 11.092882 -8.822711 1.995000
v 10.903072 -8.561461 1.995000
v 10.903072 -8.238538 1.995000
v 11.092882 -7.977288 1.995000
v 11.400000 -7.877500 1.995000
v 11.707117 -7.977288 1.995000
v 11.896927 -8.238538 1.995000
v 11.896927 -8.561461 1.995000
v 11.707117 -8.822711 1.995000
v 11.400000 -8.400000 2.945000
vn -0.0000 -0.8947 -0.4466
vn -0.5259 -0.7239 -0.4466
vn -0.8510 -0.2765 -0.4466
vn -0.8510 0.2765 -0.4466
vn -0.5259 0.7239 -0.4466
vn -0.0000 0.8947 -0.4466
vn 0.5259 0.7239 -0.4466
vn 0.8510 0.2765 -0.4466
vn 0.8510 -0.2765 -0.4466
vn 0.5259 -0.7239 -0.4466
vn -0.0000 -0.0000 1.0000
vt 0.250000 0.490000
vt 0.250000 0.250000
vt 0.391068 0.444164
vt 0.478254 0.324164
vt 0.478254 0.175836
vt 0.391068 0.055836
vt 0.250000 0.010000
vt 0.108932 0.055836
vt 0.021746 0.175836
vt 0.021746 0.324164
vt 0.750000 0.490000
vt 0.891068 0.444164
vt 0.978254 0.324164
vt 0.978254 0.175836
vt 0.891068 0.055836
vt 0.750000 0.010000
vt 0.608932 0.055836
vt 0.521746 0.175836
vt 0.521746 0.324164
vt 0.608932 0.444164
vt 0.108932 0.444164
s 1
usemtl TreeLeaf
f 2746/3303/1728 2756/3304/1738 2747/3305/1729
f 2747/3305/1729 2756/3304/1738 2748/3306/1730
f 2748/3306/1730 2756/3304/1738 2749/3307/1731
f 2749/3307/1731 2756/3304/1738 2750/3308/1732
f 2750/3308/1732 2756/3304/1738 2751/3309/1733
f 2751/3309/1733 2756/3304/1738 2752/3310/1734
f 2752/3310/1734 2756/3304/1738 2753/3311/1735
f 2753/3311/1735 2756/3304/1738 2754/3312/1736
f 2746/3313/1728 2747/3314/1729 2748/3315/1730 2749/3316/1731 2750/3317/1732 2751/3318/1733 2752/3319/1734 2753/3320/1735 2754/3321/1736 2755/3322/1737
f 2754/3312/1736 2756/3304/1738 2755/3323/1737
f 2755/3323/1737 2756/3304/1738 2746/3303/1728
o Bush_0
v 0.000000 -8.900000 -0.013750
v -0.437782 -8.581936 0.237074
v 0.167215 -8.385357 0.237074
v 0.541128 -8.900000 0.237076
v 0.167215 -9.414642 0.237074
v -0.437782 -9.218063 0.237074
v -0.167215 -8.385357 0.642926
v 0.437782 -8.581936 0.642926
v 0.437782 -9.218063 0.642926
v -0.167215 -9.414642 0.642926
v -0.541128 -8.900000 0.642924
v 0.000000 -8.900000 0.893750
v 0.098286 -8.597503 0.054016
v -0.257320 -8.713048 0.054016
v -0.159036 -8.410547 0.201447
v -0.514642 -8.900000 0.201447
v -0.257320 -9.086951 0.054016
v 0.318067 -8.900000 0.054017
v 0.416355 -8.597502 0.201447
v 0.098286 -9.202497 0.054016
v 0.416355 -9.202497 0.201447
v -0.159036 -9.389452 0.201447
v -0.575390 -8.713047 0.440000
v -0.575390 -9.086952 0.440000
v 0.000000 -8.295000 0.440000
v -0.355610 -8.410544 0.440000
v 0.575390 -8.713047 0.440000
v 0.355610 -8.410544 0.440000
v 0.355610 -9.389455 0.440000
v 0.575390 -9.086952 0.440000
v -0.355610 -9.389455 0.440000
v 0.000000 -9.504999 0.440000
v -0.416355 -8.597502 0.678553
v 0.159036 -8.410547 0.678553
v 0.514642 -8.900000 0.678553
v 0.159036 -9.389452 0.678553
v -0.416355 -9.202497 0.678553
v -0.098286 -8.597503 0.825984
v -0.318067 -8.900000 0.825983
v 0.257320 -8.713048 0.825984
v 0.257320 -9.086951 0.825984
v -0.098286 -9.202497 0.825984
vn -0.0000 -0.0000 -1.0000
vn -0.6865 0.4987 -0.5292
vn 0.2622 0.8070 -0.5292
vn 0.8485 -0.0000 -0.5292
vn 0.2622 -0.8070 -0.5292
vn -0.6865 -0.4987 -0.5292
vn -0.2622 0.8070 0.5292
vn 0.6865 0.4987 0.5292
vn 0.6865 -0.4987 0.5292
vn -0.2622 -0.8070 0.5292
vn -0.8485 -0.0000 0.5292
vn -0.0000 -0.0000 1.0000
vn 0.1350 0.4155 -0.8995
vn -0.3535 0.2568 -0.8995
vn -0.2456 0.7558 -0.6070
vn -0.7947 -0.0000 -0.6070
vn -0.3535 -0.2568 -0.8995
vn 0.4369 -0.0000 -0.8995
vn 0.6429 0.4671 -0.6070
vn 0.1350 -0.4155 -0.8995
vn 0.6429 -0.4671 -0.6070
vn -0.2456 -0.7558 -0.6070
vn -0.9511 0.3090 -0.0000
vn -0.9511 -0.3090 -0.0000
vn -0.0000 1.0000 -0.0000
vn -0.5878 0.8090 -0.0000
vn 0.9511 0.3090 -0.0000
vn 0.5878 0.8090 -0.0000
vn 0.5878 -0.8090 -0.0000
vn 0.9511 -0.3090 -0.0000
vn -0.5878 -0.8090 -0.0000
vn -0.0000 -1.0000 -0.0000
vn -0.6429 0.4671 0.6070
vn 0.2456 0.7558 0.6070
vn 0.7947 -0.0000 0.6070
vn 0.2456 -0.7558 0.6070
vn -0.6429 -0.4671 0.6070
vn -0.1350 0.4155 0.8995
vn -0.4369 -0.0000 0.8995
vn 0.3535 0.2568 0.8995
vn 0.3535 -0.2568 0.8995
vn -0.1350 -0.4155 0.8995
vt 0.181819 0.000000
vt 0.227273 0.078731
vt 0.136365 0.078731
vt 0.272728 0.157461
vt 0.318182 0.078731
vt 0.363637 0.157461
vt 0.909091 0.000000
vt 0.954545 0.078731
vt 0.863636 0.078731
vt 0.727273 0.000000
vt 0.772727 0.078731
vt 0.681818 0.078731
vt 0.545455 0.000000
vt 0.590909 0.078731
vt 0.500000 0.078731
vt 0.318182 0.236191
vt 0.090910 0.157461
vt 0.181819 0.157461
vt 0.136365 0.236191
vt 0.818182 0.157461
vt 0.909091 0.157461
vt 0.863636 0.236191
vt 0.636364 0.157461
vt 0.727273 0.157461
vt 0.681818 0.236191
vt 0.454546 0.157461
vt 0.545455 0.157461
vt 0.500000 0.236191
vt 0.227273 0.236191
vt 0.045455 0.236191
vt 0.772727 0.236191
vt 0.590909 0.236191
vt 0.409092 0.236191
vt 0.181819 0.314921
vt 0.272728 0.314921
vt 0.227273 0.393651
vt 0.000000 0.314921
vt 0.090910 0.314921
vt 0.045455 0.393651
vt 0.727273 0.314921
vt 0.818182 0.314921
vt 0.772727 0.393651
vt 0.545455 0.314921
vt 0.636364 0.314921
vt 0.590909 0.393651
vt 0.363637 0.314921
vt 0.454546 0.314921
vt 0.409092 0.393651
vt 0.500000 0.393651
vt 0.454546 0.472382
vt 0.681818 0.393651
vt 0.636364 0.472382
vt 0.863636 0.393651
vt 0.818182 0.472382
vt 0.909091 0.314921
vt 0.136365 0.393651
vt 0.090910 0.472382
vt 0.318182 0.393651
vt 0.272728 0.472382
vt 0.954545 0.236191
vt 1.000000 0.157461
vt 0.409092 0.078731
vt 0.363637 0.000000
s 1
usemtl TreeLeaf2
f 2757/3324/1739 2770/3325/1752 2769/3326/1751
f 2758/3327/1740 2770/3328/1752 2772/3329/1754
f 2757/3330/1739 2769/3331/1751 2774/3332/1756
f 2757/3333/1739 2774/3334/1756 2776/3335/1758
f 2757/3336/1739 2776/3337/1758 2773/3338/1755
f 2758/3327/1740 2772/3329/1754 2779/3339/1761
f 2759/3340/1741 2771/3341/1753 2781/3342/1763
f 2760/3343/1742 2775/3344/1757 2783/3345/1765
f 2761/3346/1743 2777/3347/1759 2785/3348/1767
f 2762/3349/1744 2778/3350/1760 2787/3351/1769
f 2758/3327/1740 2779/3339/1761 2782/3352/1764
f 2759/3340/1741 2781/3342/1763 2784/3353/1766
f 2760/3343/1742 2783/3345/1765 2786/3354/1768
f 2761/3346/1743 2785/3348/1767 2788/3355/1770
f 2762/3349/1744 2787/3351/1769 2780/3356/1762
f 2763/3357/1745 2789/3358/1771 2794/3359/1776
f 2764/3360/1746 2790/3361/1772 2796/3362/1778
f 2765/3363/1747 2791/3364/1773 2797/3365/1779
f 2766/3366/1748 2792/3367/1774 2798/3368/1780
f 2767/3369/1749 2793/3370/1775 2795/3371/1777
f 2795/3371/1777 2798/3372/1780 2768/3373/1750
f 2795/3371/1777 2793/3370/1775 2798/3372/1780
f 2793/3370/1775 2766/3366/1748 2798/3372/1780
f 2798/3368/1780 2797/3374/1779 2768/3375/1750
f 2798/3368/1780 2792/3367/1774 2797/3374/1779
f 2792/3367/1774 2765/3363/1747 2797/3374/1779
f 2797/3365/1779 2796/3376/1778 2768/3377/1750
f 2797/3365/1779 2791/3364/1773 2796/3376/1778
f 2791/3364/1773 2764/3378/1746 2796/3376/1778
f 2796/3362/1778 2794/3379/1776 2768/3380/1750
f 2796/3362/1778 2790/3361/1772 2794/3379/1776
f 2790/3361/1772 2763/3357/1745 2794/3379/1776
f 2794/3359/1776 2795/3381/1777 2768/3382/1750
f 2794/3359/1776 2789/3358/1771 2795/3381/1777
f 2789/3358/1771 2767/3369/1749 2795/3381/1777
f 2780/3356/1762 2793/3370/1775 2767/3369/1749
f 2780/3356/1762 2787/3351/1769 2793/3370/1775
f 2787/3351/1769 2766/3366/1748 2793/3370/1775
f 2788/3355/1770 2792/3367/1774 2766/3366/1748
f 2788/3355/1770 2785/3348/1767 2792/3367/1774
f 2785/3348/1767 2765/3363/1747 2792/3367/1774
f 2786/3354/1768 2791/3364/1773 2765/3363/1747
f 2786/3354/1768 2783/3345/1765 2791/3364/1773
f 2783/3345/1765 2764/3378/1746 2791/3364/1773
f 2784/3353/1766 2790/3361/1772 2764/3360/1746
f 2784/3353/1766 2781/3342/1763 2790/3361/1772
f 2781/3342/1763 2763/3357/1745 2790/3361/1772
f 2782/3352/1764 2789/3358/1771 2763/3357/1745
f 2782/3352/1764 2779/3339/1761 2789/3358/1771
f 2779/3339/1761 2767/3369/1749 2789/3358/1771
f 2787/3351/1769 2788/3355/1770 2766/3366/1748
f 2787/3351/1769 2778/3350/1760 2788/3355/1770
f 2778/3350/1760 2761/3346/1743 2788/3355/1770
f 2785/3348/1767 2786/3354/1768 2765/3363/1747
f 2785/3348/1767 2777/3347/1759 2786/3354/1768
f 2777/3347/1759 2760/3343/1742 2786/3354/1768
f 2783/3345/1765 2784/3383/1766 2764/3378/1746
f 2783/3345/1765 2775/3344/1757 2784/3383/1766
f 2775/3344/1757 2759/3384/1741 2784/3383/1766
f 2781/3342/1763 2782/3352/1764 2763/3357/1745
f 2781/3342/1763 2771/3341/1753 2782/3352/1764
f 2771/3341/1753 2758/3327/1740 2782/3352/1764
f 2779/3339/1761 2780/3356/1762 2767/3369/1749
f 2779/3339/1761 2772/3329/1754 2780/3356/1762
f 2772/3329/1754 2762/3349/1744 2780/3356/1762
f 2773/3338/1755 2778/3350/1760 2762/3349/1744
f 2773/3338/1755 2776/3337/1758 2778/3350/1760
f 2776/3337/1758 2761/3346/1743 2778/3350/1760
f 2776/3335/1758 2777/3347/1759 2761/3346/1743
f 2776/3335/1758 2774/3334/1756 2777/3347/1759
f 2774/3334/1756 2760/3343/1742 2777/3347/1759
f 2774/3332/1756 2775/3344/1757 2760/3343/1742
f 2774/3332/1756 2769/3331/1751 2775/3344/1757
f 2769/3331/1751 2759/3384/1741 2775/3344/1757
f 2772/3329/1754 2773/3385/1755 2762/3349/1744
f 2772/3329/1754 2770/3328/1752 2773/3385/1755
f 2770/3328/1752 2757/3386/1739 2773/3385/1755
f 2769/3326/1751 2771/3341/1753 2759/3340/1741
f 2769/3326/1751 2770/3325/1752 2771/3341/1753
f 2770/3325/1752 2758/3327/1740 2771/3341/1753
o Bush_1
v 8.500000 -8.800000 -0.010625
v 8.161714 -8.554224 0.183194
v 8.629211 -8.402322 0.183194
v 8.918144 -8.800000 0.183195
v 8.629211 -9.197679 0.183194
v 8.161714 -9.045776 0.183194
v 8.370789 -8.402322 0.496806
v 8.838286 -8.554224 0.496806
v 8.838286 -9.045776 0.496806
v 8.370789 -9.197679 0.496806
v 8.081856 -8.800000 0.496805
v 8.500000 -8.800000 0.690625
v 8.575948 -8.566253 0.041739
v 8.301162 -8.655538 0.041739
v 8.377109 -8.421787 0.155663
v 8.102323 -8.800000 0.155664
v 8.301162 -8.944463 0.041739
v 8.745779 -8.800000 0.041740
v 8.821729 -8.566252 0.155664
v 8.575948 -9.033748 0.041739
v 8.821729 -9.033749 0.155664
v 8.377109 -9.178213 0.155663
v 8.055381 -8.655537 0.340000
v 8.055381 -8.944464 0.340000
v 8.500000 -8.332500 0.340000
v 8.225210 -8.421785 0.340000
v 8.944619 -8.655537 0.340000
v 8.774790 -8.421785 0.340000
v 8.774790 -9.178215 0.340000
v 8.944619 -8.944464 0.340000
v 8.225210 -9.178215 0.340000
v 8.500000 -9.267500 0.340000
v 8.178271 -8.566252 0.524336
v 8.622891 -8.421787 0.524337
v 8.897677 -8.800000 0.524336
v 8.622891 -9.178213 0.524337
v 8.178271 -9.033749 0.524336
v 8.424052 -8.566253 0.638261
v 8.254221 -8.800000 0.638260
v 8.698838 -8.655538 0.638261
v 8.698838 -8.944463 0.638261
v 8.424052 -9.033748 0.638261
vn -0.0000 -0.0000 -1.0000
vn -0.6865 0.4987 -0.5292
vn 0.2622 0.8070 -0.5292
vn 0.8485 -0.0000 -0.5292
vn 0.2622 -0.8070 -0.5292
vn -0.6865 -0.4987 -0.5292
vn -0.2622 0.8070 0.5292
vn 0.6865 0.4987 0.5292
vn 0.6865 -0.4987 0.5292
vn -0.2622 -0.8070 0.5292
vn -0.8485 -0.0000 0.5292
vn -0.0000 -0.0000 1.0000
vn 0.1350 0.4155 -0.8995
vn -0.3535 0.2568 -0.8995
vn -0.2456 0.7558 -0.6070
vn -0.7947 -0.0000 -0.6070
vn -0.3535 -0.2568 -0.8995
vn 0.4369 -0.0000 -0.8995
vn 0.6429 0.4671 -0.6070
vn 0.1350 -0.4155 -0.8995
vn 0.6429 -0.4671 -0.6070
vn -0.2456 -0.7558 -0.6070
vn -0.9511 0.3090 -0.0000
vn -0.9511 -0.3090 -0.0000
vn -0.0000 1.0000 -0.0000
vn -0.5878 0.8090 -0.0000
vn 0.9511 0.3090 -0.0000
vn 0.5878 0.8090 -0.0000
vn 0.5878 -0.8090 -0.0000
vn 0.9511 -0.3090 -0.0000
vn -0.5878 -0.8090 -0.0000
vn -0.0000 -1.0000 -0.0000
vn -0.6429 0.4671 0.6070
vn 0.2456 0.7558 0.6070
vn 0.7947 -0.0000 0.6070
vn 0.2456 -0.7558 0.6070
vn -0.6429 -0.4671 0.6070
vn -0.1350 0.4155 0.8995
vn -0.4369 -0.0000 0.8995
vn 0.3535 0.2568 0.8995
vn 0.3535 -0.2568 0.8995
vn -0.1350 -0.4155 0.8995
vt 0.181819 0.000000
vt 0.227273 0.078731
vt 0.136365 0.078731
vt 0.272728 0.157461
vt 0.318182 0.078731
vt 0.363637 0.157461
vt 0.909091 0.000000
vt 0.954545 0.078731
vt 0.863636 0.078731
vt 0.727273 0.000000
vt 0.772727 0.078731
vt 0.681818 0.078731
vt 0.545455 0.000000
vt 0.590909 0.078731
vt 0.500000 0.078731
vt 0.318182 0.236191
vt 0.090910 0.157461
vt 0.181819 0.157461
vt 0.136365 0.236191
vt 0.818182 0.157461
vt 0.909091 0.157461
vt 0.863636 0.236191
vt 0.636364 0.157461
vt 0.727273 0.157461
vt 0.681818 0.236191
vt 0.454546 0.157461
vt 0.545455 0.157461
vt 0.500000 0.236191
vt 0.227273 0.236191
vt 0.045455 0.236191
vt 0.772727 0.236191
vt 0.590909 0.236191
vt 0.409092 0.236191
vt 0.181819 0.314921
vt 0.272728 0.314921
vt 0.227273 0.393651
vt 0.000000 0.314921
vt 0.090910 0.314921
vt 0.045455 0.393651
vt 0.727273 0.314921
vt 0.818182 0.314921
vt 0.772727 0.393651
vt 0.545455 0.314921
vt 0.636364 0.314921
vt 0.590909 0.393651
vt 0.363637 0.314921
vt 0.454546 0.314921
vt 0.409092 0.393651
vt 0.500000 0.393651
vt 0.454546 0.472382
vt 0.681818 0.393651
vt 0.636364 0.472382
vt 0.863636 0.393651
vt 0.818182 0.472382
vt 0.909091 0.314921
vt 0.136365 0.393651
vt 0.090910 0.472382
vt 0.318182 0.393651
vt 0.272728 0.472382
vt 0.954545 0.236191
vt 1.000000 0.157461
vt 0.409092 0.078731
vt 0.363637 0.000000
s 1
usemtl TreeLeaf2
f 2799/3387/1781 2812/3388/1794 2811/3389/1793
f 2800/3390/1782 2812/3391/1794 2814/3392/1796
f 2799/3393/1781 2811/3394/1793 2816/3395/1798
f 2799/3396/1781 2816/3397/1798 2818/3398/1800
f 2799/3399/1781 2818/3400/1800 2815/3401/1797
f 2800/3390/1782 2814/3392/1796 2821/3402/1803
f 2801/3403/1783 2813/3404/1795 2823/3405/1805
f 2802/3406/1784 2817/3407/1799 2825/3408/1807
f 2803/3409/1785 2819/3410/1801 2827/3411/1809
f 2804/3412/1786 2820/3413/1802 2829/3414/1811
f 2800/3390/1782 2821/3402/1803 2824/3415/1806
f 2801/3403/1783 2823/3405/1805 2826/3416/1808
f 2802/3406/1784 2825/3408/1807 2828/3417/1810
f 2803/3409/1785 2827/3411/1809 2830/3418/1812
f 2804/3412/1786 2829/3414/1811 2822/3419/1804
f 2805/3420/1787 2831/3421/1813 2836/3422/1818
f 2806/3423/1788 2832/3424/1814 2838/3425/1820
f 2807/3426/1789 2833/3427/1815 2839/3428/1821
f 2808/3429/1790 2834/3430/1816 2840/3431/1822
f 2809/3432/1791 2835/3433/1817 2837/3434/1819
f 2837/3434/1819 2840/3435/1822 2810/3436/1792
f 2837/3434/1819 2835/3433/1817 2840/3435/1822
f 2835/3433/1817 2808/3429/1790 2840/3435/1822
f 2840/3431/1822 2839/3437/1821 2810/3438/1792
f 2840/3431/1822 2834/3430/1816 2839/3437/1821
f 2834/3430/1816 2807/3426/1789 2839/3437/1821
f 2839/3428/1821 2838/3439/1820 2810/3440/1792
f 2839/3428/1821 2833/3427/1815 2838/3439/1820
f 2833/3427/1815 2806/3441/1788 2838/3439/1820
f 2838/3425/1820 2836/3442/1818 2810/3443/1792
f 2838/3425/1820 2832/3424/1814 2836/3442/1818
f 2832/3424/1814 2805/3420/1787 2836/3442/1818
f 2836/3422/1818 2837/3444/1819 2810/3445/1792
f 2836/3422/1818 2831/3421/1813 2837/3444/1819
f 2831/3421/1813 2809/3432/1791 2837/3444/1819
f 2822/3419/1804 2835/3433/1817 2809/3432/1791
f 2822/3419/1804 2829/3414/1811 2835/3433/1817
f 2829/3414/1811 2808/3429/1790 2835/3433/1817
f 2830/3418/1812 2834/3430/1816 2808/3429/1790
f 2830/3418/1812 2827/3411/1809 2834/3430/1816
f 2827/3411/1809 2807/3426/1789 2834/3430/1816
f 2828/3417/1810 2833/3427/1815 2807/3426/1789
f 2828/3417/1810 2825/3408/1807 2833/3427/1815
f 2825/3408/1807 2806/3441/1788 2833/3427/1815
f 2826/3416/1808 2832/3424/1814 2806/3423/1788
f 2826/3416/1808 2823/3405/1805 2832/3424/1814
f 2823/3405/1805 2805/3420/1787 2832/3424/1814
f 2824/3415/1806 2831/3421/1813 2805/3420/1787
f 2824/3415/1806 2821/3402/1803 2831/3421/1813
f 2821/3402/1803 2809/3432/1791 2831/3421/1813
f 2829/3414/1811 2830/3418/1812 2808/3429/1790
f 2829/3414/1811 2820/3413/1802 2830/3418/1812
f 2820/3413/1802 2803/3409/1785 2830/3418/1812
f 2827/3411/1809 2828/3417/1810 2807/3426/1789
f 2827/3411/1809 2819/3410/1801 2828/3417/1810
f 2819/3410/1801 2802/3406/1784 2828/3417/1810
f 2825/3408/1807 2826/3446/1808 2806/3441/1788
f 2825/3408/1807 2817/3407/1799 2826/3446/1808
f 2817/3407/1799 2801/3447/1783 2826/3446/1808
f 2823/3405/1805 2824/3415/1806 2805/3420/1787
f 2823/3405/1805 2813/3404/1795 2824/3415/1806
f 2813/3404/1795 2800/3390/1782 2824/3415/1806
f 2821/3402/1803 2822/3419/1804 2809/3432/1791
f 2821/3402/1803 2814/3392/1796 2822/3419/1804
f 2814/3392/1796 2804/3412/1786 2822/3419/1804
f 2815/3401/1797 2820/3413/1802 2804/3412/1786
f 2815/3401/1797 2818/3400/1800 2820/3413/1802
f 2818/3400/1800 2803/3409/1785 2820/3413/1802
f 2818/3398/1800 2819/3410/1801 2803/3409/1785
f 2818/3398/1800 2816/3397/1798 2819/3410/1801
f 2816/3397/1798 2802/3406/1784 2819/3410/1801
f 2816/3395/1798 2817/3407/1799 2802/3406/1784
f 2816/3395/1798 2811/3394/1793 2817/3407/1799
f 2811/3394/1793 2801/3447/1783 2817/3407/1799
f 2814/3392/1796 2815/3448/1797 2804/3412/1786
f 2814/3392/1796 2812/3391/1794 2815/3448/1797
f 2812/3391/1794 2799/3449/1781 2815/3448/1797
f 2811/3389/1793 2813/3404/1795 2801/3403/1783
f 2811/3389/1793 2812/3388/1794 2813/3404/1795
f 2812/3388/1794 2800/3390/1782 2813/3404/1795
o Bush_2
v -8.500000 8.800000 -0.011250
v -8.858186 9.060234 0.193970
v -8.363188 9.221071 0.193970
v -8.057259 8.800000 0.193971
v -8.363188 8.378929 0.193970
v -8.858186 8.539766 0.193970
v -8.636812 9.221071 0.526030
v -8.141814 9.060234 0.526030
v -8.141814 8.539766 0.526030
v -8.636812 8.378929 0.526030
v -8.942741 8.800000 0.526029
v -8.500000 8.800000 0.731250
v -8.419584 9.047498 0.044195
v -8.710535 8.952961 0.044195
v -8.630120 9.200461 0.164820
v -8.921071 8.800000 0.164821
v -8.710535 8.647039 0.044195
v -8.239764 8.800000 0.044196
v -8.159347 9.047499 0.164820
v -8.419584 8.552503 0.044195
v -8.159347 8.552502 0.164820
v -8.630120 8.399539 0.164820
v -8.970774 8.952962 0.360000
v -8.970774 8.647038 0.360000
v -8.500000 9.295000 0.360000
v -8.790954 9.200463 0.360000
v -8.029226 8.952962 0.360000
v -8.209046 9.200463 0.360000
v -8.209046 8.399537 0.360000
v -8.029226 8.647038 0.360000
v -8.790954 8.399537 0.360000
v -8.500000 8.305000 0.360000
v -8.840653 9.047499 0.555180
v -8.369880 9.200461 0.555180
v -8.078929 8.800000 0.555179
v -8.369880 8.399539 0.555180
v -8.840653 8.552502 0.555180
v -8.580416 9.047498 0.675805
v -8.760236 8.800000 0.675804
v -8.289465 8.952961 0.675805
v -8.289465 8.647039 0.675805
v -8.580416 8.552503 0.675805
vn -0.0000 -0.0000 -1.0000
vn -0.6865 0.4987 -0.5292
vn 0.2622 0.8070 -0.5292
vn 0.8485 -0.0000 -0.5292
vn 0.2622 -0.8070 -0.5292
vn -0.6865 -0.4987 -0.5292
vn -0.2622 0.8070 0.5292
vn 0.6865 0.4987 0.5292
vn 0.6865 -0.4987 0.5292
vn -0.2622 -0.8070 0.5292
vn -0.8485 -0.0000 0.5292
vn -0.0000 -0.0000 1.0000
vn 0.1350 0.4155 -0.8995
vn -0.3535 0.2568 -0.8995
vn -0.2456 0.7558 -0.6070
vn -0.7947 -0.0000 -0.6070
vn -0.3535 -0.2568 -0.8995
vn 0.4369 -0.0000 -0.8995
vn 0.6429 0.4671 -0.6070
vn 0.1350 -0.4155 -0.8995
vn 0.6429 -0.4671 -0.6070
vn -0.2456 -0.7558 -0.6070
vn -0.9511 0.3090 -0.0000
vn -0.9511 -0.3090 -0.0000
vn -0.0000 1.0000 -0.0000
vn -0.5878 0.8090 -0.0000
vn 0.9511 0.3090 -0.0000
vn 0.5878 0.8090 -0.0000
vn 0.5878 -0.8090 -0.0000
vn 0.9511 -0.3090 -0.0000
vn -0.5878 -0.8090 -0.0000
vn -0.0000 -1.0000 -0.0000
vn -0.6429 0.4671 0.6070
vn 0.2456 0.7558 0.6070
vn 0.7947 -0.0000 0.6070
vn 0.2456 -0.7558 0.6070
vn -0.6429 -0.4671 0.6070
vn -0.1350 0.4155 0.8995
vn -0.4369 -0.0000 0.8995
vn 0.3535 0.2568 0.8995
vn 0.3535 -0.2568 0.8995
vn -0.1350 -0.4155 0.8995
vt 0.181819 0.000000
vt 0.227273 0.078731
vt 0.136365 0.078731
vt 0.272728 0.157461
vt 0.318182 0.078731
vt 0.363637 0.157461
vt 0.909091 0.000000
vt 0.954545 0.078731
vt 0.863636 0.078731
vt 0.727273 0.000000
vt 0.772727 0.078731
vt 0.681818 0.078731
vt 0.545455 0.000000
vt 0.590909 0.078731
vt 0.500000 0.078731
vt 0.318182 0.236191
vt 0.090910 0.157461
vt 0.181819 0.157461
vt 0.136365 0.236191
vt 0.818182 0.157461
vt 0.909091 0.157461
vt 0.863636 0.236191
vt 0.636364 0.157461
vt 0.727273 0.157461
vt 0.681818 0.236191
vt 0.454546 0.157461
vt 0.545455 0.157461
vt 0.500000 0.236191
vt 0.227273 0.236191
vt 0.045455 0.236191
vt 0.772727 0.236191
vt 0.590909 0.236191
vt 0.409092 0.236191
vt 0.181819 0.314921
vt 0.272728 0.314921
vt 0.227273 0.393651
vt 0.000000 0.314921
vt 0.090910 0.314921
vt 0.045455 0.393651
vt 0.727273 0.314921
vt 0.818182 0.314921
vt 0.772727 0.393651
vt 0.545455 0.314921
vt 0.636364 0.314921
vt 0.590909 0.393651
vt 0.363637 0.314921
vt 0.454546 0.314921
vt 0.409092 0.393651
vt 0.500000 0.393651
vt 0.454546 0.472382
vt 0.681818 0.393651
vt 0.636364 0.472382
vt 0.863636 0.393651
vt 0.818182 0.472382
vt 0.909091 0.314921
vt 0.136365 0.393651
vt 0.090910 0.472382
vt 0.318182 0.393651
vt 0.272728 0.472382
vt 0.954545 0.236191
vt 1.000000 0.157461
vt 0.409092 0.078731
vt 0.363637 0.000000
s 1
usemtl TreeLeaf2
f 2841/3450/1823 2854/3451/1836 2853/3452/1835
f 2842/3453/1824 2854/3454/1836 2856/3455/1838
f 2841/3456/1823 2853/3457/1835 2858/3458/1840
f 2841/3459/1823 2858/3460/1840 2860/3461/1842
f 2841/3462/1823 2860/3463/1842 2857/3464/1839
f 2842/3453/1824 2856/3455/1838 2863/3465/1845
f 2843/3466/1825 2855/3467/1837 2865/3468/1847
f 2844/3469/1826 2859/3470/1841 2867/3471/1849
f 2845/3472/1827 2861/3473/1843 2869/3474/1851
f 2846/3475/1828 2862/3476/1844 2871/3477/1853
f 2842/3453/1824 2863/3465/1845 2866/3478/1848
f 2843/3466/1825 2865/3468/1847 2868/3479/1850
f 2844/3469/1826 2867/3471/1849 2870/3480/1852
f 2845/3472/1827 2869/3474/1851 2872/3481/1854
f 2846/3475/1828 2871/3477/1853 2864/3482/1846
f 2847/3483/1829 2873/3484/1855 2878/3485/1860
f 2848/3486/1830 2874/3487/1856 2880/3488/1862
f 2849/3489/1831 2875/3490/1857 2881/3491/1863
f 2850/3492/1832 2876/3493/1858 2882/3494/1864
f 2851/3495/1833 2877/3496/1859 2879/3497/1861
f 2879/3497/1861 2882/3498/1864 2852/3499/1834
f 2879/3497/1861 2877/3496/1859 2882/3498/1864
f 2877/3496/1859 2850/3492/1832 2882/3498/1864
f 2882/3494/1864 2881/3500/1863 2852/3501/1834
f 2882/3494/1864 2876/3493/1858 2881/3500/1863
f 2876/3493/1858 2849/3489/1831 2881/3500/1863
f 2881/3491/1863 2880/3502/1862 2852/3503/1834
f 2881/3491/1863 2875/3490/1857 2880/3502/1862
f 2875/3490/1857 2848/3504/1830 2880/3502/1862
f 2880/3488/1862 2878/3505/1860 2852/3506/1834
f 2880/3488/1862 2874/3487/1856 2878/3505/1860
f 2874/3487/1856 2847/3483/1829 2878/3505/1860
f 2878/3485/1860 2879/3507/1861 2852/3508/1834
f 2878/3485/1860 2873/3484/1855 2879/3507/1861
f 2873/3484/1855 2851/3495/1833 2879/3507/1861
f 2864/3482/1846 2877/3496/1859 2851/3495/1833
f 2864/3482/1846 2871/3477/1853 2877/3496/1859
f 2871/3477/1853 2850/3492/1832 2877/3496/1859
f 2872/3481/1854 2876/3493/1858 2850/3492/1832
f 2872/3481/1854 2869/3474/1851 2876/3493/1858
f 2869/3474/1851 2849/3489/1831 2876/3493/1858
f 2870/3480/1852 2875/3490/1857 2849/3489/1831
f 2870/3480/1852 2867/3471/1849 2875/3490/1857
f 2867/3471/1849 2848/3504/1830 2875/3490/1857
f 2868/3479/1850 2874/3487/1856 2848/3486/1830
f 2868/3479/1850 2865/3468/1847 2874/3487/1856
f 2865/3468/1847 2847/3483/1829 2874/3487/1856
f 2866/3478/1848 2873/3484/1855 2847/3483/1829
f 2866/3478/1848 2863/3465/1845 2873/3484/1855
f 2863/3465/1845 2851/3495/1833 2873/3484/1855
f 2871/3477/1853 2872/3481/1854 2850/3492/1832
f 2871/3477/1853 2862/3476/1844 2872/3481/1854
f 2862/3476/1844 2845/3472/1827 2872/3481/1854
f 2869/3474/1851 2870/3480/1852 2849/3489/1831
f 2869/3474/1851 2861/3473/1843 2870/3480/1852
f 2861/3473/1843 2844/3469/1826 2870/3480/1852
f 2867/3471/1849 2868/3509/1850 2848/3504/1830
f 2867/3471/1849 2859/3470/1841 2868/3509/1850
f 2859/3470/1841 2843/3510/1825 2868/3509/1850
f 2865/3468/1847 2866/3478/1848 2847/3483/1829
f 2865/3468/1847 2855/3467/1837 2866/3478/1848
f 2855/3467/1837 2842/3453/1824 2866/3478/1848
f 2863/3465/1845 2864/3482/1846 2851/3495/1833
f 2863/3465/1845 2856/3455/1838 2864/3482/1846
f 2856/3455/1838 2846/3475/1828 2864/3482/1846
f 2857/3464/1839 2862/3476/1844 2846/3475/1828
f 2857/3464/1839 2860/3463/1842 2862/3476/1844
f 2860/3463/1842 2845/3472/1827 2862/3476/1844
f 2860/3461/1842 2861/3473/1843 2845/3472/1827
f 2860/3461/1842 2858/3460/1840 2861/3473/1843
f 2858/3460/1840 2844/3469/1826 2861/3473/1843
f 2858/3458/1840 2859/3470/1841 2844/3469/1826
f 2858/3458/1840 2853/3457/1835 2859/3470/1841
f 2853/3457/1835 2843/3510/1825 2859/3470/1841
f 2856/3455/1838 2857/3511/1839 2846/3475/1828
f 2856/3455/1838 2854/3454/1836 2857/3511/1839
f 2854/3454/1836 2841/3512/1823 2857/3511/1839
f 2853/3452/1835 2855/3467/1837 2843/3466/1825
f 2853/3452/1835 2854/3451/1836 2855/3467/1837
f 2854/3451/1836 2842/3453/1824 2855/3467/1837
