# Blender 5.1.2
# www.blender.org
mtllib carthabot_props.mtl
o PlayMat
v 4.120000 3.920000 -0.140000
v 4.120000 4.000000 -0.060000
v 4.200000 3.920000 -0.060000
v 4.120000 3.959948 -0.129312
v 4.159947 3.920000 -0.129312
v 4.158257 3.958257 -0.118931
v 4.159947 3.989312 -0.060000
v 4.120000 3.989312 -0.099948
v 4.158257 3.978931 -0.098257
v 4.189312 3.920000 -0.099948
v 4.189312 3.959948 -0.060000
v 4.178930 3.958257 -0.098257
v 4.120000 4.000000 -0.060000
v 4.120000 3.920000 0.020000
v 4.200000 3.920000 -0.060000
v 4.120000 3.989312 -0.020052
v 4.159947 3.989312 -0.060000
v 4.158257 3.978931 -0.021743
v 4.159947 3.920000 0.009312
v 4.120000 3.959948 0.009312
v 4.158257 3.958257 -0.001069
v 4.189312 3.959948 -0.060000
v 4.189312 3.920000 -0.020052
v 4.178930 3.958257 -0.021743
v 4.120000 -3.320000 -0.140000
v 4.200000 -3.320000 -0.060000
v 4.120000 -3.400000 -0.060000
v 4.159947 -3.320000 -0.129312
v 4.120000 -3.359948 -0.129312
v 4.158257 -3.358257 -0.118931
v 4.189312 -3.359948 -0.060000
v 4.189312 -3.320000 -0.099948
v 4.178930 -3.358257 -0.098257
v 4.120000 -3.389313 -0.099948
v 4.159947 -3.389313 -0.060000
v 4.158257 -3.378931 -0.098257
v 4.120000 -3.320000 0.020000
v 4.120000 -3.400000 -0.060000
v 4.200000 -3.320000 -0.060000
v 4.120000 -3.359948 0.009312
v 4.159947 -3.320000 0.009312
v 4.158257 -3.358257 -0.001069
v 4.159947 -3.389313 -0.060000
v 4.120000 -3.389313 -0.020052
v 4.158257 -3.378931 -0.021743
v 4.189312 -3.320000 -0.020052
v 4.189312 -3.359948 -0.060000
v 4.178930 -3.358257 -0.021743
v -4.320000 3.920000 -0.140000
v -4.400000 3.920000 -0.060000
v -4.320000 4.000000 -0.060000
v -4.359948 3.920000 -0.129312
v -4.320001 3.959948 -0.129312
v -4.358258 3.958257 -0.118931
v -4.389313 3.959948 -0.060000
v -4.389313 3.920000 -0.099948
v -4.378931 3.958257 -0.098257
v -4.320001 3.989312 -0.099948
v -4.359948 3.989312 -0.060000
v -4.358258 3.978931 -0.098257
v -4.320000 3.920000 0.020000
v -4.320000 4.000000 -0.060000
v -4.400000 3.920000 -0.060000
v -4.320001 3.959948 0.009312
v -4.359948 3.920000 0.009312
v -4.358258 3.958257 -0.001069
v -4.359948 3.989312 -0.060000
v -4.320001 3.989312 -0.020052
v -4.358258 3.978931 -0.021743
v -4.389313 3.920000 -0.020052
v -4.389313 3.959948 -0.060000
v -4.378931 3.958257 -0.021743
v -4.320000 -3.320000 -0.140000
v -4.320000 -3.400000 -0.060000
v -4.400000 -3.320000 -0.060000
v -4.320001 -3.359948 -0.129312
v -4.359948 -3.320000 -0.129312
v -4.358258 -3.358257 -0.118931
v -4.359948 -3.389313 -0.060000
v -4.320001 -3.389313 -0.099948
v -4.358258 -3.378931 -0.098257
v -4.389313 -3.320000 -0.099948
v -4.389313 -3.359948 -0.060000
v -4.378931 -3.358257 -0.098257
v -4.320000 -3.320000 0.020000
v -4.400000 -3.320000 -0.060000
v -4.320000 -3.400000 -0.060000
v -4.359948 -3.320000 0.009312
v -4.320001 -3.359948 0.009312
v -4.358258 -3.358257 -0.001069
v -4.389313 -3.359948 -0.060000
v -4.389313 -3.320000 -0.020052
v -4.378931 -3.358257 -0.021743
v -4.320001 -3.389313 -0.020052
v -4.359948 -3.389313 -0.060000
v -4.358258 -3.378931 -0.021743
vn 0.1296 0.1296 -0.9831
vn 0.1452 0.9808 -0.1299
vn 0.9825 0.1337 -0.1297
vn 0.1216 0.4915 -0.8623
vn 0.4915 0.1216 -0.8623
vn 0.4474 0.4473 -0.7744
vn 0.5007 0.8571 -0.1209
vn 0.1216 0.8623 -0.4915
vn 0.4474 0.7744 -0.4473
vn 0.8623 0.1216 -0.4916
vn 0.8575 0.5000 -0.1216
vn 0.7744 0.4473 -0.4473
vn 0.1452 0.9808 0.1299
vn 0.1296 0.1296 0.9831
vn 0.9825 0.1337 0.1297
vn 0.1216 0.8623 0.4915
vn 0.5007 0.8571 0.1209
vn 0.4474 0.7744 0.4474
vn 0.4915 0.1216 0.8623
vn 0.1216 0.4915 0.8623
vn 0.4474 0.4473 0.7744
vn 0.8575 0.5000 0.1216
vn 0.8623 0.1216 0.4916
vn 0.7744 0.4473 0.4474
vn 0.1296 -0.1296 -0.9831
vn 0.9834 -0.1270 -0.1296
vn 0.1498 -0.9801 -0.1300
vn 0.4915 -0.1216 -0.8623
vn 0.1216 -0.4915 -0.8623
vn 0.4474 -0.4473 -0.7744
vn 0.8676 -0.4823 -0.1214
vn 0.8623 -0.1216 -0.4915
vn 0.7744 -0.4473 -0.4474
vn 0.1216 -0.8623 -0.4915
vn 0.5163 -0.8478 -0.1213
vn 0.4474 -0.7744 -0.4474
vn 0.1296 -0.1296 0.9831
vn 0.1498 -0.9801 0.1300
vn 0.9834 -0.1270 0.1296
vn 0.1216 -0.4915 0.8623
vn 0.4915 -0.1216 0.8623
vn 0.4474 -0.4473 0.7744
vn 0.5163 -0.8478 0.1213
vn 0.1216 -0.8623 0.4915
vn 0.4474 -0.7744 0.4474
vn 0.8623 -0.1216 0.4915
vn 0.8676 -0.4823 0.1214
vn 0.7744 -0.4473 0.4473
vn -0.1296 0.1296 -0.9831
vn -0.9834 0.1270 -0.1295
vn -0.1336 0.9825 -0.1297
vn -0.4915 0.1216 -0.8623
vn -0.1216 0.4915 -0.8623
vn -0.4474 0.4473 -0.7744
vn -0.8676 0.4823 -0.1214
vn -0.8623 0.1216 -0.4915
vn -0.7744 0.4473 -0.4473
vn -0.1216 0.8623 -0.4915
vn -0.5019 0.8563 -0.1217
vn -0.4474 0.7744 -0.4473
vn -0.1296 0.1296 0.9831
vn -0.1336 0.9825 0.1297
vn -0.9834 0.1270 0.1295
vn -0.1216 0.4915 0.8623
vn -0.4915 0.1216 0.8623
vn -0.4474 0.4473 0.7744
vn -0.5019 0.8563 0.1217
vn -0.1216 0.8623 0.4915
vn -0.4474 0.7744 0.4473
vn -0.8623 0.1216 0.4915
vn -0.8676 0.4823 0.1214
vn -0.7744 0.4473 0.4473
vn -0.1296 -0.1296 -0.9831
vn -0.1452 -0.9808 -0.1299
vn -0.9838 -0.1241 -0.1295
vn -0.1216 -0.4915 -0.8623
vn -0.4915 -0.1216 -0.8623
vn -0.4474 -0.4473 -0.7744
vn -0.5007 -0.8571 -0.1209
vn -0.1216 -0.8623 -0.4915
vn -0.4474 -0.7744 -0.4473
vn -0.8623 -0.1216 -0.4915
vn -0.8623 -0.4914 -0.1220
vn -0.7744 -0.4473 -0.4473
vn -0.1296 -0.1296 0.9831
vn -0.9838 -0.1241 0.1295
vn -0.1452 -0.9808 0.1299
vn -0.4915 -0.1216 0.8623
vn -0.1216 -0.4915 0.8623
vn -0.4474 -0.4473 0.7744
vn -0.8623 -0.4914 0.1220
vn -0.8623 -0.1216 0.4915
vn -0.7744 -0.4473 0.4473
vn -0.1216 -0.8623 0.4915
vn -0.5007 -0.8571 0.1209
vn -0.4474 -0.7744 0.4473
vt 0.127326 0.747297
vt 0.127326 0.748647
vt 0.126213 0.748590
vt 0.126164 0.747297
vt 0.127326 0.750000
vt 0.126213 0.750000
vt 0.500000 0.997674
vt 0.500000 1.000000
vt 0.375000 0.998787
vt 0.375000 0.997674
vt 0.500000 0.000000
vt 0.500000 0.001353
vt 0.375000 0.001410
vt 0.375000 0.000000
vt 0.500000 0.002703
vt 0.375000 0.002703
vt 0.125000 0.747297
vt 0.125000 0.748590
vt 0.562418 0.997674
vt 0.559776 1.000000
vt 0.500000 1.000000
vt 0.625000 0.997674
vt 0.625000 1.000000
vt 0.872674 0.747297
vt 0.875000 0.747297
vt 0.875000 0.748590
vt 0.872674 0.750000
vt 0.625000 0.002703
vt 0.562418 0.002703
vt 0.559777 0.001410
vt 0.625000 0.001410
vt 0.500000 0.002703
vt 0.500000 0.001353
vt 0.500000 0.000000
vt 0.559776 0.000000
vt 0.127326 0.502703
vt 0.126164 0.502703
vt 0.126213 0.501410
vt 0.127326 0.501353
vt 0.125000 0.502703
vt 0.125000 0.501410
vt 0.500000 0.247297
vt 0.500000 0.248647
vt 0.375000 0.248590
vt 0.375000 0.247297
vt 0.500000 0.251164
vt 0.375000 0.251213
vt 0.500000 0.252326
vt 0.375000 0.252326
vt 0.127326 0.500000
vt 0.126213 0.500000
vt 0.872674 0.502703
vt 0.872674 0.500000
vt 0.875000 0.501410
vt 0.875000 0.502703
vt 0.625000 0.252326
vt 0.562418 0.252326
vt 0.559776 0.250732
vt 0.625000 0.249060
vt 0.500000 0.252326
vt 0.500000 0.251164
vt 0.500000 0.248647
vt 0.559776 0.248590
vt 0.500000 0.247297
vt 0.562418 0.247297
vt 0.625000 0.247297
vt 0.372674 0.747297
vt 0.373836 0.747297
vt 0.373787 0.748590
vt 0.372674 0.748647
vt 0.437582 0.747297
vt 0.423765 0.748590
vt 0.500000 0.747297
vt 0.500000 0.748647
vt 0.500000 0.751164
vt 0.374393 0.750607
vt 0.500000 0.752326
vt 0.373837 0.751163
vt 0.627326 0.747297
vt 0.626163 0.751163
vt 0.625607 0.750607
vt 0.626164 0.747297
vt 0.562418 0.752326
vt 0.559776 0.751213
vt 0.500000 0.752326
vt 0.500000 0.751164
vt 0.500000 0.748647
vt 0.559776 0.749095
vt 0.500000 0.747297
vt 0.562418 0.747297
vt 0.372674 0.502703
vt 0.372674 0.501353
vt 0.373787 0.501410
vt 0.373836 0.502703
vt 0.373837 0.498837
vt 0.374393 0.499393
vt 0.500000 0.497674
vt 0.500000 0.498836
vt 0.500000 0.501353
vt 0.423765 0.501410
vt 0.500000 0.502703
vt 0.437582 0.502703
vt 0.627326 0.502703
vt 0.626164 0.502703
vt 0.625607 0.499393
vt 0.626163 0.498837
vt 0.562418 0.502703
vt 0.559776 0.500905
vt 0.500000 0.502703
vt 0.500000 0.501353
vt 0.500000 0.498836
vt 0.559776 0.498787
vt 0.562418 0.497674
s 1
usemtl Mat_Teal
f 1/1/1 4/2/4 6/3/6 5/4/5
f 4/2/4 8/5/8 9/6/9 6/3/6
f 2/7/2 7/8/7 9/9/9 8/10/8
f 7/11/7 11/12/11 12/13/12 9/14/9
f 3/15/3 10/16/10 12/13/12 11/12/11
f 10/17/10 5/4/5 6/3/6 12/18/12
f 6/3/6 9/6/9 12/18/12
f 13/7/13 16/19/16 18/20/18 17/21/17
f 16/19/16 20/22/20 21/23/21 18/20/18
f 14/24/14 19/25/19 21/26/21 20/27/20
f 19/28/19 23/29/23 24/30/24 21/31/21
f 15/32/15 22/33/22 24/30/24 23/29/23
f 22/33/22 17/34/17 18/35/18 24/30/24
f 18/35/18 21/31/21 24/30/24
f 25/36/25 28/37/28 30/38/30 29/39/29
f 28/37/28 32/40/32 33/41/33 30/38/30
f 26/42/26 31/43/31 33/44/33 32/45/32
f 31/43/31 35/46/35 36/47/36 33/44/33
f 27/48/27 34/49/34 36/47/36 35/46/35
f 34/50/34 29/39/29 30/38/30 36/51/36
f 30/38/30 33/41/33 36/51/36
f 37/52/37 40/53/40 42/54/42 41/55/41
f 40/56/40 44/57/44 45/58/45 42/59/42
f 38/60/38 43/61/43 45/58/45 44/57/44
f 43/61/43 47/62/47 48/63/48 45/58/45
f 39/64/39 46/65/46 48/63/48 47/62/47
f 46/65/46 41/66/41 42/59/42 48/63/48
f 42/59/42 45/58/45 48/63/48
f 49/67/49 52/68/52 54/69/54 53/70/53
f 52/68/52 56/71/56 57/72/57 54/69/54
f 50/73/50 55/74/55 57/72/57 56/71/56
f 55/74/55 59/75/59 60/76/60 57/72/57
f 51/77/51 58/78/58 60/76/60 59/75/59
f 58/78/58 53/70/53 54/69/54 60/76/60
f 54/69/54 57/72/57 60/76/60
f 61/79/61 64/80/64 66/81/66 65/82/65
f 64/80/64 68/83/68 69/84/69 66/81/66
f 62/85/62 67/86/67 69/84/69 68/83/68
f 67/86/67 71/87/71 72/88/72 69/84/69
f 63/89/63 70/90/70 72/88/72 71/87/71
f 70/90/70 65/82/65 66/81/66 72/88/72
f 66/81/66 69/84/69 72/88/72
f 73/91/73 76/92/76 78/93/78 77/94/77
f 76/92/76 80/95/80 81/96/81 78/93/78
f 74/97/74 79/98/79 81/96/81 80/95/80
f 79/98/79 83/99/83 84/100/84 81/96/81
f 75/101/75 82/102/82 84/100/84 83/99/83
f 82/102/82 77/94/77 78/93/78 84/100/84
f 78/93/78 81/96/81 84/100/84
f 85/103/85 88/104/88 90/105/90 89/106/89
f 88/104/88 92/107/92 93/108/93 90/105/90
f 86/109/86 91/110/91 93/108/93 92/107/92
f 91/110/91 95/111/95 96/112/96 93/108/93
f 87/97/87 94/113/94 96/112/96 95/111/95
f 94/113/94 89/106/89 90/105/90 96/112/96
f 90/105/90 93/108/93 96/112/96
f 25/36/25 1/1/1 5/4/5 28/37/28
f 28/37/28 5/4/5 10/17/10 32/40/32
f 32/45/32 10/16/10 3/15/3 26/42/26
f 2/7/2 13/7/13 17/21/17 7/8/7
f 7/11/7 17/34/17 22/33/22 11/12/11
f 11/12/11 22/33/22 15/32/15 3/15/3
f 14/24/14 37/52/37 41/55/41 19/25/19
f 19/28/19 41/66/41 46/65/46 23/29/23
f 23/29/23 46/65/46 39/64/39 15/32/15
f 38/60/38 27/48/27 35/46/35 43/61/43
f 43/61/43 35/46/35 31/43/31 47/62/47
f 47/62/47 31/43/31 26/42/26 39/64/39
f 73/91/73 25/36/25 29/39/29 76/92/76
f 76/92/76 29/39/29 34/50/34 80/95/80
f 80/95/80 34/49/34 27/48/27 74/97/74
f 37/52/37 85/103/85 89/106/89 40/53/40
f 40/56/40 89/106/89 94/113/94 44/57/44
f 44/57/44 94/113/94 87/97/87 38/60/38
f 86/109/86 75/101/75 83/99/83 91/110/91
f 91/110/91 83/99/83 79/98/79 95/111/95
f 95/111/95 79/98/79 74/97/74 87/97/87
f 49/67/49 73/91/73 77/94/77 52/68/52
f 52/68/52 77/94/77 82/102/82 56/71/56
f 56/71/56 82/102/82 75/101/75 50/73/50
f 85/103/85 61/79/61 65/82/65 88/104/88
f 88/104/88 65/82/65 70/90/70 92/107/92
f 92/107/92 70/90/70 63/89/63 86/109/86
f 62/85/62 51/77/51 59/75/59 67/86/67
f 67/86/67 59/75/59 55/74/55 71/87/71
f 71/87/71 55/74/55 50/73/50 63/89/63
f 1/1/1 49/67/49 53/70/53 4/2/4
f 4/2/4 53/70/53 58/78/58 8/5/8
f 8/10/8 58/78/58 51/77/51 2/7/2
f 61/79/61 14/24/14 20/27/20 64/80/64
f 64/80/64 20/22/20 16/19/16 68/83/68
f 68/83/68 16/19/16 13/7/13 62/85/62
f 25/36/25 73/91/73 49/67/49 1/1/1
f 3/15/3 15/32/15 39/64/39 26/42/26
f 51/77/51 62/85/62 13/7/13 2/7/2
f 85/103/85 37/52/37 14/24/14 61/79/61
f 27/48/27 38/60/38 87/97/87 74/97/74
f 75/101/75 86/109/86 63/89/63 50/73/50
o LineTrack
v 3.460370 2.567071 0.089962
v 3.423059 2.587422 0.120840
v 3.376941 2.612578 0.120840
v 3.339630 2.632929 0.089962
v 3.325379 2.640702 0.040000
v 3.339630 2.632929 -0.009962
v 3.376941 2.612578 -0.040840
v 3.423059 2.587422 -0.040840
v 3.460370 2.567071 -0.009962
v 3.474621 2.559298 0.040000
v 3.308203 2.243041 0.089962
v 3.268885 2.259176 0.120840
v 3.220284 2.279119 0.120840
v 3.180966 2.295254 0.089962
v 3.165948 2.301416 0.040000
v 3.180966 2.295254 -0.009962
v 3.220284 2.279119 -0.040840
v 3.268885 2.259176 -0.040840
v 3.308203 2.243041 -0.009962
v 3.323221 2.236878 0.040000
v 3.188695 1.904690 0.089962
v 3.148165 1.917479 0.120840
v 3.098066 1.933286 0.120840
v 3.057536 1.946074 0.089962
v 3.042055 1.950959 0.040000
v 3.057536 1.946074 -0.009962
v 3.098066 1.933286 -0.040840
v 3.148165 1.917479 -0.040840
v 3.188695 1.904690 -0.009962
v 3.204176 1.899806 0.040000
v 3.092283 1.558416 0.089962
v 3.051135 1.569052 0.120840
v 3.000274 1.582198 0.120840
v 2.959126 1.592834 0.089962
v 2.943409 1.596896 0.040000
v 2.959126 1.592834 -0.009962
v 3.000274 1.582198 -0.040840
v 3.051135 1.569052 -0.040840
v 3.092283 1.558416 -0.009962
v 3.108000 1.554354 0.040000
v 3.009405 1.211058 0.089962
v 2.968033 1.220784 0.120840
v 2.916894 1.232807 0.120840
v 2.875522 1.242533 0.089962
v 2.859719 1.246248 0.040000
v 2.875522 1.242533 -0.009962
v 2.916894 1.232807 -0.040840
v 2.968033 1.220784 -0.040840
v 3.009405 1.211058 -0.009962
v 3.025208 1.207343 0.040000
v 2.930289 0.869428 0.089962
v 2.889013 0.879555 0.120840
v 2.837993 0.892074 0.120840
v 2.796717 0.902201 0.089962
v 2.780951 0.906069 0.040000
v 2.796717 0.902201 -0.009962
v 2.837993 0.892074 -0.040840
v 2.889013 0.879555 -0.040840
v 2.930289 0.869428 -0.009962
v 2.946054 0.865560 0.040000
v 2.844916 0.540230 0.089962
v 2.804137 0.552203 0.120840
v 2.753732 0.567001 0.120840
v 2.712953 0.578974 0.089962
v 2.697377 0.583547 0.040000
v 2.712953 0.578974 -0.009962
v 2.753732 0.567001 -0.040840
v 2.804137 0.552203 -0.040840
v 2.844916 0.540230 -0.009962
v 2.860492 0.535657 0.040000
v 2.742931 0.230076 0.089962
v 2.703339 0.245528 0.120840
v 2.654401 0.264628 0.120840
v 2.614810 0.280080 0.089962
v 2.599687 0.285982 0.040000
v 2.614810 0.280080 -0.009962
v 2.654401 0.264628 -0.040840
v 2.703339 0.245528 -0.040840
v 2.742931 0.230076 -0.009962
v 2.758053 0.224174 0.040000
v 2.613502 -0.054289 0.089962
v 2.576370 -0.033614 0.120840
v 2.530472 -0.008059 0.120840
v 2.493339 0.012616 0.089962
v 2.479156 0.020513 0.040000
v 2.493339 0.012616 -0.009962
v 2.530472 -0.008059 -0.040840
v 2.576370 -0.033614 -0.040840
v 2.613502 -0.054289 -0.009962
v 2.627685 -0.062186 0.040000
v 2.445416 -0.305376 0.089962
v 2.412834 -0.278087 0.120840
v 2.372561 -0.244357 0.120840
v 2.339978 -0.217068 0.089962
v 2.327533 -0.206645 0.040000
v 2.339979 -0.217068 -0.009962
v 2.372561 -0.244357 -0.040840
v 2.412834 -0.278087 -0.040840
v 2.445416 -0.305376 -0.009962
v 2.457861 -0.315799 0.040000
v 2.227970 -0.514248 0.089962
v 2.202533 -0.480200 0.120840
v 2.171091 -0.438116 0.120840
v 2.145654 -0.404069 0.089962
v 2.135938 -0.391064 0.040000
v 2.145654 -0.404069 -0.009962
v 2.171091 -0.438116 -0.040840
v 2.202533 -0.480200 -0.040840
v 2.227970 -0.514248 -0.009962
v 2.237686 -0.527252 0.040000
v 1.952449 -0.671149 0.089962
v 1.936026 -0.631950 0.120840
v 1.915725 -0.583498 0.120840
v 1.899302 -0.544300 0.089962
v 1.893029 -0.529327 0.040000
v 1.899302 -0.544300 -0.009962
v 1.915725 -0.583498 -0.040840
v 1.936026 -0.631950 -0.040840
v 1.952449 -0.671149 -0.009962
v 1.958722 -0.686121 0.040000
v 1.609564 -0.768098 0.089962
v 1.603653 -0.726011 0.120840
v 1.596347 -0.673989 0.120840
v 1.590436 -0.631902 0.089962
v 1.588178 -0.615826 0.040000
v 1.590436 -0.631902 -0.009962
v 1.596347 -0.673989 -0.040840
v 1.603653 -0.726011 -0.040840
v 1.609564 -0.768098 -0.009962
v 1.611822 -0.784174 0.040000
v 1.350686 -0.768366 0.089962
v 1.358397 -0.726572 0.120840
v 1.367929 -0.674911 0.120840
v 1.375641 -0.633116 0.089962
v 1.378586 -0.617152 0.040000
v 1.375640 -0.633116 -0.009962
v 1.367929 -0.674911 -0.040840
v 1.358397 -0.726572 -0.040840
v 1.350686 -0.768366 -0.009962
v 1.347740 -0.784330 0.040000
v 1.130387 -0.683714 0.089962
v 1.151884 -0.647051 0.120840
v 1.178455 -0.601734 0.120840
v 1.199951 -0.565071 0.089962
v 1.208162 -0.551067 0.040000
v 1.199951 -0.565071 -0.009962
v 1.178455 -0.601734 -0.040840
v 1.151884 -0.647051 -0.040840
v 1.130387 -0.683714 -0.009962
v 1.122177 -0.697718 0.040000
v 0.948748 -0.533650 0.089962
v 0.979307 -0.504113 0.120840
v 1.017079 -0.467604 0.120840
v 1.047638 -0.438067 0.089962
v 1.059310 -0.426785 0.040000
v 1.047638 -0.438067 -0.009962
v 1.017079 -0.467604 -0.040840
v 0.979307 -0.504113 -0.040840
v 0.948748 -0.533650 -0.009962
v 0.937076 -0.544932 0.040000
v 0.797470 -0.338603 0.089962
v 0.832660 -0.314773 0.120840
v 0.876158 -0.285316 0.120840
v 0.911348 -0.261485 0.089962
v 0.924789 -0.252383 0.040000
v 0.911348 -0.261485 -0.009962
v 0.876158 -0.285316 -0.040840
v 0.832660 -0.314773 -0.040840
v 0.797470 -0.338603 -0.009962
v 0.784029 -0.347706 0.040000
v 0.665741 -0.115000 0.089962
v 0.702978 -0.094515 0.120840
v 0.749005 -0.069194 0.120840
v 0.786242 -0.048708 0.089962
v 0.800466 -0.040883 0.040000
v 0.786242 -0.048708 -0.009962
v 0.749005 -0.069194 -0.040840
v 0.702978 -0.094515 -0.040840
v 0.665741 -0.115000 -0.009962
v 0.651518 -0.122825 0.040000
v 0.543875 0.122528 0.089962
v 0.581724 0.141859 0.120840
v 0.628508 0.165754 0.120840
v 0.666357 0.185086 0.089962
v 0.680814 0.192470 0.040000
v 0.666357 0.185086 -0.009962
v 0.628508 0.165754 -0.040840
v 0.581724 0.141859 -0.040840
v 0.543875 0.122528 -0.009962
v 0.529418 0.115144 0.040000
v 0.423448 0.359359 0.089962
v 0.460844 0.379553 0.120840
v 0.507067 0.404515 0.120840
v 0.544463 0.424709 0.089962
v 0.558747 0.432422 0.040000
v 0.544463 0.424709 -0.009962
v 0.507067 0.404515 -0.040840
v 0.460843 0.379553 -0.040840
v 0.423448 0.359359 -0.009962
v 0.409164 0.351646 0.040000
v 0.296996 0.580497 0.089962
v 0.332650 0.603627 0.120840
v 0.376721 0.632218 0.120840
v 0.412375 0.655349 0.089962
v 0.425994 0.664184 0.040000
v 0.412375 0.655349 -0.009962
v 0.376721 0.632218 -0.040840
v 0.332650 0.603627 -0.040840
v 0.296996 0.580497 -0.009962
v 0.283377 0.571661 0.040000
v 0.158121 0.770841 0.089962
v 0.189863 0.799102 0.120840
v 0.229098 0.834035 0.120840
v 0.260840 0.862296 0.089962
v 0.272965 0.873091 0.040000
v 0.260840 0.862296 -0.009962
v 0.229098 0.834035 -0.040840
v 0.189863 0.799102 -0.040840
v 0.158121 0.770841 -0.009962
v 0.145996 0.760046 0.040000
v 0.001476 0.916456 0.089962
v 0.025603 0.951443 0.120840
v 0.055427 0.994690 0.120840
v 0.079554 1.029677 0.089962
v 0.088770 1.043041 0.040000
v 0.079554 1.029677 -0.009962
v 0.055427 0.994690 -0.040840
v 0.025603 0.951443 -0.040840
v 0.001476 0.916456 -0.009962
v -0.007740 0.903092 0.040000
v -0.179516 1.006562 0.089962
v -0.167477 1.047321 0.120840
v -0.152596 1.097702 0.120840
v -0.140558 1.138462 0.089962
v -0.135960 1.154030 0.040000
v -0.140558 1.138462 -0.009962
v -0.152597 1.097702 -0.040840
v -0.167477 1.047321 -0.040840
v -0.179516 1.006562 -0.009962
v -0.184114 0.990993 0.040000
v -0.398807 1.031244 0.089962
v -0.399544 1.073738 0.120840
v -0.400456 1.126263 0.120840
v -0.401193 1.168756 0.089962
v -0.401474 1.184987 0.040000
v -0.401193 1.168756 -0.009962
v -0.400456 1.126262 -0.040840
v -0.399544 1.073738 -0.040840
v -0.398807 1.031244 -0.009962
v -0.398526 1.015013 0.040000
v -0.637113 0.995336 0.089962
v -0.647893 1.036447 0.120840
v -0.661218 1.087261 0.120840
v -0.671998 1.128372 0.089962
v -0.676115 1.144074 0.040000
v -0.671998 1.128372 -0.009962
v -0.661218 1.087261 -0.040840
v -0.647893 1.036446 -0.040840
v -0.637113 0.995336 -0.009962
v -0.632996 0.979634 0.040000
v -0.839063 0.918372 0.089962
v -0.858418 0.956209 0.120840
v -0.882343 1.002977 0.120840
v -0.901698 1.040814 0.089962
v -0.909091 1.055266 0.040000
v -0.901698 1.040814 -0.009962
v -0.882343 1.002977 -0.040840
v -0.858418 0.956209 -0.040840
v -0.839063 0.918372 -0.009962
v -0.831670 0.903920 0.040000
v -1.010790 0.805368 0.089962
v -1.037400 0.838506 0.120840
v -1.070291 0.879468 0.120840
v -1.096901 0.912606 0.089962
v -1.107065 0.925264 0.040000
v -1.096901 0.912606 -0.009962
v -1.070291 0.879468 -0.040840
v -1.037400 0.838506 -0.040840
v -1.010790 0.805368 -0.009962
v -1.000626 0.792710 0.040000
v -1.159915 0.660131 0.089962
v -1.191686 0.688359 0.120840
v -1.230957 0.723252 0.120840
v -1.262728 0.751480 0.089962
v -1.274864 0.762262 0.040000
v -1.262728 0.751480 -0.009962
v -1.230957 0.723252 -0.040840
v -1.191686 0.688359 -0.040840
v -1.159915 0.660131 -0.009962
v -1.147779 0.649349 0.040000
v -1.292590 0.486748 0.089962
v -1.327564 0.510895 0.120840
v -1.370794 0.540742 0.120840
v -1.405768 0.564888 0.089962
v -1.419127 0.574111 0.040000
v -1.405768 0.564888 -0.009962
v -1.370794 0.540742 -0.040840
v -1.327564 0.510895 -0.040840
v -1.292590 0.486748 -0.009962
v -1.279231 0.477525 0.040000
v -1.414342 0.290228 0.089962
v -1.451082 0.311591 0.120840
v -1.496495 0.337998 0.120840
v -1.533235 0.359362 0.089962
v -1.547269 0.367522 0.040000
v -1.533235 0.359362 -0.009962
v -1.496495 0.337998 -0.040840
v -1.451082 0.311591 -0.040840
v -1.414342 0.290228 -0.009962
v -1.400308 0.282067 0.040000
v -1.530803 0.076222 0.089962
v -1.568329 0.096174 0.120840
v -1.614713 0.120836 0.120840
v -1.652239 0.140788 0.089962
v -1.666572 0.148409 0.040000
v -1.652239 0.140788 -0.009962
v -1.614713 0.120836 -0.040840
v -1.568329 0.096174 -0.040840
v -1.530803 0.076222 -0.009962
v -1.516470 0.068601 0.040000
v -1.647930 -0.149376 0.089962
v -1.685517 -0.129540 0.120840
v -1.731977 -0.105022 0.120840
v -1.769565 -0.085187 0.089962
v -1.783921 -0.077610 0.040000
v -1.769565 -0.085187 -0.009962
v -1.731977 -0.105022 -0.040840
v -1.685517 -0.129540 -0.040840
v -1.647930 -0.149376 -0.009962
v -1.633573 -0.156952 0.040000
v -1.771972 -0.380633 0.089962
v -1.808971 -0.359720 0.120840
v -1.854704 -0.333870 0.120840
v -1.891702 -0.312956 0.089962
v -1.905834 -0.304968 0.040000
v -1.891702 -0.312956 -0.009962
v -1.854704 -0.333870 -0.040840
v -1.808971 -0.359720 -0.040840
v -1.771972 -0.380633 -0.009962
v -1.757840 -0.388621 0.040000
v -1.909415 -0.611603 0.089962
v -1.945105 -0.588527 0.120840
v -1.989220 -0.560004 0.120840
v -2.024909 -0.536928 0.089962
v -2.038542 -0.528114 0.040000
v -2.024909 -0.536928 -0.009962
v -1.989220 -0.560004 -0.040840
v -1.945105 -0.588527 -0.040840
v -1.909415 -0.611603 -0.009962
v -1.895783 -0.620417 0.040000
v -2.066899 -0.836253 0.089962
v -2.100393 -0.810092 0.120840
v -2.141793 -0.777755 0.120840
v -2.175287 -0.751594 0.089962
v -2.188081 -0.741601 0.040000
v -2.175287 -0.751594 -0.009962
v -2.141793 -0.777755 -0.040840
v -2.100393 -0.810092 -0.040840
v -2.066899 -0.836253 -0.009962
v -2.054105 -0.846246 0.040000
v -2.249584 -1.046766 0.089962
v -2.280743 -1.017863 0.120840
v -2.319257 -0.982137 0.120840
v -2.350416 -0.953234 0.089962
v -2.362318 -0.942194 0.040000
v -2.350416 -0.953234 -0.009962
v -2.319257 -0.982137 -0.040840
v -2.280743 -1.017863 -0.040840
v -2.249584 -1.046766 -0.009962
v -2.237682 -1.057806 0.040000
v -2.406228 -1.204919 0.089962
v -2.436260 -1.174847 0.120840
v -2.473382 -1.137676 0.120840
v -2.503414 -1.107604 0.089962
v -2.514885 -1.096117 0.040000
v -2.503414 -1.107604 -0.009962
v -2.473382 -1.137676 -0.040840
v -2.436260 -1.174847 -0.040840
v -2.406228 -1.204919 -0.009962
v -2.394757 -1.216405 0.040000
v -2.553319 -1.350268 0.089962
v -2.583035 -1.319883 0.120840
v -2.619766 -1.282326 0.120840
v -2.649482 -1.251942 0.089962
v -2.660832 -1.240336 0.040000
v -2.649482 -1.251942 -0.009962
v -2.619766 -1.282326 -0.040840
v -2.583035 -1.319883 -0.040840
v -2.553319 -1.350268 -0.009962
v -2.541969 -1.361874 0.040000
v -2.693904 -1.486345 0.089962
v -2.723316 -1.455666 0.120840
v -2.759671 -1.417745 0.120840
v -2.789083 -1.387066 0.089962
v -2.800317 -1.375347 0.040000
v -2.789083 -1.387066 -0.009962
v -2.759671 -1.417745 -0.040840
v -2.723316 -1.455666 -0.040840
v -2.693904 -1.486345 -0.009962
v -2.682670 -1.498063 0.040000
v -2.829711 -1.615300 0.089962
v -2.858848 -1.584360 0.120840
v -2.894863 -1.546115 0.120840
v -2.923999 -1.515175 0.089962
v -2.935129 -1.503357 0.040000
v -2.923999 -1.515175 -0.009962
v -2.894863 -1.546115 -0.040840
v -2.858848 -1.584360 -0.040840
v -2.829711 -1.615300 -0.009962
v -2.818582 -1.627118 0.040000
v -2.962466 -1.739284 0.089962
v -2.991374 -1.708130 0.120840
v -3.027106 -1.669622 0.120840
v -3.056014 -1.638467 0.089962
v -3.067056 -1.626568 0.040000
v -3.056014 -1.638467 -0.009962
v -3.027106 -1.669622 -0.040840
v -2.991374 -1.708130 -0.040840
v -2.962466 -1.739284 -0.009962
v -2.951424 -1.751184 0.040000
v -3.093900 -1.860454 0.089962
v -3.122640 -1.829146 0.120840
v -3.158165 -1.790446 0.120840
v -3.186906 -1.759137 0.089962
v -3.197884 -1.747178 0.040000
v -3.186906 -1.759137 -0.009962
v -3.158165 -1.790446 -0.040840
v -3.122640 -1.829146 -0.040840
v -3.093900 -1.860454 -0.009962
v -3.082922 -1.872413 0.040000
v -3.225752 -1.980972 0.089962
v -3.254396 -1.949575 0.120840
v -3.289802 -1.910767 0.120840
v -3.318446 -1.879370 0.089962
v -3.329387 -1.867377 0.040000
v -3.318446 -1.879370 -0.009962
v -3.289802 -1.910767 -0.040840
v -3.254396 -1.949575 -0.040840
v -3.225752 -1.980972 -0.009962
v -3.214811 -1.992965 0.040000
v -3.359772 -2.103010 0.089962
v -3.388394 -2.071594 0.120840
v -3.423773 -2.032760 0.120840
v -3.452395 -2.001343 0.089962
v -3.463328 -1.989343 0.040000
v -3.452395 -2.001343 -0.009962
v -3.423773 -2.032760 -0.040840
v -3.388394 -2.071594 -0.040840
v -3.359772 -2.103011 -0.009962
v -3.348839 -2.115011 0.040000
v -3.497720 -2.228749 0.089962
v -3.526391 -2.197377 0.120840
v -3.561831 -2.158599 0.120840
v -3.590502 -2.127227 0.089962
v -3.601453 -2.115244 0.040000
v -3.590502 -2.127227 -0.009962
v -3.561831 -2.158599 -0.040840
v -3.526391 -2.197377 -0.040840
v -3.497720 -2.228749 -0.009962
v -3.486768 -2.240732 0.040000
v -3.641366 -2.360377 0.089962
v -3.670148 -2.329106 0.120840
v -3.705724 -2.290453 0.120840
v -3.734506 -2.259182 0.089962
v -3.745499 -2.247237 0.040000
v -3.734506 -2.259182 -0.009962
v -3.705724 -2.290453 -0.040840
v -3.670148 -2.329106 -0.040840
v -3.641366 -2.360377 -0.009962
v -3.630373 -2.372321 0.040000
v -3.792488 -2.500085 0.089962
v -3.821428 -2.468961 0.120840
v -3.857200 -2.430489 0.120840
v -3.886140 -2.399365 0.089962
v -3.897195 -2.387476 0.040000
v -3.886140 -2.399365 -0.009962
v -3.857200 -2.430489 -0.040840
v -3.821428 -2.468961 -0.040840
v -3.792488 -2.500085 -0.009962
v -3.781434 -2.511973 0.040000
v -3.952870 -2.650076 0.089962
v -3.981998 -2.619127 0.120840
v -4.018002 -2.580873 0.120840
v -4.047130 -2.549924 0.089962
v -4.058256 -2.538103 0.040000
v -4.047130 -2.549924 -0.009962
v -4.018002 -2.580873 -0.040840
v -3.981998 -2.619127 -0.040840
v -3.952870 -2.650076 -0.009962
v -3.941744 -2.661897 0.040000
vn 0.7289 -0.3423 0.5929
vn 0.2703 -0.1270 0.9544
vn -0.2897 0.1361 0.9474
vn -0.7362 0.3459 0.5816
vn -0.9051 0.4253 -0.0000
vn -0.7362 0.3459 -0.5816
vn -0.2897 0.1361 -0.9474
vn 0.2703 -0.1270 -0.9544
vn 0.7289 -0.3423 -0.5929
vn 0.9052 -0.4251 -0.0000
vn 0.7453 -0.3057 0.5925
vn 0.2777 -0.1139 0.9539
vn -0.2940 0.1207 0.9482
vn -0.7515 0.3085 0.5832
vn -0.9251 0.3798 -0.0000
vn -0.7515 0.3085 -0.5832
vn -0.2940 0.1207 -0.9482
vn 0.2777 -0.1139 -0.9539
vn 0.7453 -0.3057 -0.5925
vn 0.9252 -0.3795 -0.0000
vn 0.7693 -0.2427 0.5910
vn 0.2889 -0.0911 0.9530
vn -0.3004 0.0948 0.9491
vn -0.7737 0.2442 0.5846
vn -0.9536 0.3010 -0.0000
vn -0.7737 0.2442 -0.5846
vn -0.3004 0.0948 -0.9491
vn 0.2889 -0.0911 -0.9530
vn 0.7693 -0.2427 -0.5910
vn 0.9537 -0.3008 -0.0000
vn 0.7821 -0.2021 0.5895
vn 0.2960 -0.0765 0.9521
vn -0.3024 0.0782 0.9500
vn -0.7845 0.2028 0.5860
vn -0.9682 0.2503 -0.0000
vn -0.7845 0.2028 -0.5860
vn -0.3024 0.0782 -0.9500
vn 0.2960 -0.0765 -0.9521
vn 0.7821 -0.2021 -0.5895
vn 0.9682 -0.2502 -0.0000
vn 0.7873 -0.1851 0.5881
vn 0.3003 -0.0706 0.9512
vn -0.3014 0.0709 0.9509
vn -0.7878 0.1852 0.5875
vn -0.9735 0.2289 -0.0000
vn -0.7878 0.1852 -0.5875
vn -0.3014 0.0709 -0.9509
vn 0.3003 -0.0706 -0.9512
vn 0.7873 -0.1851 -0.5881
vn 0.9735 -0.2288 -0.0000
vn 0.7866 -0.1930 0.5865
vn 0.3024 -0.0742 0.9503
vn -0.2979 0.0731 0.9518
vn -0.7849 0.1925 0.5890
vn -0.9712 0.2382 -0.0000
vn -0.7849 0.1925 -0.5890
vn -0.2979 0.0731 -0.9518
vn 0.3024 -0.0742 -0.9503
vn 0.7866 -0.1930 -0.5865
vn 0.9712 -0.2383 -0.0000
vn 0.7783 -0.2286 0.5848
vn 0.3019 -0.0887 0.9492
vn -0.2911 0.0854 0.9529
vn -0.7742 0.2272 0.5907
vn -0.9595 0.2815 -0.0000
vn -0.7742 0.2272 -0.5907
vn -0.2911 0.0854 -0.9529
vn 0.3019 -0.0887 -0.9492
vn 0.7783 -0.2286 -0.5848
vn 0.9595 -0.2819 -0.0000
vn 0.7570 -0.2957 0.5827
vn 0.2969 -0.1159 0.9478
vn -0.2788 0.1088 0.9542
vn -0.7503 0.2926 0.5929
vn -0.9317 0.3632 -0.0000
vn -0.7503 0.2926 -0.5929
vn -0.2788 0.1088 -0.9542
vn 0.2969 -0.1159 -0.9478
vn 0.7570 -0.2957 -0.5827
vn 0.9314 -0.3639 -0.0000
vn 0.7114 -0.3965 0.5802
vn 0.2825 -0.1574 0.9463
vn -0.2573 0.1432 0.9557
vn -0.7021 0.3905 0.5954
vn -0.8740 0.4859 -0.0000
vn -0.7021 0.3905 -0.5954
vn -0.2573 0.1432 -0.9557
vn 0.2825 -0.1574 -0.9463
vn 0.7114 -0.3965 -0.5802
vn 0.8734 -0.4869 -0.0000
vn 0.6253 -0.5243 0.5780
vn 0.2513 -0.2107 0.9447
vn -0.2220 0.1859 0.9572
vn -0.6146 0.5143 0.5981
vn -0.7670 0.6416 -0.0000
vn -0.6146 0.5143 -0.5981
vn -0.2220 0.1859 -0.9572
vn 0.2513 -0.2107 -0.9447
vn 0.6253 -0.5243 -0.5780
vn 0.7663 -0.6425 -0.0000
vn 0.4889 -0.6546 0.5767
vn 0.1978 -0.2649 0.9438
vn -0.1715 0.2295 0.9581
vn -0.4790 0.6409 0.5999
vn -0.5987 0.8010 -0.0000
vn -0.4790 0.6409 -0.5999
vn -0.1715 0.2295 -0.9581
vn 0.1978 -0.2649 -0.9438
vn 0.4889 -0.6546 -0.5767
vn 0.5984 -0.8012 -0.0000
vn 0.3156 -0.7536 0.5766
vn 0.1276 -0.3047 0.9439
vn -0.1111 0.2650 0.9578
vn -0.3095 0.7384 0.5991
vn -0.3866 0.9222 -0.0000
vn -0.3095 0.7384 -0.5991
vn -0.1111 0.2650 -0.9578
vn 0.1276 -0.3047 -0.9439
vn 0.3156 -0.7536 -0.5766
vn 0.3863 -0.9224 -0.0000
vn 0.1128 -0.8104 0.5749
vn 0.0460 -0.3301 0.9428
vn -0.0398 0.2820 0.9586
vn -0.1123 0.7919 0.6002
vn -0.1408 0.9900 -0.0000
vn -0.1123 0.7919 -0.6002
vn -0.0398 0.2820 -0.9586
vn 0.0460 -0.3301 -0.9428
vn 0.1128 -0.8104 -0.5749
vn 0.1377 -0.9905 -0.0000
vn -0.1492 -0.8065 0.5721
vn -0.0619 -0.3348 0.9403
vn 0.0498 0.2700 0.9616
vn 0.1439 0.7816 0.6069
vn 0.1809 0.9835 -0.0000
vn 0.1439 0.7816 -0.6069
vn 0.0498 0.2700 -0.9616
vn -0.0619 -0.3348 -0.9403
vn -0.1492 -0.8065 -0.5721
vn -0.1819 -0.9833 -0.0000
vn -0.4132 -0.7075 0.5734
vn -0.1701 -0.2910 0.9415
vn 0.1416 0.2409 0.9602
vn 0.4044 0.6870 0.6037
vn 0.5077 0.8615 -0.0000
vn 0.4044 0.6870 -0.6037
vn 0.1416 0.2409 -0.9602
vn -0.1701 -0.2910 -0.9415
vn -0.4132 -0.7075 -0.5734
vn -0.5043 -0.8636 -0.0000
vn -0.5861 -0.5683 0.5775
vn -0.2359 -0.2286 0.9445
vn 0.2083 0.2010 0.9572
vn 0.5773 0.5561 0.5979
vn 0.7205 0.6935 -0.0000
vn 0.5773 0.5561 -0.5979
vn 0.2083 0.2010 -0.9572
vn -0.2359 -0.2286 -0.9445
vn -0.5861 -0.5683 -0.5775
vn -0.7178 -0.6962 -0.0000
vn -0.6731 -0.4566 0.5817
vn -0.2651 -0.1798 0.9473
vn 0.2467 0.1669 0.9546
vn 0.6667 0.4508 0.5935
vn 0.8285 0.5599 -0.0000
vn 0.6667 0.4508 -0.5935
vn 0.2467 0.1669 -0.9546
vn -0.2651 -0.1798 -0.9473
vn -0.6731 -0.4566 -0.5817
vn -0.8275 -0.5614 -0.0000
vn -0.7105 -0.3911 0.5850
vn -0.2753 -0.1515 0.9493
vn 0.2663 0.1464 0.9527
vn 0.7073 0.3889 0.5904
vn 0.8763 0.4817 -0.0000
vn 0.7073 0.3889 -0.5904
vn 0.2663 0.1464 -0.9527
vn -0.2753 -0.1515 -0.9493
vn -0.7105 -0.3911 -0.5850
vn -0.8760 -0.4823 -0.0000
vn -0.7206 -0.3681 0.5876
vn -0.2755 -0.1407 0.9509
vn 0.2750 0.1404 0.9511
vn 0.7204 0.3679 0.5879
vn 0.8906 0.4548 -0.0000
vn 0.7204 0.3679 -0.5879
vn 0.2750 0.1404 -0.9511
vn -0.2755 -0.1407 -0.9509
vn -0.7206 -0.3681 -0.5876
vn -0.8906 -0.4549 -0.0000
vn -0.7105 -0.3835 0.5900
vn -0.2681 -0.1447 0.9525
vn 0.2758 0.1490 0.9496
vn 0.7133 0.3854 0.5854
vn 0.8798 0.4754 -0.0000
vn 0.7133 0.3854 -0.5854
vn 0.2758 0.1490 -0.9496
vn -0.2681 -0.1447 -0.9525
vn -0.7105 -0.3835 -0.5900
vn -0.8800 -0.4749 -0.0000
vn -0.6758 -0.4379 0.5929
vn -0.2510 -0.1627 0.9542
vn 0.2675 0.1737 0.9478
vn 0.6817 0.4428 0.5825
vn 0.8386 0.5448 -0.0000
vn 0.6817 0.4428 -0.5825
vn 0.2675 0.1737 -0.9478
vn -0.2510 -0.1627 -0.9542
vn -0.6758 -0.4379 -0.5929
vn -0.8393 -0.5437 -0.0000
vn -0.6000 -0.5329 0.5967
vn -0.2181 -0.1939 0.9565
vn 0.2433 0.2171 0.9453
vn 0.6084 0.5430 0.5787
vn 0.7460 0.6660 -0.0000
vn 0.6084 0.5430 -0.5787
vn 0.2433 0.2171 -0.9453
vn -0.2182 -0.1939 -0.9565
vn -0.6000 -0.5329 -0.5967
vn -0.7479 -0.6638 -0.0000
vn -0.4545 -0.6569 0.6016
vn -0.1609 -0.2329 0.9591
vn 0.1893 0.2752 0.9426
vn 0.4635 0.6743 0.5749
vn 0.5664 0.8241 -0.0000
vn 0.4635 0.6743 -0.5749
vn 0.1893 0.2752 -0.9426
vn -0.1609 -0.2329 -0.9591
vn -0.4545 -0.6569 -0.6016
vn -0.5693 -0.8221 -0.0000
vn -0.2253 -0.7632 0.6056
vn -0.0784 -0.2655 0.9609
vn 0.0959 0.3245 0.9410
vn 0.2323 0.7859 0.5731
vn 0.2834 0.9590 -0.0000
vn 0.2323 0.7859 -0.5731
vn 0.0959 0.3245 -0.9410
vn -0.0784 -0.2655 -0.9609
vn -0.2253 -0.7632 -0.6056
vn -0.2831 -0.9591 -0.0000
vn 0.0149 -0.7999 0.6000
vn 0.0052 -0.2855 0.9584
vn -0.0054 0.3322 0.9432
vn -0.0132 0.8177 0.5755
vn -0.0160 0.9999 -0.0000
vn -0.0132 0.8177 -0.5755
vn -0.0054 0.3322 -0.9432
vn 0.0052 -0.2855 -0.9584
vn 0.0149 -0.7999 -0.6000
vn 0.0189 -0.9998 -0.0000
vn 0.2036 -0.7754 0.5978
vn 0.0736 -0.2803 0.9571
vn -0.0831 0.3174 0.9446
vn -0.2068 0.7896 0.5777
vn -0.2533 0.9674 -0.0000
vn -0.2068 0.7896 -0.5777
vn -0.0831 0.3174 -0.9446
vn 0.0736 -0.2803 -0.9571
vn 0.2036 -0.7754 -0.5978
vn 0.2541 -0.9672 -0.0000
vn 0.3651 -0.7133 0.5983
vn 0.1318 -0.2576 0.9572
vn -0.1493 0.2920 0.9447
vn -0.3715 0.7266 0.5780
vn -0.4552 0.8904 -0.0000
vn -0.3715 0.7266 -0.5780
vn -0.1493 0.2920 -0.9447
vn 0.1318 -0.2576 -0.9572
vn 0.3651 -0.7133 -0.5983
vn 0.4556 -0.8902 -0.0000
vn 0.5027 -0.6254 0.5969
vn 0.1828 -0.2275 0.9564
vn -0.2038 0.2540 0.9455
vn -0.5101 0.6359 0.5791
vn -0.6257 0.7801 -0.0000
vn -0.5101 0.6359 -0.5791
vn -0.2038 0.2540 -0.9455
vn 0.1828 -0.2275 -0.9564
vn 0.5027 -0.6254 -0.5969
vn 0.6266 -0.7793 -0.0000
vn 0.6013 -0.5337 0.5946
vn 0.2213 -0.1965 0.9552
vn -0.2405 0.2139 0.9468
vn -0.6082 0.5409 0.5810
vn -0.7472 0.6646 -0.0000
vn -0.6082 0.5409 -0.5810
vn -0.2405 0.2139 -0.9468
vn 0.2213 -0.1965 -0.9552
vn 0.6013 -0.5337 -0.5946
vn 0.7480 -0.6637 -0.0000
vn 0.6631 -0.4575 0.5924
vn 0.2471 -0.1705 0.9539
vn -0.2615 0.1806 0.9482
vn -0.6684 0.4618 0.5832
vn -0.8227 0.5685 -0.0000
vn -0.6684 0.4618 -0.5832
vn -0.2615 0.1806 -0.9482
vn 0.2471 -0.1705 -0.9539
vn 0.6631 -0.4575 -0.5924
vn 0.8231 -0.5678 -0.0000
vn 0.6978 -0.4056 0.5904
vn 0.2628 -0.1528 0.9527
vn -0.2715 0.1579 0.9494
vn -0.7010 0.4078 0.5851
vn -0.8644 0.5028 -0.0000
vn -0.7010 0.4078 -0.5851
vn -0.2715 0.1579 -0.9494
vn 0.2628 -0.1528 -0.9527
vn 0.6978 -0.4056 -0.5904
vn 0.8646 -0.5025 -0.0000
vn 0.7138 -0.3795 0.5887
vn 0.2713 -0.1443 0.9516
vn -0.2744 0.1459 0.9505
vn -0.7149 0.3802 0.5868
vn -0.8829 0.4695 -0.0000
vn -0.7149 0.3802 -0.5868
vn -0.2744 0.1459 -0.9505
vn 0.2713 -0.1443 -0.9516
vn 0.7138 -0.3795 -0.5887
vn 0.8830 -0.4694 -0.0000
vn 0.7159 -0.3778 0.5871
vn 0.2744 -0.1448 0.9507
vn -0.2723 0.1437 0.9514
vn -0.7151 0.3774 0.5884
vn -0.8844 0.4667 -0.0000
vn -0.7151 0.3774 -0.5884
vn -0.2723 0.1437 -0.9514
vn 0.2744 -0.1448 -0.9507
vn 0.7159 -0.3778 -0.5871
vn 0.8844 -0.4667 -0.0000
vn 0.7056 -0.3989 0.5857
vn 0.2724 -0.1540 0.9498
vn -0.2656 0.1501 0.9523
vn -0.7030 0.3973 0.5898
vn -0.8706 0.4920 -0.0000
vn -0.7030 0.3973 -0.5898
vn -0.2656 0.1501 -0.9523
vn 0.2724 -0.1540 -0.9498
vn 0.7056 -0.3989 -0.5857
vn 0.8705 -0.4922 -0.0000
vn 0.6814 -0.4407 0.5843
vn 0.2650 -0.1714 0.9489
vn -0.2539 0.1642 0.9532
vn -0.6773 0.4378 0.5913
vn -0.8398 0.5428 -0.0000
vn -0.6773 0.4378 -0.5913
vn -0.2539 0.1642 -0.9532
vn 0.2650 -0.1714 -0.9489
vn 0.6814 -0.4407 -0.5843
vn 0.8397 -0.5431 -0.0000
vn 0.6402 -0.5001 0.5831
vn 0.2507 -0.1958 0.9481
vn -0.2361 0.1845 0.9540
vn -0.6347 0.4957 0.5928
vn -0.7881 0.6156 -0.0000
vn -0.6347 0.4957 -0.5928
vn -0.2361 0.1845 -0.9540
vn 0.2507 -0.1958 -0.9481
vn 0.6402 -0.5001 -0.5831
vn 0.7881 -0.6155 -0.0000
vn 0.5949 -0.5516 0.5847
vn 0.2309 -0.2141 0.9491
vn -0.2222 0.2062 0.9529
vn -0.5914 0.5488 0.5909
vn -0.7330 0.6802 -0.0000
vn -0.5914 0.5488 -0.5909
vn -0.2222 0.2062 -0.9529
vn 0.2309 -0.2141 -0.9491
vn 0.5949 -0.5516 -0.5847
vn 0.7333 -0.6799 -0.0000
vn 0.5720 -0.5727 0.5872
vn 0.2191 -0.2193 0.9507
vn -0.2177 0.2180 0.9514
vn -0.5714 0.5723 0.5882
vn -0.7066 0.7076 -0.0000
vn -0.5714 0.5723 -0.5882
vn -0.2177 0.2180 -0.9514
vn 0.2191 -0.2193 -0.9507
vn 0.5720 -0.5727 -0.5872
vn 0.7067 -0.7075 -0.0000
vn 0.5659 -0.5786 0.5873
vn 0.2167 -0.2216 0.9508
vn -0.2154 0.2203 0.9514
vn -0.5654 0.5781 0.5883
vn -0.6992 0.7149 -0.0000
vn -0.5654 0.5781 -0.5883
vn -0.2154 0.2203 -0.9514
vn 0.2167 -0.2216 -0.9508
vn 0.5659 -0.5786 -0.5873
vn 0.6992 -0.7149 -0.0000
vn 0.5601 -0.5842 0.5873
vn 0.2144 -0.2237 0.9508
vn -0.2133 0.2225 0.9513
vn -0.5596 0.5838 0.5882
vn -0.6920 0.7219 -0.0000
vn -0.5596 0.5838 -0.5882
vn -0.2133 0.2225 -0.9513
vn 0.2144 -0.2237 -0.9508
vn 0.5601 -0.5842 -0.5873
vn 0.6920 -0.7219 -0.0000
vn 0.5548 -0.5892 0.5874
vn 0.2124 -0.2255 0.9508
vn -0.2113 0.2244 0.9513
vn -0.5544 0.5888 0.5882
vn -0.6856 0.7280 -0.0000
vn -0.5544 0.5888 -0.5882
vn -0.2113 0.2244 -0.9513
vn 0.2124 -0.2255 -0.9508
vn 0.5548 -0.5892 -0.5874
vn 0.6856 -0.7280 -0.0000
vn 0.5504 -0.5932 0.5875
vn 0.2106 -0.2269 0.9509
vn -0.2098 0.2261 0.9512
vn -0.5501 0.5929 0.5881
vn -0.6802 0.7330 -0.0000
vn -0.5501 0.5929 -0.5881
vn -0.2098 0.2261 -0.9512
vn 0.2106 -0.2269 -0.9509
vn 0.5504 -0.5932 -0.5875
vn 0.6802 -0.7330 -0.0000
vn 0.5472 -0.5961 0.5876
vn 0.2092 -0.2279 0.9509
vn -0.2087 0.2274 0.9512
vn -0.5470 0.5959 0.5880
vn -0.6762 0.7367 -0.0000
vn -0.5470 0.5959 -0.5880
vn -0.2087 0.2274 -0.9512
vn 0.2092 -0.2279 -0.9509
vn 0.5472 -0.5961 -0.5876
vn 0.6762 -0.7367 -0.0000
vn 0.5453 -0.5977 0.5877
vn 0.2084 -0.2284 0.9510
vn -0.2082 0.2282 0.9511
vn -0.5452 0.5976 0.5879
vn -0.6740 0.7388 -0.0000
vn -0.5452 0.5976 -0.5879
vn -0.2082 0.2282 -0.9511
vn 0.2084 -0.2284 -0.9510
vn 0.5453 -0.5977 -0.5877
vn 0.6740 -0.7388 -0.0000
vn 0.5448 -0.5980 0.5878
vn 0.2081 -0.2284 0.9511
vn -0.2081 0.2285 0.9510
vn -0.5449 0.5981 0.5878
vn -0.6735 0.7392 -0.0000
vn -0.5449 0.5981 -0.5878
vn -0.2081 0.2285 -0.9510
vn 0.2081 -0.2284 -0.9511
vn 0.5448 -0.5980 -0.5878
vn 0.6735 -0.7392 -0.0000
vn 0.5457 -0.5971 0.5879
vn 0.2083 -0.2279 0.9511
vn -0.2086 0.2283 0.9510
vn -0.5458 0.5973 0.5877
vn -0.6746 0.7382 -0.0000
vn -0.5458 0.5973 -0.5877
vn -0.2086 0.2283 -0.9510
vn 0.2083 -0.2279 -0.9511
vn 0.5457 -0.5971 -0.5879
vn 0.6746 -0.7382 -0.0000
vn 0.5478 -0.5952 0.5880
vn 0.2090 -0.2271 0.9512
vn -0.2095 0.2277 0.9509
vn -0.5480 0.5954 0.5876
vn -0.6772 0.7358 -0.0000
vn -0.5480 0.5954 -0.5876
vn -0.2095 0.2277 -0.9509
vn 0.2090 -0.2271 -0.9512
vn 0.5478 -0.5952 -0.5880
vn 0.6772 -0.7358 -0.0000
vn 0.5508 -0.5923 0.5881
vn 0.2101 -0.2259 0.9512
vn -0.2108 0.2267 0.9509
vn -0.5510 0.5926 0.5875
vn -0.6809 0.7323 -0.0000
vn -0.5510 0.5926 -0.5875
vn -0.2108 0.2267 -0.9509
vn 0.2101 -0.2259 -0.9512
vn 0.5508 -0.5923 -0.5881
vn 0.6809 -0.7323 -0.0000
vn 0.5525 -0.5907 0.5881
vn 0.2107 -0.2253 0.9512
vn -0.2115 0.2261 0.9509
vn -0.5527 0.5910 0.5875
vn -0.6831 0.7304 -0.0000
vn -0.5527 0.5910 -0.5875
vn -0.2115 0.2261 -0.9509
vn 0.2107 -0.2253 -0.9512
vn 0.5525 -0.5907 -0.5881
vn 0.6831 -0.7304 -0.0000
vt 0.000000 1.000000
vt 0.020833 1.000000
vt 0.020833 0.900000
vt 0.000000 0.900000
vt 0.000000 0.100000
vt 0.020833 0.100000
vt 0.020833 0.000000
vt 0.000000 0.000000
vt 0.000000 0.200000
vt 0.020833 0.200000
vt 0.000000 0.300000
vt 0.020833 0.300000
vt 0.000000 0.400000
vt 0.020833 0.400000
vt 0.000000 0.500000
vt 0.020833 0.500000
vt 0.000000 0.600000
vt 0.020833 0.600000
vt 0.000000 0.700000
vt 0.020833 0.700000
vt 0.000000 0.800000
vt 0.020833 0.800000
vt 0.041667 1.000000
vt 0.041667 0.900000
vt 0.041667 0.100000
vt 0.041667 0.000000
vt 0.041667 0.200000
vt 0.041667 0.300000
vt 0.041667 0.400000
vt 0.041667 0.500000
vt 0.041667 0.600000
vt 0.041667 0.700000
vt 0.041667 0.800000
vt 0.062500 1.000000
vt 0.062500 0.900000
vt 0.062500 0.100000
vt 0.062500 0.000000
vt 0.062500 0.200000
vt 0.062500 0.300000
vt 0.062500 0.400000
vt 0.062500 0.500000
vt 0.062500 0.600000
vt 0.062500 0.700000
vt 0.062500 0.800000
vt 0.083333 1.000000
vt 0.083333 0.900000
vt 0.083333 0.100000
vt 0.083333 0.000000
vt 0.083333 0.200000
vt 0.083333 0.300000
vt 0.083333 0.400000
vt 0.083333 0.500000
vt 0.083333 0.600000
vt 0.083333 0.700000
vt 0.083333 0.800000
vt 0.104167 1.000000
vt 0.104167 0.900000
vt 0.104167 0.100000
vt 0.104167 0.000000
vt 0.104167 0.200000
vt 0.104167 0.300000
vt 0.104167 0.400000
vt 0.104167 0.500000
vt 0.104167 0.600000
vt 0.104167 0.700000
vt 0.104167 0.800000
vt 0.125000 1.000000
vt 0.125000 0.900000
vt 0.125000 0.100000
vt 0.125000 0.000000
vt 0.125000 0.200000
vt 0.125000 0.300000
vt 0.125000 0.400000
vt 0.125000 0.500000
vt 0.125000 0.600000
vt 0.125000 0.700000
vt 0.125000 0.800000
vt 0.145833 1.000000
vt 0.145833 0.900000
vt 0.145833 0.100000
vt 0.145833 0.000000
vt 0.145833 0.200000
vt 0.145833 0.300000
vt 0.145833 0.400000
vt 0.145833 0.500000
vt 0.145833 0.600000
vt 0.145833 0.700000
vt 0.145833 0.800000
vt 0.166667 1.000000
vt 0.166667 0.900000
vt 0.166667 0.100000
vt 0.166667 0.000000
vt 0.166667 0.200000
vt 0.166667 0.300000
vt 0.166667 0.400000
vt 0.166667 0.500000
vt 0.166667 0.600000
vt 0.166667 0.700000
vt 0.166667 0.800000
vt 0.187500 1.000000
vt 0.187500 0.900000
vt 0.187500 0.100000
vt 0.187500 0.000000
vt 0.187500 0.200000
vt 0.187500 0.300000
vt 0.187500 0.400000
vt 0.187500 0.500000
vt 0.187500 0.600000
vt 0.187500 0.700000
vt 0.187500 0.800000
vt 0.208333 1.000000
vt 0.208333 0.900000
vt 0.208333 0.100000
vt 0.208333 0.000000
vt 0.208333 0.200000
vt 0.208333 0.300000
vt 0.208333 0.400000
vt 0.208333 0.500000
vt 0.208333 0.600000
vt 0.208333 0.700000
vt 0.208333 0.800000
vt 0.229167 1.000000
vt 0.229167 0.900000
vt 0.229167 0.100000
vt 0.229167 0.000000
vt 0.229167 0.200000
vt 0.229167 0.300000
vt 0.229167 0.400000
vt 0.229167 0.500000
vt 0.229167 0.600000
vt 0.229167 0.700000
vt 0.229167 0.800000
vt 0.250000 1.000000
vt 0.250000 0.900000
vt 0.250000 0.100000
vt 0.250000 0.000000
vt 0.250000 0.200000
vt 0.250000 0.300000
vt 0.250000 0.400000
vt 0.250000 0.500000
vt 0.250000 0.600000
vt 0.250000 0.700000
vt 0.250000 0.800000
vt 0.270833 1.000000
vt 0.270833 0.900000
vt 0.270833 0.100000
vt 0.270833 0.000000
vt 0.270833 0.200000
vt 0.270833 0.300000
vt 0.270833 0.400000
vt 0.270833 0.500000
vt 0.270833 0.600000
vt 0.270833 0.700000
vt 0.270833 0.800000
vt 0.291667 1.000000
vt 0.291667 0.900000
vt 0.291667 0.100000
vt 0.291667 0.000000
vt 0.291667 0.200000
vt 0.291667 0.300000
vt 0.291667 0.400000
vt 0.291667 0.500000
vt 0.291667 0.600000
vt 0.291667 0.700000
vt 0.291667 0.800000
vt 0.312500 1.000000
vt 0.312500 0.900000
vt 0.312500 0.100000
vt 0.312500 0.000000
vt 0.312500 0.200000
vt 0.312500 0.300000
vt 0.312500 0.400000
vt 0.312500 0.500000
vt 0.312500 0.600000
vt 0.312500 0.700000
vt 0.312500 0.800000
vt 0.333333 1.000000
vt 0.333333 0.900000
vt 0.333333 0.100000
vt 0.333333 0.000000
vt 0.333333 0.200000
vt 0.333333 0.300000
vt 0.333333 0.400000
vt 0.333333 0.500000
vt 0.333333 0.600000
vt 0.333333 0.700000
vt 0.333333 0.800000
vt 0.354167 1.000000
vt 0.354167 0.900000
vt 0.354167 0.100000
vt 0.354167 0.000000
vt 0.354167 0.200000
vt 0.354167 0.300000
vt 0.354167 0.400000
vt 0.354167 0.500000
vt 0.354167 0.600000
vt 0.354167 0.700000
vt 0.354167 0.800000
vt 0.375000 1.000000
vt 0.375000 0.900000
vt 0.375000 0.100000
vt 0.375000 0.000000
vt 0.375000 0.200000
vt 0.375000 0.300000
vt 0.375000 0.400000
vt 0.375000 0.500000
vt 0.375000 0.600000
vt 0.375000 0.700000
vt 0.375000 0.800000
vt 0.395833 1.000000
vt 0.395833 0.900000
vt 0.395833 0.100000
vt 0.395833 0.000000
vt 0.395833 0.200000
vt 0.395833 0.300000
vt 0.395833 0.400000
vt 0.395833 0.500000
vt 0.395833 0.600000
vt 0.395833 0.700000
vt 0.395833 0.800000
vt 0.416667 1.000000
vt 0.416667 0.900000
vt 0.416667 0.100000
vt 0.416667 0.000000
vt 0.416667 0.200000
vt 0.416667 0.300000
vt 0.416667 0.400000
vt 0.416667 0.500000
vt 0.416667 0.600000
vt 0.416667 0.700000
vt 0.416667 0.800000
vt 0.437500 1.000000
vt 0.437500 0.900000
vt 0.437500 0.100000
vt 0.437500 0.000000
vt 0.437500 0.200000
vt 0.437500 0.300000
vt 0.437500 0.400000
vt 0.437500 0.500000
vt 0.437500 0.600000
vt 0.437500 0.700000
vt 0.437500 0.800000
vt 0.458333 1.000000
vt 0.458333 0.900000
vt 0.458333 0.100000
vt 0.458333 0.000000
vt 0.458333 0.200000
vt 0.458333 0.300000
vt 0.458333 0.400000
vt 0.458333 0.500000
vt 0.458333 0.600000
vt 0.458333 0.700000
vt 0.458333 0.800000
vt 0.479167 1.000000
vt 0.479167 0.900000
vt 0.479167 0.100000
vt 0.479167 0.000000
vt 0.479167 0.200000
vt 0.479167 0.300000
vt 0.479167 0.400000
vt 0.479167 0.500000
vt 0.479167 0.600000
vt 0.479167 0.700000
vt 0.479167 0.800000
vt 0.500000 1.000000
vt 0.500000 0.900000
vt 0.500000 0.100000
vt 0.500000 0.000000
vt 0.500000 0.200000
vt 0.500000 0.300000
vt 0.500000 0.400000
vt 0.500000 0.500000
vt 0.500000 0.600000
vt 0.500000 0.700000
vt 0.500000 0.800000
vt 0.520833 1.000000
vt 0.520833 0.900000
vt 0.520833 0.100000
vt 0.520833 0.000000
vt 0.520833 0.200000
vt 0.520833 0.300000
vt 0.520833 0.400000
vt 0.520833 0.500000
vt 0.520833 0.600000
vt 0.520833 0.700000
vt 0.520833 0.800000
vt 0.541667 1.000000
vt 0.541667 0.900000
vt 0.541667 0.100000
vt 0.541667 0.000000
vt 0.541667 0.200000
vt 0.541667 0.300000
vt 0.541667 0.400000
vt 0.541667 0.500000
vt 0.541667 0.600000
vt 0.541667 0.700000
vt 0.541667 0.800000
vt 0.562500 1.000000
vt 0.562500 0.900000
vt 0.562500 0.100000
vt 0.562500 0.000000
vt 0.562500 0.200000
vt 0.562500 0.300000
vt 0.562500 0.400000
vt 0.562500 0.500000
vt 0.562500 0.600000
vt 0.562500 0.700000
vt 0.562500 0.800000
vt 0.583333 1.000000
vt 0.583333 0.900000
vt 0.583333 0.100000
vt 0.583333 0.000000
vt 0.583333 0.200000
vt 0.583333 0.300000
vt 0.583333 0.400000
vt 0.583333 0.500000
vt 0.583333 0.600000
vt 0.583333 0.700000
vt 0.583333 0.800000
vt 0.604167 1.000000
vt 0.604167 0.900000
vt 0.604167 0.100000
vt 0.604167 0.000000
vt 0.604167 0.200000
vt 0.604167 0.300000
vt 0.604167 0.400000
vt 0.604167 0.500000
vt 0.604167 0.600000
vt 0.604167 0.700000
vt 0.604167 0.800000
vt 0.625000 1.000000
vt 0.625000 0.900000
vt 0.625000 0.100000
vt 0.625000 0.000000
vt 0.625000 0.200000
vt 0.625000 0.300000
vt 0.625000 0.400000
vt 0.625000 0.500000
vt 0.625000 0.600000
vt 0.625000 0.700000
vt 0.625000 0.800000
vt 0.645833 1.000000
vt 0.645833 0.900000
vt 0.645833 0.100000
vt 0.645833 0.000000
vt 0.645833 0.200000
vt 0.645833 0.300000
vt 0.645833 0.400000
vt 0.645833 0.500000
vt 0.645833 0.600000
vt 0.645833 0.700000
vt 0.645833 0.800000
vt 0.666667 1.000000
vt 0.666667 0.900000
vt 0.666667 0.100000
vt 0.666667 0.000000
vt 0.666667 0.200000
vt 0.666667 0.300000
vt 0.666667 0.400000
vt 0.666667 0.500000
vt 0.666667 0.600000
vt 0.666667 0.700000
vt 0.666667 0.800000
vt 0.687500 1.000000
vt 0.687500 0.900000
vt 0.687500 0.100000
vt 0.687500 0.000000
vt 0.687500 0.200000
vt 0.687500 0.300000
vt 0.687500 0.400000
vt 0.687500 0.500000
vt 0.687500 0.600000
vt 0.687500 0.700000
vt 0.687500 0.800000
vt 0.708333 1.000000
vt 0.708333 0.900000
vt 0.708333 0.100000
vt 0.708333 0.000000
vt 0.708333 0.200000
vt 0.708333 0.300000
vt 0.708333 0.400000
vt 0.708333 0.500000
vt 0.708333 0.600000
vt 0.708333 0.700000
vt 0.708333 0.800000
vt 0.729167 1.000000
vt 0.729167 0.900000
vt 0.729167 0.100000
vt 0.729167 0.000000
vt 0.729167 0.200000
vt 0.729167 0.300000
vt 0.729167 0.400000
vt 0.729167 0.500000
vt 0.729167 0.600000
vt 0.729167 0.700000
vt 0.729167 0.800000
vt 0.750000 1.000000
vt 0.750000 0.900000
vt 0.750000 0.100000
vt 0.750000 0.000000
vt 0.750000 0.200000
vt 0.750000 0.300000
vt 0.750000 0.400000
vt 0.750000 0.500000
vt 0.750000 0.600000
vt 0.750000 0.700000
vt 0.750000 0.800000
vt 0.770833 1.000000
vt 0.770833 0.900000
vt 0.770833 0.100000
vt 0.770833 0.000000
vt 0.770833 0.200000
vt 0.770833 0.300000
vt 0.770833 0.400000
vt 0.770833 0.500000
vt 0.770833 0.600000
vt 0.770833 0.700000
vt 0.770833 0.800000
vt 0.791667 1.000000
vt 0.791667 0.900000
vt 0.791667 0.100000
vt 0.791667 0.000000
vt 0.791667 0.200000
vt 0.791667 0.300000
vt 0.791667 0.400000
vt 0.791667 0.500000
vt 0.791667 0.600000
vt 0.791667 0.700000
vt 0.791667 0.800000
vt 0.812500 1.000000
vt 0.812500 0.900000
vt 0.812500 0.100000
vt 0.812500 0.000000
vt 0.812500 0.200000
vt 0.812500 0.300000
vt 0.812500 0.400000
vt 0.812500 0.500000
vt 0.812500 0.600000
vt 0.812500 0.700000
vt 0.812500 0.800000
vt 0.833333 1.000000
vt 0.833333 0.900000
vt 0.833333 0.100000
vt 0.833333 0.000000
vt 0.833333 0.200000
vt 0.833333 0.300000
vt 0.833333 0.400000
vt 0.833333 0.500000
vt 0.833333 0.600000
vt 0.833333 0.700000
vt 0.833333 0.800000
vt 0.854167 1.000000
vt 0.854167 0.900000
vt 0.854167 0.100000
vt 0.854167 0.000000
vt 0.854167 0.200000
vt 0.854167 0.300000
vt 0.854167 0.400000
vt 0.854167 0.500000
vt 0.854167 0.600000
vt 0.854167 0.700000
vt 0.854167 0.800000
vt 0.875000 1.000000
vt 0.875000 0.900000
vt 0.875000 0.100000
vt 0.875000 0.000000
vt 0.875000 0.200000
vt 0.875000 0.300000
vt 0.875000 0.400000
vt 0.875000 0.500000
vt 0.875000 0.600000
vt 0.875000 0.700000
vt 0.875000 0.800000
vt 0.895833 1.000000
vt 0.895833 0.900000
vt 0.895833 0.100000
vt 0.895833 0.000000
vt 0.895833 0.200000
vt 0.895833 0.300000
vt 0.895833 0.400000
vt 0.895833 0.500000
vt 0.895833 0.600000
vt 0.895833 0.700000
vt 0.895833 0.800000
vt 0.916667 1.000000
vt 0.916667 0.900000
vt 0.916667 0.100000
vt 0.916667 0.000000
vt 0.916667 0.200000
vt 0.916667 0.300000
vt 0.916667 0.400000
vt 0.916667 0.500000
vt 0.916667 0.600000
vt 0.916667 0.700000
vt 0.916667 0.800000
vt 0.937500 1.000000
vt 0.937500 0.900000
vt 0.937500 0.100000
vt 0.937500 0.000000
vt 0.937500 0.200000
vt 0.937500 0.300000
vt 0.937500 0.400000
vt 0.937500 0.500000
vt 0.937500 0.600000
vt 0.937500 0.700000
vt 0.937500 0.800000
vt 0.958333 1.000000
vt 0.958333 0.900000
vt 0.958333 0.100000
vt 0.958333 0.000000
vt 0.958333 0.200000
vt 0.958333 0.300000
vt 0.958333 0.400000
vt 0.958333 0.500000
vt 0.958333 0.600000
vt 0.958333 0.700000
vt 0.958333 0.800000
vt 0.979167 1.000000
vt 0.979167 0.900000
vt 0.979167 0.100000
vt 0.979167 0.000000
vt 0.979167 0.200000
vt 0.979167 0.300000
vt 0.979167 0.400000
vt 0.979167 0.500000
vt 0.979167 0.600000
vt 0.979167 0.700000
vt 0.979167 0.800000
vt 1.000000 1.000000
vt 1.000000 0.900000
vt 1.000000 0.100000
vt 1.000000 0.000000
vt 1.000000 0.200000
vt 1.000000 0.300000
vt 1.000000 0.400000
vt 1.000000 0.500000
vt 1.000000 0.600000
vt 1.000000 0.700000
vt 1.000000 0.800000
s 1
usemtl Track_Black
f 97/114/97 107/115/107 116/116/116 106/117/106
f 98/118/98 108/119/108 107/120/107 97/121/97
f 99/122/99 109/123/109 108/119/108 98/118/98
f 100/124/100 110/125/110 109/123/109 99/122/99
f 101/126/101 111/127/111 110/125/110 100/124/100
f 102/128/102 112/129/112 111/127/111 101/126/101
f 103/130/103 113/131/113 112/129/112 102/128/102
f 104/132/104 114/133/114 113/131/113 103/130/103
f 105/134/105 115/135/115 114/133/114 104/132/104
f 106/117/106 116/116/116 115/135/115 105/134/105
f 107/115/107 117/136/117 126/137/126 116/116/116
f 108/119/108 118/138/118 117/139/117 107/120/107
f 109/123/109 119/140/119 118/138/118 108/119/108
f 110/125/110 120/141/120 119/140/119 109/123/109
f 111/127/111 121/142/121 120/141/120 110/125/110
f 112/129/112 122/143/122 121/142/121 111/127/111
f 113/131/113 123/144/123 122/143/122 112/129/112
f 114/133/114 124/145/124 123/144/123 113/131/113
f 115/135/115 125/146/125 124/145/124 114/133/114
f 116/116/116 126/137/126 125/146/125 115/135/115
f 117/136/117 127/147/127 136/148/136 126/137/126
f 118/138/118 128/149/128 127/150/127 117/139/117
f 119/140/119 129/151/129 128/149/128 118/138/118
f 120/141/120 130/152/130 129/151/129 119/140/119
f 121/142/121 131/153/131 130/152/130 120/141/120
f 122/143/122 132/154/132 131/153/131 121/142/121
f 123/144/123 133/155/133 132/154/132 122/143/122
f 124/145/124 134/156/134 133/155/133 123/144/123
f 125/146/125 135/157/135 134/156/134 124/145/124
f 126/137/126 136/148/136 135/157/135 125/146/125
f 127/147/127 137/158/137 146/159/146 136/148/136
f 128/149/128 138/160/138 137/161/137 127/150/127
f 129/151/129 139/162/139 138/160/138 128/149/128
f 130/152/130 140/163/140 139/162/139 129/151/129
f 131/153/131 141/164/141 140/163/140 130/152/130
f 132/154/132 142/165/142 141/164/141 131/153/131
f 133/155/133 143/166/143 142/165/142 132/154/132
f 134/156/134 144/167/144 143/166/143 133/155/133
f 135/157/135 145/168/145 144/167/144 134/156/134
f 136/148/136 146/159/146 145/168/145 135/157/135
f 137/158/137 147/169/147 156/170/156 146/159/146
f 138/160/138 148/171/148 147/172/147 137/161/137
f 139/162/139 149/173/149 148/171/148 138/160/138
f 140/163/140 150/174/150 149/173/149 139/162/139
f 141/164/141 151/175/151 150/174/150 140/163/140
f 142/165/142 152/176/152 151/175/151 141/164/141
f 143/166/143 153/177/153 152/176/152 142/165/142
f 144/167/144 154/178/154 153/177/153 143/166/143
f 145/168/145 155/179/155 154/178/154 144/167/144
f 146/159/146 156/170/156 155/179/155 145/168/145
f 147/169/147 157/180/157 166/181/166 156/170/156
f 148/171/148 158/182/158 157/183/157 147/172/147
f 149/173/149 159/184/159 158/182/158 148/171/148
f 150/174/150 160/185/160 159/184/159 149/173/149
f 151/175/151 161/186/161 160/185/160 150/174/150
f 152/176/152 162/187/162 161/186/161 151/175/151
f 153/177/153 163/188/163 162/187/162 152/176/152
f 154/178/154 164/189/164 163/188/163 153/177/153
f 155/179/155 165/190/165 164/189/164 154/178/154
f 156/170/156 166/181/166 165/190/165 155/179/155
f 157/180/157 167/191/167 176/192/176 166/181/166
f 158/182/158 168/193/168 167/194/167 157/183/157
f 159/184/159 169/195/169 168/193/168 158/182/158
f 160/185/160 170/196/170 169/195/169 159/184/159
f 161/186/161 171/197/171 170/196/170 160/185/160
f 162/187/162 172/198/172 171/197/171 161/186/161
f 163/188/163 173/199/173 172/198/172 162/187/162
f 164/189/164 174/200/174 173/199/173 163/188/163
f 165/190/165 175/201/175 174/200/174 164/189/164
f 166/181/166 176/192/176 175/201/175 165/190/165
f 167/191/167 177/202/177 186/203/186 176/192/176
f 168/193/168 178/204/178 177/205/177 167/194/167
f 169/195/169 179/206/179 178/204/178 168/193/168
f 170/196/170 180/207/180 179/206/179 169/195/169
f 171/197/171 181/208/181 180/207/180 170/196/170
f 172/198/172 182/209/182 181/208/181 171/197/171
f 173/199/173 183/210/183 182/209/182 172/198/172
f 174/200/174 184/211/184 183/210/183 173/199/173
f 175/201/175 185/212/185 184/211/184 174/200/174
f 176/192/176 186/203/186 185/212/185 175/201/175
f 177/202/177 187/213/187 196/214/196 186/203/186
f 178/204/178 188/215/188 187/216/187 177/205/177
f 179/206/179 189/217/189 188/215/188 178/204/178
f 180/207/180 190/218/190 189/217/189 179/206/179
f 181/208/181 191/219/191 190/218/190 180/207/180
f 182/209/182 192/220/192 191/219/191 181/208/181
f 183/210/183 193/221/193 192/220/192 182/209/182
f 184/211/184 194/222/194 193/221/193 183/210/183
f 185/212/185 195/223/195 194/222/194 184/211/184
f 186/203/186 196/214/196 195/223/195 185/212/185
f 187/213/187 197/224/197 206/225/206 196/214/196
f 188/215/188 198/226/198 197/227/197 187/216/187
f 189/217/189 199/228/199 198/226/198 188/215/188
f 190/218/190 200/229/200 199/228/199 189/217/189
f 191/219/191 201/230/201 200/229/200 190/218/190
f 192/220/192 202/231/202 201/230/201 191/219/191
f 193/221/193 203/232/203 202/231/202 192/220/192
f 194/222/194 204/233/204 203/232/203 193/221/193
f 195/223/195 205/234/205 204/233/204 194/222/194
f 196/214/196 206/225/206 205/234/205 195/223/195
f 197/224/197 207/235/207 216/236/216 206/225/206
f 198/226/198 208/237/208 207/238/207 197/227/197
f 199/228/199 209/239/209 208/237/208 198/226/198
f 200/229/200 210/240/210 209/239/209 199/228/199
f 201/230/201 211/241/211 210/240/210 200/229/200
f 202/231/202 212/242/212 211/241/211 201/230/201
f 203/232/203 213/243/213 212/242/212 202/231/202
f 204/233/204 214/244/214 213/243/213 203/232/203
f 205/234/205 215/245/215 214/244/214 204/233/204
f 206/225/206 216/236/216 215/245/215 205/234/205
f 207/235/207 217/246/217 226/247/226 216/236/216
f 208/237/208 218/248/218 217/249/217 207/238/207
f 209/239/209 219/250/219 218/248/218 208/237/208
f 210/240/210 220/251/220 219/250/219 209/239/209
f 211/241/211 221/252/221 220/251/220 210/240/210
f 212/242/212 222/253/222 221/252/221 211/241/211
f 213/243/213 223/254/223 222/253/222 212/242/212
f 214/244/214 224/255/224 223/254/223 213/243/213
f 215/245/215 225/256/225 224/255/224 214/244/214
f 216/236/216 226/247/226 225/256/225 215/245/215
f 217/246/217 227/257/227 236/258/236 226/247/226
f 218/248/218 228/259/228 227/260/227 217/249/217
f 219/250/219 229/261/229 228/259/228 218/248/218
f 220/251/220 230/262/230 229/261/229 219/250/219
f 221/252/221 231/263/231 230/262/230 220/251/220
f 222/253/222 232/264/232 231/263/231 221/252/221
f 223/254/223 233/265/233 232/264/232 222/253/222
f 224/255/224 234/266/234 233/265/233 223/254/223
f 225/256/225 235/267/235 234/266/234 224/255/224
f 226/247/226 236/258/236 235/267/235 225/256/225
f 227/257/227 237/268/237 246/269/246 236/258/236
f 228/259/228 238/270/238 237/271/237 227/260/227
f 229/261/229 239/272/239 238/270/238 228/259/228
f 230/262/230 240/273/240 239/272/239 229/261/229
f 231/263/231 241/274/241 240/273/240 230/262/230
f 232/264/232 242/275/242 241/274/241 231/263/231
f 233/265/233 243/276/243 242/275/242 232/264/232
f 234/266/234 244/277/244 243/276/243 233/265/233
f 235/267/235 245/278/245 244/277/244 234/266/234
f 236/258/236 246/269/246 245/278/245 235/267/235
f 237/268/237 247/279/247 256/280/256 246/269/246
f 238/270/238 248/281/248 247/282/247 237/271/237
f 239/272/239 249/283/249 248/281/248 238/270/238
f 240/273/240 250/284/250 249/283/249 239/272/239
f 241/274/241 251/285/251 250/284/250 240/273/240
f 242/275/242 252/286/252 251/285/251 241/274/241
f 243/276/243 253/287/253 252/286/252 242/275/242
f 244/277/244 254/288/254 253/287/253 243/276/243
f 245/278/245 255/289/255 254/288/254 244/277/244
f 246/269/246 256/280/256 255/289/255 245/278/245
f 247/279/247 257/290/257 266/291/266 256/280/256
f 248/281/248 258/292/258 257/293/257 247/282/247
f 249/283/249 259/294/259 258/292/258 248/281/248
f 250/284/250 260/295/260 259/294/259 249/283/249
f 251/285/251 261/296/261 260/295/260 250/284/250
f 252/286/252 262/297/262 261/296/261 251/285/251
f 253/287/253 263/298/263 262/297/262 252/286/252
f 254/288/254 264/299/264 263/298/263 253/287/253
f 255/289/255 265/300/265 264/299/264 254/288/254
f 256/280/256 266/291/266 265/300/265 255/289/255
f 257/290/257 267/301/267 276/302/276 266/291/266
f 258/292/258 268/303/268 267/304/267 257/293/257
f 259/294/259 269/305/269 268/303/268 258/292/258
f 260/295/260 270/306/270 269/305/269 259/294/259
f 261/296/261 271/307/271 270/306/270 260/295/260
f 262/297/262 272/308/272 271/307/271 261/296/261
f 263/298/263 273/309/273 272/308/272 262/297/262
f 264/299/264 274/310/274 273/309/273 263/298/263
f 265/300/265 275/311/275 274/310/274 264/299/264
f 266/291/266 276/302/276 275/311/275 265/300/265
f 267/301/267 277/312/277 286/313/286 276/302/276
f 268/303/268 278/314/278 277/315/277 267/304/267
f 269/305/269 279/316/279 278/314/278 268/303/268
f 270/306/270 280/317/280 279/316/279 269/305/269
f 271/307/271 281/318/281 280/317/280 270/306/270
f 272/308/272 282/319/282 281/318/281 271/307/271
f 273/309/273 283/320/283 282/319/282 272/308/272
f 274/310/274 284/321/284 283/320/283 273/309/273
f 275/311/275 285/322/285 284/321/284 274/310/274
f 276/302/276 286/313/286 285/322/285 275/311/275
f 277/312/277 287/323/287 296/324/296 286/313/286
f 278/314/278 288/325/288 287/326/287 277/315/277
f 279/316/279 289/327/289 288/325/288 278/314/278
f 280/317/280 290/328/290 289/327/289 279/316/279
f 281/318/281 291/329/291 290/328/290 280/317/280
f 282/319/282 292/330/292 291/329/291 281/318/281
f 283/320/283 293/331/293 292/330/292 282/319/282
f 284/321/284 294/332/294 293/331/293 283/320/283
f 285/322/285 295/333/295 294/332/294 284/321/284
f 286/313/286 296/324/296 295/333/295 285/322/285
f 287/323/287 297/334/297 306/335/306 296/324/296
f 288/325/288 298/336/298 297/337/297 287/326/287
f 289/327/289 299/338/299 298/336/298 288/325/288
f 290/328/290 300/339/300 299/338/299 289/327/289
f 291/329/291 301/340/301 300/339/300 290/328/290
f 292/330/292 302/341/302 301/340/301 291/329/291
f 293/331/293 303/342/303 302/341/302 292/330/292
f 294/332/294 304/343/304 303/342/303 293/331/293
f 295/333/295 305/344/305 304/343/304 294/332/294
f 296/324/296 306/335/306 305/344/305 295/333/295
f 297/334/297 307/345/307 316/346/316 306/335/306
f 298/336/298 308/347/308 307/348/307 297/337/297
f 299/338/299 309/349/309 308/347/308 298/336/298
f 300/339/300 310/350/310 309/349/309 299/338/299
f 301/340/301 311/351/311 310/350/310 300/339/300
f 302/341/302 312/352/312 311/351/311 301/340/301
f 303/342/303 313/353/313 312/352/312 302/341/302
f 304/343/304 314/354/314 313/353/313 303/342/303
f 305/344/305 315/355/315 314/354/314 304/343/304
f 306/335/306 316/346/316 315/355/315 305/344/305
f 307/345/307 317/356/317 326/357/326 316/346/316
f 308/347/308 318/358/318 317/359/317 307/348/307
f 309/349/309 319/360/319 318/358/318 308/347/308
f 310/350/310 320/361/320 319/360/319 309/349/309
f 311/351/311 321/362/321 320/361/320 310/350/310
f 312/352/312 322/363/322 321/362/321 311/351/311
f 313/353/313 323/364/323 322/363/322 312/352/312
f 314/354/314 324/365/324 323/364/323 313/353/313
f 315/355/315 325/366/325 324/365/324 314/354/314
f 316/346/316 326/357/326 325/366/325 315/355/315
f 317/356/317 327/367/327 336/368/336 326/357/326
f 318/358/318 328/369/328 327/370/327 317/359/317
f 319/360/319 329/371/329 328/369/328 318/358/318
f 320/361/320 330/372/330 329/371/329 319/360/319
f 321/362/321 331/373/331 330/372/330 320/361/320
f 322/363/322 332/374/332 331/373/331 321/362/321
f 323/364/323 333/375/333 332/374/332 322/363/322
f 324/365/324 334/376/334 333/375/333 323/364/323
f 325/366/325 335/377/335 334/376/334 324/365/324
f 326/357/326 336/368/336 335/377/335 325/366/325
f 327/367/327 337/378/337 346/379/346 336/368/336
f 328/369/328 338/380/338 337/381/337 327/370/327
f 329/371/329 339/382/339 338/380/338 328/369/328
f 330/372/330 340/383/340 339/382/339 329/371/329
f 331/373/331 341/384/341 340/383/340 330/372/330
f 332/374/332 342/385/342 341/384/341 331/373/331
f 333/375/333 343/386/343 342/385/342 332/374/332
f 334/376/334 344/387/344 343/386/343 333/375/333
f 335/377/335 345/388/345 344/387/344 334/376/334
f 336/368/336 346/379/346 345/388/345 335/377/335
f 337/378/337 347/389/347 356/390/356 346/379/346
f 338/380/338 348/391/348 347/392/347 337/381/337
f 339/382/339 349/393/349 348/391/348 338/380/338
f 340/383/340 350/394/350 349/393/349 339/382/339
f 341/384/341 351/395/351 350/394/350 340/383/340
f 342/385/342 352/396/352 351/395/351 341/384/341
f 343/386/343 353/397/353 352/396/352 342/385/342
f 344/387/344 354/398/354 353/397/353 343/386/343
f 345/388/345 355/399/355 354/398/354 344/387/344
f 346/379/346 356/390/356 355/399/355 345/388/345
f 347/389/347 357/400/357 366/401/366 356/390/356
f 348/391/348 358/402/358 357/403/357 347/392/347
f 349/393/349 359/404/359 358/402/358 348/391/348
f 350/394/350 360/405/360 359/404/359 349/393/349
f 351/395/351 361/406/361 360/405/360 350/394/350
f 352/396/352 362/407/362 361/406/361 351/395/351
f 353/397/353 363/408/363 362/407/362 352/396/352
f 354/398/354 364/409/364 363/408/363 353/397/353
f 355/399/355 365/410/365 364/409/364 354/398/354
f 356/390/356 366/401/366 365/410/365 355/399/355
f 357/400/357 367/411/367 376/412/376 366/401/366
f 358/402/358 368/413/368 367/414/367 357/403/357
f 359/404/359 369/415/369 368/413/368 358/402/358
f 360/405/360 370/416/370 369/415/369 359/404/359
f 361/406/361 371/417/371 370/416/370 360/405/360
f 362/407/362 372/418/372 371/417/371 361/406/361
f 363/408/363 373/419/373 372/418/372 362/407/362
f 364/409/364 374/420/374 373/419/373 363/408/363
f 365/410/365 375/421/375 374/420/374 364/409/364
f 366/401/366 376/412/376 375/421/375 365/410/365
f 367/411/367 377/422/377 386/423/386 376/412/376
f 368/413/368 378/424/378 377/425/377 367/414/367
f 369/415/369 379/426/379 378/424/378 368/413/368
f 370/416/370 380/427/380 379/426/379 369/415/369
f 371/417/371 381/428/381 380/427/380 370/416/370
f 372/418/372 382/429/382 381/428/381 371/417/371
f 373/419/373 383/430/383 382/429/382 372/418/372
f 374/420/374 384/431/384 383/430/383 373/419/373
f 375/421/375 385/432/385 384/431/384 374/420/374
f 376/412/376 386/423/386 385/432/385 375/421/375
f 377/422/377 387/433/387 396/434/396 386/423/386
f 378/424/378 388/435/388 387/436/387 377/425/377
f 379/426/379 389/437/389 388/435/388 378/424/378
f 380/427/380 390/438/390 389/437/389 379/426/379
f 381/428/381 391/439/391 390/438/390 380/427/380
f 382/429/382 392/440/392 391/439/391 381/428/381
f 383/430/383 393/441/393 392/440/392 382/429/382
f 384/431/384 394/442/394 393/441/393 383/430/383
f 385/432/385 395/443/395 394/442/394 384/431/384
f 386/423/386 396/434/396 395/443/395 385/432/385
f 387/433/387 397/444/397 406/445/406 396/434/396
f 388/435/388 398/446/398 397/447/397 387/436/387
f 389/437/389 399/448/399 398/446/398 388/435/388
f 390/438/390 400/449/400 399/448/399 389/437/389
f 391/439/391 401/450/401 400/449/400 390/438/390
f 392/440/392 402/451/402 401/450/401 391/439/391
f 393/441/393 403/452/403 402/451/402 392/440/392
f 394/442/394 404/453/404 403/452/403 393/441/393
f 395/443/395 405/454/405 404/453/404 394/442/394
f 396/434/396 406/445/406 405/454/405 395/443/395
f 397/444/397 407/455/407 416/456/416 406/445/406
f 398/446/398 408/457/408 407/458/407 397/447/397
f 399/448/399 409/459/409 408/457/408 398/446/398
f 400/449/400 410/460/410 409/459/409 399/448/399
f 401/450/401 411/461/411 410/460/410 400/449/400
f 402/451/402 412/462/412 411/461/411 401/450/401
f 403/452/403 413/463/413 412/462/412 402/451/402
f 404/453/404 414/464/414 413/463/413 403/452/403
f 405/454/405 415/465/415 414/464/414 404/453/404
f 406/445/406 416/456/416 415/465/415 405/454/405
f 407/455/407 417/466/417 426/467/426 416/456/416
f 408/457/408 418/468/418 417/469/417 407/458/407
f 409/459/409 419/470/419 418/468/418 408/457/408
f 410/460/410 420/471/420 419/470/419 409/459/409
f 411/461/411 421/472/421 420/471/420 410/460/410
f 412/462/412 422/473/422 421/472/421 411/461/411
f 413/463/413 423/474/423 422/473/422 412/462/412
f 414/464/414 424/475/424 423/474/423 413/463/413
f 415/465/415 425/476/425 424/475/424 414/464/414
f 416/456/416 426/467/426 425/476/425 415/465/415
f 417/466/417 427/477/427 436/478/436 426/467/426
f 418/468/418 428/479/428 427/480/427 417/469/417
f 419/470/419 429/481/429 428/479/428 418/468/418
f 420/471/420 430/482/430 429/481/429 419/470/419
f 421/472/421 431/483/431 430/482/430 420/471/420
f 422/473/422 432/484/432 431/483/431 421/472/421
f 423/474/423 433/485/433 432/484/432 422/473/422
f 424/475/424 434/486/434 433/485/433 423/474/423
f 425/476/425 435/487/435 434/486/434 424/475/424
f 426/467/426 436/478/436 435/487/435 425/476/425
f 427/477/427 437/488/437 446/489/446 436/478/436
f 428/479/428 438/490/438 437/491/437 427/480/427
f 429/481/429 439/492/439 438/490/438 428/479/428
f 430/482/430 440/493/440 439/492/439 429/481/429
f 431/483/431 441/494/441 440/493/440 430/482/430
f 432/484/432 442/495/442 441/494/441 431/483/431
f 433/485/433 443/496/443 442/495/442 432/484/432
f 434/486/434 444/497/444 443/496/443 433/485/433
f 435/487/435 445/498/445 444/497/444 434/486/434
f 436/478/436 446/489/446 445/498/445 435/487/435
f 437/488/437 447/499/447 456/500/456 446/489/446
f 438/490/438 448/501/448 447/502/447 437/491/437
f 439/492/439 449/503/449 448/501/448 438/490/438
f 440/493/440 450/504/450 449/503/449 439/492/439
f 441/494/441 451/505/451 450/504/450 440/493/440
f 442/495/442 452/506/452 451/505/451 441/494/441
f 443/496/443 453/507/453 452/506/452 442/495/442
f 444/497/444 454/508/454 453/507/453 443/496/443
f 445/498/445 455/509/455 454/508/454 444/497/444
f 446/489/446 456/500/456 455/509/455 445/498/445
f 447/499/447 457/510/457 466/511/466 456/500/456
f 448/501/448 458/512/458 457/513/457 447/502/447
f 449/503/449 459/514/459 458/512/458 448/501/448
f 450/504/450 460/515/460 459/514/459 449/503/449
f 451/505/451 461/516/461 460/515/460 450/504/450
f 452/506/452 462/517/462 461/516/461 451/505/451
f 453/507/453 463/518/463 462/517/462 452/506/452
f 454/508/454 464/519/464 463/518/463 453/507/453
f 455/509/455 465/520/465 464/519/464 454/508/454
f 456/500/456 466/511/466 465/520/465 455/509/455
f 457/510/457 467/521/467 476/522/476 466/511/466
f 458/512/458 468/523/468 467/524/467 457/513/457
f 459/514/459 469/525/469 468/523/468 458/512/458
f 460/515/460 470/526/470 469/525/469 459/514/459
f 461/516/461 471/527/471 470/526/470 460/515/460
f 462/517/462 472/528/472 471/527/471 461/516/461
f 463/518/463 473/529/473 472/528/472 462/517/462
f 464/519/464 474/530/474 473/529/473 463/518/463
f 465/520/465 475/531/475 474/530/474 464/519/464
f 466/511/466 476/522/476 475/531/475 465/520/465
f 467/521/467 477/532/477 486/533/486 476/522/476
f 468/523/468 478/534/478 477/535/477 467/524/467
f 469/525/469 479/536/479 478/534/478 468/523/468
f 470/526/470 480/537/480 479/536/479 469/525/469
f 471/527/471 481/538/481 480/537/480 470/526/470
f 472/528/472 482/539/482 481/538/481 471/527/471
f 473/529/473 483/540/483 482/539/482 472/528/472
f 474/530/474 484/541/484 483/540/483 473/529/473
f 475/531/475 485/542/485 484/541/484 474/530/474
f 476/522/476 486/533/486 485/542/485 475/531/475
f 477/532/477 487/543/487 496/544/496 486/533/486
f 478/534/478 488/545/488 487/546/487 477/535/477
f 479/536/479 489/547/489 488/545/488 478/534/478
f 480/537/480 490/548/490 489/547/489 479/536/479
f 481/538/481 491/549/491 490/548/490 480/537/480
f 482/539/482 492/550/492 491/549/491 481/538/481
f 483/540/483 493/551/493 492/550/492 482/539/482
f 484/541/484 494/552/494 493/551/493 483/540/483
f 485/542/485 495/553/495 494/552/494 484/541/484
f 486/533/486 496/544/496 495/553/495 485/542/485
f 487/543/487 497/554/497 506/555/506 496/544/496
f 488/545/488 498/556/498 497/557/497 487/546/487
f 489/547/489 499/558/499 498/556/498 488/545/488
f 490/548/490 500/559/500 499/558/499 489/547/489
f 491/549/491 501/560/501 500/559/500 490/548/490
f 492/550/492 502/561/502 501/560/501 491/549/491
f 493/551/493 503/562/503 502/561/502 492/550/492
f 494/552/494 504/563/504 503/562/503 493/551/493
f 495/553/495 505/564/505 504/563/504 494/552/494
f 496/544/496 506/555/506 505/564/505 495/553/495
f 497/554/497 507/565/507 516/566/516 506/555/506
f 498/556/498 508/567/508 507/568/507 497/557/497
f 499/558/499 509/569/509 508/567/508 498/556/498
f 500/559/500 510/570/510 509/569/509 499/558/499
f 501/560/501 511/571/511 510/570/510 500/559/500
f 502/561/502 512/572/512 511/571/511 501/560/501
f 503/562/503 513/573/513 512/572/512 502/561/502
f 504/563/504 514/574/514 513/573/513 503/562/503
f 505/564/505 515/575/515 514/574/514 504/563/504
f 506/555/506 516/566/516 515/575/515 505/564/505
f 507/565/507 517/576/517 526/577/526 516/566/516
f 508/567/508 518/578/518 517/579/517 507/568/507
f 509/569/509 519/580/519 518/578/518 508/567/508
f 510/570/510 520/581/520 519/580/519 509/569/509
f 511/571/511 521/582/521 520/581/520 510/570/510
f 512/572/512 522/583/522 521/582/521 511/571/511
f 513/573/513 523/584/523 522/583/522 512/572/512
f 514/574/514 524/585/524 523/584/523 513/573/513
f 515/575/515 525/586/525 524/585/524 514/574/514
f 516/566/516 526/577/526 525/586/525 515/575/515
f 517/576/517 527/587/527 536/588/536 526/577/526
f 518/578/518 528/589/528 527/590/527 517/579/517
f 519/580/519 529/591/529 528/589/528 518/578/518
f 520/581/520 530/592/530 529/591/529 519/580/519
f 521/582/521 531/593/531 530/592/530 520/581/520
f 522/583/522 532/594/532 531/593/531 521/582/521
f 523/584/523 533/595/533 532/594/532 522/583/522
f 524/585/524 534/596/534 533/595/533 523/584/523
f 525/586/525 535/597/535 534/596/534 524/585/524
f 526/577/526 536/588/536 535/597/535 525/586/525
f 527/587/527 537/598/537 546/599/546 536/588/536
f 528/589/528 538/600/538 537/601/537 527/590/527
f 529/591/529 539/602/539 538/600/538 528/589/528
f 530/592/530 540/603/540 539/602/539 529/591/529
f 531/593/531 541/604/541 540/603/540 530/592/530
f 532/594/532 542/605/542 541/604/541 531/593/531
f 533/595/533 543/606/543 542/605/542 532/594/532
f 534/596/534 544/607/544 543/606/543 533/595/533
f 535/597/535 545/608/545 544/607/544 534/596/534
f 536/588/536 546/599/546 545/608/545 535/597/535
f 537/598/537 547/609/547 556/610/556 546/599/546
f 538/600/538 548/611/548 547/612/547 537/601/537
f 539/602/539 549/613/549 548/611/548 538/600/538
f 540/603/540 550/614/550 549/613/549 539/602/539
f 541/604/541 551/615/551 550/614/550 540/603/540
f 542/605/542 552/616/552 551/615/551 541/604/541
f 543/606/543 553/617/553 552/616/552 542/605/542
f 544/607/544 554/618/554 553/617/553 543/606/543
f 545/608/545 555/619/555 554/618/554 544/607/544
f 546/599/546 556/610/556 555/619/555 545/608/545
f 547/609/547 557/620/557 566/621/566 556/610/556
f 548/611/548 558/622/558 557/623/557 547/612/547
f 549/613/549 559/624/559 558/622/558 548/611/548
f 550/614/550 560/625/560 559/624/559 549/613/549
f 551/615/551 561/626/561 560/625/560 550/614/550
f 552/616/552 562/627/562 561/626/561 551/615/551
f 553/617/553 563/628/563 562/627/562 552/616/552
f 554/618/554 564/629/564 563/628/563 553/617/553
f 555/619/555 565/630/565 564/629/564 554/618/554
f 556/610/556 566/621/566 565/630/565 555/619/555
f 557/620/557 567/631/567 576/632/576 566/621/566
f 558/622/558 568/633/568 567/634/567 557/623/557
f 559/624/559 569/635/569 568/633/568 558/622/558
f 560/625/560 570/636/570 569/635/569 559/624/559
f 561/626/561 571/637/571 570/636/570 560/625/560
f 562/627/562 572/638/572 571/637/571 561/626/561
f 563/628/563 573/639/573 572/638/572 562/627/562
f 564/629/564 574/640/574 573/639/573 563/628/563
f 565/630/565 575/641/575 574/640/574 564/629/564
f 566/621/566 576/632/576 575/641/575 565/630/565
f 567/631/567 577/642/577 586/643/586 576/632/576
f 568/633/568 578/644/578 577/645/577 567/634/567
f 569/635/569 579/646/579 578/644/578 568/633/568
f 570/636/570 580/647/580 579/646/579 569/635/569
f 571/637/571 581/648/581 580/647/580 570/636/570
f 572/638/572 582/649/582 581/648/581 571/637/571
f 573/639/573 583/650/583 582/649/582 572/638/572
f 574/640/574 584/651/584 583/650/583 573/639/573
f 575/641/575 585/652/585 584/651/584 574/640/574
f 576/632/576 586/643/586 585/652/585 575/641/575
o LineTrack
v 3.460370 2.567071 0.089962
v 3.423059 2.587422 0.120840
v 3.376941 2.612578 0.120840
v 3.339630 2.632929 0.089962
v 3.325379 2.640702 0.040000
v 3.339630 2.632929 -0.009962
v 3.376941 2.612578 -0.040840
v 3.423059 2.587422 -0.040840
v 3.460370 2.567071 -0.009962
v 3.474621 2.559298 0.040000
v 3.308203 2.243041 0.089962
v 3.268885 2.259176 0.120840
v 3.220284 2.279119 0.120840
v 3.180966 2.295254 0.089962
v 3.165948 2.301416 0.040000
v 3.180966 2.295254 -0.009962
v 3.220284 2.279119 -0.040840
v 3.268885 2.259176 -0.040840
v 3.308203 2.243041 -0.009962
v 3.323221 2.236878 0.040000
v 3.188695 1.904690 0.089962
v 3.148165 1.917479 0.120840
v 3.098066 1.933286 0.120840
v 3.057536 1.946074 0.089962
v 3.042055 1.950959 0.040000
v 3.057536 1.946074 -0.009962
v 3.098066 1.933286 -0.040840
v 3.148165 1.917479 -0.040840
v 3.188695 1.904690 -0.009962
v 3.204176 1.899806 0.040000
v 3.092283 1.558416 0.089962
v 3.051135 1.569052 0.120840
v 3.000274 1.582198 0.120840
v 2.959126 1.592834 0.089962
v 2.943409 1.596896 0.040000
v 2.959126 1.592834 -0.009962
v 3.000274 1.582198 -0.040840
v 3.051135 1.569052 -0.040840
v 3.092283 1.558416 -0.009962
v 3.108000 1.554354 0.040000
v 3.009405 1.211058 0.089962
v 2.968033 1.220784 0.120840
v 2.916894 1.232807 0.120840
v 2.875522 1.242533 0.089962
v 2.859719 1.246248 0.040000
v 2.875522 1.242533 -0.009962
v 2.916894 1.232807 -0.040840
v 2.968033 1.220784 -0.040840
v 3.009405 1.211058 -0.009962
v 3.025208 1.207343 0.040000
v 2.930289 0.869428 0.089962
v 2.889013 0.879555 0.120840
v 2.837993 0.892074 0.120840
v 2.796717 0.902201 0.089962
v 2.780951 0.906069 0.040000
v 2.796717 0.902201 -0.009962
v 2.837993 0.892074 -0.040840
v 2.889013 0.879555 -0.040840
v 2.930289 0.869428 -0.009962
v 2.946054 0.865560 0.040000
v 2.844916 0.540230 0.089962
v 2.804137 0.552203 0.120840
v 2.753732 0.567001 0.120840
v 2.712953 0.578974 0.089962
v 2.697377 0.583547 0.040000
v 2.712953 0.578974 -0.009962
v 2.753732 0.567001 -0.040840
v 2.804137 0.552203 -0.040840
v 2.844916 0.540230 -0.009962
v 2.860492 0.535657 0.040000
v 2.742931 0.230076 0.089962
v 2.703339 0.245528 0.120840
v 2.654401 0.264628 0.120840
v 2.614810 0.280080 0.089962
v 2.599687 0.285982 0.040000
v 2.614810 0.280080 -0.009962
v 2.654401 0.264628 -0.040840
v 2.703339 0.245528 -0.040840
v 2.742931 0.230076 -0.009962
v 2.758053 0.224174 0.040000
v 2.613502 -0.054289 0.089962
v 2.576370 -0.033614 0.120840
v 2.530472 -0.008059 0.120840
v 2.493339 0.012616 0.089962
v 2.479156 0.020513 0.040000
v 2.493339 0.012616 -0.009962
v 2.530472 -0.008059 -0.040840
v 2.576370 -0.033614 -0.040840
v 2.613502 -0.054289 -0.009962
v 2.627685 -0.062186 0.040000
v 2.445416 -0.305376 0.089962
v 2.412834 -0.278087 0.120840
v 2.372561 -0.244357 0.120840
v 2.339978 -0.217068 0.089962
v 2.327533 -0.206645 0.040000
v 2.339979 -0.217068 -0.009962
v 2.372561 -0.244357 -0.040840
v 2.412834 -0.278087 -0.040840
v 2.445416 -0.305376 -0.009962
v 2.457861 -0.315799 0.040000
v 2.227970 -0.514248 0.089962
v 2.202533 -0.480200 0.120840
v 2.171091 -0.438116 0.120840
v 2.145654 -0.404069 0.089962
v 2.135938 -0.391064 0.040000
v 2.145654 -0.404069 -0.009962
v 2.171091 -0.438116 -0.040840
v 2.202533 -0.480200 -0.040840
v 2.227970 -0.514248 -0.009962
v 2.237686 -0.527252 0.040000
v 1.952449 -0.671149 0.089962
v 1.936026 -0.631950 0.120840
v 1.915725 -0.583498 0.120840
v 1.899302 -0.544300 0.089962
v 1.893029 -0.529327 0.040000
v 1.899302 -0.544300 -0.009962
v 1.915725 -0.583498 -0.040840
v 1.936026 -0.631950 -0.040840
v 1.952449 -0.671149 -0.009962
v 1.958722 -0.686121 0.040000
v 1.609564 -0.768098 0.089962
v 1.603653 -0.726011 0.120840
v 1.596347 -0.673989 0.120840
v 1.590436 -0.631902 0.089962
v 1.588178 -0.615826 0.040000
v 1.590436 -0.631902 -0.009962
v 1.596347 -0.673989 -0.040840
v 1.603653 -0.726011 -0.040840
v 1.609564 -0.768098 -0.009962
v 1.611822 -0.784174 0.040000
v 1.350686 -0.768366 0.089962
v 1.358397 -0.726572 0.120840
v 1.367929 -0.674911 0.120840
v 1.375641 -0.633116 0.089962
v 1.378586 -0.617152 0.040000
v 1.375640 -0.633116 -0.009962
v 1.367929 -0.674911 -0.040840
v 1.358397 -0.726572 -0.040840
v 1.350686 -0.768366 -0.009962
v 1.347740 -0.784330 0.040000
v 1.130387 -0.683714 0.089962
v 1.151884 -0.647051 0.120840
v 1.178455 -0.601734 0.120840
v 1.199951 -0.565071 0.089962
v 1.208162 -0.551067 0.040000
v 1.199951 -0.565071 -0.009962
v 1.178455 -0.601734 -0.040840
v 1.151884 -0.647051 -0.040840
v 1.130387 -0.683714 -0.009962
v 1.122177 -0.697718 0.040000
v 0.948748 -0.533650 0.089962
v 0.979307 -0.504113 0.120840
v 1.017079 -0.467604 0.120840
v 1.047638 -0.438067 0.089962
v 1.059310 -0.426785 0.040000
v 1.047638 -0.438067 -0.009962
v 1.017079 -0.467604 -0.040840
v 0.979307 -0.504113 -0.040840
v 0.948748 -0.533650 -0.009962
v 0.937076 -0.544932 0.040000
v 0.797470 -0.338603 0.089962
v 0.832660 -0.314773 0.120840
v 0.876158 -0.285316 0.120840
v 0.911348 -0.261485 0.089962
v 0.924789 -0.252383 0.040000
v 0.911348 -0.261485 -0.009962
v 0.876158 -0.285316 -0.040840
v 0.832660 -0.314773 -0.040840
v 0.797470 -0.338603 -0.009962
v 0.784029 -0.347706 0.040000
v 0.665741 -0.115000 0.089962
v 0.702978 -0.094515 0.120840
v 0.749005 -0.069194 0.120840
v 0.786242 -0.048708 0.089962
v 0.800466 -0.040883 0.040000
v 0.786242 -0.048708 -0.009962
v 0.749005 -0.069194 -0.040840
v 0.702978 -0.094515 -0.040840
v 0.665741 -0.115000 -0.009962
v 0.651518 -0.122825 0.040000
v 0.543875 0.122528 0.089962
v 0.581724 0.141859 0.120840
v 0.628508 0.165754 0.120840
v 0.666357 0.185086 0.089962
v 0.680814 0.192470 0.040000
v 0.666357 0.185086 -0.009962
v 0.628508 0.165754 -0.040840
v 0.581724 0.141859 -0.040840
v 0.543875 0.122528 -0.009962
v 0.529418 0.115144 0.040000
v 0.423448 0.359359 0.089962
v 0.460844 0.379553 0.120840
v 0.507067 0.404515 0.120840
v 0.544463 0.424709 0.089962
v 0.558747 0.432422 0.040000
v 0.544463 0.424709 -0.009962
v 0.507067 0.404515 -0.040840
v 0.460843 0.379553 -0.040840
v 0.423448 0.359359 -0.009962
v 0.409164 0.351646 0.040000
v 0.296996 0.580497 0.089962
v 0.332650 0.603627 0.120840
v 0.376721 0.632218 0.120840
v 0.412375 0.655349 0.089962
v 0.425994 0.664184 0.040000
v 0.412375 0.655349 -0.009962
v 0.376721 0.632218 -0.040840
v 0.332650 0.603627 -0.040840
v 0.296996 0.580497 -0.009962
v 0.283377 0.571661 0.040000
v 0.158121 0.770841 0.089962
v 0.189863 0.799102 0.120840
v 0.229098 0.834035 0.120840
v 0.260840 0.862296 0.089962
v 0.272965 0.873091 0.040000
v 0.260840 0.862296 -0.009962
v 0.229098 0.834035 -0.040840
v 0.189863 0.799102 -0.040840
v 0.158121 0.770841 -0.009962
v 0.145996 0.760046 0.040000
v 0.001476 0.916456 0.089962
v 0.025603 0.951443 0.120840
v 0.055427 0.994690 0.120840
v 0.079554 1.029677 0.089962
v 0.088770 1.043041 0.040000
v 0.079554 1.029677 -0.009962
v 0.055427 0.994690 -0.040840
v 0.025603 0.951443 -0.040840
v 0.001476 0.916456 -0.009962
v -0.007740 0.903092 0.040000
v -0.179516 1.006562 0.089962
v -0.167477 1.047321 0.120840
v -0.152596 1.097702 0.120840
v -0.140558 1.138462 0.089962
v -0.135960 1.154030 0.040000
v -0.140558 1.138462 -0.009962
v -0.152597 1.097702 -0.040840
v -0.167477 1.047321 -0.040840
v -0.179516 1.006562 -0.009962
v -0.184114 0.990993 0.040000
v -0.398807 1.031244 0.089962
v -0.399544 1.073738 0.120840
v -0.400456 1.126263 0.120840
v -0.401193 1.168756 0.089962
v -0.401474 1.184987 0.040000
v -0.401193 1.168756 -0.009962
v -0.400456 1.126262 -0.040840
v -0.399544 1.073738 -0.040840
v -0.398807 1.031244 -0.009962
v -0.398526 1.015013 0.040000
v -0.637113 0.995336 0.089962
v -0.647893 1.036447 0.120840
v -0.661218 1.087261 0.120840
v -0.671998 1.128372 0.089962
v -0.676115 1.144074 0.040000
v -0.671998 1.128372 -0.009962
v -0.661218 1.087261 -0.040840
v -0.647893 1.036446 -0.040840
v -0.637113 0.995336 -0.009962
v -0.632996 0.979634 0.040000
v -0.839063 0.918372 0.089962
v -0.858418 0.956209 0.120840
v -0.882343 1.002977 0.120840
v -0.901698 1.040814 0.089962
v -0.909091 1.055266 0.040000
v -0.901698 1.040814 -0.009962
v -0.882343 1.002977 -0.040840
v -0.858418 0.956209 -0.040840
v -0.839063 0.918372 -0.009962
v -0.831670 0.903920 0.040000
v -1.010790 0.805368 0.089962
v -1.037400 0.838506 0.120840
v -1.070291 0.879468 0.120840
v -1.096901 0.912606 0.089962
v -1.107065 0.925264 0.040000
v -1.096901 0.912606 -0.009962
v -1.070291 0.879468 -0.040840
v -1.037400 0.838506 -0.040840
v -1.010790 0.805368 -0.009962
v -1.000626 0.792710 0.040000
v -1.159915 0.660131 0.089962
v -1.191686 0.688359 0.120840
v -1.230957 0.723252 0.120840
v -1.262728 0.751480 0.089962
v -1.274864 0.762262 0.040000
v -1.262728 0.751480 -0.009962
v -1.230957 0.723252 -0.040840
v -1.191686 0.688359 -0.040840
v -1.159915 0.660131 -0.009962
v -1.147779 0.649349 0.040000
v -1.292590 0.486748 0.089962
v -1.327564 0.510895 0.120840
v -1.370794 0.540742 0.120840
v -1.405768 0.564888 0.089962
v -1.419127 0.574111 0.040000
v -1.405768 0.564888 -0.009962
v -1.370794 0.540742 -0.040840
v -1.327564 0.510895 -0.040840
v -1.292590 0.486748 -0.009962
v -1.279231 0.477525 0.040000
v -1.414342 0.290228 0.089962
v -1.451082 0.311591 0.120840
v -1.496495 0.337998 0.120840
v -1.533235 0.359362 0.089962
v -1.547269 0.367522 0.040000
v -1.533235 0.359362 -0.009962
v -1.496495 0.337998 -0.040840
v -1.451082 0.311591 -0.040840
v -1.414342 0.290228 -0.009962
v -1.400308 0.282067 0.040000
v -1.530803 0.076222 0.089962
v -1.568329 0.096174 0.120840
v -1.614713 0.120836 0.120840
v -1.652239 0.140788 0.089962
v -1.666572 0.148409 0.040000
v -1.652239 0.140788 -0.009962
v -1.614713 0.120836 -0.040840
v -1.568329 0.096174 -0.040840
v -1.530803 0.076222 -0.009962
v -1.516470 0.068601 0.040000
v -1.647930 -0.149376 0.089962
v -1.685517 -0.129540 0.120840
v -1.731977 -0.105022 0.120840
v -1.769565 -0.085187 0.089962
v -1.783921 -0.077610 0.040000
v -1.769565 -0.085187 -0.009962
v -1.731977 -0.105022 -0.040840
v -1.685517 -0.129540 -0.040840
v -1.647930 -0.149376 -0.009962
v -1.633573 -0.156952 0.040000
v -1.771972 -0.380633 0.089962
v -1.808971 -0.359720 0.120840
v -1.854704 -0.333870 0.120840
v -1.891702 -0.312956 0.089962
v -1.905834 -0.304968 0.040000
v -1.891702 -0.312956 -0.009962
v -1.854704 -0.333870 -0.040840
v -1.808971 -0.359720 -0.040840
v -1.771972 -0.380633 -0.009962
v -1.757840 -0.388621 0.040000
v -1.909415 -0.611603 0.089962
v -1.945105 -0.588527 0.120840
v -1.989220 -0.560004 0.120840
v -2.024909 -0.536928 0.089962
v -2.038542 -0.528114 0.040000
v -2.024909 -0.536928 -0.009962
v -1.989220 -0.560004 -0.040840
v -1.945105 -0.588527 -0.040840
v -1.909415 -0.611603 -0.009962
v -1.895783 -0.620417 0.040000
v -2.066899 -0.836253 0.089962
v -2.100393 -0.810092 0.120840
v -2.141793 -0.777755 0.120840
v -2.175287 -0.751594 0.089962
v -2.188081 -0.741601 0.040000
v -2.175287 -0.751594 -0.009962
v -2.141793 -0.777755 -0.040840
v -2.100393 -0.810092 -0.040840
v -2.066899 -0.836253 -0.009962
v -2.054105 -0.846246 0.040000
v -2.249584 -1.046766 0.089962
v -2.280743 -1.017863 0.120840
v -2.319257 -0.982137 0.120840
v -2.350416 -0.953234 0.089962
v -2.362318 -0.942194 0.040000
v -2.350416 -0.953234 -0.009962
v -2.319257 -0.982137 -0.040840
v -2.280743 -1.017863 -0.040840
v -2.249584 -1.046766 -0.009962
v -2.237682 -1.057806 0.040000
v -2.406228 -1.204919 0.089962
v -2.436260 -1.174847 0.120840
v -2.473382 -1.137676 0.120840
v -2.503414 -1.107604 0.089962
v -2.514885 -1.096117 0.040000
v -2.503414 -1.107604 -0.009962
v -2.473382 -1.137676 -0.040840
v -2.436260 -1.174847 -0.040840
v -2.406228 -1.204919 -0.009962
v -2.394757 -1.216405 0.040000
v -2.553319 -1.350268 0.089962
v -2.583035 -1.319883 0.120840
v -2.619766 -1.282326 0.120840
v -2.649482 -1.251942 0.089962
v -2.660832 -1.240336 0.040000
v -2.649482 -1.251942 -0.009962
v -2.619766 -1.282326 -0.040840
v -2.583035 -1.319883 -0.040840
v -2.553319 -1.350268 -0.009962
v -2.541969 -1.361874 0.040000
v -2.693904 -1.486345 0.089962
v -2.723316 -1.455666 0.120840
v -2.759671 -1.417745 0.120840
v -2.789083 -1.387066 0.089962
v -2.800317 -1.375347 0.040000
v -2.789083 -1.387066 -0.009962
v -2.759671 -1.417745 -0.040840
v -2.723316 -1.455666 -0.040840
v -2.693904 -1.486345 -0.009962
v -2.682670 -1.498063 0.040000
v -2.829711 -1.615300 0.089962
v -2.858848 -1.584360 0.120840
v -2.894863 -1.546115 0.120840
v -2.923999 -1.515175 0.089962
v -2.935129 -1.503357 0.040000
v -2.923999 -1.515175 -0.009962
v -2.894863 -1.546115 -0.040840
v -2.858848 -1.584360 -0.040840
v -2.829711 -1.615300 -0.009962
v -2.818582 -1.627118 0.040000
v -2.962466 -1.739284 0.089962
v -2.991374 -1.708130 0.120840
v -3.027106 -1.669622 0.120840
v -3.056014 -1.638467 0.089962
v -3.067056 -1.626568 0.040000
v -3.056014 -1.638467 -0.009962
v -3.027106 -1.669622 -0.040840
v -2.991374 -1.708130 -0.040840
v -2.962466 -1.739284 -0.009962
v -2.951424 -1.751184 0.040000
v -3.093900 -1.860454 0.089962
v -3.122640 -1.829146 0.120840
v -3.158165 -1.790446 0.120840
v -3.186906 -1.759137 0.089962
v -3.197884 -1.747178 0.040000
v -3.186906 -1.759137 -0.009962
v -3.158165 -1.790446 -0.040840
v -3.122640 -1.829146 -0.040840
v -3.093900 -1.860454 -0.009962
v -3.082922 -1.872413 0.040000
v -3.225752 -1.980972 0.089962
v -3.254396 -1.949575 0.120840
v -3.289802 -1.910767 0.120840
v -3.318446 -1.879370 0.089962
v -3.329387 -1.867377 0.040000
v -3.318446 -1.879370 -0.009962
v -3.289802 -1.910767 -0.040840
v -3.254396 -1.949575 -0.040840
v -3.225752 -1.980972 -0.009962
v -3.214811 -1.992965 0.040000
v -3.359772 -2.103010 0.089962
v -3.388394 -2.071594 0.120840
v -3.423773 -2.032760 0.120840
v -3.452395 -2.001343 0.089962
v -3.463328 -1.989343 0.040000
v -3.452395 -2.001343 -0.009962
v -3.423773 -2.032760 -0.040840
v -3.388394 -2.071594 -0.040840
v -3.359772 -2.103011 -0.009962
v -3.348839 -2.115011 0.040000
v -3.497720 -2.228749 0.089962
v -3.526391 -2.197377 0.120840
v -3.561831 -2.158599 0.120840
v -3.590502 -2.127227 0.089962
v -3.601453 -2.115244 0.040000
v -3.590502 -2.127227 -0.009962
v -3.561831 -2.158599 -0.040840
v -3.526391 -2.197377 -0.040840
v -3.497720 -2.228749 -0.009962
v -3.486768 -2.240732 0.040000
v -3.641366 -2.360377 0.089962
v -3.670148 -2.329106 0.120840
v -3.705724 -2.290453 0.120840
v -3.734506 -2.259182 0.089962
v -3.745499 -2.247237 0.040000
v -3.734506 -2.259182 -0.009962
v -3.705724 -2.290453 -0.040840
v -3.670148 -2.329106 -0.040840
v -3.641366 -2.360377 -0.009962
v -3.630373 -2.372321 0.040000
v -3.792488 -2.500085 0.089962
v -3.821428 -2.468961 0.120840
v -3.857200 -2.430489 0.120840
v -3.886140 -2.399365 0.089962
v -3.897195 -2.387476 0.040000
v -3.886140 -2.399365 -0.009962
v -3.857200 -2.430489 -0.040840
v -3.821428 -2.468961 -0.040840
v -3.792488 -2.500085 -0.009962
v -3.781434 -2.511973 0.040000
v -3.952870 -2.650076 0.089962
v -3.981998 -2.619127 0.120840
v -4.018002 -2.580873 0.120840
v -4.047130 -2.549924 0.089962
v -4.058256 -2.538103 0.040000
v -4.047130 -2.549924 -0.009962
v -4.018002 -2.580873 -0.040840
v -3.981998 -2.619127 -0.040840
v -3.952870 -2.650076 -0.009962
v -3.941744 -2.661897 0.040000
vn 0.7289 -0.3423 0.5929
vn 0.2703 -0.1270 0.9544
vn -0.2897 0.1361 0.9474
vn -0.7362 0.3459 0.5816
vn -0.9051 0.4253 -0.0000
vn -0.7362 0.3459 -0.5816
vn -0.2897 0.1361 -0.9474
vn 0.2703 -0.1270 -0.9544
vn 0.7289 -0.3423 -0.5929
vn 0.9052 -0.4251 -0.0000
vn 0.7453 -0.3057 0.5925
vn 0.2777 -0.1139 0.9539
vn -0.2940 0.1207 0.9482
vn -0.7515 0.3085 0.5832
vn -0.9251 0.3798 -0.0000
vn -0.7515 0.3085 -0.5832
vn -0.2940 0.1207 -0.9482
vn 0.2777 -0.1139 -0.9539
vn 0.7453 -0.3057 -0.5925
vn 0.9252 -0.3795 -0.0000
vn 0.7693 -0.2427 0.5910
vn 0.2889 -0.0911 0.9530
vn -0.3004 0.0948 0.9491
vn -0.7737 0.2442 0.5846
vn -0.9536 0.3010 -0.0000
vn -0.7737 0.2442 -0.5846
vn -0.3004 0.0948 -0.9491
vn 0.2889 -0.0911 -0.9530
vn 0.7693 -0.2427 -0.5910
vn 0.9537 -0.3008 -0.0000
vn 0.7821 -0.2021 0.5895
vn 0.2960 -0.0765 0.9521
vn -0.3024 0.0782 0.9500
vn -0.7845 0.2028 0.5860
vn -0.9682 0.2503 -0.0000
vn -0.7845 0.2028 -0.5860
vn -0.3024 0.0782 -0.9500
vn 0.2960 -0.0765 -0.9521
vn 0.7821 -0.2021 -0.5895
vn 0.9682 -0.2502 -0.0000
vn 0.7873 -0.1851 0.5881
vn 0.3003 -0.0706 0.9512
vn -0.3014 0.0709 0.9509
vn -0.7878 0.1852 0.5875
vn -0.9735 0.2289 -0.0000
vn -0.7878 0.1852 -0.5875
vn -0.3014 0.0709 -0.9509
vn 0.3003 -0.0706 -0.9512
vn 0.7873 -0.1851 -0.5881
vn 0.9735 -0.2288 -0.0000
vn 0.7866 -0.1930 0.5865
vn 0.3024 -0.0742 0.9503
vn -0.2979 0.0731 0.9518
vn -0.7849 0.1925 0.5890
vn -0.9712 0.2382 -0.0000
vn -0.7849 0.1925 -0.5890
vn -0.2979 0.0731 -0.9518
vn 0.3024 -0.0742 -0.9503
vn 0.7866 -0.1930 -0.5865
vn 0.9712 -0.2383 -0.0000
vn 0.7783 -0.2286 0.5848
vn 0.3019 -0.0887 0.9492
vn -0.2911 0.0854 0.9529
vn -0.7742 0.2272 0.5907
vn -0.9595 0.2815 -0.0000
vn -0.7742 0.2272 -0.5907
vn -0.2911 0.0854 -0.9529
vn 0.3019 -0.0887 -0.9492
vn 0.7783 -0.2286 -0.5848
vn 0.9595 -0.2819 -0.0000
vn 0.7570 -0.2957 0.5827
vn 0.2969 -0.1159 0.9478
vn -0.2788 0.1088 0.9542
vn -0.7503 0.2926 0.5929
vn -0.9317 0.3632 -0.0000
vn -0.7503 0.2926 -0.5929
vn -0.2788 0.1088 -0.9542
vn 0.2969 -0.1159 -0.9478
vn 0.7570 -0.2957 -0.5827
vn 0.9314 -0.3639 -0.0000
vn 0.7114 -0.3965 0.5802
vn 0.2825 -0.1574 0.9463
vn -0.2573 0.1432 0.9557
vn -0.7021 0.3905 0.5954
vn -0.8740 0.4859 -0.0000
vn -0.7021 0.3905 -0.5954
vn -0.2573 0.1432 -0.9557
vn 0.2825 -0.1574 -0.9463
vn 0.7114 -0.3965 -0.5802
vn 0.8734 -0.4869 -0.0000
vn 0.6253 -0.5243 0.5780
vn 0.2513 -0.2107 0.9447
vn -0.2220 0.1859 0.9572
vn -0.6146 0.5143 0.5981
vn -0.7670 0.6416 -0.0000
vn -0.6146 0.5143 -0.5981
vn -0.2220 0.1859 -0.9572
vn 0.2513 -0.2107 -0.9447
vn 0.6253 -0.5243 -0.5780
vn 0.7663 -0.6425 -0.0000
vn 0.4889 -0.6546 0.5767
vn 0.1978 -0.2649 0.9438
vn -0.1715 0.2295 0.9581
vn -0.4790 0.6409 0.5999
vn -0.5987 0.8010 -0.0000
vn -0.4790 0.6409 -0.5999
vn -0.1715 0.2295 -0.9581
vn 0.1978 -0.2649 -0.9438
vn 0.4889 -0.6546 -0.5767
vn 0.5984 -0.8012 -0.0000
vn 0.3156 -0.7536 0.5766
vn 0.1276 -0.3047 0.9439
vn -0.1111 0.2650 0.9578
vn -0.3095 0.7384 0.5991
vn -0.3866 0.9222 -0.0000
vn -0.3095 0.7384 -0.5991
vn -0.1111 0.2650 -0.9578
vn 0.1276 -0.3047 -0.9439
vn 0.3156 -0.7536 -0.5766
vn 0.3863 -0.9224 -0.0000
vn 0.1128 -0.8104 0.5749
vn 0.0460 -0.3301 0.9428
vn -0.0398 0.2820 0.9586
vn -0.1123 0.7919 0.6002
vn -0.1408 0.9900 -0.0000
vn -0.1123 0.7919 -0.6002
vn -0.0398 0.2820 -0.9586
vn 0.0460 -0.3301 -0.9428
vn 0.1128 -0.8104 -0.5749
vn 0.1377 -0.9905 -0.0000
vn -0.1492 -0.8065 0.5721
vn -0.0619 -0.3348 0.9403
vn 0.0498 0.2700 0.9616
vn 0.1439 0.7816 0.6069
vn 0.1809 0.9835 -0.0000
vn 0.1439 0.7816 -0.6069
vn 0.0498 0.2700 -0.9616
vn -0.0619 -0.3348 -0.9403
vn -0.1492 -0.8065 -0.5721
vn -0.1819 -0.9833 -0.0000
vn -0.4132 -0.7075 0.5734
vn -0.1701 -0.2910 0.9415
vn 0.1416 0.2409 0.9602
vn 0.4044 0.6870 0.6037
vn 0.5077 0.8615 -0.0000
vn 0.4044 0.6870 -0.6037
vn 0.1416 0.2409 -0.9602
vn -0.1701 -0.2910 -0.9415
vn -0.4132 -0.7075 -0.5734
vn -0.5043 -0.8636 -0.0000
vn -0.5861 -0.5683 0.5775
vn -0.2359 -0.2286 0.9445
vn 0.2083 0.2010 0.9572
vn 0.5773 0.5561 0.5979
vn 0.7205 0.6935 -0.0000
vn 0.5773 0.5561 -0.5979
vn 0.2083 0.2010 -0.9572
vn -0.2359 -0.2286 -0.9445
vn -0.5861 -0.5683 -0.5775
vn -0.7178 -0.6962 -0.0000
vn -0.6731 -0.4566 0.5817
vn -0.2651 -0.1798 0.9473
vn 0.2467 0.1669 0.9546
vn 0.6667 0.4508 0.5935
vn 0.8285 0.5599 -0.0000
vn 0.6667 0.4508 -0.5935
vn 0.2467 0.1669 -0.9546
vn -0.2651 -0.1798 -0.9473
vn -0.6731 -0.4566 -0.5817
vn -0.8275 -0.5614 -0.0000
vn -0.7105 -0.3911 0.5850
vn -0.2753 -0.1515 0.9493
vn 0.2663 0.1464 0.9527
vn 0.7073 0.3889 0.5904
vn 0.8763 0.4817 -0.0000
vn 0.7073 0.3889 -0.5904
vn 0.2663 0.1464 -0.9527
vn -0.2753 -0.1515 -0.9493
vn -0.7105 -0.3911 -0.5850
vn -0.8760 -0.4823 -0.0000
vn -0.7206 -0.3681 0.5876
vn -0.2755 -0.1407 0.9509
vn 0.2750 0.1404 0.9511
vn 0.7204 0.3679 0.5879
vn 0.8906 0.4548 -0.0000
vn 0.7204 0.3679 -0.5879
vn 0.2750 0.1404 -0.9511
vn -0.2755 -0.1407 -0.9509
vn -0.7206 -0.3681 -0.5876
vn -0.8906 -0.4549 -0.0000
vn -0.7105 -0.3835 0.5900
vn -0.2681 -0.1447 0.9525
vn 0.2758 0.1490 0.9496
vn 0.7133 0.3854 0.5854
vn 0.8798 0.4754 -0.0000
vn 0.7133 0.3854 -0.5854
vn 0.2758 0.1490 -0.9496
vn -0.2681 -0.1447 -0.9525
vn -0.7105 -0.3835 -0.5900
vn -0.8800 -0.4749 -0.0000
vn -0.6758 -0.4379 0.5929
vn -0.2510 -0.1627 0.9542
vn 0.2675 0.1737 0.9478
vn 0.6817 0.4428 0.5825
vn 0.8386 0.5448 -0.0000
vn 0.6817 0.4428 -0.5825
vn 0.2675 0.1737 -0.9478
vn -0.2510 -0.1627 -0.9542
vn -0.6758 -0.4379 -0.5929
vn -0.8393 -0.5437 -0.0000
vn -0.6000 -0.5329 0.5967
vn -0.2181 -0.1939 0.9565
vn 0.2433 0.2171 0.9453
vn 0.6084 0.5430 0.5787
vn 0.7460 0.6660 -0.0000
vn 0.6084 0.5430 -0.5787
vn 0.2433 0.2171 -0.9453
vn -0.2182 -0.1939 -0.9565
vn -0.6000 -0.5329 -0.5967
vn -0.7479 -0.6638 -0.0000
vn -0.4545 -0.6569 0.6016
vn -0.1609 -0.2329 0.9591
vn 0.1893 0.2752 0.9426
vn 0.4635 0.6743 0.5749
vn 0.5664 0.8241 -0.0000
vn 0.4635 0.6743 -0.5749
vn 0.1893 0.2752 -0.9426
vn -0.1609 -0.2329 -0.9591
vn -0.4545 -0.6569 -0.6016
vn -0.5693 -0.8221 -0.0000
vn -0.2253 -0.7632 0.6056
vn -0.0784 -0.2655 0.9609
vn 0.0959 0.3245 0.9410
vn 0.2323 0.7859 0.5731
vn 0.2834 0.9590 -0.0000
vn 0.2323 0.7859 -0.5731
vn 0.0959 0.3245 -0.9410
vn -0.0784 -0.2655 -0.9609
vn -0.2253 -0.7632 -0.6056
vn -0.2831 -0.9591 -0.0000
vn 0.0149 -0.7999 0.6000
vn 0.0052 -0.2855 0.9584
vn -0.0054 0.3322 0.9432
vn -0.0132 0.8177 0.5755
vn -0.0160 0.9999 -0.0000
vn -0.0132 0.8177 -0.5755
vn -0.0054 0.3322 -0.9432
vn 0.0052 -0.2855 -0.9584
vn 0.0149 -0.7999 -0.6000
vn 0.0189 -0.9998 -0.0000
vn 0.2036 -0.7754 0.5978
vn 0.0736 -0.2803 0.9571
vn -0.0831 0.3174 0.9446
vn -0.2068 0.7896 0.5777
vn -0.2533 0.9674 -0.0000
vn -0.2068 0.7896 -0.5777
vn -0.0831 0.3174 -0.9446
vn 0.0736 -0.2803 -0.9571
vn 0.2036 -0.7754 -0.5978
vn 0.2541 -0.9672 -0.0000
vn 0.3651 -0.7133 0.5983
vn 0.1318 -0.2576 0.9572
vn -0.1493 0.2920 0.9447
vn -0.3715 0.7266 0.5780
vn -0.4552 0.8904 -0.0000
vn -0.3715 0.7266 -0.5780
vn -0.1493 0.2920 -0.9447
vn 0.1318 -0.2576 -0.9572
vn 0.3651 -0.7133 -0.5983
vn 0.4556 -0.8902 -0.0000
vn 0.5027 -0.6254 0.5969
vn 0.1828 -0.2275 0.9564
vn -0.2038 0.2540 0.9455
vn -0.5101 0.6359 0.5791
vn -0.6257 0.7801 -0.0000
vn -0.5101 0.6359 -0.5791
vn -0.2038 0.2540 -0.9455
vn 0.1828 -0.2275 -0.9564
vn 0.5027 -0.6254 -0.5969
vn 0.6266 -0.7793 -0.0000
vn 0.6013 -0.5337 0.5946
vn 0.2213 -0.1965 0.9552
vn -0.2405 0.2139 0.9468
vn -0.6082 0.5409 0.5810
vn -0.7472 0.6646 -0.0000
vn -0.6082 0.5409 -0.5810
vn -0.2405 0.2139 -0.9468
vn 0.2213 -0.1965 -0.9552
vn 0.6013 -0.5337 -0.5946
vn 0.7480 -0.6637 -0.0000
vn 0.6631 -0.4575 0.5924
vn 0.2471 -0.1705 0.9539
vn -0.2615 0.1806 0.9482
vn -0.6684 0.4618 0.5832
vn -0.8227 0.5685 -0.0000
vn -0.6684 0.4618 -0.5832
vn -0.2615 0.1806 -0.9482
vn 0.2471 -0.1705 -0.9539
vn 0.6631 -0.4575 -0.5924
vn 0.8231 -0.5678 -0.0000
vn 0.6978 -0.4056 0.5904
vn 0.2628 -0.1528 0.9527
vn -0.2715 0.1579 0.9494
vn -0.7010 0.4078 0.5851
vn -0.8644 0.5028 -0.0000
vn -0.7010 0.4078 -0.5851
vn -0.2715 0.1579 -0.9494
vn 0.2628 -0.1528 -0.9527
vn 0.6978 -0.4056 -0.5904
vn 0.8646 -0.5025 -0.0000
vn 0.7138 -0.3795 0.5887
vn 0.2713 -0.1443 0.9516
vn -0.2744 0.1459 0.9505
vn -0.7149 0.3802 0.5868
vn -0.8829 0.4695 -0.0000
vn -0.7149 0.3802 -0.5868
vn -0.2744 0.1459 -0.9505
vn 0.2713 -0.1443 -0.9516
vn 0.7138 -0.3795 -0.5887
vn 0.8830 -0.4694 -0.0000
vn 0.7159 -0.3778 0.5871
vn 0.2744 -0.1448 0.9507
vn -0.2723 0.1437 0.9514
vn -0.7151 0.3774 0.5884
vn -0.8844 0.4667 -0.0000
vn -0.7151 0.3774 -0.5884
vn -0.2723 0.1437 -0.9514
vn 0.2744 -0.1448 -0.9507
vn 0.7159 -0.3778 -0.5871
vn 0.8844 -0.4667 -0.0000
vn 0.7056 -0.3989 0.5857
vn 0.2724 -0.1540 0.9498
vn -0.2656 0.1501 0.9523
vn -0.7030 0.3973 0.5898
vn -0.8706 0.4920 -0.0000
vn -0.7030 0.3973 -0.5898
vn -0.2656 0.1501 -0.9523
vn 0.2724 -0.1540 -0.9498
vn 0.7056 -0.3989 -0.5857
vn 0.8705 -0.4922 -0.0000
vn 0.6814 -0.4407 0.5843
vn 0.2650 -0.1714 0.9489
vn -0.2539 0.1642 0.9532
vn -0.6773 0.4378 0.5913
vn -0.8398 0.5428 -0.0000
vn -0.6773 0.4378 -0.5913
vn -0.2539 0.1642 -0.9532
vn 0.2650 -0.1714 -0.9489
vn 0.6814 -0.4407 -0.5843
vn 0.8397 -0.5431 -0.0000
vn 0.6402 -0.5001 0.5831
vn 0.2507 -0.1958 0.9481
vn -0.2361 0.1845 0.9540
vn -0.6347 0.4957 0.5928
vn -0.7881 0.6156 -0.0000
vn -0.6347 0.4957 -0.5928
vn -0.2361 0.1845 -0.9540
vn 0.2507 -0.1958 -0.9481
vn 0.6402 -0.5001 -0.5831
vn 0.7881 -0.6155 -0.0000
vn 0.5949 -0.5516 0.5847
vn 0.2309 -0.2141 0.9491
vn -0.2222 0.2062 0.9529
vn -0.5914 0.5488 0.5909
vn -0.7330 0.6802 -0.0000
vn -0.5914 0.5488 -0.5909
vn -0.2222 0.2062 -0.9529
vn 0.2309 -0.2141 -0.9491
vn 0.5949 -0.5516 -0.5847
vn 0.7333 -0.6799 -0.0000
vn 0.5720 -0.5727 0.5872
vn 0.2191 -0.2193 0.9507
vn -0.2177 0.2180 0.9514
vn -0.5714 0.5723 0.5882
vn -0.7066 0.7076 -0.0000
vn -0.5714 0.5723 -0.5882
vn -0.2177 0.2180 -0.9514
vn 0.2191 -0.2193 -0.9507
vn 0.5720 -0.5727 -0.5872
vn 0.7067 -0.7075 -0.0000
vn 0.5659 -0.5786 0.5873
vn 0.2167 -0.2216 0.9508
vn -0.2154 0.2203 0.9514
vn -0.5654 0.5781 0.5883
vn -0.6992 0.7149 -0.0000
vn -0.5654 0.5781 -0.5883
vn -0.2154 0.2203 -0.9514
vn 0.2167 -0.2216 -0.9508
vn 0.5659 -0.5786 -0.5873
vn 0.6992 -0.7149 -0.0000
vn 0.5601 -0.5842 0.5873
vn 0.2144 -0.2237 0.9508
vn -0.2133 0.2225 0.9513
vn -0.5596 0.5838 0.5882
vn -0.6920 0.7219 -0.0000
vn -0.5596 0.5838 -0.5882
vn -0.2133 0.2225 -0.9513
vn 0.2144 -0.2237 -0.9508
vn 0.5601 -0.5842 -0.5873
vn 0.6920 -0.7219 -0.0000
vn 0.5548 -0.5892 0.5874
vn 0.2124 -0.2255 0.9508
vn -0.2113 0.2244 0.9513
vn -0.5544 0.5888 0.5882
vn -0.6856 0.7280 -0.0000
vn -0.5544 0.5888 -0.5882
vn -0.2113 0.2244 -0.9513
vn 0.2124 -0.2255 -0.9508
vn 0.5548 -0.5892 -0.5874
vn 0.6856 -0.7280 -0.0000
vn 0.5504 -0.5932 0.5875
vn 0.2106 -0.2269 0.9509
vn -0.2098 0.2261 0.9512
vn -0.5501 0.5929 0.5881
vn -0.6802 0.7330 -0.0000
vn -0.5501 0.5929 -0.5881
vn -0.2098 0.2261 -0.9512
vn 0.2106 -0.2269 -0.9509
vn 0.5504 -0.5932 -0.5875
vn 0.6802 -0.7330 -0.0000
vn 0.5472 -0.5961 0.5876
vn 0.2092 -0.2279 0.9509
vn -0.2087 0.2274 0.9512
vn -0.5470 0.5959 0.5880
vn -0.6762 0.7367 -0.0000
vn -0.5470 0.5959 -0.5880
vn -0.2087 0.2274 -0.9512
vn 0.2092 -0.2279 -0.9509
vn 0.5472 -0.5961 -0.5876
vn 0.6762 -0.7367 -0.0000
vn 0.5453 -0.5977 0.5877
vn 0.2084 -0.2284 0.9510
vn -0.2082 0.2282 0.9511
vn -0.5452 0.5976 0.5879
vn -0.6740 0.7388 -0.0000
vn -0.5452 0.5976 -0.5879
vn -0.2082 0.2282 -0.9511
vn 0.2084 -0.2284 -0.9510
vn 0.5453 -0.5977 -0.5877
vn 0.6740 -0.7388 -0.0000
vn 0.5448 -0.5980 0.5878
vn 0.2081 -0.2284 0.9511
vn -0.2081 0.2285 0.9510
vn -0.5449 0.5981 0.5878
vn -0.6735 0.7392 -0.0000
vn -0.5449 0.5981 -0.5878
vn -0.2081 0.2285 -0.9510
vn 0.2081 -0.2284 -0.9511
vn 0.5448 -0.5980 -0.5878
vn 0.6735 -0.7392 -0.0000
vn 0.5457 -0.5971 0.5879
vn 0.2083 -0.2279 0.9511
vn -0.2086 0.2283 0.9510
vn -0.5458 0.5973 0.5877
vn -0.6746 0.7382 -0.0000
vn -0.5458 0.5973 -0.5877
vn -0.2086 0.2283 -0.9510
vn 0.2083 -0.2279 -0.9511
vn 0.5457 -0.5971 -0.5879
vn 0.6746 -0.7382 -0.0000
vn 0.5478 -0.5952 0.5880
vn 0.2090 -0.2271 0.9512
vn -0.2095 0.2277 0.9509
vn -0.5480 0.5954 0.5876
vn -0.6772 0.7358 -0.0000
vn -0.5480 0.5954 -0.5876
vn -0.2095 0.2277 -0.9509
vn 0.2090 -0.2271 -0.9512
vn 0.5478 -0.5952 -0.5880
vn 0.6772 -0.7358 -0.0000
vn 0.5508 -0.5923 0.5881
vn 0.2101 -0.2259 0.9512
vn -0.2108 0.2267 0.9509
vn -0.5510 0.5926 0.5875
vn -0.6809 0.7323 -0.0000
vn -0.5510 0.5926 -0.5875
vn -0.2108 0.2267 -0.9509
vn 0.2101 -0.2259 -0.9512
vn 0.5508 -0.5923 -0.5881
vn 0.6809 -0.7323 -0.0000
vn 0.5525 -0.5907 0.5881
vn 0.2107 -0.2253 0.9512
vn -0.2115 0.2261 0.9509
vn -0.5527 0.5910 0.5875
vn -0.6831 0.7304 -0.0000
vn -0.5527 0.5910 -0.5875
vn -0.2115 0.2261 -0.9509
vn 0.2107 -0.2253 -0.9512
vn 0.5525 -0.5907 -0.5881
vn 0.6831 -0.7304 -0.0000
vt 0.000000 1.000000
vt 0.020833 1.000000
vt 0.020833 0.900000
vt 0.000000 0.900000
vt 0.000000 0.100000
vt 0.020833 0.100000
vt 0.020833 0.000000
vt 0.000000 0.000000
vt 0.000000 0.200000
vt 0.020833 0.200000
vt 0.000000 0.300000
vt 0.020833 0.300000
vt 0.000000 0.400000
vt 0.020833 0.400000
vt 0.000000 0.500000
vt 0.020833 0.500000
vt 0.000000 0.600000
vt 0.020833 0.600000
vt 0.000000 0.700000
vt 0.020833 0.700000
vt 0.000000 0.800000
vt 0.020833 0.800000
vt 0.041667 1.000000
vt 0.041667 0.900000
vt 0.041667 0.100000
vt 0.041667 0.000000
vt 0.041667 0.200000
vt 0.041667 0.300000
vt 0.041667 0.400000
vt 0.041667 0.500000
vt 0.041667 0.600000
vt 0.041667 0.700000
vt 0.041667 0.800000
vt 0.062500 1.000000
vt 0.062500 0.900000
vt 0.062500 0.100000
vt 0.062500 0.000000
vt 0.062500 0.200000
vt 0.062500 0.300000
vt 0.062500 0.400000
vt 0.062500 0.500000
vt 0.062500 0.600000
vt 0.062500 0.700000
vt 0.062500 0.800000
vt 0.083333 1.000000
vt 0.083333 0.900000
vt 0.083333 0.100000
vt 0.083333 0.000000
vt 0.083333 0.200000
vt 0.083333 0.300000
vt 0.083333 0.400000
vt 0.083333 0.500000
vt 0.083333 0.600000
vt 0.083333 0.700000
vt 0.083333 0.800000
vt 0.104167 1.000000
vt 0.104167 0.900000
vt 0.104167 0.100000
vt 0.104167 0.000000
vt 0.104167 0.200000
vt 0.104167 0.300000
vt 0.104167 0.400000
vt 0.104167 0.500000
vt 0.104167 0.600000
vt 0.104167 0.700000
vt 0.104167 0.800000
vt 0.125000 1.000000
vt 0.125000 0.900000
vt 0.125000 0.100000
vt 0.125000 0.000000
vt 0.125000 0.200000
vt 0.125000 0.300000
vt 0.125000 0.400000
vt 0.125000 0.500000
vt 0.125000 0.600000
vt 0.125000 0.700000
vt 0.125000 0.800000
vt 0.145833 1.000000
vt 0.145833 0.900000
vt 0.145833 0.100000
vt 0.145833 0.000000
vt 0.145833 0.200000
vt 0.145833 0.300000
vt 0.145833 0.400000
vt 0.145833 0.500000
vt 0.145833 0.600000
vt 0.145833 0.700000
vt 0.145833 0.800000
vt 0.166667 1.000000
vt 0.166667 0.900000
vt 0.166667 0.100000
vt 0.166667 0.000000
vt 0.166667 0.200000
vt 0.166667 0.300000
vt 0.166667 0.400000
vt 0.166667 0.500000
vt 0.166667 0.600000
vt 0.166667 0.700000
vt 0.166667 0.800000
vt 0.187500 1.000000
vt 0.187500 0.900000
vt 0.187500 0.100000
vt 0.187500 0.000000
vt 0.187500 0.200000
vt 0.187500 0.300000
vt 0.187500 0.400000
vt 0.187500 0.500000
vt 0.187500 0.600000
vt 0.187500 0.700000
vt 0.187500 0.800000
vt 0.208333 1.000000
vt 0.208333 0.900000
vt 0.208333 0.100000
vt 0.208333 0.000000
vt 0.208333 0.200000
vt 0.208333 0.300000
vt 0.208333 0.400000
vt 0.208333 0.500000
vt 0.208333 0.600000
vt 0.208333 0.700000
vt 0.208333 0.800000
vt 0.229167 1.000000
vt 0.229167 0.900000
vt 0.229167 0.100000
vt 0.229167 0.000000
vt 0.229167 0.200000
vt 0.229167 0.300000
vt 0.229167 0.400000
vt 0.229167 0.500000
vt 0.229167 0.600000
vt 0.229167 0.700000
vt 0.229167 0.800000
vt 0.250000 1.000000
vt 0.250000 0.900000
vt 0.250000 0.100000
vt 0.250000 0.000000
vt 0.250000 0.200000
vt 0.250000 0.300000
vt 0.250000 0.400000
vt 0.250000 0.500000
vt 0.250000 0.600000
vt 0.250000 0.700000
vt 0.250000 0.800000
vt 0.270833 1.000000
vt 0.270833 0.900000
vt 0.270833 0.100000
vt 0.270833 0.000000
vt 0.270833 0.200000
vt 0.270833 0.300000
vt 0.270833 0.400000
vt 0.270833 0.500000
vt 0.270833 0.600000
vt 0.270833 0.700000
vt 0.270833 0.800000
vt 0.291667 1.000000
vt 0.291667 0.900000
vt 0.291667 0.100000
vt 0.291667 0.000000
vt 0.291667 0.200000
vt 0.291667 0.300000
vt 0.291667 0.400000
vt 0.291667 0.500000
vt 0.291667 0.600000
vt 0.291667 0.700000
vt 0.291667 0.800000
vt 0.312500 1.000000
vt 0.312500 0.900000
vt 0.312500 0.100000
vt 0.312500 0.000000
vt 0.312500 0.200000
vt 0.312500 0.300000
vt 0.312500 0.400000
vt 0.312500 0.500000
vt 0.312500 0.600000
vt 0.312500 0.700000
vt 0.312500 0.800000
vt 0.333333 1.000000
vt 0.333333 0.900000
vt 0.333333 0.100000
vt 0.333333 0.000000
vt 0.333333 0.200000
vt 0.333333 0.300000
vt 0.333333 0.400000
vt 0.333333 0.500000
vt 0.333333 0.600000
vt 0.333333 0.700000
vt 0.333333 0.800000
vt 0.354167 1.000000
vt 0.354167 0.900000
vt 0.354167 0.100000
vt 0.354167 0.000000
vt 0.354167 0.200000
vt 0.354167 0.300000
vt 0.354167 0.400000
vt 0.354167 0.500000
vt 0.354167 0.600000
vt 0.354167 0.700000
vt 0.354167 0.800000
vt 0.375000 1.000000
vt 0.375000 0.900000
vt 0.375000 0.100000
vt 0.375000 0.000000
vt 0.375000 0.200000
vt 0.375000 0.300000
vt 0.375000 0.400000
vt 0.375000 0.500000
vt 0.375000 0.600000
vt 0.375000 0.700000
vt 0.375000 0.800000
vt 0.395833 1.000000
vt 0.395833 0.900000
vt 0.395833 0.100000
vt 0.395833 0.000000
vt 0.395833 0.200000
vt 0.395833 0.300000
vt 0.395833 0.400000
vt 0.395833 0.500000
vt 0.395833 0.600000
vt 0.395833 0.700000
vt 0.395833 0.800000
vt 0.416667 1.000000
vt 0.416667 0.900000
vt 0.416667 0.100000
vt 0.416667 0.000000
vt 0.416667 0.200000
vt 0.416667 0.300000
vt 0.416667 0.400000
vt 0.416667 0.500000
vt 0.416667 0.600000
vt 0.416667 0.700000
vt 0.416667 0.800000
vt 0.437500 1.000000
vt 0.437500 0.900000
vt 0.437500 0.100000
vt 0.437500 0.000000
vt 0.437500 0.200000
vt 0.437500 0.300000
vt 0.437500 0.400000
vt 0.437500 0.500000
vt 0.437500 0.600000
vt 0.437500 0.700000
vt 0.437500 0.800000
vt 0.458333 1.000000
vt 0.458333 0.900000
vt 0.458333 0.100000
vt 0.458333 0.000000
vt 0.458333 0.200000
vt 0.458333 0.300000
vt 0.458333 0.400000
vt 0.458333 0.500000
vt 0.458333 0.600000
vt 0.458333 0.700000
vt 0.458333 0.800000
vt 0.479167 1.000000
vt 0.479167 0.900000
vt 0.479167 0.100000
vt 0.479167 0.000000
vt 0.479167 0.200000
vt 0.479167 0.300000
vt 0.479167 0.400000
vt 0.479167 0.500000
vt 0.479167 0.600000
vt 0.479167 0.700000
vt 0.479167 0.800000
vt 0.500000 1.000000
vt 0.500000 0.900000
vt 0.500000 0.100000
vt 0.500000 0.000000
vt 0.500000 0.200000
vt 0.500000 0.300000
vt 0.500000 0.400000
vt 0.500000 0.500000
vt 0.500000 0.600000
vt 0.500000 0.700000
vt 0.500000 0.800000
vt 0.520833 1.000000
vt 0.520833 0.900000
vt 0.520833 0.100000
vt 0.520833 0.000000
vt 0.520833 0.200000
vt 0.520833 0.300000
vt 0.520833 0.400000
vt 0.520833 0.500000
vt 0.520833 0.600000
vt 0.520833 0.700000
vt 0.520833 0.800000
vt 0.541667 1.000000
vt 0.541667 0.900000
vt 0.541667 0.100000
vt 0.541667 0.000000
vt 0.541667 0.200000
vt 0.541667 0.300000
vt 0.541667 0.400000
vt 0.541667 0.500000
vt 0.541667 0.600000
vt 0.541667 0.700000
vt 0.541667 0.800000
vt 0.562500 1.000000
vt 0.562500 0.900000
vt 0.562500 0.100000
vt 0.562500 0.000000
vt 0.562500 0.200000
vt 0.562500 0.300000
vt 0.562500 0.400000
vt 0.562500 0.500000
vt 0.562500 0.600000
vt 0.562500 0.700000
vt 0.562500 0.800000
vt 0.583333 1.000000
vt 0.583333 0.900000
vt 0.583333 0.100000
vt 0.583333 0.000000
vt 0.583333 0.200000
vt 0.583333 0.300000
vt 0.583333 0.400000
vt 0.583333 0.500000
vt 0.583333 0.600000
vt 0.583333 0.700000
vt 0.583333 0.800000
vt 0.604167 1.000000
vt 0.604167 0.900000
vt 0.604167 0.100000
vt 0.604167 0.000000
vt 0.604167 0.200000
vt 0.604167 0.300000
vt 0.604167 0.400000
vt 0.604167 0.500000
vt 0.604167 0.600000
vt 0.604167 0.700000
vt 0.604167 0.800000
vt 0.625000 1.000000
vt 0.625000 0.900000
vt 0.625000 0.100000
vt 0.625000 0.000000
vt 0.625000 0.200000
vt 0.625000 0.300000
vt 0.625000 0.400000
vt 0.625000 0.500000
vt 0.625000 0.600000
vt 0.625000 0.700000
vt 0.625000 0.800000
vt 0.645833 1.000000
vt 0.645833 0.900000
vt 0.645833 0.100000
vt 0.645833 0.000000
vt 0.645833 0.200000
vt 0.645833 0.300000
vt 0.645833 0.400000
vt 0.645833 0.500000
vt 0.645833 0.600000
vt 0.645833 0.700000
vt 0.645833 0.800000
vt 0.666667 1.000000
vt 0.666667 0.900000
vt 0.666667 0.100000
vt 0.666667 0.000000
vt 0.666667 0.200000
vt 0.666667 0.300000
vt 0.666667 0.400000
vt 0.666667 0.500000
vt 0.666667 0.600000
vt 0.666667 0.700000
vt 0.666667 0.800000
vt 0.687500 1.000000
vt 0.687500 0.900000
vt 0.687500 0.100000
vt 0.687500 0.000000
vt 0.687500 0.200000
vt 0.687500 0.300000
vt 0.687500 0.400000
vt 0.687500 0.500000
vt 0.687500 0.600000
vt 0.687500 0.700000
vt 0.687500 0.800000
vt 0.708333 1.000000
vt 0.708333 0.900000
vt 0.708333 0.100000
vt 0.708333 0.000000
vt 0.708333 0.200000
vt 0.708333 0.300000
vt 0.708333 0.400000
vt 0.708333 0.500000
vt 0.708333 0.600000
vt 0.708333 0.700000
vt 0.708333 0.800000
vt 0.729167 1.000000
vt 0.729167 0.900000
vt 0.729167 0.100000
vt 0.729167 0.000000
vt 0.729167 0.200000
vt 0.729167 0.300000
vt 0.729167 0.400000
vt 0.729167 0.500000
vt 0.729167 0.600000
vt 0.729167 0.700000
vt 0.729167 0.800000
vt 0.750000 1.000000
vt 0.750000 0.900000
vt 0.750000 0.100000
vt 0.750000 0.000000
vt 0.750000 0.200000
vt 0.750000 0.300000
vt 0.750000 0.400000
vt 0.750000 0.500000
vt 0.750000 0.600000
vt 0.750000 0.700000
vt 0.750000 0.800000
vt 0.770833 1.000000
vt 0.770833 0.900000
vt 0.770833 0.100000
vt 0.770833 0.000000
vt 0.770833 0.200000
vt 0.770833 0.300000
vt 0.770833 0.400000
vt 0.770833 0.500000
vt 0.770833 0.600000
vt 0.770833 0.700000
vt 0.770833 0.800000
vt 0.791667 1.000000
vt 0.791667 0.900000
vt 0.791667 0.100000
vt 0.791667 0.000000
vt 0.791667 0.200000
vt 0.791667 0.300000
vt 0.791667 0.400000
vt 0.791667 0.500000
vt 0.791667 0.600000
vt 0.791667 0.700000
vt 0.791667 0.800000
vt 0.812500 1.000000
vt 0.812500 0.900000
vt 0.812500 0.100000
vt 0.812500 0.000000
vt 0.812500 0.200000
vt 0.812500 0.300000
vt 0.812500 0.400000
vt 0.812500 0.500000
vt 0.812500 0.600000
vt 0.812500 0.700000
vt 0.812500 0.800000
vt 0.833333 1.000000
vt 0.833333 0.900000
vt 0.833333 0.100000
vt 0.833333 0.000000
vt 0.833333 0.200000
vt 0.833333 0.300000
vt 0.833333 0.400000
vt 0.833333 0.500000
vt 0.833333 0.600000
vt 0.833333 0.700000
vt 0.833333 0.800000
vt 0.854167 1.000000
vt 0.854167 0.900000
vt 0.854167 0.100000
vt 0.854167 0.000000
vt 0.854167 0.200000
vt 0.854167 0.300000
vt 0.854167 0.400000
vt 0.854167 0.500000
vt 0.854167 0.600000
vt 0.854167 0.700000
vt 0.854167 0.800000
vt 0.875000 1.000000
vt 0.875000 0.900000
vt 0.875000 0.100000
vt 0.875000 0.000000
vt 0.875000 0.200000
vt 0.875000 0.300000
vt 0.875000 0.400000
vt 0.875000 0.500000
vt 0.875000 0.600000
vt 0.875000 0.700000
vt 0.875000 0.800000
vt 0.895833 1.000000
vt 0.895833 0.900000
vt 0.895833 0.100000
vt 0.895833 0.000000
vt 0.895833 0.200000
vt 0.895833 0.300000
vt 0.895833 0.400000
vt 0.895833 0.500000
vt 0.895833 0.600000
vt 0.895833 0.700000
vt 0.895833 0.800000
vt 0.916667 1.000000
vt 0.916667 0.900000
vt 0.916667 0.100000
vt 0.916667 0.000000
vt 0.916667 0.200000
vt 0.916667 0.300000
vt 0.916667 0.400000
vt 0.916667 0.500000
vt 0.916667 0.600000
vt 0.916667 0.700000
vt 0.916667 0.800000
vt 0.937500 1.000000
vt 0.937500 0.900000
vt 0.937500 0.100000
vt 0.937500 0.000000
vt 0.937500 0.200000
vt 0.937500 0.300000
vt 0.937500 0.400000
vt 0.937500 0.500000
vt 0.937500 0.600000
vt 0.937500 0.700000
vt 0.937500 0.800000
vt 0.958333 1.000000
vt 0.958333 0.900000
vt 0.958333 0.100000
vt 0.958333 0.000000
vt 0.958333 0.200000
vt 0.958333 0.300000
vt 0.958333 0.400000
vt 0.958333 0.500000
vt 0.958333 0.600000
vt 0.958333 0.700000
vt 0.958333 0.800000
vt 0.979167 1.000000
vt 0.979167 0.900000
vt 0.979167 0.100000
vt 0.979167 0.000000
vt 0.979167 0.200000
vt 0.979167 0.300000
vt 0.979167 0.400000
vt 0.979167 0.500000
vt 0.979167 0.600000
vt 0.979167 0.700000
vt 0.979167 0.800000
vt 1.000000 1.000000
vt 1.000000 0.900000
vt 1.000000 0.100000
vt 1.000000 0.000000
vt 1.000000 0.200000
vt 1.000000 0.300000
vt 1.000000 0.400000
vt 1.000000 0.500000
vt 1.000000 0.600000
vt 1.000000 0.700000
vt 1.000000 0.800000
s 1
usemtl Track_Black
f 587/653/587 597/654/597 606/655/606 596/656/596
f 588/657/588 598/658/598 597/659/597 587/660/587
f 589/661/589 599/662/599 598/658/598 588/657/588
f 590/663/590 600/664/600 599/662/599 589/661/589
f 591/665/591 601/666/601 600/664/600 590/663/590
f 592/667/592 602/668/602 601/666/601 591/665/591
f 593/669/593 603/670/603 602/668/602 592/667/592
f 594/671/594 604/672/604 603/670/603 593/669/593
f 595/673/595 605/674/605 604/672/604 594/671/594
f 596/656/596 606/655/606 605/674/605 595/673/595
f 597/654/597 607/675/607 616/676/616 606/655/606
f 598/658/598 608/677/608 607/678/607 597/659/597
f 599/662/599 609/679/609 608/677/608 598/658/598
f 600/664/600 610/680/610 609/679/609 599/662/599
f 601/666/601 611/681/611 610/680/610 600/664/600
f 602/668/602 612/682/612 611/681/611 601/666/601
f 603/670/603 613/683/613 612/682/612 602/668/602
f 604/672/604 614/684/614 613/683/613 603/670/603
f 605/674/605 615/685/615 614/684/614 604/672/604
f 606/655/606 616/676/616 615/685/615 605/674/605
f 607/675/607 617/686/617 626/687/626 616/676/616
f 608/677/608 618/688/618 617/689/617 607/678/607
f 609/679/609 619/690/619 618/688/618 608/677/608
f 610/680/610 620/691/620 619/690/619 609/679/609
f 611/681/611 621/692/621 620/691/620 610/680/610
f 612/682/612 622/693/622 621/692/621 611/681/611
f 613/683/613 623/694/623 622/693/622 612/682/612
f 614/684/614 624/695/624 623/694/623 613/683/613
f 615/685/615 625/696/625 624/695/624 614/684/614
f 616/676/616 626/687/626 625/696/625 615/685/615
f 617/686/617 627/697/627 636/698/636 626/687/626
f 618/688/618 628/699/628 627/700/627 617/689/617
f 619/690/619 629/701/629 628/699/628 618/688/618
f 620/691/620 630/702/630 629/701/629 619/690/619
f 621/692/621 631/703/631 630/702/630 620/691/620
f 622/693/622 632/704/632 631/703/631 621/692/621
f 623/694/623 633/705/633 632/704/632 622/693/622
f 624/695/624 634/706/634 633/705/633 623/694/623
f 625/696/625 635/707/635 634/706/634 624/695/624
f 626/687/626 636/698/636 635/707/635 625/696/625
f 627/697/627 637/708/637 646/709/646 636/698/636
f 628/699/628 638/710/638 637/711/637 627/700/627
f 629/701/629 639/712/639 638/710/638 628/699/628
f 630/702/630 640/713/640 639/712/639 629/701/629
f 631/703/631 641/714/641 640/713/640 630/702/630
f 632/704/632 642/715/642 641/714/641 631/703/631
f 633/705/633 643/716/643 642/715/642 632/704/632
f 634/706/634 644/717/644 643/716/643 633/705/633
f 635/707/635 645/718/645 644/717/644 634/706/634
f 636/698/636 646/709/646 645/718/645 635/707/635
f 637/708/637 647/719/647 656/720/656 646/709/646
f 638/710/638 648/721/648 647/722/647 637/711/637
f 639/712/639 649/723/649 648/721/648 638/710/638
f 640/713/640 650/724/650 649/723/649 639/712/639
f 641/714/641 651/725/651 650/724/650 640/713/640
f 642/715/642 652/726/652 651/725/651 641/714/641
f 643/716/643 653/727/653 652/726/652 642/715/642
f 644/717/644 654/728/654 653/727/653 643/716/643
f 645/718/645 655/729/655 654/728/654 644/717/644
f 646/709/646 656/720/656 655/729/655 645/718/645
f 647/719/647 657/730/657 666/731/666 656/720/656
f 648/721/648 658/732/658 657/733/657 647/722/647
f 649/723/649 659/734/659 658/732/658 648/721/648
f 650/724/650 660/735/660 659/734/659 649/723/649
f 651/725/651 661/736/661 660/735/660 650/724/650
f 652/726/652 662/737/662 661/736/661 651/725/651
f 653/727/653 663/738/663 662/737/662 652/726/652
f 654/728/654 664/739/664 663/738/663 653/727/653
f 655/729/655 665/740/665 664/739/664 654/728/654
f 656/720/656 666/731/666 665/740/665 655/729/655
f 657/730/657 667/741/667 676/742/676 666/731/666
f 658/732/658 668/743/668 667/744/667 657/733/657
f 659/734/659 669/745/669 668/743/668 658/732/658
f 660/735/660 670/746/670 669/745/669 659/734/659
f 661/736/661 671/747/671 670/746/670 660/735/660
f 662/737/662 672/748/672 671/747/671 661/736/661
f 663/738/663 673/749/673 672/748/672 662/737/662
f 664/739/664 674/750/674 673/749/673 663/738/663
f 665/740/665 675/751/675 674/750/674 664/739/664
f 666/731/666 676/742/676 675/751/675 665/740/665
f 667/741/667 677/752/677 686/753/686 676/742/676
f 668/743/668 678/754/678 677/755/677 667/744/667
f 669/745/669 679/756/679 678/754/678 668/743/668
f 670/746/670 680/757/680 679/756/679 669/745/669
f 671/747/671 681/758/681 680/757/680 670/746/670
f 672/748/672 682/759/682 681/758/681 671/747/671
f 673/749/673 683/760/683 682/759/682 672/748/672
f 674/750/674 684/761/684 683/760/683 673/749/673
f 675/751/675 685/762/685 684/761/684 674/750/674
f 676/742/676 686/753/686 685/762/685 675/751/675
f 677/752/677 687/763/687 696/764/696 686/753/686
f 678/754/678 688/765/688 687/766/687 677/755/677
f 679/756/679 689/767/689 688/765/688 678/754/678
f 680/757/680 690/768/690 689/767/689 679/756/679
f 681/758/681 691/769/691 690/768/690 680/757/680
f 682/759/682 692/770/692 691/769/691 681/758/681
f 683/760/683 693/771/693 692/770/692 682/759/682
f 684/761/684 694/772/694 693/771/693 683/760/683
f 685/762/685 695/773/695 694/772/694 684/761/684
f 686/753/686 696/764/696 695/773/695 685/762/685
f 687/763/687 697/774/697 706/775/706 696/764/696
f 688/765/688 698/776/698 697/777/697 687/766/687
f 689/767/689 699/778/699 698/776/698 688/765/688
f 690/768/690 700/779/700 699/778/699 689/767/689
f 691/769/691 701/780/701 700/779/700 690/768/690
f 692/770/692 702/781/702 701/780/701 691/769/691
f 693/771/693 703/782/703 702/781/702 692/770/692
f 694/772/694 704/783/704 703/782/703 693/771/693
f 695/773/695 705/784/705 704/783/704 694/772/694
f 696/764/696 706/775/706 705/784/705 695/773/695
f 697/774/697 707/785/707 716/786/716 706/775/706
f 698/776/698 708/787/708 707/788/707 697/777/697
f 699/778/699 709/789/709 708/787/708 698/776/698
f 700/779/700 710/790/710 709/789/709 699/778/699
f 701/780/701 711/791/711 710/790/710 700/779/700
f 702/781/702 712/792/712 711/791/711 701/780/701
f 703/782/703 713/793/713 712/792/712 702/781/702
f 704/783/704 714/794/714 713/793/713 703/782/703
f 705/784/705 715/795/715 714/794/714 704/783/704
f 706/775/706 716/786/716 715/795/715 705/784/705
f 707/785/707 717/796/717 726/797/726 716/786/716
f 708/787/708 718/798/718 717/799/717 707/788/707
f 709/789/709 719/800/719 718/798/718 708/787/708
f 710/790/710 720/801/720 719/800/719 709/789/709
f 711/791/711 721/802/721 720/801/720 710/790/710
f 712/792/712 722/803/722 721/802/721 711/791/711
f 713/793/713 723/804/723 722/803/722 712/792/712
f 714/794/714 724/805/724 723/804/723 713/793/713
f 715/795/715 725/806/725 724/805/724 714/794/714
f 716/786/716 726/797/726 725/806/725 715/795/715
f 717/796/717 727/807/727 736/808/736 726/797/726
f 718/798/718 728/809/728 727/810/727 717/799/717
f 719/800/719 729/811/729 728/809/728 718/798/718
f 720/801/720 730/812/730 729/811/729 719/800/719
f 721/802/721 731/813/731 730/812/730 720/801/720
f 722/803/722 732/814/732 731/813/731 721/802/721
f 723/804/723 733/815/733 732/814/732 722/803/722
f 724/805/724 734/816/734 733/815/733 723/804/723
f 725/806/725 735/817/735 734/816/734 724/805/724
f 726/797/726 736/808/736 735/817/735 725/806/725
f 727/807/727 737/818/737 746/819/746 736/808/736
f 728/809/728 738/820/738 737/821/737 727/810/727
f 729/811/729 739/822/739 738/820/738 728/809/728
f 730/812/730 740/823/740 739/822/739 729/811/729
f 731/813/731 741/824/741 740/823/740 730/812/730
f 732/814/732 742/825/742 741/824/741 731/813/731
f 733/815/733 743/826/743 742/825/742 732/814/732
f 734/816/734 744/827/744 743/826/743 733/815/733
f 735/817/735 745/828/745 744/827/744 734/816/734
f 736/808/736 746/819/746 745/828/745 735/817/735
f 737/818/737 747/829/747 756/830/756 746/819/746
f 738/820/738 748/831/748 747/832/747 737/821/737
f 739/822/739 749/833/749 748/831/748 738/820/738
f 740/823/740 750/834/750 749/833/749 739/822/739
f 741/824/741 751/835/751 750/834/750 740/823/740
f 742/825/742 752/836/752 751/835/751 741/824/741
f 743/826/743 753/837/753 752/836/752 742/825/742
f 744/827/744 754/838/754 753/837/753 743/826/743
f 745/828/745 755/839/755 754/838/754 744/827/744
f 746/819/746 756/830/756 755/839/755 745/828/745
f 747/829/747 757/840/757 766/841/766 756/830/756
f 748/831/748 758/842/758 757/843/757 747/832/747
f 749/833/749 759/844/759 758/842/758 748/831/748
f 750/834/750 760/845/760 759/844/759 749/833/749
f 751/835/751 761/846/761 760/845/760 750/834/750
f 752/836/752 762/847/762 761/846/761 751/835/751
f 753/837/753 763/848/763 762/847/762 752/836/752
f 754/838/754 764/849/764 763/848/763 753/837/753
f 755/839/755 765/850/765 764/849/764 754/838/754
f 756/830/756 766/841/766 765/850/765 755/839/755
f 757/840/757 767/851/767 776/852/776 766/841/766
f 758/842/758 768/853/768 767/854/767 757/843/757
f 759/844/759 769/855/769 768/853/768 758/842/758
f 760/845/760 770/856/770 769/855/769 759/844/759
f 761/846/761 771/857/771 770/856/770 760/845/760
f 762/847/762 772/858/772 771/857/771 761/846/761
f 763/848/763 773/859/773 772/858/772 762/847/762
f 764/849/764 774/860/774 773/859/773 763/848/763
f 765/850/765 775/861/775 774/860/774 764/849/764
f 766/841/766 776/852/776 775/861/775 765/850/765
f 767/851/767 777/862/777 786/863/786 776/852/776
f 768/853/768 778/864/778 777/865/777 767/854/767
f 769/855/769 779/866/779 778/864/778 768/853/768
f 770/856/770 780/867/780 779/866/779 769/855/769
f 771/857/771 781/868/781 780/867/780 770/856/770
f 772/858/772 782/869/782 781/868/781 771/857/771
f 773/859/773 783/870/783 782/869/782 772/858/772
f 774/860/774 784/871/784 783/870/783 773/859/773
f 775/861/775 785/872/785 784/871/784 774/860/774
f 776/852/776 786/863/786 785/872/785 775/861/775
f 777/862/777 787/873/787 796/874/796 786/863/786
f 778/864/778 788/875/788 787/876/787 777/865/777
f 779/866/779 789/877/789 788/875/788 778/864/778
f 780/867/780 790/878/790 789/877/789 779/866/779
f 781/868/781 791/879/791 790/878/790 780/867/780
f 782/869/782 792/880/792 791/879/791 781/868/781
f 783/870/783 793/881/793 792/880/792 782/869/782
f 784/871/784 794/882/794 793/881/793 783/870/783
f 785/872/785 795/883/795 794/882/794 784/871/784
f 786/863/786 796/874/796 795/883/795 785/872/785
f 787/873/787 797/884/797 806/885/806 796/874/796
f 788/875/788 798/886/798 797/887/797 787/876/787
f 789/877/789 799/888/799 798/886/798 788/875/788
f 790/878/790 800/889/800 799/888/799 789/877/789
f 791/879/791 801/890/801 800/889/800 790/878/790
f 792/880/792 802/891/802 801/890/801 791/879/791
f 793/881/793 803/892/803 802/891/802 792/880/792
f 794/882/794 804/893/804 803/892/803 793/881/793
f 795/883/795 805/894/805 804/893/804 794/882/794
f 796/874/796 806/885/806 805/894/805 795/883/795
f 797/884/797 807/895/807 816/896/816 806/885/806
f 798/886/798 808/897/808 807/898/807 797/887/797
f 799/888/799 809/899/809 808/897/808 798/886/798
f 800/889/800 810/900/810 809/899/809 799/888/799
f 801/890/801 811/901/811 810/900/810 800/889/800
f 802/891/802 812/902/812 811/901/811 801/890/801
f 803/892/803 813/903/813 812/902/812 802/891/802
f 804/893/804 814/904/814 813/903/813 803/892/803
f 805/894/805 815/905/815 814/904/814 804/893/804
f 806/885/806 816/896/816 815/905/815 805/894/805
f 807/895/807 817/906/817 826/907/826 816/896/816
f 808/897/808 818/908/818 817/909/817 807/898/807
f 809/899/809 819/910/819 818/908/818 808/897/808
f 810/900/810 820/911/820 819/910/819 809/899/809
f 811/901/811 821/912/821 820/911/820 810/900/810
f 812/902/812 822/913/822 821/912/821 811/901/811
f 813/903/813 823/914/823 822/913/822 812/902/812
f 814/904/814 824/915/824 823/914/823 813/903/813
f 815/905/815 825/916/825 824/915/824 814/904/814
f 816/896/816 826/907/826 825/916/825 815/905/815
f 817/906/817 827/917/827 836/918/836 826/907/826
f 818/908/818 828/919/828 827/920/827 817/909/817
f 819/910/819 829/921/829 828/919/828 818/908/818
f 820/911/820 830/922/830 829/921/829 819/910/819
f 821/912/821 831/923/831 830/922/830 820/911/820
f 822/913/822 832/924/832 831/923/831 821/912/821
f 823/914/823 833/925/833 832/924/832 822/913/822
f 824/915/824 834/926/834 833/925/833 823/914/823
f 825/916/825 835/927/835 834/926/834 824/915/824
f 826/907/826 836/918/836 835/927/835 825/916/825
f 827/917/827 837/928/837 846/929/846 836/918/836
f 828/919/828 838/930/838 837/931/837 827/920/827
f 829/921/829 839/932/839 838/930/838 828/919/828
f 830/922/830 840/933/840 839/932/839 829/921/829
f 831/923/831 841/934/841 840/933/840 830/922/830
f 832/924/832 842/935/842 841/934/841 831/923/831
f 833/925/833 843/936/843 842/935/842 832/924/832
f 834/926/834 844/937/844 843/936/843 833/925/833
f 835/927/835 845/938/845 844/937/844 834/926/834
f 836/918/836 846/929/846 845/938/845 835/927/835
f 837/928/837 847/939/847 856/940/856 846/929/846
f 838/930/838 848/941/848 847/942/847 837/931/837
f 839/932/839 849/943/849 848/941/848 838/930/838
f 840/933/840 850/944/850 849/943/849 839/932/839
f 841/934/841 851/945/851 850/944/850 840/933/840
f 842/935/842 852/946/852 851/945/851 841/934/841
f 843/936/843 853/947/853 852/946/852 842/935/842
f 844/937/844 854/948/854 853/947/853 843/936/843
f 845/938/845 855/949/855 854/948/854 844/937/844
f 846/929/846 856/940/856 855/949/855 845/938/845
f 847/939/847 857/950/857 866/951/866 856/940/856
f 848/941/848 858/952/858 857/953/857 847/942/847
f 849/943/849 859/954/859 858/952/858 848/941/848
f 850/944/850 860/955/860 859/954/859 849/943/849
f 851/945/851 861/956/861 860/955/860 850/944/850
f 852/946/852 862/957/862 861/956/861 851/945/851
f 853/947/853 863/958/863 862/957/862 852/946/852
f 854/948/854 864/959/864 863/958/863 853/947/853
f 855/949/855 865/960/865 864/959/864 854/948/854
f 856/940/856 866/951/866 865/960/865 855/949/855
f 857/950/857 867/961/867 876/962/876 866/951/866
f 858/952/858 868/963/868 867/964/867 857/953/857
f 859/954/859 869/965/869 868/963/868 858/952/858
f 860/955/860 870/966/870 869/965/869 859/954/859
f 861/956/861 871/967/871 870/966/870 860/955/860
f 862/957/862 872/968/872 871/967/871 861/956/861
f 863/958/863 873/969/873 872/968/872 862/957/862
f 864/959/864 874/970/874 873/969/873 863/958/863
f 865/960/865 875/971/875 874/970/874 864/959/864
f 866/951/866 876/962/876 875/971/875 865/960/865
f 867/961/867 877/972/877 886/973/886 876/962/876
f 868/963/868 878/974/878 877/975/877 867/964/867
f 869/965/869 879/976/879 878/974/878 868/963/868
f 870/966/870 880/977/880 879/976/879 869/965/869
f 871/967/871 881/978/881 880/977/880 870/966/870
f 872/968/872 882/979/882 881/978/881 871/967/871
f 873/969/873 883/980/883 882/979/882 872/968/872
f 874/970/874 884/981/884 883/980/883 873/969/873
f 875/971/875 885/982/885 884/981/884 874/970/874
f 876/962/876 886/973/886 885/982/885 875/971/875
f 877/972/877 887/983/887 896/984/896 886/973/886
f 878/974/878 888/985/888 887/986/887 877/975/877
f 879/976/879 889/987/889 888/985/888 878/974/878
f 880/977/880 890/988/890 889/987/889 879/976/879
f 881/978/881 891/989/891 890/988/890 880/977/880
f 882/979/882 892/990/892 891/989/891 881/978/881
f 883/980/883 893/991/893 892/990/892 882/979/882
f 884/981/884 894/992/894 893/991/893 883/980/883
f 885/982/885 895/993/895 894/992/894 884/981/884
f 886/973/886 896/984/896 895/993/895 885/982/885
f 887/983/887 897/994/897 906/995/906 896/984/896
f 888/985/888 898/996/898 897/997/897 887/986/887
f 889/987/889 899/998/899 898/996/898 888/985/888
f 890/988/890 900/999/900 899/998/899 889/987/889
f 891/989/891 901/1000/901 900/999/900 890/988/890
f 892/990/892 902/1001/902 901/1000/901 891/989/891
f 893/991/893 903/1002/903 902/1001/902 892/990/892
f 894/992/894 904/1003/904 903/1002/903 893/991/893
f 895/993/895 905/1004/905 904/1003/904 894/992/894
f 896/984/896 906/995/906 905/1004/905 895/993/895
f 897/994/897 907/1005/907 916/1006/916 906/995/906
f 898/996/898 908/1007/908 907/1008/907 897/997/897
f 899/998/899 909/1009/909 908/1007/908 898/996/898
f 900/999/900 910/1010/910 909/1009/909 899/998/899
f 901/1000/901 911/1011/911 910/1010/910 900/999/900
f 902/1001/902 912/1012/912 911/1011/911 901/1000/901
f 903/1002/903 913/1013/913 912/1012/912 902/1001/902
f 904/1003/904 914/1014/914 913/1013/913 903/1002/903
f 905/1004/905 915/1015/915 914/1014/914 904/1003/904
f 906/995/906 916/1006/916 915/1015/915 905/1004/905
f 907/1005/907 917/1016/917 926/1017/926 916/1006/916
f 908/1007/908 918/1018/918 917/1019/917 907/1008/907
f 909/1009/909 919/1020/919 918/1018/918 908/1007/908
f 910/1010/910 920/1021/920 919/1020/919 909/1009/909
f 911/1011/911 921/1022/921 920/1021/920 910/1010/910
f 912/1012/912 922/1023/922 921/1022/921 911/1011/911
f 913/1013/913 923/1024/923 922/1023/922 912/1012/912
f 914/1014/914 924/1025/924 923/1024/923 913/1013/913
f 915/1015/915 925/1026/925 924/1025/924 914/1014/914
f 916/1006/916 926/1017/926 925/1026/925 915/1015/915
f 917/1016/917 927/1027/927 936/1028/936 926/1017/926
f 918/1018/918 928/1029/928 927/1030/927 917/1019/917
f 919/1020/919 929/1031/929 928/1029/928 918/1018/918
f 920/1021/920 930/1032/930 929/1031/929 919/1020/919
f 921/1022/921 931/1033/931 930/1032/930 920/1021/920
f 922/1023/922 932/1034/932 931/1033/931 921/1022/921
f 923/1024/923 933/1035/933 932/1034/932 922/1023/922
f 924/1025/924 934/1036/934 933/1035/933 923/1024/923
f 925/1026/925 935/1037/935 934/1036/934 924/1025/924
f 926/1017/926 936/1028/936 935/1037/935 925/1026/925
f 927/1027/927 937/1038/937 946/1039/946 936/1028/936
f 928/1029/928 938/1040/938 937/1041/937 927/1030/927
f 929/1031/929 939/1042/939 938/1040/938 928/1029/928
f 930/1032/930 940/1043/940 939/1042/939 929/1031/929
f 931/1033/931 941/1044/941 940/1043/940 930/1032/930
f 932/1034/932 942/1045/942 941/1044/941 931/1033/931
f 933/1035/933 943/1046/943 942/1045/942 932/1034/932
f 934/1036/934 944/1047/944 943/1046/943 933/1035/933
f 935/1037/935 945/1048/945 944/1047/944 934/1036/934
f 936/1028/936 946/1039/946 945/1048/945 935/1037/935
f 937/1038/937 947/1049/947 956/1050/956 946/1039/946
f 938/1040/938 948/1051/948 947/1052/947 937/1041/937
f 939/1042/939 949/1053/949 948/1051/948 938/1040/938
f 940/1043/940 950/1054/950 949/1053/949 939/1042/939
f 941/1044/941 951/1055/951 950/1054/950 940/1043/940
f 942/1045/942 952/1056/952 951/1055/951 941/1044/941
f 943/1046/943 953/1057/953 952/1056/952 942/1045/942
f 944/1047/944 954/1058/954 953/1057/953 943/1046/943
f 945/1048/945 955/1059/955 954/1058/954 944/1047/944
f 946/1039/946 956/1050/956 955/1059/955 945/1048/945
f 947/1049/947 957/1060/957 966/1061/966 956/1050/956
f 948/1051/948 958/1062/958 957/1063/957 947/1052/947
f 949/1053/949 959/1064/959 958/1062/958 948/1051/948
f 950/1054/950 960/1065/960 959/1064/959 949/1053/949
f 951/1055/951 961/1066/961 960/1065/960 950/1054/950
f 952/1056/952 962/1067/962 961/1066/961 951/1055/951
f 953/1057/953 963/1068/963 962/1067/962 952/1056/952
f 954/1058/954 964/1069/964 963/1068/963 953/1057/953
f 955/1059/955 965/1070/965 964/1069/964 954/1058/954
f 956/1050/956 966/1061/966 965/1070/965 955/1059/955
f 957/1060/957 967/1071/967 976/1072/976 966/1061/966
f 958/1062/958 968/1073/968 967/1074/967 957/1063/957
f 959/1064/959 969/1075/969 968/1073/968 958/1062/958
f 960/1065/960 970/1076/970 969/1075/969 959/1064/959
f 961/1066/961 971/1077/971 970/1076/970 960/1065/960
f 962/1067/962 972/1078/972 971/1077/971 961/1066/961
f 963/1068/963 973/1079/973 972/1078/972 962/1067/962
f 964/1069/964 974/1080/974 973/1079/973 963/1068/963
f 965/1070/965 975/1081/975 974/1080/974 964/1069/964
f 966/1061/966 976/1072/976 975/1081/975 965/1070/965
f 967/1071/967 977/1082/977 986/1083/986 976/1072/976
f 968/1073/968 978/1084/978 977/1085/977 967/1074/967
f 969/1075/969 979/1086/979 978/1084/978 968/1073/968
f 970/1076/970 980/1087/980 979/1086/979 969/1075/969
f 971/1077/971 981/1088/981 980/1087/980 970/1076/970
f 972/1078/972 982/1089/982 981/1088/981 971/1077/971
f 973/1079/973 983/1090/983 982/1089/982 972/1078/972
f 974/1080/974 984/1091/984 983/1090/983 973/1079/973
f 975/1081/975 985/1092/985 984/1091/984 974/1080/974
f 976/1072/976 986/1083/986 985/1092/985 975/1081/975
f 977/1082/977 987/1093/987 996/1094/996 986/1083/986
f 978/1084/978 988/1095/988 987/1096/987 977/1085/977
f 979/1086/979 989/1097/989 988/1095/988 978/1084/978
f 980/1087/980 990/1098/990 989/1097/989 979/1086/979
f 981/1088/981 991/1099/991 990/1098/990 980/1087/980
f 982/1089/982 992/1100/992 991/1099/991 981/1088/981
f 983/1090/983 993/1101/993 992/1100/992 982/1089/982
f 984/1091/984 994/1102/994 993/1101/993 983/1090/983
f 985/1092/985 995/1103/995 994/1102/994 984/1091/984
f 986/1083/986 996/1094/996 995/1103/995 985/1092/985
f 987/1093/987 997/1104/997 1006/1105/1006 996/1094/996
f 988/1095/988 998/1106/998 997/1107/997 987/1096/987
f 989/1097/989 999/1108/999 998/1106/998 988/1095/988
f 990/1098/990 1000/1109/1000 999/1108/999 989/1097/989
f 991/1099/991 1001/1110/1001 1000/1109/1000 990/1098/990
f 992/1100/992 1002/1111/1002 1001/1110/1001 991/1099/991
f 993/1101/993 1003/1112/1003 1002/1111/1002 992/1100/992
f 994/1102/994 1004/1113/1004 1003/1112/1003 993/1101/993
f 995/1103/995 1005/1114/1005 1004/1113/1004 994/1102/994
f 996/1094/996 1006/1105/1006 1005/1114/1005 995/1103/995
f 997/1104/997 1007/1115/1007 1016/1116/1016 1006/1105/1006
f 998/1106/998 1008/1117/1008 1007/1118/1007 997/1107/997
f 999/1108/999 1009/1119/1009 1008/1117/1008 998/1106/998
f 1000/1109/1000 1010/1120/1010 1009/1119/1009 999/1108/999
f 1001/1110/1001 1011/1121/1011 1010/1120/1010 1000/1109/1000
f 1002/1111/1002 1012/1122/1012 1011/1121/1011 1001/1110/1001
f 1003/1112/1003 1013/1123/1013 1012/1122/1012 1002/1111/1002
f 1004/1113/1004 1014/1124/1014 1013/1123/1013 1003/1112/1003
f 1005/1114/1005 1015/1125/1015 1014/1124/1014 1004/1113/1004
f 1006/1105/1006 1016/1116/1016 1015/1125/1015 1005/1114/1005
f 1007/1115/1007 1017/1126/1017 1026/1127/1026 1016/1116/1016
f 1008/1117/1008 1018/1128/1018 1017/1129/1017 1007/1118/1007
f 1009/1119/1009 1019/1130/1019 1018/1128/1018 1008/1117/1008
f 1010/1120/1010 1020/1131/1020 1019/1130/1019 1009/1119/1009
f 1011/1121/1011 1021/1132/1021 1020/1131/1020 1010/1120/1010
f 1012/1122/1012 1022/1133/1022 1021/1132/1021 1011/1121/1011
f 1013/1123/1013 1023/1134/1023 1022/1133/1022 1012/1122/1012
f 1014/1124/1014 1024/1135/1024 1023/1134/1023 1013/1123/1013
f 1015/1125/1015 1025/1136/1025 1024/1135/1024 1014/1124/1014
f 1016/1116/1016 1026/1127/1026 1025/1136/1025 1015/1125/1015
f 1017/1126/1017 1027/1137/1027 1036/1138/1036 1026/1127/1026
f 1018/1128/1018 1028/1139/1028 1027/1140/1027 1017/1129/1017
f 1019/1130/1019 1029/1141/1029 1028/1139/1028 1018/1128/1018
f 1020/1131/1020 1030/1142/1030 1029/1141/1029 1019/1130/1019
f 1021/1132/1021 1031/1143/1031 1030/1142/1030 1020/1131/1020
f 1022/1133/1022 1032/1144/1032 1031/1143/1031 1021/1132/1021
f 1023/1134/1023 1033/1145/1033 1032/1144/1032 1022/1133/1022
f 1024/1135/1024 1034/1146/1034 1033/1145/1033 1023/1134/1023
f 1025/1136/1025 1035/1147/1035 1034/1146/1034 1024/1135/1024
f 1026/1127/1026 1036/1138/1036 1035/1147/1035 1025/1136/1025
f 1027/1137/1027 1037/1148/1037 1046/1149/1046 1036/1138/1036
f 1028/1139/1028 1038/1150/1038 1037/1151/1037 1027/1140/1027
f 1029/1141/1029 1039/1152/1039 1038/1150/1038 1028/1139/1028
f 1030/1142/1030 1040/1153/1040 1039/1152/1039 1029/1141/1029
f 1031/1143/1031 1041/1154/1041 1040/1153/1040 1030/1142/1030
f 1032/1144/1032 1042/1155/1042 1041/1154/1041 1031/1143/1031
f 1033/1145/1033 1043/1156/1043 1042/1155/1042 1032/1144/1032
f 1034/1146/1034 1044/1157/1044 1043/1156/1043 1033/1145/1033
f 1035/1147/1035 1045/1158/1045 1044/1157/1044 1034/1146/1034
f 1036/1138/1036 1046/1149/1046 1045/1158/1045 1035/1147/1035
f 1037/1148/1037 1047/1159/1047 1056/1160/1056 1046/1149/1046
f 1038/1150/1038 1048/1161/1048 1047/1162/1047 1037/1151/1037
f 1039/1152/1039 1049/1163/1049 1048/1161/1048 1038/1150/1038
f 1040/1153/1040 1050/1164/1050 1049/1163/1049 1039/1152/1039
f 1041/1154/1041 1051/1165/1051 1050/1164/1050 1040/1153/1040
f 1042/1155/1042 1052/1166/1052 1051/1165/1051 1041/1154/1041
f 1043/1156/1043 1053/1167/1053 1052/1166/1052 1042/1155/1042
f 1044/1157/1044 1054/1168/1054 1053/1167/1053 1043/1156/1043
f 1045/1158/1045 1055/1169/1055 1054/1168/1054 1044/1157/1044
f 1046/1149/1046 1056/1160/1056 1055/1169/1055 1045/1158/1045
f 1047/1159/1047 1057/1170/1057 1066/1171/1066 1056/1160/1056
f 1048/1161/1048 1058/1172/1058 1057/1173/1057 1047/1162/1047
f 1049/1163/1049 1059/1174/1059 1058/1172/1058 1048/1161/1048
f 1050/1164/1050 1060/1175/1060 1059/1174/1059 1049/1163/1049
f 1051/1165/1051 1061/1176/1061 1060/1175/1060 1050/1164/1050
f 1052/1166/1052 1062/1177/1062 1061/1176/1061 1051/1165/1051
f 1053/1167/1053 1063/1178/1063 1062/1177/1062 1052/1166/1052
f 1054/1168/1054 1064/1179/1064 1063/1178/1063 1053/1167/1053
f 1055/1169/1055 1065/1180/1065 1064/1179/1064 1054/1168/1054
f 1056/1160/1056 1066/1171/1066 1065/1180/1065 1055/1169/1055
f 1057/1170/1057 1067/1181/1067 1076/1182/1076 1066/1171/1066
f 1058/1172/1058 1068/1183/1068 1067/1184/1067 1057/1173/1057
f 1059/1174/1059 1069/1185/1069 1068/1183/1068 1058/1172/1058
f 1060/1175/1060 1070/1186/1070 1069/1185/1069 1059/1174/1059
f 1061/1176/1061 1071/1187/1071 1070/1186/1070 1060/1175/1060
f 1062/1177/1062 1072/1188/1072 1071/1187/1071 1061/1176/1061
f 1063/1178/1063 1073/1189/1073 1072/1188/1072 1062/1177/1062
f 1064/1179/1064 1074/1190/1074 1073/1189/1073 1063/1178/1063
f 1065/1180/1065 1075/1191/1075 1074/1190/1074 1064/1179/1064
f 1066/1171/1066 1076/1182/1076 1075/1191/1075 1065/1180/1065
o Obstacle
v -1.320000 1.880000 -0.055000
v -1.320000 1.950000 0.015000
v -1.250000 1.880000 0.015000
v -1.320000 1.929497 -0.034497
v -1.279585 1.920415 -0.025415
v -1.270503 1.929497 0.015000
v -1.270503 1.880000 -0.034497
v -1.320000 1.950000 0.825000
v -1.320000 1.880000 0.895000
v -1.250000 1.880000 0.825000
v -1.320000 1.929497 0.874498
v -1.279585 1.920415 0.865415
v -1.270503 1.880000 0.874498
v -1.270503 1.929497 0.825000
v -1.320000 1.320000 -0.055000
v -1.250000 1.320000 0.015000
v -1.320000 1.250000 0.015000
v -1.270503 1.320000 -0.034497
v -1.279586 1.279585 -0.025415
v -1.270503 1.270503 0.015000
v -1.320000 1.270503 -0.034497
v -1.320000 1.320000 0.895000
v -1.320000 1.250000 0.825000
v -1.250000 1.320000 0.825000
v -1.320000 1.270503 0.874498
v -1.279585 1.279586 0.865415
v -1.270503 1.270503 0.825000
v -1.270503 1.320000 0.874498
v -2.680000 1.880000 -0.055000
v -2.750000 1.880000 0.015000
v -2.680000 1.950000 0.015000
v -2.729498 1.880000 -0.034497
v -2.720415 1.920415 -0.025415
v -2.729498 1.929497 0.015000
v -2.680000 1.929497 -0.034497
v -2.680000 1.880000 0.895000
v -2.680000 1.950000 0.825000
v -2.750000 1.880000 0.825000
v -2.680000 1.929497 0.874498
v -2.720415 1.920415 0.865415
v -2.729498 1.929497 0.825000
v -2.729498 1.880000 0.874498
v -2.680000 1.320000 -0.055000
v -2.680000 1.250000 0.015000
v -2.750000 1.320000 0.015000
v -2.680000 1.270503 -0.034497
v -2.720415 1.279586 -0.025415
v -2.729498 1.270503 0.015000
v -2.729498 1.320000 -0.034497
v -2.680000 1.320000 0.895000
v -2.750000 1.320000 0.825000
v -2.680000 1.250000 0.825000
v -2.729498 1.320000 0.874498
v -2.720415 1.279585 0.865415
v -2.729498 1.270503 0.825000
v -2.680000 1.270503 0.874498
vn 0.1794 0.1794 -0.9673
vn 0.1794 0.9673 -0.1794
vn 0.9673 0.1794 -0.1794
vn 0.1726 0.6965 -0.6965
vn 0.5774 0.5773 -0.5774
vn 0.6965 0.6965 -0.1726
vn 0.6965 0.1726 -0.6965
vn 0.1794 0.9673 0.1794
vn 0.1794 0.1794 0.9673
vn 0.9673 0.1794 0.1794
vn 0.1726 0.6965 0.6965
vn 0.5774 0.5773 0.5774
vn 0.6965 0.1726 0.6965
vn 0.6965 0.6965 0.1726
vn 0.1794 -0.1794 -0.9673
vn 0.9673 -0.1794 -0.1794
vn 0.1794 -0.9673 -0.1794
vn 0.6965 -0.1726 -0.6965
vn 0.5773 -0.5774 -0.5774
vn 0.6965 -0.6965 -0.1726
vn 0.1726 -0.6965 -0.6965
vn 0.1794 -0.1794 0.9673
vn 0.1794 -0.9673 0.1794
vn 0.9673 -0.1794 0.1794
vn 0.1726 -0.6965 0.6965
vn 0.5774 -0.5773 0.5774
vn 0.6965 -0.6965 0.1726
vn 0.6965 -0.1726 0.6965
vn -0.1794 0.1794 -0.9673
vn -0.9673 0.1794 -0.1794
vn -0.1794 0.9673 -0.1794
vn -0.6965 0.1726 -0.6965
vn -0.5774 0.5774 -0.5773
vn -0.6965 0.6965 -0.1726
vn -0.1726 0.6965 -0.6965
vn -0.1794 0.1794 0.9673
vn -0.1794 0.9673 0.1794
vn -0.9673 0.1794 0.1794
vn -0.1726 0.6965 0.6965
vn -0.5774 0.5774 0.5773
vn -0.6965 0.6965 0.1726
vn -0.6965 0.1726 0.6965
vn -0.1794 -0.1794 -0.9673
vn -0.1794 -0.9673 -0.1794
vn -0.9673 -0.1794 -0.1794
vn -0.1726 -0.6965 -0.6965
vn -0.5774 -0.5774 -0.5773
vn -0.6965 -0.6965 -0.1726
vn -0.6965 -0.1726 -0.6965
vn -0.1794 -0.1794 0.9673
vn -0.9673 -0.1794 0.1794
vn -0.1794 -0.9673 0.1794
vn -0.6965 -0.1726 0.6965
vn -0.5774 -0.5774 0.5773
vn -0.6965 -0.6965 0.1726
vn -0.1726 -0.6965 0.6965
vt 0.136667 0.725000
vt 0.136667 0.750000
vt 0.129931 0.750000
vt 0.125000 0.725000
vt 0.393421 0.988333
vt 0.393421 1.000000
vt 0.382786 1.000000
vt 0.375000 0.988333
vt 0.393421 0.025000
vt 0.375000 0.025000
vt 0.375000 0.010566
vt 0.393421 0.000000
vt 0.606579 0.988333
vt 0.625000 0.988333
vt 0.625000 0.995069
vt 0.606579 1.000000
vt 0.863333 0.725000
vt 0.875000 0.725000
vt 0.875000 0.739434
vt 0.863333 0.750000
vt 0.606579 0.025000
vt 0.606579 0.000000
vt 0.617214 0.000000
vt 0.625000 0.025000
vt 0.136667 0.525000
vt 0.125000 0.525000
vt 0.125000 0.510566
vt 0.136667 0.500000
vt 0.393421 0.225000
vt 0.393421 0.250000
vt 0.378893 0.252465
vt 0.375000 0.225000
vt 0.393421 0.261667
vt 0.375000 0.261667
vt 0.863333 0.525000
vt 0.863333 0.500000
vt 0.870069 0.500000
vt 0.875000 0.525000
vt 0.606579 0.261667
vt 0.606579 0.250000
vt 0.621107 0.244717
vt 0.625000 0.261667
vt 0.606579 0.225000
vt 0.625000 0.225000
vt 0.363333 0.725000
vt 0.375000 0.725000
vt 0.377595 0.748122
vt 0.369167 0.755833
vt 0.393421 0.725000
vt 0.393421 0.750000
vt 0.393421 0.761667
vt 0.636667 0.725000
vt 0.630833 0.755833
vt 0.624048 0.746478
vt 0.625000 0.725000
vt 0.606579 0.761667
vt 0.606579 0.750000
vt 0.606579 0.725000
vt 0.363333 0.525000
vt 0.369167 0.494167
vt 0.375952 0.503522
vt 0.375000 0.525000
vt 0.393421 0.488333
vt 0.393421 0.500000
vt 0.393421 0.525000
vt 0.636667 0.525000
vt 0.625000 0.525000
vt 0.622405 0.501878
vt 0.630833 0.494167
vt 0.606579 0.525000
vt 0.606579 0.500000
vt 0.606579 0.488333
s 1
usemtl Obstacle
f 1077/1192/1077 1080/1193/1080 1081/1194/1081 1083/1195/1083
f 1078/1196/1078 1082/1197/1082 1081/1198/1081 1080/1199/1080
f 1079/1200/1079 1083/1201/1083 1081/1202/1081 1082/1203/1082
f 1084/1204/1084 1087/1205/1087 1088/1206/1088 1090/1207/1090
f 1085/1208/1085 1089/1209/1089 1088/1210/1088 1087/1211/1087
f 1086/1212/1086 1090/1213/1090 1088/1214/1088 1089/1215/1089
f 1091/1216/1091 1094/1217/1094 1095/1218/1095 1097/1219/1097
f 1092/1220/1092 1096/1221/1096 1095/1222/1095 1094/1223/1094
f 1093/1224/1093 1097/1225/1097 1095/1222/1095 1096/1221/1096
f 1098/1226/1098 1101/1227/1101 1102/1228/1102 1104/1229/1104
f 1099/1230/1099 1103/1231/1103 1102/1232/1102 1101/1233/1101
f 1100/1234/1100 1104/1235/1104 1102/1232/1102 1103/1231/1103
f 1105/1236/1105 1108/1237/1108 1109/1238/1109 1111/1239/1111
f 1106/1240/1106 1110/1241/1110 1109/1238/1109 1108/1237/1108
f 1107/1242/1107 1111/1239/1111 1109/1238/1109 1110/1241/1110
f 1112/1243/1112 1115/1244/1115 1116/1245/1116 1118/1246/1118
f 1113/1247/1113 1117/1248/1117 1116/1245/1116 1115/1244/1115
f 1114/1249/1114 1118/1246/1118 1116/1245/1116 1117/1248/1117
f 1119/1250/1119 1122/1251/1122 1123/1252/1123 1125/1253/1125
f 1120/1254/1120 1124/1255/1124 1123/1252/1123 1122/1251/1122
f 1121/1256/1121 1125/1253/1125 1123/1252/1123 1124/1255/1124
f 1126/1257/1126 1129/1258/1129 1130/1259/1130 1132/1260/1132
f 1127/1261/1127 1131/1262/1131 1130/1259/1130 1129/1258/1129
f 1128/1263/1128 1132/1260/1132 1130/1259/1130 1131/1262/1131
f 1091/1216/1091 1077/1192/1077 1083/1195/1083 1094/1217/1094
f 1094/1223/1094 1083/1201/1083 1079/1200/1079 1092/1220/1092
f 1078/1196/1078 1084/1204/1084 1090/1207/1090 1082/1197/1082
f 1082/1203/1082 1090/1213/1090 1086/1212/1086 1079/1200/1079
f 1085/1208/1085 1098/1226/1098 1104/1229/1104 1089/1209/1089
f 1089/1215/1089 1104/1235/1104 1100/1234/1100 1086/1212/1086
f 1099/1230/1099 1093/1224/1093 1096/1221/1096 1103/1231/1103
f 1103/1231/1103 1096/1221/1096 1092/1220/1092 1100/1234/1100
f 1119/1250/1119 1091/1216/1091 1097/1219/1097 1122/1251/1122
f 1122/1251/1122 1097/1225/1097 1093/1224/1093 1120/1254/1120
f 1098/1226/1098 1126/1257/1126 1132/1260/1132 1101/1227/1101
f 1101/1233/1101 1132/1260/1132 1128/1263/1128 1099/1230/1099
f 1127/1261/1127 1121/1256/1121 1124/1255/1124 1131/1262/1131
f 1131/1262/1131 1124/1255/1124 1120/1254/1120 1128/1263/1128
f 1105/1236/1105 1119/1250/1119 1125/1253/1125 1108/1237/1108
f 1108/1237/1108 1125/1253/1125 1121/1256/1121 1106/1240/1106
f 1126/1257/1126 1112/1243/1112 1118/1246/1118 1129/1258/1129
f 1129/1258/1129 1118/1246/1118 1114/1249/1114 1127/1261/1127
f 1113/1247/1113 1107/1242/1107 1110/1241/1110 1117/1248/1117
f 1117/1248/1117 1110/1241/1110 1106/1240/1106 1114/1249/1114
f 1077/1192/1077 1105/1236/1105 1111/1239/1111 1080/1193/1080
f 1080/1199/1080 1111/1239/1111 1107/1242/1107 1078/1196/1078
f 1112/1243/1112 1085/1208/1085 1087/1211/1087 1115/1244/1115
f 1115/1244/1115 1087/1205/1087 1084/1204/1084 1113/1247/1113
f 1091/1216/1091 1119/1250/1119 1105/1236/1105 1077/1192/1077
f 1079/1200/1079 1086/1212/1086 1100/1234/1100 1092/1220/1092
f 1107/1242/1107 1113/1247/1113 1084/1204/1084 1078/1196/1078
f 1126/1257/1126 1098/1226/1098 1085/1208/1085 1112/1243/1112
f 1093/1224/1093 1099/1230/1099 1128/1263/1128 1120/1254/1120
f 1121/1256/1121 1127/1261/1127 1114/1249/1114 1106/1240/1106
o ObsBand
v -1.270000 1.930000 0.660000
v -1.270000 1.980000 0.710000
v -1.220000 1.930000 0.710000
v -1.270000 1.965355 0.674645
v -1.241132 1.958868 0.681132
v -1.234645 1.965355 0.710000
v -1.234645 1.930000 0.674645
v -1.270000 1.980000 0.770000
v -1.270000 1.930000 0.820000
v -1.220000 1.930000 0.770000
v -1.270000 1.965355 0.805355
v -1.241132 1.958868 0.798868
v -1.234645 1.930000 0.805355
v -1.234645 1.965355 0.770000
v -1.270000 1.270000 0.660000
v -1.220000 1.270000 0.710000
v -1.270000 1.220000 0.710000
v -1.234645 1.270000 0.674645
v -1.241132 1.241132 0.681132
v -1.234645 1.234645 0.710000
v -1.270000 1.234645 0.674645
v -1.270000 1.270000 0.820000
v -1.270000 1.220000 0.770000
v -1.220000 1.270000 0.770000
v -1.270000 1.234645 0.805355
v -1.241132 1.241132 0.798868
v -1.234645 1.234645 0.770000
v -1.234645 1.270000 0.805355
v -2.730000 1.930000 0.660000
v -2.780000 1.930000 0.710000
v -2.730000 1.980000 0.710000
v -2.765355 1.930000 0.674645
v -2.758868 1.958868 0.681132
v -2.765355 1.965355 0.710000
v -2.730000 1.965355 0.674645
v -2.730000 1.930000 0.820000
v -2.730000 1.980000 0.770000
v -2.780000 1.930000 0.770000
v -2.730000 1.965355 0.805355
v -2.758868 1.958868 0.798868
v -2.765355 1.965355 0.770000
v -2.765355 1.930000 0.805355
v -2.730000 1.270000 0.660000
v -2.730000 1.220000 0.710000
v -2.780000 1.270000 0.710000
v -2.730000 1.234645 0.674645
v -2.758868 1.241132 0.681132
v -2.765355 1.234645 0.710000
v -2.765355 1.270000 0.674645
v -2.730000 1.270000 0.820000
v -2.780000 1.270000 0.770000
v -2.730000 1.220000 0.770000
v -2.765355 1.270000 0.805355
v -2.758868 1.241132 0.798868
v -2.765355 1.234645 0.770000
v -2.730000 1.234645 0.805355
vn 0.1794 0.1794 -0.9673
vn 0.1794 0.9673 -0.1794
vn 0.9673 0.1794 -0.1794
vn 0.1726 0.6965 -0.6965
vn 0.5773 0.5773 -0.5774
vn 0.6965 0.6965 -0.1726
vn 0.6965 0.1726 -0.6965
vn 0.1794 0.9673 0.1794
vn 0.1794 0.1794 0.9673
vn 0.9673 0.1794 0.1794
vn 0.1726 0.6965 0.6965
vn 0.5773 0.5774 0.5774
vn 0.6965 0.1726 0.6965
vn 0.6965 0.6965 0.1726
vn 0.1794 -0.1794 -0.9673
vn 0.9673 -0.1794 -0.1794
vn 0.1794 -0.9673 -0.1794
vn 0.6965 -0.1726 -0.6965
vn 0.5774 -0.5774 -0.5774
vn 0.6965 -0.6965 -0.1726
vn 0.1726 -0.6965 -0.6965
vn 0.1794 -0.1794 0.9673
vn 0.1794 -0.9673 0.1794
vn 0.9673 -0.1794 0.1794
vn 0.1726 -0.6965 0.6965
vn 0.5774 -0.5774 0.5774
vn 0.6965 -0.6965 0.1726
vn 0.6965 -0.1726 0.6965
vn -0.1794 0.1794 -0.9673
vn -0.9673 0.1794 -0.1794
vn -0.1794 0.9673 -0.1794
vn -0.6965 0.1726 -0.6965
vn -0.5773 0.5774 -0.5774
vn -0.6965 0.6965 -0.1726
vn -0.1726 0.6965 -0.6965
vn -0.1794 0.1794 0.9673
vn -0.1794 0.9673 0.1794
vn -0.9673 0.1794 0.1794
vn -0.1726 0.6965 0.6965
vn -0.5773 0.5774 0.5774
vn -0.6965 0.6965 0.1726
vn -0.6965 0.1726 0.6965
vn -0.1794 -0.1794 -0.9673
vn -0.1794 -0.9673 -0.1794
vn -0.9673 -0.1794 -0.1794
vn -0.1726 -0.6965 -0.6965
vn -0.5773 -0.5774 -0.5773
vn -0.6965 -0.6965 -0.1726
vn -0.6965 -0.1726 -0.6965
vn -0.1794 -0.1794 0.9673
vn -0.9673 -0.1794 0.1794
vn -0.1794 -0.9673 0.1794
vn -0.6965 -0.1726 0.6965
vn -0.5773 -0.5774 0.5773
vn -0.6965 -0.6965 0.1726
vn -0.1726 -0.6965 0.6965
vt 0.133013 0.733553
vt 0.133013 0.750000
vt 0.128387 0.750000
vt 0.125000 0.733553
vt 0.453125 0.991987
vt 0.453125 1.000000
vt 0.408019 1.000000
vt 0.375000 0.991987
vt 0.453125 0.016447
vt 0.375000 0.016447
vt 0.375000 0.006951
vt 0.453125 0.000000
vt 0.546875 0.991987
vt 0.625000 0.991987
vt 0.625000 0.996613
vt 0.546875 1.000000
vt 0.866987 0.733553
vt 0.875000 0.733553
vt 0.875000 0.743048
vt 0.866987 0.750000
vt 0.546875 0.016447
vt 0.546875 0.000000
vt 0.591981 0.000000
vt 0.625000 0.016447
vt 0.133013 0.516447
vt 0.125000 0.516447
vt 0.125000 0.506951
vt 0.133013 0.500000
vt 0.453125 0.233553
vt 0.453125 0.250000
vt 0.391510 0.251693
vt 0.375000 0.233553
vt 0.453125 0.258013
vt 0.375000 0.258013
vt 0.866987 0.516447
vt 0.866987 0.500000
vt 0.871613 0.500000
vt 0.875000 0.516447
vt 0.546875 0.258013
vt 0.546875 0.250000
vt 0.608490 0.246524
vt 0.625000 0.258013
vt 0.546875 0.233553
vt 0.625000 0.233553
vt 0.366987 0.733553
vt 0.375000 0.733553
vt 0.386007 0.748812
vt 0.370994 0.754006
vt 0.453125 0.733553
vt 0.453125 0.750000
vt 0.453125 0.758013
vt 0.633013 0.733553
vt 0.629006 0.754006
vt 0.615122 0.747683
vt 0.625000 0.733553
vt 0.546875 0.758013
vt 0.546875 0.750000
vt 0.546875 0.733553
vt 0.366987 0.516447
vt 0.370994 0.495994
vt 0.384878 0.502317
vt 0.375000 0.516447
vt 0.453125 0.491987
vt 0.453125 0.500000
vt 0.453125 0.516447
vt 0.633013 0.516447
vt 0.625000 0.516447
vt 0.613994 0.501188
vt 0.629006 0.495994
vt 0.546875 0.516447
vt 0.546875 0.500000
vt 0.546875 0.491987
s 1
usemtl ObsBand
f 1133/1264/1133 1136/1265/1136 1137/1266/1137 1139/1267/1139
f 1134/1268/1134 1138/1269/1138 1137/1270/1137 1136/1271/1136
f 1135/1272/1135 1139/1273/1139 1137/1274/1137 1138/1275/1138
f 1140/1276/1140 1143/1277/1143 1144/1278/1144 1146/1279/1146
f 1141/1280/1141 1145/1281/1145 1144/1282/1144 1143/1283/1143
f 1142/1284/1142 1146/1285/1146 1144/1286/1144 1145/1287/1145
f 1147/1288/1147 1150/1289/1150 1151/1290/1151 1153/1291/1153
f 1148/1292/1148 1152/1293/1152 1151/1294/1151 1150/1295/1150
f 1149/1296/1149 1153/1297/1153 1151/1294/1151 1152/1293/1152
f 1154/1298/1154 1157/1299/1157 1158/1300/1158 1160/1301/1160
f 1155/1302/1155 1159/1303/1159 1158/1304/1158 1157/1305/1157
f 1156/1306/1156 1160/1307/1160 1158/1304/1158 1159/1303/1159
f 1161/1308/1161 1164/1309/1164 1165/1310/1165 1167/1311/1167
f 1162/1312/1162 1166/1313/1166 1165/1310/1165 1164/1309/1164
f 1163/1314/1163 1167/1311/1167 1165/1310/1165 1166/1313/1166
f 1168/1315/1168 1171/1316/1171 1172/1317/1172 1174/1318/1174
f 1169/1319/1169 1173/1320/1173 1172/1317/1172 1171/1316/1171
f 1170/1321/1170 1174/1318/1174 1172/1317/1172 1173/1320/1173
f 1175/1322/1175 1178/1323/1178 1179/1324/1179 1181/1325/1181
f 1176/1326/1176 1180/1327/1180 1179/1324/1179 1178/1323/1178
f 1177/1328/1177 1181/1325/1181 1179/1324/1179 1180/1327/1180
f 1182/1329/1182 1185/1330/1185 1186/1331/1186 1188/1332/1188
f 1183/1333/1183 1187/1334/1187 1186/1331/1186 1185/1330/1185
f 1184/1335/1184 1188/1332/1188 1186/1331/1186 1187/1334/1187
f 1147/1288/1147 1133/1264/1133 1139/1267/1139 1150/1289/1150
f 1150/1295/1150 1139/1273/1139 1135/1272/1135 1148/1292/1148
f 1134/1268/1134 1140/1276/1140 1146/1279/1146 1138/1269/1138
f 1138/1275/1138 1146/1285/1146 1142/1284/1142 1135/1272/1135
f 1141/1280/1141 1154/1298/1154 1160/1301/1160 1145/1281/1145
f 1145/1287/1145 1160/1307/1160 1156/1306/1156 1142/1284/1142
f 1155/1302/1155 1149/1296/1149 1152/1293/1152 1159/1303/1159
f 1159/1303/1159 1152/1293/1152 1148/1292/1148 1156/1306/1156
f 1175/1322/1175 1147/1288/1147 1153/1291/1153 1178/1323/1178
f 1178/1323/1178 1153/1297/1153 1149/1296/1149 1176/1326/1176
f 1154/1298/1154 1182/1329/1182 1188/1332/1188 1157/1299/1157
f 1157/1305/1157 1188/1332/1188 1184/1335/1184 1155/1302/1155
f 1183/1333/1183 1177/1328/1177 1180/1327/1180 1187/1334/1187
f 1187/1334/1187 1180/1327/1180 1176/1326/1176 1184/1335/1184
f 1161/1308/1161 1175/1322/1175 1181/1325/1181 1164/1309/1164
f 1164/1309/1164 1181/1325/1181 1177/1328/1177 1162/1312/1162
f 1182/1329/1182 1168/1315/1168 1174/1318/1174 1185/1330/1185
f 1185/1330/1185 1174/1318/1174 1170/1321/1170 1183/1333/1183
f 1169/1319/1169 1163/1314/1163 1166/1313/1166 1173/1320/1173
f 1173/1320/1173 1166/1313/1166 1162/1312/1162 1170/1321/1170
f 1133/1264/1133 1161/1308/1161 1167/1311/1167 1136/1265/1136
f 1136/1271/1136 1167/1311/1167 1163/1314/1163 1134/1268/1134
f 1168/1315/1168 1141/1280/1141 1143/1283/1143 1171/1316/1171
f 1171/1316/1171 1143/1277/1143 1140/1276/1140 1169/1319/1169
f 1147/1288/1147 1175/1322/1175 1161/1308/1161 1133/1264/1133
f 1135/1272/1135 1142/1284/1142 1156/1306/1156 1148/1292/1148
f 1163/1314/1163 1169/1319/1169 1140/1276/1140 1134/1268/1134
f 1182/1329/1182 1154/1298/1154 1141/1280/1141 1168/1315/1168
f 1149/1296/1149 1155/1302/1155 1184/1335/1184 1176/1326/1176
f 1177/1328/1177 1183/1333/1183 1170/1321/1170 1162/1312/1162
o StartPad
v 3.400000 1.690124 0.010000
v 3.400000 1.650000 0.050000
v 3.400000 1.661752 0.021716
v 3.400000 1.690124 0.130000
v 3.400000 1.650000 0.090000
v 3.400000 1.661752 0.118284
v 3.257664 1.701326 0.010000
v 3.251387 1.661696 0.050000
v 3.253226 1.673303 0.021716
v 3.257664 1.701326 0.130000
v 3.251387 1.661696 0.090000
v 3.253226 1.673303 0.118284
v 3.118833 1.734656 0.010000
v 3.106434 1.696496 0.050000
v 3.110065 1.707673 0.021716
v 3.118833 1.734656 0.130000
v 3.106434 1.696496 0.090000
v 3.110065 1.707673 0.118284
v 2.986925 1.789294 0.010000
v 2.968709 1.753544 0.050000
v 2.974044 1.764015 0.021716
v 2.986925 1.789294 0.130000
v 2.968709 1.753544 0.090000
v 2.974044 1.764015 0.118284
v 2.865188 1.863894 0.010000
v 2.841604 1.831434 0.050000
v 2.848512 1.840941 0.021716
v 2.865188 1.863894 0.130000
v 2.841604 1.831434 0.090000
v 2.848512 1.840941 0.118284
v 2.756620 1.956620 0.010000
v 2.728249 1.928248 0.050000
v 2.736558 1.936558 0.021716
v 2.756620 1.956620 0.130000
v 2.728249 1.928248 0.090000
v 2.736558 1.936558 0.118284
v 2.663895 2.065188 0.010000
v 2.631434 2.041604 0.050000
v 2.640942 2.048512 0.021716
v 2.663895 2.065188 0.130000
v 2.631434 2.041604 0.090000
v 2.640942 2.048512 0.118284
v 2.589294 2.186925 0.010000
v 2.553544 2.168709 0.050000
v 2.564015 2.174044 0.021716
v 2.589294 2.186925 0.130000
v 2.553544 2.168709 0.090000
v 2.564015 2.174044 0.118284
v 2.534656 2.318833 0.010000
v 2.496496 2.306434 0.050000
v 2.507673 2.310065 0.021716
v 2.534656 2.318833 0.130000
v 2.496496 2.306434 0.090000
v 2.507673 2.310065 0.118284
v 2.501326 2.457664 0.010000
v 2.461696 2.451387 0.050000
v 2.473303 2.453226 0.021716
v 2.501326 2.457664 0.130000
v 2.461696 2.451387 0.090000
v 2.473303 2.453226 0.118284
v 2.490124 2.600000 0.010000
v 2.450000 2.600000 0.050000
v 2.461752 2.600000 0.021716
v 2.490124 2.600000 0.130000
v 2.450000 2.600000 0.090000
v 2.461752 2.600000 0.118284
v 2.501326 2.742336 0.010000
v 2.461696 2.748613 0.050000
v 2.473303 2.746774 0.021716
v 2.501326 2.742336 0.130000
v 2.461696 2.748613 0.090000
v 2.473303 2.746774 0.118284
v 2.534656 2.881167 0.010000
v 2.496496 2.893566 0.050000
v 2.507673 2.889935 0.021716
v 2.534656 2.881167 0.130000
v 2.496496 2.893566 0.090000
v 2.507673 2.889935 0.118284
v 2.589294 3.013075 0.010000
v 2.553544 3.031291 0.050000
v 2.564015 3.025956 0.021716
v 2.589294 3.013075 0.130000
v 2.553544 3.031291 0.090000
v 2.564015 3.025956 0.118284
v 2.663895 3.134812 0.010000
v 2.631434 3.158396 0.050000
v 2.640942 3.151488 0.021716
v 2.663895 3.134812 0.130000
v 2.631434 3.158396 0.090000
v 2.640942 3.151488 0.118284
v 2.756620 3.243380 0.010000
v 2.728249 3.271751 0.050000
v 2.736558 3.263442 0.021716
v 2.756620 3.243380 0.130000
v 2.728249 3.271751 0.090000
v 2.736558 3.263442 0.118284
v 2.865188 3.336105 0.010000
v 2.841604 3.368566 0.050000
v 2.848512 3.359058 0.021716
v 2.865188 3.336105 0.130000
v 2.841604 3.368566 0.090000
v 2.848512 3.359058 0.118284
v 2.986925 3.410706 0.010000
v 2.968709 3.446456 0.050000
v 2.974044 3.435985 0.021716
v 2.986925 3.410706 0.130000
v 2.968709 3.446456 0.090000
v 2.974044 3.435985 0.118284
v 3.118833 3.465344 0.010000
v 3.106434 3.503504 0.050000
v 3.110065 3.492327 0.021716
v 3.118833 3.465344 0.130000
v 3.106434 3.503504 0.090000
v 3.110065 3.492327 0.118284
v 3.257664 3.498674 0.010000
v 3.251387 3.538304 0.050000
v 3.253226 3.526697 0.021716
v 3.257664 3.498674 0.130000
v 3.251387 3.538304 0.090000
v 3.253226 3.526697 0.118284
v 3.400000 3.509876 0.010000
v 3.400000 3.550000 0.050000
v 3.400000 3.538248 0.021716
v 3.400000 3.509876 0.130000
v 3.400000 3.550000 0.090000
v 3.400000 3.538248 0.118284
v 3.542336 3.498674 0.010000
v 3.548613 3.538304 0.050000
v 3.546774 3.526697 0.021716
v 3.542336 3.498674 0.130000
v 3.548613 3.538304 0.090000
v 3.546774 3.526697 0.118284
v 3.681167 3.465344 0.010000
v 3.693566 3.503504 0.050000
v 3.689935 3.492327 0.021716
v 3.681167 3.465344 0.130000
v 3.693566 3.503504 0.090000
v 3.689935 3.492327 0.118284
v 3.813075 3.410706 0.010000
v 3.831291 3.446456 0.050000
v 3.825956 3.435985 0.021716
v 3.813075 3.410706 0.130000
v 3.831291 3.446456 0.090000
v 3.825956 3.435985 0.118284
v 3.934812 3.336105 0.010000
v 3.958396 3.368566 0.050000
v 3.951488 3.359058 0.021716
v 3.934812 3.336105 0.130000
v 3.958396 3.368566 0.090000
v 3.951488 3.359058 0.118284
v 4.043380 3.243380 0.010000
v 4.071752 3.271751 0.050000
v 4.063442 3.263442 0.021716
v 4.043380 3.243380 0.130000
v 4.071752 3.271751 0.090000
v 4.063442 3.263442 0.118284
v 4.136106 3.134812 0.010000
v 4.168566 3.158396 0.050000
v 4.159059 3.151488 0.021716
v 4.136106 3.134812 0.130000
v 4.168566 3.158396 0.090000
v 4.159059 3.151488 0.118284
v 4.210706 3.013075 0.010000
v 4.246456 3.031291 0.050000
v 4.235985 3.025956 0.021716
v 4.210706 3.013075 0.130000
v 4.246456 3.031291 0.090000
v 4.235985 3.025956 0.118284
v 4.265344 2.881167 0.010000
v 4.303504 2.893566 0.050000
v 4.292327 2.889935 0.021716
v 4.265344 2.881167 0.130000
v 4.303504 2.893566 0.090000
v 4.292327 2.889935 0.118284
v 4.298675 2.742336 0.010000
v 4.338304 2.748613 0.050000
v 4.326697 2.746774 0.021716
v 4.298675 2.742336 0.130000
v 4.338304 2.748613 0.090000
v 4.326697 2.746774 0.118284
v 4.309876 2.600000 0.010000
v 4.350000 2.600000 0.050000
v 4.338248 2.600000 0.021716
v 4.309876 2.600000 0.130000
v 4.350000 2.600000 0.090000
v 4.338248 2.600000 0.118284
v 4.298675 2.457664 0.010000
v 4.338304 2.451387 0.050000
v 4.326697 2.453226 0.021716
v 4.298675 2.457664 0.130000
v 4.338304 2.451387 0.090000
v 4.326697 2.453226 0.118284
v 4.265344 2.318833 0.010000
v 4.303504 2.306434 0.050000
v 4.292327 2.310065 0.021716
v 4.265344 2.318833 0.130000
v 4.303504 2.306434 0.090000
v 4.292327 2.310065 0.118284
v 4.210706 2.186925 0.010000
v 4.246456 2.168709 0.050000
v 4.235985 2.174044 0.021716
v 4.210706 2.186925 0.130000
v 4.246456 2.168709 0.090000
v 4.235985 2.174044 0.118284
v 4.136106 2.065188 0.010000
v 4.168566 2.041604 0.050000
v 4.159059 2.048512 0.021716
v 4.136106 2.065188 0.130000
v 4.168566 2.041604 0.090000
v 4.159059 2.048512 0.118284
v 4.043380 1.956620 0.010000
v 4.071752 1.928248 0.050000
v 4.063442 1.936558 0.021716
v 4.043380 1.956620 0.130000
v 4.071752 1.928248 0.090000
v 4.063442 1.936558 0.118284
v 3.934812 1.863894 0.010000
v 3.958396 1.831434 0.050000
v 3.951488 1.840941 0.021716
v 3.934812 1.863894 0.130000
v 3.958396 1.831434 0.090000
v 3.951488 1.840941 0.118284
v 3.813075 1.789294 0.010000
v 3.831291 1.753544 0.050000
v 3.825956 1.764015 0.021716
v 3.813075 1.789294 0.130000
v 3.831291 1.753544 0.090000
v 3.825956 1.764015 0.118284
v 3.681167 1.734656 0.010000
v 3.693566 1.696496 0.050000
v 3.689935 1.707673 0.021716
v 3.681167 1.734656 0.130000
v 3.693566 1.696496 0.090000
v 3.689935 1.707673 0.118284
v 3.542336 1.701326 0.010000
v 3.548613 1.661696 0.050000
v 3.546774 1.673303 0.021716
v 3.542336 1.701326 0.130000
v 3.548613 1.661696 0.090000
v 3.546774 1.673303 0.118284
vn -0.0000 -0.2039 -0.9790
vn -0.0000 -0.9810 -0.1938
vn -0.0000 -0.7157 -0.6984
vn -0.0000 -0.2039 0.9790
vn -0.0000 -0.9810 0.1938
vn -0.0000 -0.7157 0.6984
vn -0.0319 -0.2014 -0.9790
vn -0.1535 -0.9690 -0.1938
vn -0.1120 -0.7069 -0.6984
vn -0.0319 -0.2014 0.9790
vn -0.1535 -0.9690 0.1938
vn -0.1120 -0.7069 0.6984
vn -0.0630 -0.1939 -0.9790
vn -0.3032 -0.9330 -0.1938
vn -0.2212 -0.6806 -0.6984
vn -0.0630 -0.1939 0.9790
vn -0.3032 -0.9330 0.1938
vn -0.2212 -0.6806 0.6984
vn -0.0926 -0.1817 -0.9790
vn -0.4454 -0.8741 -0.1938
vn -0.3249 -0.6377 -0.6984
vn -0.0926 -0.1817 0.9790
vn -0.4454 -0.8741 0.1938
vn -0.3249 -0.6377 0.6984
vn -0.1198 -0.1649 -0.9790
vn -0.5766 -0.7937 -0.1938
vn -0.4207 -0.5790 -0.6984
vn -0.1198 -0.1649 0.9790
vn -0.5766 -0.7937 0.1938
vn -0.4207 -0.5790 0.6984
vn -0.1442 -0.1442 -0.9790
vn -0.6937 -0.6937 -0.1938
vn -0.5060 -0.5060 -0.6984
vn -0.1442 -0.1442 0.9790
vn -0.6937 -0.6937 0.1938
vn -0.5060 -0.5060 0.6984
vn -0.1649 -0.1198 -0.9790
vn -0.7937 -0.5766 -0.1938
vn -0.5790 -0.4207 -0.6984
vn -0.1649 -0.1198 0.9790
vn -0.7937 -0.5766 0.1938
vn -0.5790 -0.4207 0.6984
vn -0.1817 -0.0926 -0.9790
vn -0.8741 -0.4454 -0.1938
vn -0.6377 -0.3249 -0.6984
vn -0.1817 -0.0926 0.9790
vn -0.8741 -0.4454 0.1938
vn -0.6377 -0.3249 0.6984
vn -0.1939 -0.0630 -0.9790
vn -0.9330 -0.3032 -0.1938
vn -0.6806 -0.2212 -0.6984
vn -0.1939 -0.0630 0.9790
vn -0.9330 -0.3032 0.1938
vn -0.6806 -0.2212 0.6984
vn -0.2014 -0.0319 -0.9790
vn -0.9690 -0.1535 -0.1938
vn -0.7068 -0.1120 -0.6984
vn -0.2014 -0.0319 0.9790
vn -0.9690 -0.1535 0.1938
vn -0.7068 -0.1120 0.6984
vn -0.2039 -0.0000 -0.9790
vn -0.9810 -0.0000 -0.1938
vn -0.7157 -0.0000 -0.6984
vn -0.2039 -0.0000 0.9790
vn -0.9810 -0.0000 0.1938
vn -0.7157 -0.0000 0.6984
vn -0.2014 0.0319 -0.9790
vn -0.9690 0.1535 -0.1938
vn -0.7068 0.1120 -0.6984
vn -0.2014 0.0319 0.9790
vn -0.9690 0.1535 0.1938
vn -0.7068 0.1120 0.6984
vn -0.1939 0.0630 -0.9790
vn -0.9330 0.3032 -0.1938
vn -0.6806 0.2212 -0.6984
vn -0.1939 0.0630 0.9790
vn -0.9330 0.3032 0.1938
vn -0.6806 0.2212 0.6984
vn -0.1817 0.0926 -0.9790
vn -0.8741 0.4454 -0.1938
vn -0.6377 0.3249 -0.6984
vn -0.1817 0.0926 0.9790
vn -0.8741 0.4454 0.1938
vn -0.6377 0.3249 0.6984
vn -0.1649 0.1198 -0.9790
vn -0.7937 0.5766 -0.1938
vn -0.5790 0.4207 -0.6984
vn -0.1649 0.1198 0.9790
vn -0.7937 0.5766 0.1938
vn -0.5790 0.4207 0.6984
vn -0.1442 0.1442 -0.9790
vn -0.6937 0.6937 -0.1938
vn -0.5060 0.5060 -0.6984
vn -0.1442 0.1442 0.9790
vn -0.6937 0.6937 0.1938
vn -0.5060 0.5060 0.6984
vn -0.1198 0.1649 -0.9790
vn -0.5766 0.7937 -0.1938
vn -0.4207 0.5790 -0.6984
vn -0.1198 0.1649 0.9790
vn -0.5766 0.7937 0.1938
vn -0.4207 0.5790 0.6984
vn -0.0926 0.1817 -0.9790
vn -0.4454 0.8741 -0.1938
vn -0.3249 0.6377 -0.6984
vn -0.0926 0.1817 0.9790
vn -0.4454 0.8741 0.1938
vn -0.3249 0.6377 0.6984
vn -0.0630 0.1939 -0.9790
vn -0.3032 0.9330 -0.1938
vn -0.2212 0.6806 -0.6984
vn -0.0630 0.1939 0.9790
vn -0.3032 0.9330 0.1938
vn -0.2212 0.6806 0.6984
vn -0.0319 0.2014 -0.9790
vn -0.1535 0.9690 -0.1938
vn -0.1120 0.7068 -0.6984
vn -0.0319 0.2014 0.9790
vn -0.1535 0.9690 0.1938
vn -0.1120 0.7068 0.6984
vn -0.0000 0.2039 -0.9790
vn -0.0000 0.9810 -0.1938
vn -0.0000 0.7157 -0.6984
vn -0.0000 0.2039 0.9790
vn -0.0000 0.9810 0.1938
vn -0.0000 0.7157 0.6984
vn 0.0319 0.2014 -0.9790
vn 0.1535 0.9690 -0.1938
vn 0.1120 0.7068 -0.6984
vn 0.0319 0.2014 0.9790
vn 0.1535 0.9690 0.1938
vn 0.1120 0.7068 0.6984
vn 0.0630 0.1939 -0.9790
vn 0.3032 0.9330 -0.1938
vn 0.2212 0.6806 -0.6984
vn 0.0630 0.1939 0.9790
vn 0.3032 0.9330 0.1938
vn 0.2212 0.6806 0.6984
vn 0.0926 0.1817 -0.9790
vn 0.4454 0.8741 -0.1938
vn 0.3249 0.6377 -0.6984
vn 0.0926 0.1817 0.9790
vn 0.4454 0.8741 0.1938
vn 0.3249 0.6377 0.6984
vn 0.1198 0.1649 -0.9790
vn 0.5766 0.7937 -0.1938
vn 0.4207 0.5790 -0.6984
vn 0.1198 0.1649 0.9790
vn 0.5766 0.7937 0.1938
vn 0.4207 0.5790 0.6984
vn 0.1442 0.1442 -0.9790
vn 0.6937 0.6937 -0.1938
vn 0.5060 0.5060 -0.6984
vn 0.1442 0.1442 0.9790
vn 0.6937 0.6937 0.1938
vn 0.5060 0.5060 0.6984
vn 0.1649 0.1198 -0.9790
vn 0.7937 0.5766 -0.1938
vn 0.5790 0.4207 -0.6984
vn 0.1649 0.1198 0.9790
vn 0.7937 0.5766 0.1938
vn 0.5790 0.4207 0.6984
vn 0.1817 0.0926 -0.9790
vn 0.8741 0.4454 -0.1938
vn 0.6377 0.3249 -0.6984
vn 0.1817 0.0926 0.9790
vn 0.8741 0.4454 0.1938
vn 0.6377 0.3249 0.6984
vn 0.1939 0.0630 -0.9790
vn 0.9330 0.3032 -0.1938
vn 0.6806 0.2212 -0.6984
vn 0.1939 0.0630 0.9790
vn 0.9330 0.3032 0.1938
vn 0.6806 0.2212 0.6984
vn 0.2014 0.0319 -0.9790
vn 0.9690 0.1535 -0.1938
vn 0.7068 0.1120 -0.6984
vn 0.2014 0.0319 0.9790
vn 0.9690 0.1535 0.1938
vn 0.7068 0.1120 0.6984
vn 0.2039 -0.0000 -0.9790
vn 0.9810 -0.0000 -0.1938
vn 0.7157 -0.0000 -0.6984
vn 0.2039 -0.0000 0.9790
vn 0.9810 -0.0000 0.1938
vn 0.7157 -0.0000 0.6984
vn 0.2014 -0.0319 -0.9790
vn 0.9690 -0.1535 -0.1938
vn 0.7068 -0.1120 -0.6984
vn 0.2014 -0.0319 0.9790
vn 0.9690 -0.1535 0.1938
vn 0.7068 -0.1120 0.6984
vn 0.1939 -0.0630 -0.9790
vn 0.9330 -0.3032 -0.1938
vn 0.6806 -0.2212 -0.6984
vn 0.1939 -0.0630 0.9790
vn 0.9330 -0.3032 0.1938
vn 0.6806 -0.2212 0.6984
vn 0.1817 -0.0926 -0.9790
vn 0.8741 -0.4454 -0.1938
vn 0.6377 -0.3249 -0.6984
vn 0.1817 -0.0926 0.9790
vn 0.8741 -0.4454 0.1938
vn 0.6377 -0.3249 0.6984
vn 0.1649 -0.1198 -0.9790
vn 0.7937 -0.5766 -0.1938
vn 0.5790 -0.4207 -0.6984
vn 0.1649 -0.1198 0.9790
vn 0.7937 -0.5766 0.1938
vn 0.5790 -0.4207 0.6984
vn 0.1442 -0.1442 -0.9790
vn 0.6937 -0.6937 -0.1938
vn 0.5060 -0.5060 -0.6984
vn 0.1442 -0.1442 0.9790
vn 0.6937 -0.6937 0.1938
vn 0.5060 -0.5060 0.6984
vn 0.1198 -0.1649 -0.9790
vn 0.5766 -0.7937 -0.1938
vn 0.4207 -0.5790 -0.6984
vn 0.1198 -0.1649 0.9790
vn 0.5766 -0.7937 0.1938
vn 0.4207 -0.5790 0.6984
vn 0.0926 -0.1817 -0.9790
vn 0.4454 -0.8741 -0.1938
vn 0.3249 -0.6377 -0.6984
vn 0.0926 -0.1817 0.9790
vn 0.4454 -0.8741 0.1938
vn 0.3249 -0.6377 0.6984
vn 0.0630 -0.1939 -0.9790
vn 0.3032 -0.9330 -0.1938
vn 0.2212 -0.6806 -0.6984
vn 0.0630 -0.1939 0.9790
vn 0.3032 -0.9330 0.1938
vn 0.2212 -0.6806 0.6984
vn 0.0319 -0.2014 -0.9790
vn 0.1535 -0.9690 -0.1938
vn 0.1120 -0.7068 -0.6984
vn 0.0319 -0.2014 0.9790
vn 0.1535 -0.9690 0.1938
vn 0.1120 -0.7068 0.6984
vt 1.000000 0.666667
vt 0.975000 0.666667
vt 0.975000 0.500000
vt 0.999845 0.500000
vt 0.750000 0.489982
vt 0.787541 0.487027
vt 0.785959 0.477034
vt 0.750000 0.479864
vt 0.975000 0.833333
vt 1.000000 0.833333
vt 0.999845 1.000000
vt 0.975000 1.000000
vt 0.287541 0.487027
vt 0.250000 0.489982
vt 0.250000 0.479864
vt 0.285959 0.477034
vt 0.950000 0.666667
vt 0.950000 0.500000
vt 0.824158 0.478236
vt 0.821032 0.468613
vt 0.950000 0.833333
vt 0.950000 1.000000
vt 0.324158 0.478236
vt 0.321032 0.468613
vt 0.925000 0.666667
vt 0.925000 0.500000
vt 0.858949 0.463825
vt 0.854356 0.454810
vt 0.925000 0.833333
vt 0.925000 1.000000
vt 0.358949 0.463825
vt 0.354356 0.454810
vt 0.900000 0.666667
vt 0.900000 0.500000
vt 0.891058 0.444149
vt 0.885111 0.435964
vt 0.900000 0.833333
vt 0.900000 1.000000
vt 0.391058 0.444149
vt 0.385110 0.435963
vt 0.875000 0.666667
vt 0.875000 0.500000
vt 0.919693 0.419693
vt 0.912538 0.412538
vt 0.875000 0.833333
vt 0.875000 1.000000
vt 0.419693 0.419693
vt 0.412538 0.412538
vt 0.850000 0.666667
vt 0.850000 0.500000
vt 0.944149 0.391058
vt 0.935964 0.385110
vt 0.850000 0.833333
vt 0.850000 1.000000
vt 0.444149 0.391058
vt 0.435963 0.385110
vt 0.825000 0.666667
vt 0.825000 0.500000
vt 0.963825 0.358949
vt 0.954810 0.354356
vt 0.825000 0.833333
vt 0.825000 1.000000
vt 0.463825 0.358949
vt 0.454810 0.354356
vt 0.800000 0.666667
vt 0.800000 0.500000
vt 0.978236 0.324158
vt 0.968613 0.321032
vt 0.800000 0.833333
vt 0.800000 1.000000
vt 0.478236 0.324158
vt 0.468613 0.321032
vt 0.775000 0.666667
vt 0.775000 0.500000
vt 0.987027 0.287541
vt 0.977034 0.285959
vt 0.775000 0.833333
vt 0.775000 1.000000
vt 0.487027 0.287541
vt 0.477034 0.285959
vt 0.750000 0.666667
vt 0.750000 0.500000
vt 0.989982 0.250000
vt 0.979864 0.250000
vt 0.750000 0.833333
vt 0.750000 1.000000
vt 0.489982 0.250000
vt 0.479863 0.250000
vt 0.725000 0.666667
vt 0.725000 0.500000
vt 0.987027 0.212459
vt 0.977034 0.214041
vt 0.725000 0.833333
vt 0.725000 1.000000
vt 0.487027 0.212459
vt 0.477033 0.214041
vt 0.700000 0.666667
vt 0.700000 0.500000
vt 0.978236 0.175842
vt 0.968613 0.178968
vt 0.700000 0.833333
vt 0.700000 1.000000
vt 0.478236 0.175842
vt 0.468613 0.178968
vt 0.675000 0.666667
vt 0.675000 0.500000
vt 0.963825 0.141051
vt 0.954810 0.145644
vt 0.675000 0.833333
vt 0.675000 1.000000
vt 0.463825 0.141051
vt 0.454810 0.145644
vt 0.650000 0.666667
vt 0.650000 0.500000
vt 0.944149 0.108942
vt 0.935964 0.114890
vt 0.650000 0.833333
vt 0.650000 1.000000
vt 0.444149 0.108942
vt 0.435963 0.114890
vt 0.625000 0.666667
vt 0.625000 0.500000
vt 0.919693 0.080307
vt 0.912538 0.087462
vt 0.625000 0.833333
vt 0.625000 1.000000
vt 0.419693 0.080307
vt 0.412538 0.087462
vt 0.600000 0.666667
vt 0.600000 0.500000
vt 0.891058 0.055851
vt 0.885111 0.064037
vt 0.600000 0.833333
vt 0.600000 1.000000
vt 0.391058 0.055851
vt 0.385110 0.064037
vt 0.575000 0.666667
vt 0.575000 0.500000
vt 0.858949 0.036175
vt 0.854356 0.045190
vt 0.575000 0.833333
vt 0.575000 1.000000
vt 0.358949 0.036175
vt 0.354356 0.045190
vt 0.550000 0.666667
vt 0.550000 0.500000
vt 0.824158 0.021764
vt 0.821032 0.031387
vt 0.550000 0.833333
vt 0.550000 1.000000
vt 0.324158 0.021764
vt 0.321032 0.031387
vt 0.525000 0.666667
vt 0.525000 0.500000
vt 0.787541 0.012973
vt 0.785959 0.022967
vt 0.525000 0.833333
vt 0.525000 1.000000
vt 0.287541 0.012973
vt 0.285959 0.022967
vt 0.500000 0.666667
vt 0.500000 0.500000
vt 0.750000 0.010018
vt 0.750000 0.020137
vt 0.500000 0.833333
vt 0.500000 1.000000
vt 0.250000 0.010018
vt 0.250000 0.020137
vt 0.475000 0.666667
vt 0.475000 0.500000
vt 0.712459 0.012973
vt 0.714042 0.022967
vt 0.475000 0.833333
vt 0.475000 1.000000
vt 0.212459 0.012973
vt 0.214041 0.022967
vt 0.450000 0.666667
vt 0.450000 0.500000
vt 0.675842 0.021764
vt 0.678968 0.031387
vt 0.450000 0.833333
vt 0.450000 1.000000
vt 0.175842 0.021764
vt 0.178968 0.031387
vt 0.425000 0.666667
vt 0.425000 0.500000
vt 0.641051 0.036175
vt 0.645644 0.045190
vt 0.425000 0.833333
vt 0.425000 1.000000
vt 0.141051 0.036175
vt 0.145644 0.045190
vt 0.400000 0.666667
vt 0.400000 0.500000
vt 0.608942 0.055851
vt 0.614890 0.064037
vt 0.400000 0.833333
vt 0.400000 1.000000
vt 0.108942 0.055851
vt 0.114890 0.064037
vt 0.375000 0.666667
vt 0.375000 0.500000
vt 0.580307 0.080307
vt 0.587462 0.087462
vt 0.375000 0.833333
vt 0.375000 1.000000
vt 0.080307 0.080307
vt 0.087462 0.087462
vt 0.350000 0.666667
vt 0.350000 0.500000
vt 0.555851 0.108942
vt 0.564036 0.114890
vt 0.350000 0.833333
vt 0.350000 1.000000
vt 0.055851 0.108942
vt 0.064037 0.114890
vt 0.325000 0.666667
vt 0.325000 0.500000
vt 0.536175 0.141051
vt 0.545190 0.145644
vt 0.325000 0.833333
vt 0.325000 1.000000
vt 0.036175 0.141051
vt 0.045190 0.145644
vt 0.300000 0.666667
vt 0.300000 0.500000
vt 0.521764 0.175842
vt 0.531387 0.178968
vt 0.300000 0.833333
vt 0.300000 1.000000
vt 0.021764 0.175842
vt 0.031387 0.178968
vt 0.275000 0.666667
vt 0.275000 0.500000
vt 0.512973 0.212459
vt 0.522967 0.214041
vt 0.275000 0.833333
vt 0.275000 1.000000
vt 0.012973 0.212459
vt 0.022967 0.214041
vt 0.250000 0.666667
vt 0.250000 0.500000
vt 0.510018 0.250000
vt 0.520137 0.250000
vt 0.250000 0.833333
vt 0.250000 1.000000
vt 0.010018 0.250000
vt 0.020137 0.250000
vt 0.225000 0.666667
vt 0.225000 0.500000
vt 0.512973 0.287541
vt 0.522967 0.285959
vt 0.225000 0.833333
vt 0.225000 1.000000
vt 0.012973 0.287541
vt 0.022967 0.285959
vt 0.200000 0.666667
vt 0.200000 0.500000
vt 0.521764 0.324158
vt 0.531387 0.321032
vt 0.200000 0.833333
vt 0.200000 1.000000
vt 0.021764 0.324158
vt 0.031387 0.321032
vt 0.175000 0.666667
vt 0.175000 0.500000
vt 0.536175 0.358949
vt 0.545190 0.354356
vt 0.175000 0.833333
vt 0.175000 1.000000
vt 0.036175 0.358949
vt 0.045190 0.354356
vt 0.150000 0.666667
vt 0.150000 0.500000
vt 0.555851 0.391058
vt 0.564037 0.385110
vt 0.150000 0.833333
vt 0.150000 1.000000
vt 0.055851 0.391058
vt 0.064037 0.385110
vt 0.125000 0.666667
vt 0.125000 0.500000
vt 0.580307 0.419693
vt 0.587462 0.412538
vt 0.125000 0.833333
vt 0.125000 1.000000
vt 0.080307 0.419693
vt 0.087462 0.412538
vt 0.100000 0.666667
vt 0.100000 0.500000
vt 0.608942 0.444149
vt 0.614890 0.435964
vt 0.100000 0.833333
vt 0.100000 1.000000
vt 0.108942 0.444149
vt 0.114890 0.435964
vt 0.075000 0.666667
vt 0.075000 0.500000
vt 0.641051 0.463825
vt 0.645644 0.454810
vt 0.075000 0.833333
vt 0.075000 1.000000
vt 0.141051 0.463825
vt 0.145644 0.454810
vt 0.050000 0.666667
vt 0.050000 0.500000
vt 0.675842 0.478236
vt 0.678968 0.468613
vt 0.050000 0.833333
vt 0.050000 1.000000
vt 0.175842 0.478236
vt 0.178968 0.468613
vt 0.025000 0.666667
vt 0.025000 0.500000
vt 0.712459 0.487027
vt 0.714041 0.477034
vt 0.025000 0.833333
vt 0.025000 1.000000
vt 0.212459 0.487027
vt 0.214041 0.477034
vt 0.000000 0.666667
vt 0.000155 0.500000
vt 0.000000 0.833333
vt 0.000155 1.000000
s 1
usemtl StartPad
f 1190/1336/1190 1196/1337/1196 1197/1338/1197 1191/1339/1191
f 1191/1340/1191 1197/1341/1197 1195/1342/1195 1189/1343/1189
f 1199/1344/1199 1193/1345/1193 1194/1346/1194 1200/1347/1200
f 1200/1348/1200 1194/1349/1194 1192/1350/1192 1198/1351/1198
f 1196/1337/1196 1202/1352/1202 1203/1353/1203 1197/1338/1197
f 1197/1341/1197 1203/1354/1203 1201/1355/1201 1195/1342/1195
f 1205/1356/1205 1199/1344/1199 1200/1347/1200 1206/1357/1206
f 1206/1358/1206 1200/1348/1200 1198/1351/1198 1204/1359/1204
f 1202/1352/1202 1208/1360/1208 1209/1361/1209 1203/1353/1203
f 1203/1354/1203 1209/1362/1209 1207/1363/1207 1201/1355/1201
f 1211/1364/1211 1205/1356/1205 1206/1357/1206 1212/1365/1212
f 1212/1366/1212 1206/1358/1206 1204/1359/1204 1210/1367/1210
f 1208/1360/1208 1214/1368/1214 1215/1369/1215 1209/1361/1209
f 1209/1362/1209 1215/1370/1215 1213/1371/1213 1207/1363/1207
f 1217/1372/1217 1211/1364/1211 1212/1365/1212 1218/1373/1218
f 1218/1374/1218 1212/1366/1212 1210/1367/1210 1216/1375/1216
f 1214/1368/1214 1220/1376/1220 1221/1377/1221 1215/1369/1215
f 1215/1370/1215 1221/1378/1221 1219/1379/1219 1213/1371/1213
f 1223/1380/1223 1217/1372/1217 1218/1373/1218 1224/1381/1224
f 1224/1382/1224 1218/1374/1218 1216/1375/1216 1222/1383/1222
f 1220/1376/1220 1226/1384/1226 1227/1385/1227 1221/1377/1221
f 1221/1378/1221 1227/1386/1227 1225/1387/1225 1219/1379/1219
f 1229/1388/1229 1223/1380/1223 1224/1381/1224 1230/1389/1230
f 1230/1390/1230 1224/1382/1224 1222/1383/1222 1228/1391/1228
f 1226/1384/1226 1232/1392/1232 1233/1393/1233 1227/1385/1227
f 1227/1386/1227 1233/1394/1233 1231/1395/1231 1225/1387/1225
f 1235/1396/1235 1229/1388/1229 1230/1389/1230 1236/1397/1236
f 1236/1398/1236 1230/1390/1230 1228/1391/1228 1234/1399/1234
f 1232/1392/1232 1238/1400/1238 1239/1401/1239 1233/1393/1233
f 1233/1394/1233 1239/1402/1239 1237/1403/1237 1231/1395/1231
f 1241/1404/1241 1235/1396/1235 1236/1397/1236 1242/1405/1242
f 1242/1406/1242 1236/1398/1236 1234/1399/1234 1240/1407/1240
f 1238/1400/1238 1244/1408/1244 1245/1409/1245 1239/1401/1239
f 1239/1402/1239 1245/1410/1245 1243/1411/1243 1237/1403/1237
f 1247/1412/1247 1241/1404/1241 1242/1405/1242 1248/1413/1248
f 1248/1414/1248 1242/1406/1242 1240/1407/1240 1246/1415/1246
f 1244/1408/1244 1250/1416/1250 1251/1417/1251 1245/1409/1245
f 1245/1410/1245 1251/1418/1251 1249/1419/1249 1243/1411/1243
f 1253/1420/1253 1247/1412/1247 1248/1413/1248 1254/1421/1254
f 1254/1422/1254 1248/1414/1248 1246/1415/1246 1252/1423/1252
f 1250/1416/1250 1256/1424/1256 1257/1425/1257 1251/1417/1251
f 1251/1418/1251 1257/1426/1257 1255/1427/1255 1249/1419/1249
f 1259/1428/1259 1253/1420/1253 1254/1421/1254 1260/1429/1260
f 1260/1430/1260 1254/1422/1254 1252/1423/1252 1258/1431/1258
f 1256/1424/1256 1262/1432/1262 1263/1433/1263 1257/1425/1257
f 1257/1426/1257 1263/1434/1263 1261/1435/1261 1255/1427/1255
f 1265/1436/1265 1259/1428/1259 1260/1429/1260 1266/1437/1266
f 1266/1438/1266 1260/1430/1260 1258/1431/1258 1264/1439/1264
f 1262/1432/1262 1268/1440/1268 1269/1441/1269 1263/1433/1263
f 1263/1434/1263 1269/1442/1269 1267/1443/1267 1261/1435/1261
f 1271/1444/1271 1265/1436/1265 1266/1437/1266 1272/1445/1272
f 1272/1446/1272 1266/1438/1266 1264/1439/1264 1270/1447/1270
f 1268/1440/1268 1274/1448/1274 1275/1449/1275 1269/1441/1269
f 1269/1442/1269 1275/1450/1275 1273/1451/1273 1267/1443/1267
f 1277/1452/1277 1271/1444/1271 1272/1445/1272 1278/1453/1278
f 1278/1454/1278 1272/1446/1272 1270/1447/1270 1276/1455/1276
f 1274/1448/1274 1280/1456/1280 1281/1457/1281 1275/1449/1275
f 1275/1450/1275 1281/1458/1281 1279/1459/1279 1273/1451/1273
f 1283/1460/1283 1277/1452/1277 1278/1453/1278 1284/1461/1284
f 1284/1462/1284 1278/1454/1278 1276/1455/1276 1282/1463/1282
f 1280/1456/1280 1286/1464/1286 1287/1465/1287 1281/1457/1281
f 1281/1458/1281 1287/1466/1287 1285/1467/1285 1279/1459/1279
f 1289/1468/1289 1283/1460/1283 1284/1461/1284 1290/1469/1290
f 1290/1470/1290 1284/1462/1284 1282/1463/1282 1288/1471/1288
f 1286/1464/1286 1292/1472/1292 1293/1473/1293 1287/1465/1287
f 1287/1466/1287 1293/1474/1293 1291/1475/1291 1285/1467/1285
f 1295/1476/1295 1289/1468/1289 1290/1469/1290 1296/1477/1296
f 1296/1478/1296 1290/1470/1290 1288/1471/1288 1294/1479/1294
f 1292/1472/1292 1298/1480/1298 1299/1481/1299 1293/1473/1293
f 1293/1474/1293 1299/1482/1299 1297/1483/1297 1291/1475/1291
f 1301/1484/1301 1295/1476/1295 1296/1477/1296 1302/1485/1302
f 1302/1486/1302 1296/1478/1296 1294/1479/1294 1300/1487/1300
f 1298/1480/1298 1304/1488/1304 1305/1489/1305 1299/1481/1299
f 1299/1482/1299 1305/1490/1305 1303/1491/1303 1297/1483/1297
f 1307/1492/1307 1301/1484/1301 1302/1485/1302 1308/1493/1308
f 1308/1494/1308 1302/1486/1302 1300/1487/1300 1306/1495/1306
f 1304/1488/1304 1310/1496/1310 1311/1497/1311 1305/1489/1305
f 1305/1490/1305 1311/1498/1311 1309/1499/1309 1303/1491/1303
f 1313/1500/1313 1307/1492/1307 1308/1493/1308 1314/1501/1314
f 1314/1502/1314 1308/1494/1308 1306/1495/1306 1312/1503/1312
f 1310/1496/1310 1316/1504/1316 1317/1505/1317 1311/1497/1311
f 1311/1498/1311 1317/1506/1317 1315/1507/1315 1309/1499/1309
f 1319/1508/1319 1313/1500/1313 1314/1501/1314 1320/1509/1320
f 1320/1510/1320 1314/1502/1314 1312/1503/1312 1318/1511/1318
f 1316/1504/1316 1322/1512/1322 1323/1513/1323 1317/1505/1317
f 1317/1506/1317 1323/1514/1323 1321/1515/1321 1315/1507/1315
f 1325/1516/1325 1319/1508/1319 1320/1509/1320 1326/1517/1326
f 1326/1518/1326 1320/1510/1320 1318/1511/1318 1324/1519/1324
f 1322/1512/1322 1328/1520/1328 1329/1521/1329 1323/1513/1323
f 1323/1514/1323 1329/1522/1329 1327/1523/1327 1321/1515/1321
f 1331/1524/1331 1325/1516/1325 1326/1517/1326 1332/1525/1332
f 1332/1526/1332 1326/1518/1326 1324/1519/1324 1330/1527/1330
f 1328/1520/1328 1334/1528/1334 1335/1529/1335 1329/1521/1329
f 1329/1522/1329 1335/1530/1335 1333/1531/1333 1327/1523/1327
f 1337/1532/1337 1331/1524/1331 1332/1525/1332 1338/1533/1338
f 1338/1534/1338 1332/1526/1332 1330/1527/1330 1336/1535/1336
f 1334/1528/1334 1340/1536/1340 1341/1537/1341 1335/1529/1335
f 1335/1530/1335 1341/1538/1341 1339/1539/1339 1333/1531/1333
f 1343/1540/1343 1337/1532/1337 1338/1533/1338 1344/1541/1344
f 1344/1542/1344 1338/1534/1338 1336/1535/1336 1342/1543/1342
f 1340/1536/1340 1346/1544/1346 1347/1545/1347 1341/1537/1341
f 1341/1538/1341 1347/1546/1347 1345/1547/1345 1339/1539/1339
f 1349/1548/1349 1343/1540/1343 1344/1541/1344 1350/1549/1350
f 1350/1550/1350 1344/1542/1344 1342/1543/1342 1348/1551/1348
f 1346/1544/1346 1352/1552/1352 1353/1553/1353 1347/1545/1347
f 1347/1546/1347 1353/1554/1353 1351/1555/1351 1345/1547/1345
f 1355/1556/1355 1349/1548/1349 1350/1549/1350 1356/1557/1356
f 1356/1558/1356 1350/1550/1350 1348/1551/1348 1354/1559/1354
f 1352/1552/1352 1358/1560/1358 1359/1561/1359 1353/1553/1353
f 1353/1554/1353 1359/1562/1359 1357/1563/1357 1351/1555/1351
f 1361/1564/1361 1355/1556/1355 1356/1557/1356 1362/1565/1362
f 1362/1566/1362 1356/1558/1356 1354/1559/1354 1360/1567/1360
f 1358/1560/1358 1364/1568/1364 1365/1569/1365 1359/1561/1359
f 1359/1562/1359 1365/1570/1365 1363/1571/1363 1357/1563/1357
f 1367/1572/1367 1361/1564/1361 1362/1565/1362 1368/1573/1368
f 1368/1574/1368 1362/1566/1362 1360/1567/1360 1366/1575/1366
f 1364/1568/1364 1370/1576/1370 1371/1577/1371 1365/1569/1365
f 1365/1570/1365 1371/1578/1371 1369/1579/1369 1363/1571/1363
f 1373/1580/1373 1367/1572/1367 1368/1573/1368 1374/1581/1374
f 1374/1582/1374 1368/1574/1368 1366/1575/1366 1372/1583/1372
f 1370/1576/1370 1376/1584/1376 1377/1585/1377 1371/1577/1371
f 1371/1578/1371 1377/1586/1377 1375/1587/1375 1369/1579/1369
f 1379/1588/1379 1373/1580/1373 1374/1581/1374 1380/1589/1380
f 1380/1590/1380 1374/1582/1374 1372/1583/1372 1378/1591/1378
f 1376/1584/1376 1382/1592/1382 1383/1593/1383 1377/1585/1377
f 1377/1586/1377 1383/1594/1383 1381/1595/1381 1375/1587/1375
f 1385/1596/1385 1379/1588/1379 1380/1589/1380 1386/1597/1386
f 1386/1598/1386 1380/1590/1380 1378/1591/1378 1384/1599/1384
f 1382/1592/1382 1388/1600/1388 1389/1601/1389 1383/1593/1383
f 1383/1594/1383 1389/1602/1389 1387/1603/1387 1381/1595/1381
f 1391/1604/1391 1385/1596/1385 1386/1597/1386 1392/1605/1392
f 1392/1606/1392 1386/1598/1386 1384/1599/1384 1390/1607/1390
f 1388/1600/1388 1394/1608/1394 1395/1609/1395 1389/1601/1389
f 1389/1602/1389 1395/1610/1395 1393/1611/1393 1387/1603/1387
f 1397/1612/1397 1391/1604/1391 1392/1605/1392 1398/1613/1398
f 1398/1614/1398 1392/1606/1392 1390/1607/1390 1396/1615/1396
f 1394/1608/1394 1400/1616/1400 1401/1617/1401 1395/1609/1395
f 1395/1610/1395 1401/1618/1401 1399/1619/1399 1393/1611/1393
f 1403/1620/1403 1397/1612/1397 1398/1613/1398 1404/1621/1404
f 1404/1622/1404 1398/1614/1398 1396/1615/1396 1402/1623/1402
f 1400/1616/1400 1406/1624/1406 1407/1625/1407 1401/1617/1401
f 1401/1618/1401 1407/1626/1407 1405/1627/1405 1399/1619/1399
f 1409/1628/1409 1403/1620/1403 1404/1621/1404 1410/1629/1410
f 1410/1630/1410 1404/1622/1404 1402/1623/1402 1408/1631/1408
f 1406/1624/1406 1412/1632/1412 1413/1633/1413 1407/1625/1407
f 1407/1626/1407 1413/1634/1413 1411/1635/1411 1405/1627/1405
f 1415/1636/1415 1409/1628/1409 1410/1629/1410 1416/1637/1416
f 1416/1638/1416 1410/1630/1410 1408/1631/1408 1414/1639/1414
f 1412/1632/1412 1418/1640/1418 1419/1641/1419 1413/1633/1413
f 1413/1634/1413 1419/1642/1419 1417/1643/1417 1411/1635/1411
f 1421/1644/1421 1415/1636/1415 1416/1637/1416 1422/1645/1422
f 1422/1646/1422 1416/1638/1416 1414/1639/1414 1420/1647/1420
f 1418/1640/1418 1424/1648/1424 1425/1649/1425 1419/1641/1419
f 1419/1642/1419 1425/1650/1425 1423/1651/1423 1417/1643/1417
f 1427/1652/1427 1421/1644/1421 1422/1645/1422 1428/1653/1428
f 1428/1654/1428 1422/1646/1422 1420/1647/1420 1426/1655/1426
f 1424/1648/1424 1190/1656/1190 1191/1657/1191 1425/1649/1425
f 1425/1650/1425 1191/1340/1191 1189/1343/1189 1423/1651/1423
f 1193/1658/1193 1427/1652/1427 1428/1653/1428 1194/1659/1194
f 1194/1349/1194 1428/1654/1428 1426/1655/1426 1192/1350/1192
f 1189/1343/1189 1195/1342/1195 1201/1355/1201 1207/1363/1207 1213/1371/1213 1219/1379/1219 1225/1387/1225 1231/1395/1231 1237/1403/1237 1243/1411/1243 1249/1419/1249 1255/1427/1255 1261/1435/1261 1267/1443/1267 1273/1451/1273 1279/1459/1279 1285/1467/1285 1291/1475/1291 1297/1483/1297 1303/1491/1303 1309/1499/1309 1315/1507/1315 1321/1515/1321 1327/1523/1327 1333/1531/1333 1339/1539/1339 1345/1547/1345 1351/1555/1351 1357/1563/1357 1363/1571/1363 1369/1579/1369 1375/1587/1375 1381/1595/1381 1387/1603/1387 1393/1611/1393 1399/1619/1399 1405/1627/1405 1411/1635/1411 1417/1643/1417 1423/1651/1423
f 1190/1336/1190 1193/1345/1193 1199/1344/1199 1196/1337/1196
f 1424/1648/1424 1427/1652/1427 1193/1658/1193 1190/1656/1190
f 1198/1351/1198 1192/1350/1192 1426/1655/1426 1420/1647/1420 1414/1639/1414 1408/1631/1408 1402/1623/1402 1396/1615/1396 1390/1607/1390 1384/1599/1384 1378/1591/1378 1372/1583/1372 1366/1575/1366 1360/1567/1360 1354/1559/1354 1348/1551/1348 1342/1543/1342 1336/1535/1336 1330/1527/1330 1324/1519/1324 1318/1511/1318 1312/1503/1312 1306/1495/1306 1300/1487/1300 1294/1479/1294 1288/1471/1288 1282/1463/1282 1276/1455/1276 1270/1447/1270 1264/1439/1264 1258/1431/1258 1252/1423/1252 1246/1415/1246 1240/1407/1240 1234/1399/1234 1228/1391/1228 1222/1383/1222 1216/1375/1216 1210/1367/1210 1204/1359/1204
f 1196/1337/1196 1199/1344/1199 1205/1356/1205 1202/1352/1202
f 1202/1352/1202 1205/1356/1205 1211/1364/1211 1208/1360/1208
f 1208/1360/1208 1211/1364/1211 1217/1372/1217 1214/1368/1214
f 1214/1368/1214 1217/1372/1217 1223/1380/1223 1220/1376/1220
f 1220/1376/1220 1223/1380/1223 1229/1388/1229 1226/1384/1226
f 1226/1384/1226 1229/1388/1229 1235/1396/1235 1232/1392/1232
f 1232/1392/1232 1235/1396/1235 1241/1404/1241 1238/1400/1238
f 1238/1400/1238 1241/1404/1241 1247/1412/1247 1244/1408/1244
f 1244/1408/1244 1247/1412/1247 1253/1420/1253 1250/1416/1250
f 1250/1416/1250 1253/1420/1253 1259/1428/1259 1256/1424/1256
f 1256/1424/1256 1259/1428/1259 1265/1436/1265 1262/1432/1262
f 1262/1432/1262 1265/1436/1265 1271/1444/1271 1268/1440/1268
f 1268/1440/1268 1271/1444/1271 1277/1452/1277 1274/1448/1274
f 1274/1448/1274 1277/1452/1277 1283/1460/1283 1280/1456/1280
f 1280/1456/1280 1283/1460/1283 1289/1468/1289 1286/1464/1286
f 1286/1464/1286 1289/1468/1289 1295/1476/1295 1292/1472/1292
f 1292/1472/1292 1295/1476/1295 1301/1484/1301 1298/1480/1298
f 1298/1480/1298 1301/1484/1301 1307/1492/1307 1304/1488/1304
f 1304/1488/1304 1307/1492/1307 1313/1500/1313 1310/1496/1310
f 1310/1496/1310 1313/1500/1313 1319/1508/1319 1316/1504/1316
f 1316/1504/1316 1319/1508/1319 1325/1516/1325 1322/1512/1322
f 1322/1512/1322 1325/1516/1325 1331/1524/1331 1328/1520/1328
f 1328/1520/1328 1331/1524/1331 1337/1532/1337 1334/1528/1334
f 1334/1528/1334 1337/1532/1337 1343/1540/1343 1340/1536/1340
f 1340/1536/1340 1343/1540/1343 1349/1548/1349 1346/1544/1346
f 1346/1544/1346 1349/1548/1349 1355/1556/1355 1352/1552/1352
f 1352/1552/1352 1355/1556/1355 1361/1564/1361 1358/1560/1358
f 1358/1560/1358 1361/1564/1361 1367/1572/1367 1364/1568/1364
f 1364/1568/1364 1367/1572/1367 1373/1580/1373 1370/1576/1370
f 1370/1576/1370 1373/1580/1373 1379/1588/1379 1376/1584/1376
f 1376/1584/1376 1379/1588/1379 1385/1596/1385 1382/1592/1382
f 1382/1592/1382 1385/1596/1385 1391/1604/1391 1388/1600/1388
f 1388/1600/1388 1391/1604/1391 1397/1612/1397 1394/1608/1394
f 1394/1608/1394 1397/1612/1397 1403/1620/1403 1400/1616/1400
f 1400/1616/1400 1403/1620/1403 1409/1628/1409 1406/1624/1406
f 1406/1624/1406 1409/1628/1409 1415/1636/1415 1412/1632/1412
f 1412/1632/1412 1415/1636/1415 1421/1644/1421 1418/1640/1418
f 1418/1640/1418 1421/1644/1421 1427/1652/1427 1424/1648/1424
o FlagPole
v 3.400000 2.550000 0.050000
v 3.400000 2.550000 1.750000
v 3.375000 2.556699 0.050000
v 3.375000 2.556699 1.750000
v 3.356699 2.575000 0.050000
v 3.356699 2.575000 1.750000
v 3.350000 2.600000 0.050000
v 3.350000 2.600000 1.750000
v 3.356699 2.625000 0.050000
v 3.356699 2.625000 1.750000
v 3.375000 2.643301 0.050000
v 3.375000 2.643301 1.750000
v 3.400000 2.650000 0.050000
v 3.400000 2.650000 1.750000
v 3.425000 2.643301 0.050000
v 3.425000 2.643301 1.750000
v 3.443301 2.625000 0.050000
v 3.443301 2.625000 1.750000
v 3.450000 2.600000 0.050000
v 3.450000 2.600000 1.750000
v 3.443301 2.575000 0.050000
v 3.443301 2.575000 1.750000
v 3.425000 2.556699 0.050000
v 3.425000 2.556699 1.750000
vn -0.0000 -0.7572 -0.6532
vn -0.0000 -0.7572 0.6532
vn -0.3786 -0.6557 -0.6532
vn -0.3786 -0.6557 0.6532
vn -0.6557 -0.3786 -0.6532
vn -0.6557 -0.3786 0.6532
vn -0.7572 -0.0000 -0.6532
vn -0.7572 -0.0000 0.6532
vn -0.6557 0.3786 -0.6532
vn -0.6557 0.3786 0.6532
vn -0.3786 0.6557 -0.6532
vn -0.3786 0.6557 0.6532
vn -0.0000 0.7572 -0.6532
vn -0.0000 0.7572 0.6532
vn 0.3786 0.6557 -0.6532
vn 0.3786 0.6557 0.6532
vn 0.6557 0.3786 -0.6532
vn 0.6557 0.3786 0.6532
vn 0.7572 -0.0000 -0.6532
vn 0.7572 -0.0000 0.6532
vn 0.6557 -0.3786 -0.6532
vn 0.6557 -0.3786 0.6532
vn 0.3786 -0.6557 -0.6532
vn 0.3786 -0.6557 0.6532
vt 1.000000 0.500000
vt 1.000000 1.000000
vt 0.916667 1.000000
vt 0.916667 0.500000
vt 0.833333 1.000000
vt 0.833333 0.500000
vt 0.750000 1.000000
vt 0.750000 0.500000
vt 0.666667 1.000000
vt 0.666667 0.500000
vt 0.583333 1.000000
vt 0.583333 0.500000
vt 0.500000 1.000000
vt 0.500000 0.500000
vt 0.416667 1.000000
vt 0.416667 0.500000
vt 0.333333 1.000000
vt 0.333333 0.500000
vt 0.250000 1.000000
vt 0.250000 0.500000
vt 0.166667 1.000000
vt 0.166667 0.500000
vt 0.370000 0.457846
vt 0.250000 0.490000
vt 0.130000 0.457846
vt 0.042154 0.370000
vt 0.010000 0.250000
vt 0.042154 0.130000
vt 0.130000 0.042154
vt 0.250000 0.010000
vt 0.370000 0.042154
vt 0.457846 0.130000
vt 0.490000 0.250000
vt 0.457846 0.370000
vt 0.083333 1.000000
vt 0.083333 0.500000
vt 0.000000 1.000000
vt 0.000000 0.500000
vt 0.750000 0.490000
vt 0.870000 0.457846
vt 0.957846 0.370000
vt 0.990000 0.250000
vt 0.957846 0.130000
vt 0.870000 0.042154
vt 0.750000 0.010000
vt 0.630000 0.042154
vt 0.542154 0.130000
vt 0.510000 0.250000
vt 0.542154 0.370000
vt 0.630000 0.457846
s 1
usemtl Pole
f 1429/1660/1429 1430/1661/1430 1432/1662/1432 1431/1663/1431
f 1431/1663/1431 1432/1662/1432 1434/1664/1434 1433/1665/1433
f 1433/1665/1433 1434/1664/1434 1436/1666/1436 1435/1667/1435
f 1435/1667/1435 1436/1666/1436 1438/1668/1438 1437/1669/1437
f 1437/1669/1437 1438/1668/1438 1440/1670/1440 1439/1671/1439
f 1439/1671/1439 1440/1670/1440 1442/1672/1442 1441/1673/1441
f 1441/1673/1441 1442/1672/1442 1444/1674/1444 1443/1675/1443
f 1443/1675/1443 1444/1674/1444 1446/1676/1446 1445/1677/1445
f 1445/1677/1445 1446/1676/1446 1448/1678/1448 1447/1679/1447
f 1447/1679/1447 1448/1678/1448 1450/1680/1450 1449/1681/1449
f 1432/1682/1432 1430/1683/1430 1452/1684/1452 1450/1685/1450 1448/1686/1448 1446/1687/1446 1444/1688/1444 1442/1689/1442 1440/1690/1440 1438/1691/1438 1436/1692/1436 1434/1693/1434
f 1449/1681/1449 1450/1680/1450 1452/1694/1452 1451/1695/1451
f 1451/1695/1451 1452/1694/1452 1430/1696/1430 1429/1697/1429
f 1429/1698/1429 1431/1699/1431 1433/1700/1433 1435/1701/1435 1437/1702/1437 1439/1703/1439 1441/1704/1441 1443/1705/1443 1445/1706/1445 1447/1707/1447 1449/1708/1449 1451/1709/1451
o Flag
v 3.300000 2.620000 1.270000
v 3.300000 2.620000 1.630000
v 3.300000 2.580000 1.270000
v 3.300000 2.580000 1.630000
v 2.700000 2.620000 1.270000
v 2.700000 2.620000 1.630000
v 2.700000 2.580000 1.270000
v 2.700000 2.580000 1.630000
vn 0.5774 0.5774 -0.5774
vn 0.5774 0.5774 0.5774
vn 0.5774 -0.5774 -0.5774
vn 0.5774 -0.5774 0.5774
vn -0.5774 0.5774 -0.5774
vn -0.5774 0.5774 0.5774
vn -0.5774 -0.5774 -0.5774
vn -0.5774 -0.5774 0.5774
vt 0.375000 0.000000
vt 0.625000 0.000000
vt 0.625000 0.250000
vt 0.375000 0.250000
vt 0.625000 0.500000
vt 0.375000 0.500000
vt 0.625000 0.750000
vt 0.375000 0.750000
vt 0.625000 1.000000
vt 0.375000 1.000000
vt 0.125000 0.500000
vt 0.125000 0.750000
vt 0.875000 0.500000
vt 0.875000 0.750000
s 1
usemtl Flag
f 1453/1710/1453 1454/1711/1454 1456/1712/1456 1455/1713/1455
f 1455/1713/1455 1456/1712/1456 1460/1714/1460 1459/1715/1459
f 1459/1715/1459 1460/1714/1460 1458/1716/1458 1457/1717/1457
f 1457/1717/1457 1458/1716/1458 1454/1718/1454 1453/1719/1453
f 1455/1720/1455 1459/1715/1459 1457/1717/1457 1453/1721/1453
f 1460/1714/1460 1456/1722/1456 1454/1723/1454 1458/1716/1458
o Coin_0
v 1.400000 -0.835000 1.209873
v 1.400000 -0.815000 1.230000
v 1.400000 -0.829142 1.224105
v 1.400000 -0.765000 1.209873
v 1.400000 -0.785000 1.230000
v 1.400000 -0.770858 1.224105
v 1.342173 -0.835000 1.203358
v 1.337694 -0.815000 1.222980
v 1.339006 -0.829142 1.217233
v 1.342173 -0.765000 1.203358
v 1.337694 -0.785000 1.222980
v 1.339006 -0.770858 1.217233
v 1.287245 -0.835000 1.184138
v 1.278512 -0.815000 1.202271
v 1.281070 -0.829142 1.196960
v 1.287245 -0.765000 1.184138
v 1.278512 -0.785000 1.202271
v 1.281070 -0.770858 1.196960
v 1.237972 -0.835000 1.153177
v 1.225423 -0.815000 1.168913
v 1.229098 -0.829142 1.164304
v 1.237972 -0.765000 1.153177
v 1.225423 -0.785000 1.168913
v 1.229098 -0.770858 1.164304
v 1.196823 -0.835000 1.112028
v 1.181087 -0.815000 1.124577
v 1.185696 -0.829142 1.120902
v 1.196823 -0.765000 1.112028
v 1.181087 -0.785000 1.124577
v 1.185696 -0.770858 1.120902
v 1.165862 -0.835000 1.062755
v 1.147729 -0.815000 1.071487
v 1.153040 -0.829142 1.068930
v 1.165862 -0.765000 1.062755
v 1.147729 -0.785000 1.071487
v 1.153040 -0.770858 1.068930
v 1.146642 -0.835000 1.007827
v 1.127020 -0.815000 1.012306
v 1.132767 -0.829142 1.010994
v 1.146642 -0.765000 1.007827
v 1.127020 -0.785000 1.012306
v 1.132767 -0.770858 1.010994
v 1.140126 -0.835000 0.950000
v 1.120000 -0.815000 0.950000
v 1.125895 -0.829142 0.950000
v 1.140126 -0.765000 0.950000
v 1.120000 -0.785000 0.950000
v 1.125895 -0.770858 0.950000
v 1.146642 -0.835000 0.892173
v 1.127020 -0.815000 0.887694
v 1.132767 -0.829142 0.889006
v 1.146642 -0.765000 0.892173
v 1.127020 -0.785000 0.887694
v 1.132767 -0.770858 0.889006
v 1.165862 -0.835000 0.837245
v 1.147729 -0.815000 0.828513
v 1.153040 -0.829142 0.831070
v 1.165862 -0.765000 0.837245
v 1.147729 -0.785000 0.828513
v 1.153040 -0.770858 0.831070
v 1.196823 -0.835000 0.787972
v 1.181087 -0.815000 0.775423
v 1.185696 -0.829142 0.779098
v 1.196823 -0.765000 0.787972
v 1.181087 -0.785000 0.775423
v 1.185696 -0.770858 0.779098
v 1.237972 -0.835000 0.746823
v 1.225423 -0.815000 0.731087
v 1.229098 -0.829142 0.735696
v 1.237972 -0.765000 0.746823
v 1.225423 -0.785000 0.731087
v 1.229098 -0.770858 0.735696
v 1.287245 -0.835000 0.715862
v 1.278512 -0.815000 0.697729
v 1.281070 -0.829142 0.703040
v 1.287245 -0.765000 0.715862
v 1.278512 -0.785000 0.697729
v 1.281070 -0.770858 0.703040
v 1.342173 -0.835000 0.696642
v 1.337694 -0.815000 0.677020
v 1.339006 -0.829142 0.682767
v 1.342173 -0.765000 0.696642
v 1.337694 -0.785000 0.677020
v 1.339006 -0.770858 0.682767
v 1.400000 -0.835000 0.690127
v 1.400000 -0.815000 0.670000
v 1.400000 -0.829142 0.675895
v 1.400000 -0.765000 0.690127
v 1.400000 -0.785000 0.670000
v 1.400000 -0.770858 0.675895
v 1.457827 -0.835000 0.696642
v 1.462306 -0.815000 0.677020
v 1.460994 -0.829142 0.682767
v 1.457827 -0.765000 0.696642
v 1.462306 -0.785000 0.677020
v 1.460994 -0.770858 0.682767
v 1.512755 -0.835000 0.715862
v 1.521487 -0.815000 0.697729
v 1.518930 -0.829142 0.703040
v 1.512755 -0.765000 0.715862
v 1.521487 -0.785000 0.697729
v 1.518930 -0.770858 0.703040
v 1.562028 -0.835000 0.746823
v 1.574577 -0.815000 0.731087
v 1.570902 -0.829142 0.735696
v 1.562028 -0.765000 0.746823
v 1.574577 -0.785000 0.731087
v 1.570902 -0.770858 0.735696
v 1.603177 -0.835000 0.787972
v 1.618913 -0.815000 0.775423
v 1.614304 -0.829142 0.779098
v 1.603177 -0.765000 0.787972
v 1.618913 -0.785000 0.775423
v 1.614304 -0.770858 0.779098
v 1.634138 -0.835000 0.837245
v 1.652271 -0.815000 0.828513
v 1.646960 -0.829142 0.831070
v 1.634138 -0.765000 0.837245
v 1.652271 -0.785000 0.828513
v 1.646960 -0.770858 0.831070
v 1.653358 -0.835000 0.892173
v 1.672980 -0.815000 0.887694
v 1.667233 -0.829142 0.889006
v 1.653358 -0.765000 0.892173
v 1.672980 -0.785000 0.887694
v 1.667233 -0.770858 0.889006
v 1.659873 -0.835000 0.950000
v 1.680000 -0.815000 0.950000
v 1.674105 -0.829142 0.950000
v 1.659873 -0.765000 0.950000
v 1.680000 -0.785000 0.950000
v 1.674105 -0.770858 0.950000
v 1.653358 -0.835000 1.007827
v 1.672980 -0.815000 1.012306
v 1.667233 -0.829142 1.010994
v 1.653358 -0.765000 1.007827
v 1.672980 -0.785000 1.012306
v 1.667233 -0.770858 1.010994
v 1.634138 -0.835000 1.062755
v 1.652271 -0.815000 1.071487
v 1.646960 -0.829142 1.068930
v 1.634138 -0.765000 1.062755
v 1.652271 -0.785000 1.071487
v 1.646960 -0.770858 1.068930
v 1.603177 -0.835000 1.112028
v 1.618913 -0.815000 1.124577
v 1.614304 -0.829142 1.120902
v 1.603177 -0.765000 1.112028
v 1.618913 -0.785000 1.124577
v 1.614304 -0.770858 1.120902
v 1.562028 -0.835000 1.153177
v 1.574577 -0.815000 1.168913
v 1.570902 -0.829142 1.164304
v 1.562028 -0.765000 1.153177
v 1.574577 -0.785000 1.168913
v 1.570902 -0.770858 1.164304
v 1.512755 -0.835000 1.184138
v 1.521487 -0.815000 1.202271
v 1.518930 -0.829142 1.196960
v 1.512755 -0.765000 1.184138
v 1.521487 -0.785000 1.202271
v 1.518930 -0.770858 1.196960
v 1.457827 -0.835000 1.203358
v 1.462306 -0.815000 1.222980
v 1.460994 -0.829142 1.217233
v 1.457827 -0.765000 1.203358
v 1.462306 -0.785000 1.222980
v 1.460994 -0.770858 1.217233
vn -0.0000 -0.9783 0.2073
vn -0.0000 -0.1935 0.9811
vn -0.0000 -0.6953 0.7187
vn -0.0000 0.9783 0.2073
vn -0.0000 0.1935 0.9811
vn -0.0000 0.6953 0.7187
vn -0.0461 -0.9783 0.2021
vn -0.2183 -0.1935 0.9565
vn -0.1599 -0.6953 0.7007
vn -0.0461 0.9783 0.2021
vn -0.2183 0.1936 0.9565
vn -0.1599 0.6953 0.7007
vn -0.0899 -0.9783 0.1867
vn -0.4257 -0.1936 0.8839
vn -0.3118 -0.6953 0.6476
vn -0.0899 0.9783 0.1867
vn -0.4257 0.1936 0.8839
vn -0.3118 0.6953 0.6476
vn -0.1292 -0.9783 0.1620
vn -0.6117 -0.1936 0.7670
vn -0.4481 -0.6953 0.5619
vn -0.1292 0.9783 0.1620
vn -0.6117 0.1936 0.7670
vn -0.4481 0.6953 0.5619
vn -0.1620 -0.9783 0.1292
vn -0.7670 -0.1936 0.6117
vn -0.5619 -0.6953 0.4481
vn -0.1620 0.9783 0.1292
vn -0.7670 0.1936 0.6117
vn -0.5619 0.6953 0.4481
vn -0.1867 -0.9783 0.0899
vn -0.8839 -0.1936 0.4257
vn -0.6476 -0.6953 0.3118
vn -0.1867 0.9783 0.0899
vn -0.8839 0.1936 0.4257
vn -0.6476 0.6953 0.3118
vn -0.2021 -0.9783 0.0461
vn -0.9565 -0.1935 0.2183
vn -0.7007 -0.6953 0.1599
vn -0.2021 0.9783 0.0461
vn -0.9565 0.1936 0.2183
vn -0.7007 0.6953 0.1599
vn -0.2073 -0.9783 -0.0000
vn -0.9811 -0.1935 -0.0000
vn -0.7187 -0.6953 -0.0000
vn -0.2073 0.9783 -0.0000
vn -0.9811 0.1935 -0.0000
vn -0.7187 0.6953 -0.0000
vn -0.2021 -0.9783 -0.0461
vn -0.9565 -0.1936 -0.2183
vn -0.7007 -0.6953 -0.1599
vn -0.2021 0.9783 -0.0461
vn -0.9565 0.1935 -0.2183
vn -0.7007 0.6953 -0.1599
vn -0.1867 -0.9783 -0.0899
vn -0.8839 -0.1936 -0.4257
vn -0.6476 -0.6953 -0.3118
vn -0.1867 0.9783 -0.0899
vn -0.8839 0.1936 -0.4257
vn -0.6476 0.6953 -0.3118
vn -0.1620 -0.9783 -0.1292
vn -0.7670 -0.1936 -0.6117
vn -0.5619 -0.6953 -0.4481
vn -0.1620 0.9783 -0.1292
vn -0.7670 0.1936 -0.6117
vn -0.5619 0.6953 -0.4481
vn -0.1292 -0.9783 -0.1620
vn -0.6117 -0.1936 -0.7670
vn -0.4481 -0.6953 -0.5619
vn -0.1292 0.9783 -0.1620
vn -0.6117 0.1936 -0.7670
vn -0.4481 0.6953 -0.5619
vn -0.0899 -0.9783 -0.1867
vn -0.4257 -0.1936 -0.8839
vn -0.3118 -0.6953 -0.6476
vn -0.0899 0.9783 -0.1867
vn -0.4257 0.1936 -0.8839
vn -0.3118 0.6953 -0.6476
vn -0.0461 -0.9783 -0.2021
vn -0.2183 -0.1936 -0.9565
vn -0.1599 -0.6953 -0.7007
vn -0.0461 0.9783 -0.2021
vn -0.2183 0.1935 -0.9565
vn -0.1599 0.6953 -0.7007
vn -0.0000 -0.9783 -0.2073
vn -0.0000 -0.1935 -0.9811
vn -0.0000 -0.6953 -0.7187
vn -0.0000 0.9783 -0.2073
vn -0.0000 0.1935 -0.9811
vn -0.0000 0.6953 -0.7187
vn 0.0461 -0.9783 -0.2021
vn 0.2183 -0.1936 -0.9565
vn 0.1599 -0.6953 -0.7007
vn 0.0461 0.9783 -0.2021
vn 0.2183 0.1935 -0.9565
vn 0.1599 0.6953 -0.7007
vn 0.0899 -0.9783 -0.1867
vn 0.4257 -0.1936 -0.8839
vn 0.3118 -0.6953 -0.6476
vn 0.0899 0.9783 -0.1867
vn 0.4257 0.1936 -0.8839
vn 0.3118 0.6953 -0.6476
vn 0.1292 -0.9783 -0.1620
vn 0.6117 -0.1936 -0.7670
vn 0.4481 -0.6953 -0.5619
vn 0.1292 0.9783 -0.1620
vn 0.6117 0.1936 -0.7670
vn 0.4481 0.6953 -0.5619
vn 0.1620 -0.9783 -0.1292
vn 0.7670 -0.1936 -0.6117
vn 0.5619 -0.6953 -0.4481
vn 0.1620 0.9783 -0.1292
vn 0.7670 0.1936 -0.6117
vn 0.5619 0.6953 -0.4481
vn 0.1867 -0.9783 -0.0899
vn 0.8839 -0.1936 -0.4257
vn 0.6476 -0.6953 -0.3118
vn 0.1867 0.9783 -0.0899
vn 0.8839 0.1936 -0.4257
vn 0.6476 0.6953 -0.3118
vn 0.2021 -0.9783 -0.0461
vn 0.9565 -0.1935 -0.2183
vn 0.7007 -0.6953 -0.1599
vn 0.2021 0.9783 -0.0461
vn 0.9565 0.1935 -0.2183
vn 0.7007 0.6953 -0.1599
vn 0.2073 -0.9783 -0.0000
vn 0.9811 -0.1935 -0.0000
vn 0.7187 -0.6953 -0.0000
vn 0.2073 0.9783 -0.0000
vn 0.9811 0.1935 -0.0000
vn 0.7187 0.6953 -0.0000
vn 0.2021 -0.9783 0.0461
vn 0.9565 -0.1935 0.2183
vn 0.7007 -0.6953 0.1599
vn 0.2021 0.9783 0.0461
vn 0.9565 0.1935 0.2183
vn 0.7007 0.6953 0.1599
vn 0.1867 -0.9783 0.0899
vn 0.8839 -0.1936 0.4257
vn 0.6476 -0.6953 0.3118
vn 0.1867 0.9783 0.0899
vn 0.8839 0.1936 0.4257
vn 0.6476 0.6953 0.3118
vn 0.1620 -0.9783 0.1292
vn 0.7670 -0.1936 0.6117
vn 0.5619 -0.6953 0.4481
vn 0.1620 0.9783 0.1292
vn 0.7670 0.1936 0.6117
vn 0.5619 0.6953 0.4481
vn 0.1292 -0.9783 0.1620
vn 0.6117 -0.1936 0.7670
vn 0.4481 -0.6953 0.5619
vn 0.1292 0.9783 0.1620
vn 0.6117 0.1936 0.7670
vn 0.4481 0.6953 0.5619
vn 0.0899 -0.9783 0.1867
vn 0.4257 -0.1936 0.8839
vn 0.3118 -0.6953 0.6476
vn 0.0899 0.9783 0.1867
vn 0.4257 0.1936 0.8839
vn 0.3118 0.6953 0.6476
vn 0.0461 -0.9783 0.2021
vn 0.2183 -0.1935 0.9565
vn 0.1599 -0.6953 0.7007
vn 0.0461 0.9783 0.2021
vn 0.2183 0.1936 0.9565
vn 0.1599 0.6953 0.7007
vt 1.000000 0.642857
vt 0.964286 0.642857
vt 0.964286 0.500000
vt 0.999624 0.500000
vt 0.750000 0.489937
vt 0.803391 0.483921
vt 0.799566 0.467164
vt 0.750000 0.472749
vt 0.964286 0.857143
vt 1.000000 0.857143
vt 0.999624 1.000000
vt 0.964286 1.000000
vt 0.303391 0.483921
vt 0.250000 0.489937
vt 0.250000 0.472749
vt 0.299566 0.467164
vt 0.928571 0.642857
vt 0.928571 0.500000
vt 0.854105 0.466175
vt 0.846647 0.450690
vt 0.928571 0.857143
vt 0.928571 1.000000
vt 0.354105 0.466175
vt 0.346647 0.450690
vt 0.892857 0.642857
vt 0.892857 0.500000
vt 0.899598 0.437590
vt 0.888882 0.424152
vt 0.892857 0.857143
vt 0.892857 1.000000
vt 0.399598 0.437590
vt 0.388882 0.424152
vt 0.857143 0.642857
vt 0.857143 0.500000
vt 0.937590 0.399598
vt 0.924152 0.388882
vt 0.857143 0.857143
vt 0.857143 1.000000
vt 0.437590 0.399598
vt 0.424152 0.388882
vt 0.821429 0.642857
vt 0.821429 0.500000
vt 0.966175 0.354105
vt 0.950690 0.346647
vt 0.821429 0.857143
vt 0.821429 1.000000
vt 0.466175 0.354105
vt 0.450690 0.346647
vt 0.785714 0.642857
vt 0.785714 0.500000
vt 0.983921 0.303391
vt 0.967164 0.299566
vt 0.785714 0.857143
vt 0.785714 1.000000
vt 0.483921 0.303391
vt 0.467164 0.299566
vt 0.750000 0.642857
vt 0.750000 0.500000
vt 0.989937 0.250000
vt 0.972749 0.250000
vt 0.750000 0.857143
vt 0.750000 1.000000
vt 0.489937 0.250000
vt 0.472749 0.250000
vt 0.714286 0.642857
vt 0.714286 0.500000
vt 0.983921 0.196609
vt 0.967164 0.200434
vt 0.714286 0.857143
vt 0.714286 1.000000
vt 0.483921 0.196609
vt 0.467164 0.200434
vt 0.678572 0.642857
vt 0.678572 0.500000
vt 0.966175 0.145895
vt 0.950690 0.153353
vt 0.678572 0.857143
vt 0.678572 1.000000
vt 0.466175 0.145895
vt 0.450690 0.153353
vt 0.642857 0.642857
vt 0.642857 0.500000
vt 0.937590 0.100402
vt 0.924152 0.111118
vt 0.642857 0.857143
vt 0.642857 1.000000
vt 0.437590 0.100402
vt 0.424152 0.111119
vt 0.607143 0.642857
vt 0.607143 0.500000
vt 0.899598 0.062410
vt 0.888882 0.075848
vt 0.607143 0.857143
vt 0.607143 1.000000
vt 0.399598 0.062410
vt 0.388882 0.075848
vt 0.571429 0.642857
vt 0.571429 0.500000
vt 0.854105 0.033825
vt 0.846647 0.049310
vt 0.571429 0.857143
vt 0.571429 1.000000
vt 0.354105 0.033825
vt 0.346647 0.049310
vt 0.535715 0.642857
vt 0.535715 0.500000
vt 0.803391 0.016079
vt 0.799566 0.032836
vt 0.535715 0.857143
vt 0.535715 1.000000
vt 0.303391 0.016079
vt 0.299566 0.032836
vt 0.500000 0.642857
vt 0.500000 0.500000
vt 0.750000 0.010063
vt 0.750000 0.027251
vt 0.500000 0.857143
vt 0.500000 1.000000
vt 0.250000 0.010063
vt 0.250000 0.027251
vt 0.464286 0.642857
vt 0.464286 0.500000
vt 0.696609 0.016079
vt 0.700434 0.032836
vt 0.464286 0.857143
vt 0.464286 1.000000
vt 0.196609 0.016079
vt 0.200434 0.032836
vt 0.428572 0.642857
vt 0.428572 0.500000
vt 0.645895 0.033825
vt 0.653353 0.049310
vt 0.428572 0.857143
vt 0.428572 1.000000
vt 0.145895 0.033825
vt 0.153353 0.049310
vt 0.392857 0.642857
vt 0.392857 0.500000
vt 0.600402 0.062410
vt 0.611119 0.075848
vt 0.392857 0.857143
vt 0.392857 1.000000
vt 0.100402 0.062410
vt 0.111118 0.075848
vt 0.357143 0.642857
vt 0.357143 0.500000
vt 0.562410 0.100402
vt 0.575848 0.111119
vt 0.357143 0.857143
vt 0.357143 1.000000
vt 0.062410 0.100402
vt 0.075848 0.111118
vt 0.321429 0.642857
vt 0.321429 0.500000
vt 0.533825 0.145895
vt 0.549310 0.153353
vt 0.321429 0.857143
vt 0.321429 1.000000
vt 0.033825 0.145895
vt 0.049310 0.153353
vt 0.285714 0.642857
vt 0.285714 0.500000
vt 0.516079 0.196609
vt 0.532836 0.200434
vt 0.285714 0.857143
vt 0.285714 1.000000
vt 0.016079 0.196609
vt 0.032836 0.200434
vt 0.250000 0.642857
vt 0.250000 0.500000
vt 0.510063 0.250000
vt 0.527251 0.250000
vt 0.250000 0.857143
vt 0.250000 1.000000
vt 0.010063 0.250000
vt 0.027251 0.250000
vt 0.214286 0.642857
vt 0.214286 0.500000
vt 0.516079 0.303391
vt 0.532836 0.299566
vt 0.214286 0.857143
vt 0.214286 1.000000
vt 0.016079 0.303391
vt 0.032836 0.299566
vt 0.178572 0.642857
vt 0.178572 0.500000
vt 0.533825 0.354105
vt 0.549310 0.346647
vt 0.178572 0.857143
vt 0.178572 1.000000
vt 0.033825 0.354105
vt 0.049310 0.346647
vt 0.142857 0.642857
vt 0.142857 0.500000
vt 0.562410 0.399598
vt 0.575848 0.388882
vt 0.142857 0.857143
vt 0.142857 1.000000
vt 0.062410 0.399598
vt 0.075848 0.388882
vt 0.107143 0.642857
vt 0.107143 0.500000
vt 0.600402 0.437590
vt 0.611118 0.424152
vt 0.107143 0.857143
vt 0.107143 1.000000
vt 0.100402 0.437590
vt 0.111118 0.424152
vt 0.071429 0.642857
vt 0.071429 0.500000
vt 0.645895 0.466175
vt 0.653353 0.450690
vt 0.071429 0.857143
vt 0.071429 1.000000
vt 0.145895 0.466175
vt 0.153353 0.450690
vt 0.035714 0.642857
vt 0.035714 0.500000
vt 0.696609 0.483921
vt 0.700434 0.467164
vt 0.035714 0.857143
vt 0.035714 1.000000
vt 0.196609 0.483921
vt 0.200434 0.467164
vt 0.000000 0.642857
vt 0.000376 0.500000
vt 0.000000 0.857143
vt 0.000376 1.000000
s 1
usemtl Coin
f 1462/1724/1462 1468/1725/1468 1469/1726/1469 1463/1727/1463
f 1463/1728/1463 1469/1729/1469 1467/1730/1467 1461/1731/1461
f 1471/1732/1471 1465/1733/1465 1466/1734/1466 1472/1735/1472
f 1472/1736/1472 1466/1737/1466 1464/1738/1464 1470/1739/1470
f 1468/1725/1468 1474/1740/1474 1475/1741/1475 1469/1726/1469
f 1469/1729/1469 1475/1742/1475 1473/1743/1473 1467/1730/1467
f 1477/1744/1477 1471/1732/1471 1472/1735/1472 1478/1745/1478
f 1478/1746/1478 1472/1736/1472 1470/1739/1470 1476/1747/1476
f 1474/1740/1474 1480/1748/1480 1481/1749/1481 1475/1741/1475
f 1475/1742/1475 1481/1750/1481 1479/1751/1479 1473/1743/1473
f 1483/1752/1483 1477/1744/1477 1478/1745/1478 1484/1753/1484
f 1484/1754/1484 1478/1746/1478 1476/1747/1476 1482/1755/1482
f 1480/1748/1480 1486/1756/1486 1487/1757/1487 1481/1749/1481
f 1481/1750/1481 1487/1758/1487 1485/1759/1485 1479/1751/1479
f 1489/1760/1489 1483/1752/1483 1484/1753/1484 1490/1761/1490
f 1490/1762/1490 1484/1754/1484 1482/1755/1482 1488/1763/1488
f 1486/1756/1486 1492/1764/1492 1493/1765/1493 1487/1757/1487
f 1487/1758/1487 1493/1766/1493 1491/1767/1491 1485/1759/1485
f 1495/1768/1495 1489/1760/1489 1490/1761/1490 1496/1769/1496
f 1496/1770/1496 1490/1762/1490 1488/1763/1488 1494/1771/1494
f 1492/1764/1492 1498/1772/1498 1499/1773/1499 1493/1765/1493
f 1493/1766/1493 1499/1774/1499 1497/1775/1497 1491/1767/1491
f 1501/1776/1501 1495/1768/1495 1496/1769/1496 1502/1777/1502
f 1502/1778/1502 1496/1770/1496 1494/1771/1494 1500/1779/1500
f 1498/1772/1498 1504/1780/1504 1505/1781/1505 1499/1773/1499
f 1499/1774/1499 1505/1782/1505 1503/1783/1503 1497/1775/1497
f 1507/1784/1507 1501/1776/1501 1502/1777/1502 1508/1785/1508
f 1508/1786/1508 1502/1778/1502 1500/1779/1500 1506/1787/1506
f 1504/1780/1504 1510/1788/1510 1511/1789/1511 1505/1781/1505
f 1505/1782/1505 1511/1790/1511 1509/1791/1509 1503/1783/1503
f 1513/1792/1513 1507/1784/1507 1508/1785/1508 1514/1793/1514
f 1514/1794/1514 1508/1786/1508 1506/1787/1506 1512/1795/1512
f 1510/1788/1510 1516/1796/1516 1517/1797/1517 1511/1789/1511
f 1511/1790/1511 1517/1798/1517 1515/1799/1515 1509/1791/1509
f 1519/1800/1519 1513/1792/1513 1514/1793/1514 1520/1801/1520
f 1520/1802/1520 1514/1794/1514 1512/1795/1512 1518/1803/1518
f 1516/1796/1516 1522/1804/1522 1523/1805/1523 1517/1797/1517
f 1517/1798/1517 1523/1806/1523 1521/1807/1521 1515/1799/1515
f 1525/1808/1525 1519/1800/1519 1520/1801/1520 1526/1809/1526
f 1526/1810/1526 1520/1802/1520 1518/1803/1518 1524/1811/1524
f 1522/1804/1522 1528/1812/1528 1529/1813/1529 1523/1805/1523
f 1523/1806/1523 1529/1814/1529 1527/1815/1527 1521/1807/1521
f 1531/1816/1531 1525/1808/1525 1526/1809/1526 1532/1817/1532
f 1532/1818/1532 1526/1810/1526 1524/1811/1524 1530/1819/1530
f 1528/1812/1528 1534/1820/1534 1535/1821/1535 1529/1813/1529
f 1529/1814/1529 1535/1822/1535 1533/1823/1533 1527/1815/1527
f 1537/1824/1537 1531/1816/1531 1532/1817/1532 1538/1825/1538
f 1538/1826/1538 1532/1818/1532 1530/1819/1530 1536/1827/1536
f 1534/1820/1534 1540/1828/1540 1541/1829/1541 1535/1821/1535
f 1535/1822/1535 1541/1830/1541 1539/1831/1539 1533/1823/1533
f 1543/1832/1543 1537/1824/1537 1538/1825/1538 1544/1833/1544
f 1544/1834/1544 1538/1826/1538 1536/1827/1536 1542/1835/1542
f 1540/1828/1540 1546/1836/1546 1547/1837/1547 1541/1829/1541
f 1541/1830/1541 1547/1838/1547 1545/1839/1545 1539/1831/1539
f 1549/1840/1549 1543/1832/1543 1544/1833/1544 1550/1841/1550
f 1550/1842/1550 1544/1834/1544 1542/1835/1542 1548/1843/1548
f 1546/1836/1546 1552/1844/1552 1553/1845/1553 1547/1837/1547
f 1547/1838/1547 1553/1846/1553 1551/1847/1551 1545/1839/1545
f 1555/1848/1555 1549/1840/1549 1550/1841/1550 1556/1849/1556
f 1556/1850/1556 1550/1842/1550 1548/1843/1548 1554/1851/1554
f 1552/1844/1552 1558/1852/1558 1559/1853/1559 1553/1845/1553
f 1553/1846/1553 1559/1854/1559 1557/1855/1557 1551/1847/1551
f 1561/1856/1561 1555/1848/1555 1556/1849/1556 1562/1857/1562
f 1562/1858/1562 1556/1850/1556 1554/1851/1554 1560/1859/1560
f 1558/1852/1558 1564/1860/1564 1565/1861/1565 1559/1853/1559
f 1559/1854/1559 1565/1862/1565 1563/1863/1563 1557/1855/1557
f 1567/1864/1567 1561/1856/1561 1562/1857/1562 1568/1865/1568
f 1568/1866/1568 1562/1858/1562 1560/1859/1560 1566/1867/1566
f 1564/1860/1564 1570/1868/1570 1571/1869/1571 1565/1861/1565
f 1565/1862/1565 1571/1870/1571 1569/1871/1569 1563/1863/1563
f 1573/1872/1573 1567/1864/1567 1568/1865/1568 1574/1873/1574
f 1574/1874/1574 1568/1866/1568 1566/1867/1566 1572/1875/1572
f 1570/1868/1570 1576/1876/1576 1577/1877/1577 1571/1869/1571
f 1571/1870/1571 1577/1878/1577 1575/1879/1575 1569/1871/1569
f 1579/1880/1579 1573/1872/1573 1574/1873/1574 1580/1881/1580
f 1580/1882/1580 1574/1874/1574 1572/1875/1572 1578/1883/1578
f 1576/1876/1576 1582/1884/1582 1583/1885/1583 1577/1877/1577
f 1577/1878/1577 1583/1886/1583 1581/1887/1581 1575/1879/1575
f 1585/1888/1585 1579/1880/1579 1580/1881/1580 1586/1889/1586
f 1586/1890/1586 1580/1882/1580 1578/1883/1578 1584/1891/1584
f 1582/1884/1582 1588/1892/1588 1589/1893/1589 1583/1885/1583
f 1583/1886/1583 1589/1894/1589 1587/1895/1587 1581/1887/1581
f 1591/1896/1591 1585/1888/1585 1586/1889/1586 1592/1897/1592
f 1592/1898/1592 1586/1890/1586 1584/1891/1584 1590/1899/1590
f 1588/1892/1588 1594/1900/1594 1595/1901/1595 1589/1893/1589
f 1589/1894/1589 1595/1902/1595 1593/1903/1593 1587/1895/1587
f 1597/1904/1597 1591/1896/1591 1592/1897/1592 1598/1905/1598
f 1598/1906/1598 1592/1898/1592 1590/1899/1590 1596/1907/1596
f 1594/1900/1594 1600/1908/1600 1601/1909/1601 1595/1901/1595
f 1595/1902/1595 1601/1910/1601 1599/1911/1599 1593/1903/1593
f 1603/1912/1603 1597/1904/1597 1598/1905/1598 1604/1913/1604
f 1604/1914/1604 1598/1906/1598 1596/1907/1596 1602/1915/1602
f 1600/1908/1600 1606/1916/1606 1607/1917/1607 1601/1909/1601
f 1601/1910/1601 1607/1918/1607 1605/1919/1605 1599/1911/1599
f 1609/1920/1609 1603/1912/1603 1604/1913/1604 1610/1921/1610
f 1610/1922/1610 1604/1914/1604 1602/1915/1602 1608/1923/1608
f 1606/1916/1606 1612/1924/1612 1613/1925/1613 1607/1917/1607
f 1607/1918/1607 1613/1926/1613 1611/1927/1611 1605/1919/1605
f 1615/1928/1615 1609/1920/1609 1610/1921/1610 1616/1929/1616
f 1616/1930/1616 1610/1922/1610 1608/1923/1608 1614/1931/1614
f 1612/1924/1612 1618/1932/1618 1619/1933/1619 1613/1925/1613
f 1613/1926/1613 1619/1934/1619 1617/1935/1617 1611/1927/1611
f 1621/1936/1621 1615/1928/1615 1616/1929/1616 1622/1937/1622
f 1622/1938/1622 1616/1930/1616 1614/1931/1614 1620/1939/1620
f 1618/1932/1618 1624/1940/1624 1625/1941/1625 1619/1933/1619
f 1619/1934/1619 1625/1942/1625 1623/1943/1623 1617/1935/1617
f 1627/1944/1627 1621/1936/1621 1622/1937/1622 1628/1945/1628
f 1628/1946/1628 1622/1938/1622 1620/1939/1620 1626/1947/1626
f 1624/1940/1624 1462/1948/1462 1463/1949/1463 1625/1941/1625
f 1625/1942/1625 1463/1728/1463 1461/1731/1461 1623/1943/1623
f 1465/1950/1465 1627/1944/1627 1628/1945/1628 1466/1951/1466
f 1466/1737/1466 1628/1946/1628 1626/1947/1626 1464/1738/1464
f 1461/1731/1461 1467/1730/1467 1473/1743/1473 1479/1751/1479 1485/1759/1485 1491/1767/1491 1497/1775/1497 1503/1783/1503 1509/1791/1509 1515/1799/1515 1521/1807/1521 1527/1815/1527 1533/1823/1533 1539/1831/1539 1545/1839/1545 1551/1847/1551 1557/1855/1557 1563/1863/1563 1569/1871/1569 1575/1879/1575 1581/1887/1581 1587/1895/1587 1593/1903/1593 1599/1911/1599 1605/1919/1605 1611/1927/1611 1617/1935/1617 1623/1943/1623
f 1462/1724/1462 1465/1733/1465 1471/1732/1471 1468/1725/1468
f 1624/1940/1624 1627/1944/1627 1465/1950/1465 1462/1948/1462
f 1470/1739/1470 1464/1738/1464 1626/1947/1626 1620/1939/1620 1614/1931/1614 1608/1923/1608 1602/1915/1602 1596/1907/1596 1590/1899/1590 1584/1891/1584 1578/1883/1578 1572/1875/1572 1566/1867/1566 1560/1859/1560 1554/1851/1554 1548/1843/1548 1542/1835/1542 1536/1827/1536 1530/1819/1530 1524/1811/1524 1518/1803/1518 1512/1795/1512 1506/1787/1506 1500/1779/1500 1494/1771/1494 1488/1763/1488 1482/1755/1482 1476/1747/1476
f 1468/1725/1468 1471/1732/1471 1477/1744/1477 1474/1740/1474
f 1474/1740/1474 1477/1744/1477 1483/1752/1483 1480/1748/1480
f 1480/1748/1480 1483/1752/1483 1489/1760/1489 1486/1756/1486
f 1486/1756/1486 1489/1760/1489 1495/1768/1495 1492/1764/1492
f 1492/1764/1492 1495/1768/1495 1501/1776/1501 1498/1772/1498
f 1498/1772/1498 1501/1776/1501 1507/1784/1507 1504/1780/1504
f 1504/1780/1504 1507/1784/1507 1513/1792/1513 1510/1788/1510
f 1510/1788/1510 1513/1792/1513 1519/1800/1519 1516/1796/1516
f 1516/1796/1516 1519/1800/1519 1525/1808/1525 1522/1804/1522
f 1522/1804/1522 1525/1808/1525 1531/1816/1531 1528/1812/1528
f 1528/1812/1528 1531/1816/1531 1537/1824/1537 1534/1820/1534
f 1534/1820/1534 1537/1824/1537 1543/1832/1543 1540/1828/1540
f 1540/1828/1540 1543/1832/1543 1549/1840/1549 1546/1836/1546
f 1546/1836/1546 1549/1840/1549 1555/1848/1555 1552/1844/1552
f 1552/1844/1552 1555/1848/1555 1561/1856/1561 1558/1852/1558
f 1558/1852/1558 1561/1856/1561 1567/1864/1567 1564/1860/1564
f 1564/1860/1564 1567/1864/1567 1573/1872/1573 1570/1868/1570
f 1570/1868/1570 1573/1872/1573 1579/1880/1579 1576/1876/1576
f 1576/1876/1576 1579/1880/1579 1585/1888/1585 1582/1884/1582
f 1582/1884/1582 1585/1888/1585 1591/1896/1591 1588/1892/1588
f 1588/1892/1588 1591/1896/1591 1597/1904/1597 1594/1900/1594
f 1594/1900/1594 1597/1904/1597 1603/1912/1603 1600/1908/1600
f 1600/1908/1600 1603/1912/1603 1609/1920/1609 1606/1916/1606
f 1606/1916/1606 1609/1920/1609 1615/1928/1615 1612/1924/1612
f 1612/1924/1612 1615/1928/1615 1621/1936/1621 1618/1932/1618
f 1618/1932/1618 1621/1936/1621 1627/1944/1627 1624/1940/1624
o Coin_1
v -0.500000 0.965000 1.209873
v -0.500000 0.985000 1.230000
v -0.500000 0.970858 1.224105
v -0.500000 1.035000 1.209873
v -0.500000 1.015000 1.230000
v -0.500000 1.029142 1.224105
v -0.557827 0.965000 1.203358
v -0.562306 0.985000 1.222980
v -0.560994 0.970858 1.217233
v -0.557827 1.035000 1.203358
v -0.562306 1.015000 1.222980
v -0.560994 1.029142 1.217233
v -0.612755 0.965000 1.184138
v -0.621487 0.985000 1.202271
v -0.618930 0.970858 1.196960
v -0.612755 1.035000 1.184138
v -0.621487 1.015000 1.202271
v -0.618930 1.029142 1.196960
v -0.662028 0.965000 1.153177
v -0.674577 0.985000 1.168913
v -0.670902 0.970858 1.164304
v -0.662028 1.035000 1.153177
v -0.674577 1.015000 1.168913
v -0.670902 1.029142 1.164304
v -0.703177 0.965000 1.112028
v -0.718913 0.985000 1.124577
v -0.714304 0.970858 1.120902
v -0.703177 1.035000 1.112028
v -0.718913 1.015000 1.124577
v -0.714304 1.029142 1.120902
v -0.734138 0.965000 1.062755
v -0.752271 0.985000 1.071487
v -0.746960 0.970858 1.068930
v -0.734138 1.035000 1.062755
v -0.752271 1.015000 1.071487
v -0.746960 1.029142 1.068930
v -0.753358 0.965000 1.007827
v -0.772980 0.985000 1.012306
v -0.767233 0.970858 1.010994
v -0.753358 1.035000 1.007827
v -0.772980 1.015000 1.012306
v -0.767233 1.029142 1.010994
v -0.759873 0.965000 0.950000
v -0.780000 0.985000 0.950000
v -0.774105 0.970858 0.950000
v -0.759873 1.035000 0.950000
v -0.780000 1.015000 0.950000
v -0.774105 1.029142 0.950000
v -0.753358 0.965000 0.892173
v -0.772980 0.985000 0.887694
v -0.767233 0.970858 0.889006
v -0.753358 1.035000 0.892173
v -0.772980 1.015000 0.887694
v -0.767233 1.029142 0.889006
v -0.734138 0.965000 0.837245
v -0.752271 0.985000 0.828513
v -0.746960 0.970858 0.831070
v -0.734138 1.035000 0.837245
v -0.752271 1.015000 0.828513
v -0.746960 1.029142 0.831070
v -0.703177 0.965000 0.787972
v -0.718913 0.985000 0.775423
v -0.714304 0.970858 0.779098
v -0.703177 1.035000 0.787972
v -0.718913 1.015000 0.775423
v -0.714304 1.029142 0.779098
v -0.662028 0.965000 0.746823
v -0.674577 0.985000 0.731087
v -0.670902 0.970858 0.735696
v -0.662028 1.035000 0.746823
v -0.674577 1.015000 0.731087
v -0.670902 1.029142 0.735696
v -0.612755 0.965000 0.715862
v -0.621487 0.985000 0.697729
v -0.618930 0.970858 0.703040
v -0.612755 1.035000 0.715862
v -0.621487 1.015000 0.697729
v -0.618930 1.029142 0.703040
v -0.557827 0.965000 0.696642
v -0.562306 0.985000 0.677020
v -0.560994 0.970858 0.682767
v -0.557827 1.035000 0.696642
v -0.562306 1.015000 0.677020
v -0.560994 1.029142 0.682767
v -0.500000 0.965000 0.690127
v -0.500000 0.985000 0.670000
v -0.500000 0.970858 0.675895
v -0.500000 1.035000 0.690127
v -0.500000 1.015000 0.670000
v -0.500000 1.029142 0.675895
v -0.442173 0.965000 0.696642
v -0.437694 0.985000 0.677020
v -0.439006 0.970858 0.682767
v -0.442173 1.035000 0.696642
v -0.437694 1.015000 0.677020
v -0.439006 1.029142 0.682767
v -0.387245 0.965000 0.715862
v -0.378513 0.985000 0.697729
v -0.381070 0.970858 0.703040
v -0.387245 1.035000 0.715862
v -0.378513 1.015000 0.697729
v -0.381070 1.029142 0.703040
v -0.337972 0.965000 0.746823
v -0.325423 0.985000 0.731087
v -0.329098 0.970858 0.735696
v -0.337972 1.035000 0.746823
v -0.325423 1.015000 0.731087
v -0.329098 1.029142 0.735696
v -0.296823 0.965000 0.787972
v -0.281087 0.985000 0.775423
v -0.285696 0.970858 0.779098
v -0.296823 1.035000 0.787972
v -0.281087 1.015000 0.775423
v -0.285696 1.029142 0.779098
v -0.265862 0.965000 0.837245
v -0.247729 0.985000 0.828513
v -0.253040 0.970858 0.831070
v -0.265862 1.035000 0.837245
v -0.247729 1.015000 0.828513
v -0.253040 1.029142 0.831070
v -0.246642 0.965000 0.892173
v -0.227020 0.985000 0.887694
v -0.232767 0.970858 0.889006
v -0.246642 1.035000 0.892173
v -0.227020 1.015000 0.887694
v -0.232767 1.029142 0.889006
v -0.240127 0.965000 0.950000
v -0.220000 0.985000 0.950000
v -0.225895 0.970858 0.950000
v -0.240127 1.035000 0.950000
v -0.220000 1.015000 0.950000
v -0.225895 1.029142 0.950000
v -0.246642 0.965000 1.007827
v -0.227020 0.985000 1.012306
v -0.232767 0.970858 1.010994
v -0.246642 1.035000 1.007827
v -0.227020 1.015000 1.012306
v -0.232767 1.029142 1.010994
v -0.265862 0.965000 1.062755
v -0.247729 0.985000 1.071487
v -0.253040 0.970858 1.068930
v -0.265862 1.035000 1.062755
v -0.247729 1.015000 1.071487
v -0.253040 1.029142 1.068930
v -0.296823 0.965000 1.112028
v -0.281087 0.985000 1.124577
v -0.285696 0.970858 1.120902
v -0.296823 1.035000 1.112028
v -0.281087 1.015000 1.124577
v -0.285696 1.029142 1.120902
v -0.337972 0.965000 1.153177
v -0.325423 0.985000 1.168913
v -0.329098 0.970858 1.164304
v -0.337972 1.035000 1.153177
v -0.325423 1.015000 1.168913
v -0.329098 1.029142 1.164304
v -0.387245 0.965000 1.184138
v -0.378513 0.985000 1.202271
v -0.381070 0.970858 1.196960
v -0.387245 1.035000 1.184138
v -0.378513 1.015000 1.202271
v -0.381070 1.029142 1.196960
v -0.442173 0.965000 1.203358
v -0.437694 0.985000 1.222980
v -0.439006 0.970858 1.217233
v -0.442173 1.035000 1.203358
v -0.437694 1.015000 1.222980
v -0.439006 1.029142 1.217233
vn -0.0000 -0.9783 0.2073
vn -0.0000 -0.1935 0.9811
vn -0.0000 -0.6953 0.7187
vn -0.0000 0.9783 0.2073
vn -0.0000 0.1935 0.9811
vn -0.0000 0.6953 0.7187
vn -0.0461 -0.9783 0.2021
vn -0.2183 -0.1935 0.9565
vn -0.1599 -0.6953 0.7007
vn -0.0461 0.9783 0.2021
vn -0.2183 0.1936 0.9565
vn -0.1599 0.6953 0.7007
vn -0.0899 -0.9783 0.1867
vn -0.4257 -0.1936 0.8839
vn -0.3118 -0.6953 0.6476
vn -0.0899 0.9783 0.1867
vn -0.4257 0.1936 0.8839
vn -0.3118 0.6953 0.6476
vn -0.1292 -0.9783 0.1620
vn -0.6117 -0.1936 0.7670
vn -0.4481 -0.6953 0.5619
vn -0.1292 0.9783 0.1620
vn -0.6117 0.1936 0.7670
vn -0.4481 0.6953 0.5619
vn -0.1620 -0.9783 0.1292
vn -0.7670 -0.1936 0.6117
vn -0.5619 -0.6953 0.4481
vn -0.1620 0.9783 0.1292
vn -0.7670 0.1936 0.6117
vn -0.5619 0.6953 0.4481
vn -0.1867 -0.9783 0.0899
vn -0.8839 -0.1936 0.4257
vn -0.6476 -0.6953 0.3118
vn -0.1867 0.9783 0.0899
vn -0.8839 0.1936 0.4257
vn -0.6476 0.6953 0.3118
vn -0.2021 -0.9783 0.0461
vn -0.9565 -0.1935 0.2183
vn -0.7007 -0.6953 0.1599
vn -0.2021 0.9783 0.0461
vn -0.9565 0.1936 0.2183
vn -0.7007 0.6953 0.1599
vn -0.2073 -0.9783 -0.0000
vn -0.9811 -0.1935 -0.0000
vn -0.7187 -0.6953 -0.0000
vn -0.2073 0.9783 -0.0000
vn -0.9811 0.1935 -0.0000
vn -0.7187 0.6953 -0.0000
vn -0.2021 -0.9783 -0.0461
vn -0.9565 -0.1936 -0.2183
vn -0.7007 -0.6953 -0.1599
vn -0.2021 0.9783 -0.0461
vn -0.9565 0.1935 -0.2183
vn -0.7007 0.6953 -0.1599
vn -0.1867 -0.9783 -0.0899
vn -0.8839 -0.1936 -0.4257
vn -0.6476 -0.6953 -0.3118
vn -0.1867 0.9783 -0.0899
vn -0.8839 0.1936 -0.4257
vn -0.6476 0.6953 -0.3118
vn -0.1620 -0.9783 -0.1292
vn -0.7670 -0.1936 -0.6117
vn -0.5619 -0.6953 -0.4481
vn -0.1620 0.9783 -0.1292
vn -0.7670 0.1936 -0.6117
vn -0.5619 0.6953 -0.4481
vn -0.1292 -0.9783 -0.1620
vn -0.6117 -0.1936 -0.7670
vn -0.4481 -0.6953 -0.5619
vn -0.1292 0.9783 -0.1620
vn -0.6117 0.1936 -0.7670
vn -0.4481 0.6953 -0.5619
vn -0.0899 -0.9783 -0.1867
vn -0.4257 -0.1936 -0.8839
vn -0.3118 -0.6953 -0.6476
vn -0.0899 0.9783 -0.1867
vn -0.4257 0.1936 -0.8839
vn -0.3118 0.6953 -0.6476
vn -0.0461 -0.9783 -0.2021
vn -0.2183 -0.1936 -0.9565
vn -0.1599 -0.6953 -0.7007
vn -0.0461 0.9783 -0.2021
vn -0.2183 0.1935 -0.9565
vn -0.1599 0.6953 -0.7007
vn -0.0000 -0.9783 -0.2073
vn -0.0000 -0.1935 -0.9811
vn -0.0000 -0.6953 -0.7187
vn -0.0000 0.9783 -0.2073
vn -0.0000 0.1935 -0.9811
vn -0.0000 0.6953 -0.7187
vn 0.0461 -0.9783 -0.2021
vn 0.2183 -0.1936 -0.9565
vn 0.1599 -0.6953 -0.7007
vn 0.0461 0.9783 -0.2021
vn 0.2183 0.1935 -0.9565
vn 0.1599 0.6953 -0.7007
vn 0.0899 -0.9783 -0.1867
vn 0.4257 -0.1936 -0.8839
vn 0.3118 -0.6953 -0.6476
vn 0.0899 0.9783 -0.1867
vn 0.4257 0.1936 -0.8839
vn 0.3118 0.6953 -0.6476
vn 0.1292 -0.9783 -0.1620
vn 0.6117 -0.1936 -0.7670
vn 0.4481 -0.6953 -0.5619
vn 0.1292 0.9783 -0.1620
vn 0.6117 0.1936 -0.7670
vn 0.4481 0.6953 -0.5619
vn 0.1620 -0.9783 -0.1292
vn 0.7670 -0.1936 -0.6117
vn 0.5619 -0.6953 -0.4481
vn 0.1620 0.9783 -0.1292
vn 0.7670 0.1936 -0.6117
vn 0.5619 0.6953 -0.4481
vn 0.1867 -0.9783 -0.0899
vn 0.8839 -0.1936 -0.4257
vn 0.6476 -0.6953 -0.3118
vn 0.1867 0.9783 -0.0899
vn 0.8839 0.1936 -0.4257
vn 0.6476 0.6953 -0.3118
vn 0.2021 -0.9783 -0.0461
vn 0.9565 -0.1935 -0.2183
vn 0.7007 -0.6953 -0.1599
vn 0.2021 0.9783 -0.0461
vn 0.9565 0.1935 -0.2183
vn 0.7007 0.6953 -0.1599
vn 0.2073 -0.9783 -0.0000
vn 0.9811 -0.1935 -0.0000
vn 0.7187 -0.6953 -0.0000
vn 0.2073 0.9783 -0.0000
vn 0.9811 0.1935 -0.0000
vn 0.7187 0.6953 -0.0000
vn 0.2021 -0.9783 0.0461
vn 0.9565 -0.1935 0.2183
vn 0.7007 -0.6953 0.1599
vn 0.2021 0.9783 0.0461
vn 0.9565 0.1935 0.2183
vn 0.7007 0.6953 0.1599
vn 0.1867 -0.9783 0.0899
vn 0.8839 -0.1936 0.4257
vn 0.6476 -0.6953 0.3118
vn 0.1867 0.9783 0.0899
vn 0.8839 0.1936 0.4257
vn 0.6476 0.6953 0.3118
vn 0.1620 -0.9783 0.1292
vn 0.7670 -0.1936 0.6117
vn 0.5619 -0.6953 0.4481
vn 0.1620 0.9783 0.1292
vn 0.7670 0.1936 0.6117
vn 0.5619 0.6953 0.4481
vn 0.1292 -0.9783 0.1620
vn 0.6117 -0.1936 0.7670
vn 0.4481 -0.6953 0.5619
vn 0.1292 0.9783 0.1620
vn 0.6117 0.1936 0.7670
vn 0.4481 0.6953 0.5619
vn 0.0899 -0.9783 0.1867
vn 0.4257 -0.1936 0.8839
vn 0.3118 -0.6953 0.6476
vn 0.0899 0.9783 0.1867
vn 0.4257 0.1936 0.8839
vn 0.3118 0.6953 0.6476
vn 0.0461 -0.9783 0.2021
vn 0.2183 -0.1935 0.9565
vn 0.1599 -0.6953 0.7007
vn 0.0461 0.9783 0.2021
vn 0.2183 0.1936 0.9565
vn 0.1599 0.6953 0.7007
vt 1.000000 0.642857
vt 0.964286 0.642857
vt 0.964286 0.500000
vt 0.999624 0.500000
vt 0.750000 0.489937
vt 0.803391 0.483921
vt 0.799566 0.467164
vt 0.750000 0.472749
vt 0.964286 0.857143
vt 1.000000 0.857143
vt 0.999624 1.000000
vt 0.964286 1.000000
vt 0.303391 0.483921
vt 0.250000 0.489937
vt 0.250000 0.472749
vt 0.299566 0.467164
vt 0.928571 0.642857
vt 0.928571 0.500000
vt 0.854105 0.466175
vt 0.846647 0.450690
vt 0.928571 0.857143
vt 0.928571 1.000000
vt 0.354105 0.466175
vt 0.346647 0.450690
vt 0.892857 0.642857
vt 0.892857 0.500000
vt 0.899598 0.437590
vt 0.888882 0.424152
vt 0.892857 0.857143
vt 0.892857 1.000000
vt 0.399598 0.437590
vt 0.388882 0.424152
vt 0.857143 0.642857
vt 0.857143 0.500000
vt 0.937590 0.399598
vt 0.924152 0.388882
vt 0.857143 0.857143
vt 0.857143 1.000000
vt 0.437590 0.399598
vt 0.424152 0.388882
vt 0.821429 0.642857
vt 0.821429 0.500000
vt 0.966175 0.354105
vt 0.950690 0.346647
vt 0.821429 0.857143
vt 0.821429 1.000000
vt 0.466175 0.354105
vt 0.450690 0.346647
vt 0.785714 0.642857
vt 0.785714 0.500000
vt 0.983921 0.303391
vt 0.967164 0.299566
vt 0.785714 0.857143
vt 0.785714 1.000000
vt 0.483921 0.303391
vt 0.467164 0.299566
vt 0.750000 0.642857
vt 0.750000 0.500000
vt 0.989937 0.250000
vt 0.972749 0.250000
vt 0.750000 0.857143
vt 0.750000 1.000000
vt 0.489937 0.250000
vt 0.472749 0.250000
vt 0.714286 0.642857
vt 0.714286 0.500000
vt 0.983921 0.196609
vt 0.967164 0.200434
vt 0.714286 0.857143
vt 0.714286 1.000000
vt 0.483921 0.196609
vt 0.467164 0.200434
vt 0.678572 0.642857
vt 0.678572 0.500000
vt 0.966175 0.145895
vt 0.950690 0.153353
vt 0.678572 0.857143
vt 0.678572 1.000000
vt 0.466175 0.145895
vt 0.450690 0.153353
vt 0.642857 0.642857
vt 0.642857 0.500000
vt 0.937590 0.100402
vt 0.924152 0.111118
vt 0.642857 0.857143
vt 0.642857 1.000000
vt 0.437590 0.100402
vt 0.424152 0.111119
vt 0.607143 0.642857
vt 0.607143 0.500000
vt 0.899598 0.062410
vt 0.888882 0.075848
vt 0.607143 0.857143
vt 0.607143 1.000000
vt 0.399598 0.062410
vt 0.388882 0.075848
vt 0.571429 0.642857
vt 0.571429 0.500000
vt 0.854105 0.033825
vt 0.846647 0.049310
vt 0.571429 0.857143
vt 0.571429 1.000000
vt 0.354105 0.033825
vt 0.346647 0.049310
vt 0.535715 0.642857
vt 0.535715 0.500000
vt 0.803391 0.016079
vt 0.799566 0.032836
vt 0.535715 0.857143
vt 0.535715 1.000000
vt 0.303391 0.016079
vt 0.299566 0.032836
vt 0.500000 0.642857
vt 0.500000 0.500000
vt 0.750000 0.010063
vt 0.750000 0.027251
vt 0.500000 0.857143
vt 0.500000 1.000000
vt 0.250000 0.010063
vt 0.250000 0.027251
vt 0.464286 0.642857
vt 0.464286 0.500000
vt 0.696609 0.016079
vt 0.700434 0.032836
vt 0.464286 0.857143
vt 0.464286 1.000000
vt 0.196609 0.016079
vt 0.200434 0.032836
vt 0.428572 0.642857
vt 0.428572 0.500000
vt 0.645895 0.033825
vt 0.653353 0.049310
vt 0.428572 0.857143
vt 0.428572 1.000000
vt 0.145895 0.033825
vt 0.153353 0.049310
vt 0.392857 0.642857
vt 0.392857 0.500000
vt 0.600402 0.062410
vt 0.611119 0.075848
vt 0.392857 0.857143
vt 0.392857 1.000000
vt 0.100402 0.062410
vt 0.111118 0.075848
vt 0.357143 0.642857
vt 0.357143 0.500000
vt 0.562410 0.100402
vt 0.575848 0.111119
vt 0.357143 0.857143
vt 0.357143 1.000000
vt 0.062410 0.100402
vt 0.075848 0.111118
vt 0.321429 0.642857
vt 0.321429 0.500000
vt 0.533825 0.145895
vt 0.549310 0.153353
vt 0.321429 0.857143
vt 0.321429 1.000000
vt 0.033825 0.145895
vt 0.049310 0.153353
vt 0.285714 0.642857
vt 0.285714 0.500000
vt 0.516079 0.196609
vt 0.532836 0.200434
vt 0.285714 0.857143
vt 0.285714 1.000000
vt 0.016079 0.196609
vt 0.032836 0.200434
vt 0.250000 0.642857
vt 0.250000 0.500000
vt 0.510063 0.250000
vt 0.527251 0.250000
vt 0.250000 0.857143
vt 0.250000 1.000000
vt 0.010063 0.250000
vt 0.027251 0.250000
vt 0.214286 0.642857
vt 0.214286 0.500000
vt 0.516079 0.303391
vt 0.532836 0.299566
vt 0.214286 0.857143
vt 0.214286 1.000000
vt 0.016079 0.303391
vt 0.032836 0.299566
vt 0.178572 0.642857
vt 0.178572 0.500000
vt 0.533825 0.354105
vt 0.549310 0.346647
vt 0.178572 0.857143
vt 0.178572 1.000000
vt 0.033825 0.354105
vt 0.049310 0.346647
vt 0.142857 0.642857
vt 0.142857 0.500000
vt 0.562410 0.399598
vt 0.575848 0.388882
vt 0.142857 0.857143
vt 0.142857 1.000000
vt 0.062410 0.399598
vt 0.075848 0.388882
vt 0.107143 0.642857
vt 0.107143 0.500000
vt 0.600402 0.437590
vt 0.611118 0.424152
vt 0.107143 0.857143
vt 0.107143 1.000000
vt 0.100402 0.437590
vt 0.111118 0.424152
vt 0.071429 0.642857
vt 0.071429 0.500000
vt 0.645895 0.466175
vt 0.653353 0.450690
vt 0.071429 0.857143
vt 0.071429 1.000000
vt 0.145895 0.466175
vt 0.153353 0.450690
vt 0.035714 0.642857
vt 0.035714 0.500000
vt 0.696609 0.483921
vt 0.700434 0.467164
vt 0.035714 0.857143
vt 0.035714 1.000000
vt 0.196609 0.483921
vt 0.200434 0.467164
vt 0.000000 0.642857
vt 0.000376 0.500000
vt 0.000000 0.857143
vt 0.000376 1.000000
s 1
usemtl Coin
f 1630/1952/1630 1636/1953/1636 1637/1954/1637 1631/1955/1631
f 1631/1956/1631 1637/1957/1637 1635/1958/1635 1629/1959/1629
f 1639/1960/1639 1633/1961/1633 1634/1962/1634 1640/1963/1640
f 1640/1964/1640 1634/1965/1634 1632/1966/1632 1638/1967/1638
f 1636/1953/1636 1642/1968/1642 1643/1969/1643 1637/1954/1637
f 1637/1957/1637 1643/1970/1643 1641/1971/1641 1635/1958/1635
f 1645/1972/1645 1639/1960/1639 1640/1963/1640 1646/1973/1646
f 1646/1974/1646 1640/1964/1640 1638/1967/1638 1644/1975/1644
f 1642/1968/1642 1648/1976/1648 1649/1977/1649 1643/1969/1643
f 1643/1970/1643 1649/1978/1649 1647/1979/1647 1641/1971/1641
f 1651/1980/1651 1645/1972/1645 1646/1973/1646 1652/1981/1652
f 1652/1982/1652 1646/1974/1646 1644/1975/1644 1650/1983/1650
f 1648/1976/1648 1654/1984/1654 1655/1985/1655 1649/1977/1649
f 1649/1978/1649 1655/1986/1655 1653/1987/1653 1647/1979/1647
f 1657/1988/1657 1651/1980/1651 1652/1981/1652 1658/1989/1658
f 1658/1990/1658 1652/1982/1652 1650/1983/1650 1656/1991/1656
f 1654/1984/1654 1660/1992/1660 1661/1993/1661 1655/1985/1655
f 1655/1986/1655 1661/1994/1661 1659/1995/1659 1653/1987/1653
f 1663/1996/1663 1657/1988/1657 1658/1989/1658 1664/1997/1664
f 1664/1998/1664 1658/1990/1658 1656/1991/1656 1662/1999/1662
f 1660/1992/1660 1666/2000/1666 1667/2001/1667 1661/1993/1661
f 1661/1994/1661 1667/2002/1667 1665/2003/1665 1659/1995/1659
f 1669/2004/1669 1663/1996/1663 1664/1997/1664 1670/2005/1670
f 1670/2006/1670 1664/1998/1664 1662/1999/1662 1668/2007/1668
f 1666/2000/1666 1672/2008/1672 1673/2009/1673 1667/2001/1667
f 1667/2002/1667 1673/2010/1673 1671/2011/1671 1665/2003/1665
f 1675/2012/1675 1669/2004/1669 1670/2005/1670 1676/2013/1676
f 1676/2014/1676 1670/2006/1670 1668/2007/1668 1674/2015/1674
f 1672/2008/1672 1678/2016/1678 1679/2017/1679 1673/2009/1673
f 1673/2010/1673 1679/2018/1679 1677/2019/1677 1671/2011/1671
f 1681/2020/1681 1675/2012/1675 1676/2013/1676 1682/2021/1682
f 1682/2022/1682 1676/2014/1676 1674/2015/1674 1680/2023/1680
f 1678/2016/1678 1684/2024/1684 1685/2025/1685 1679/2017/1679
f 1679/2018/1679 1685/2026/1685 1683/2027/1683 1677/2019/1677
f 1687/2028/1687 1681/2020/1681 1682/2021/1682 1688/2029/1688
f 1688/2030/1688 1682/2022/1682 1680/2023/1680 1686/2031/1686
f 1684/2024/1684 1690/2032/1690 1691/2033/1691 1685/2025/1685
f 1685/2026/1685 1691/2034/1691 1689/2035/1689 1683/2027/1683
f 1693/2036/1693 1687/2028/1687 1688/2029/1688 1694/2037/1694
f 1694/2038/1694 1688/2030/1688 1686/2031/1686 1692/2039/1692
f 1690/2032/1690 1696/2040/1696 1697/2041/1697 1691/2033/1691
f 1691/2034/1691 1697/2042/1697 1695/2043/1695 1689/2035/1689
f 1699/2044/1699 1693/2036/1693 1694/2037/1694 1700/2045/1700
f 1700/2046/1700 1694/2038/1694 1692/2039/1692 1698/2047/1698
f 1696/2040/1696 1702/2048/1702 1703/2049/1703 1697/2041/1697
f 1697/2042/1697 1703/2050/1703 1701/2051/1701 1695/2043/1695
f 1705/2052/1705 1699/2044/1699 1700/2045/1700 1706/2053/1706
f 1706/2054/1706 1700/2046/1700 1698/2047/1698 1704/2055/1704
f 1702/2048/1702 1708/2056/1708 1709/2057/1709 1703/2049/1703
f 1703/2050/1703 1709/2058/1709 1707/2059/1707 1701/2051/1701
f 1711/2060/1711 1705/2052/1705 1706/2053/1706 1712/2061/1712
f 1712/2062/1712 1706/2054/1706 1704/2055/1704 1710/2063/1710
f 1708/2056/1708 1714/2064/1714 1715/2065/1715 1709/2057/1709
f 1709/2058/1709 1715/2066/1715 1713/2067/1713 1707/2059/1707
f 1717/2068/1717 1711/2060/1711 1712/2061/1712 1718/2069/1718
f 1718/2070/1718 1712/2062/1712 1710/2063/1710 1716/2071/1716
f 1714/2064/1714 1720/2072/1720 1721/2073/1721 1715/2065/1715
f 1715/2066/1715 1721/2074/1721 1719/2075/1719 1713/2067/1713
f 1723/2076/1723 1717/2068/1717 1718/2069/1718 1724/2077/1724
f 1724/2078/1724 1718/2070/1718 1716/2071/1716 1722/2079/1722
f 1720/2072/1720 1726/2080/1726 1727/2081/1727 1721/2073/1721
f 1721/2074/1721 1727/2082/1727 1725/2083/1725 1719/2075/1719
f 1729/2084/1729 1723/2076/1723 1724/2077/1724 1730/2085/1730
f 1730/2086/1730 1724/2078/1724 1722/2079/1722 1728/2087/1728
f 1726/2080/1726 1732/2088/1732 1733/2089/1733 1727/2081/1727
f 1727/2082/1727 1733/2090/1733 1731/2091/1731 1725/2083/1725
f 1735/2092/1735 1729/2084/1729 1730/2085/1730 1736/2093/1736
f 1736/2094/1736 1730/2086/1730 1728/2087/1728 1734/2095/1734
f 1732/2088/1732 1738/2096/1738 1739/2097/1739 1733/2089/1733
f 1733/2090/1733 1739/2098/1739 1737/2099/1737 1731/2091/1731
f 1741/2100/1741 1735/2092/1735 1736/2093/1736 1742/2101/1742
f 1742/2102/1742 1736/2094/1736 1734/2095/1734 1740/2103/1740
f 1738/2096/1738 1744/2104/1744 1745/2105/1745 1739/2097/1739
f 1739/2098/1739 1745/2106/1745 1743/2107/1743 1737/2099/1737
f 1747/2108/1747 1741/2100/1741 1742/2101/1742 1748/2109/1748
f 1748/2110/1748 1742/2102/1742 1740/2103/1740 1746/2111/1746
f 1744/2104/1744 1750/2112/1750 1751/2113/1751 1745/2105/1745
f 1745/2106/1745 1751/2114/1751 1749/2115/1749 1743/2107/1743
f 1753/2116/1753 1747/2108/1747 1748/2109/1748 1754/2117/1754
f 1754/2118/1754 1748/2110/1748 1746/2111/1746 1752/2119/1752
f 1750/2112/1750 1756/2120/1756 1757/2121/1757 1751/2113/1751
f 1751/2114/1751 1757/2122/1757 1755/2123/1755 1749/2115/1749
f 1759/2124/1759 1753/2116/1753 1754/2117/1754 1760/2125/1760
f 1760/2126/1760 1754/2118/1754 1752/2119/1752 1758/2127/1758
f 1756/2120/1756 1762/2128/1762 1763/2129/1763 1757/2121/1757
f 1757/2122/1757 1763/2130/1763 1761/2131/1761 1755/2123/1755
f 1765/2132/1765 1759/2124/1759 1760/2125/1760 1766/2133/1766
f 1766/2134/1766 1760/2126/1760 1758/2127/1758 1764/2135/1764
f 1762/2128/1762 1768/2136/1768 1769/2137/1769 1763/2129/1763
f 1763/2130/1763 1769/2138/1769 1767/2139/1767 1761/2131/1761
f 1771/2140/1771 1765/2132/1765 1766/2133/1766 1772/2141/1772
f 1772/2142/1772 1766/2134/1766 1764/2135/1764 1770/2143/1770
f 1768/2136/1768 1774/2144/1774 1775/2145/1775 1769/2137/1769
f 1769/2138/1769 1775/2146/1775 1773/2147/1773 1767/2139/1767
f 1777/2148/1777 1771/2140/1771 1772/2141/1772 1778/2149/1778
f 1778/2150/1778 1772/2142/1772 1770/2143/1770 1776/2151/1776
f 1774/2144/1774 1780/2152/1780 1781/2153/1781 1775/2145/1775
f 1775/2146/1775 1781/2154/1781 1779/2155/1779 1773/2147/1773
f 1783/2156/1783 1777/2148/1777 1778/2149/1778 1784/2157/1784
f 1784/2158/1784 1778/2150/1778 1776/2151/1776 1782/2159/1782
f 1780/2152/1780 1786/2160/1786 1787/2161/1787 1781/2153/1781
f 1781/2154/1781 1787/2162/1787 1785/2163/1785 1779/2155/1779
f 1789/2164/1789 1783/2156/1783 1784/2157/1784 1790/2165/1790
f 1790/2166/1790 1784/2158/1784 1782/2159/1782 1788/2167/1788
f 1786/2160/1786 1792/2168/1792 1793/2169/1793 1787/2161/1787
f 1787/2162/1787 1793/2170/1793 1791/2171/1791 1785/2163/1785
f 1795/2172/1795 1789/2164/1789 1790/2165/1790 1796/2173/1796
f 1796/2174/1796 1790/2166/1790 1788/2167/1788 1794/2175/1794
f 1792/2168/1792 1630/2176/1630 1631/2177/1631 1793/2169/1793
f 1793/2170/1793 1631/1956/1631 1629/1959/1629 1791/2171/1791
f 1633/2178/1633 1795/2172/1795 1796/2173/1796 1634/2179/1634
f 1634/1965/1634 1796/2174/1796 1794/2175/1794 1632/1966/1632
f 1629/1959/1629 1635/1958/1635 1641/1971/1641 1647/1979/1647 1653/1987/1653 1659/1995/1659 1665/2003/1665 1671/2011/1671 1677/2019/1677 1683/2027/1683 1689/2035/1689 1695/2043/1695 1701/2051/1701 1707/2059/1707 1713/2067/1713 1719/2075/1719 1725/2083/1725 1731/2091/1731 1737/2099/1737 1743/2107/1743 1749/2115/1749 1755/2123/1755 1761/2131/1761 1767/2139/1767 1773/2147/1773 1779/2155/1779 1785/2163/1785 1791/2171/1791
f 1630/1952/1630 1633/1961/1633 1639/1960/1639 1636/1953/1636
f 1792/2168/1792 1795/2172/1795 1633/2178/1633 1630/2176/1630
f 1638/1967/1638 1632/1966/1632 1794/2175/1794 1788/2167/1788 1782/2159/1782 1776/2151/1776 1770/2143/1770 1764/2135/1764 1758/2127/1758 1752/2119/1752 1746/2111/1746 1740/2103/1740 1734/2095/1734 1728/2087/1728 1722/2079/1722 1716/2071/1716 1710/2063/1710 1704/2055/1704 1698/2047/1698 1692/2039/1692 1686/2031/1686 1680/2023/1680 1674/2015/1674 1668/2007/1668 1662/1999/1662 1656/1991/1656 1650/1983/1650 1644/1975/1644
f 1636/1953/1636 1639/1960/1639 1645/1972/1645 1642/1968/1642
f 1642/1968/1642 1645/1972/1645 1651/1980/1651 1648/1976/1648
f 1648/1976/1648 1651/1980/1651 1657/1988/1657 1654/1984/1654
f 1654/1984/1654 1657/1988/1657 1663/1996/1663 1660/1992/1660
f 1660/1992/1660 1663/1996/1663 1669/2004/1669 1666/2000/1666
f 1666/2000/1666 1669/2004/1669 1675/2012/1675 1672/2008/1672
f 1672/2008/1672 1675/2012/1675 1681/2020/1681 1678/2016/1678
f 1678/2016/1678 1681/2020/1681 1687/2028/1687 1684/2024/1684
f 1684/2024/1684 1687/2028/1687 1693/2036/1693 1690/2032/1690
f 1690/2032/1690 1693/2036/1693 1699/2044/1699 1696/2040/1696
f 1696/2040/1696 1699/2044/1699 1705/2052/1705 1702/2048/1702
f 1702/2048/1702 1705/2052/1705 1711/2060/1711 1708/2056/1708
f 1708/2056/1708 1711/2060/1711 1717/2068/1717 1714/2064/1714
f 1714/2064/1714 1717/2068/1717 1723/2076/1723 1720/2072/1720
f 1720/2072/1720 1723/2076/1723 1729/2084/1729 1726/2080/1726
f 1726/2080/1726 1729/2084/1729 1735/2092/1735 1732/2088/1732
f 1732/2088/1732 1735/2092/1735 1741/2100/1741 1738/2096/1738
f 1738/2096/1738 1741/2100/1741 1747/2108/1747 1744/2104/1744
f 1744/2104/1744 1747/2108/1747 1753/2116/1753 1750/2112/1750
f 1750/2112/1750 1753/2116/1753 1759/2124/1759 1756/2120/1756
f 1756/2120/1756 1759/2124/1759 1765/2132/1765 1762/2128/1762
f 1762/2128/1762 1765/2132/1765 1771/2140/1771 1768/2136/1768
f 1768/2136/1768 1771/2140/1771 1777/2148/1777 1774/2144/1774
f 1774/2144/1774 1777/2148/1777 1783/2156/1783 1780/2152/1780
f 1780/2152/1780 1783/2156/1783 1789/2164/1789 1786/2160/1786
f 1786/2160/1786 1789/2164/1789 1795/2172/1795 1792/2168/1792
o Coin_2
v -2.400000 -1.135000 1.209873
v -2.400000 -1.115000 1.230000
v -2.400000 -1.129142 1.224105
v -2.400000 -1.065000 1.209873
v -2.400000 -1.085000 1.230000
v -2.400000 -1.070858 1.224105
v -2.457827 -1.135000 1.203358
v -2.462306 -1.115000 1.222980
v -2.460994 -1.129142 1.217233
v -2.457827 -1.065000 1.203358
v -2.462306 -1.085000 1.222980
v -2.460994 -1.070858 1.217233
v -2.512755 -1.135000 1.184138
v -2.521487 -1.115000 1.202271
v -2.518930 -1.129142 1.196960
v -2.512755 -1.065000 1.184138
v -2.521487 -1.085000 1.202271
v -2.518930 -1.070858 1.196960
v -2.562028 -1.135000 1.153177
v -2.574577 -1.115000 1.168913
v -2.570902 -1.129142 1.164304
v -2.562028 -1.065000 1.153177
v -2.574577 -1.085000 1.168913
v -2.570902 -1.070858 1.164304
v -2.603177 -1.135000 1.112028
v -2.618913 -1.115000 1.124577
v -2.614304 -1.129142 1.120902
v -2.603177 -1.065000 1.112028
v -2.618913 -1.085000 1.124577
v -2.614304 -1.070858 1.120902
v -2.634138 -1.135000 1.062755
v -2.652271 -1.115000 1.071487
v -2.646960 -1.129142 1.068930
v -2.634138 -1.065000 1.062755
v -2.652271 -1.085000 1.071487
v -2.646960 -1.070858 1.068930
v -2.653358 -1.135000 1.007827
v -2.672980 -1.115000 1.012306
v -2.667233 -1.129142 1.010994
v -2.653358 -1.065000 1.007827
v -2.672980 -1.085000 1.012306
v -2.667233 -1.070858 1.010994
v -2.659873 -1.135000 0.950000
v -2.680000 -1.115000 0.950000
v -2.674105 -1.129142 0.950000
v -2.659873 -1.065000 0.950000
v -2.680000 -1.085000 0.950000
v -2.674105 -1.070858 0.950000
v -2.653358 -1.135000 0.892173
v -2.672980 -1.115000 0.887694
v -2.667233 -1.129142 0.889006
v -2.653358 -1.065000 0.892173
v -2.672980 -1.085000 0.887694
v -2.667233 -1.070858 0.889006
v -2.634138 -1.135000 0.837245
v -2.652271 -1.115000 0.828513
v -2.646960 -1.129142 0.831070
v -2.634138 -1.065000 0.837245
v -2.652271 -1.085000 0.828513
v -2.646960 -1.070858 0.831070
v -2.603177 -1.135000 0.787972
v -2.618913 -1.115000 0.775423
v -2.614304 -1.129142 0.779098
v -2.603177 -1.065000 0.787972
v -2.618913 -1.085000 0.775423
v -2.614304 -1.070858 0.779098
v -2.562028 -1.135000 0.746823
v -2.574577 -1.115000 0.731087
v -2.570902 -1.129142 0.735696
v -2.562028 -1.065000 0.746823
v -2.574577 -1.085000 0.731087
v -2.570902 -1.070858 0.735696
v -2.512755 -1.135000 0.715862
v -2.521487 -1.115000 0.697729
v -2.518930 -1.129142 0.703040
v -2.512755 -1.065000 0.715862
v -2.521487 -1.085000 0.697729
v -2.518930 -1.070858 0.703040
v -2.457827 -1.135000 0.696642
v -2.462306 -1.115000 0.677020
v -2.460994 -1.129142 0.682767
v -2.457827 -1.065000 0.696642
v -2.462306 -1.085000 0.677020
v -2.460994 -1.070858 0.682767
v -2.400000 -1.135000 0.690127
v -2.400000 -1.115000 0.670000
v -2.400000 -1.129142 0.675895
v -2.400000 -1.065000 0.690127
v -2.400000 -1.085000 0.670000
v -2.400000 -1.070858 0.675895
v -2.342173 -1.135000 0.696642
v -2.337694 -1.115000 0.677020
v -2.339006 -1.129142 0.682767
v -2.342173 -1.065000 0.696642
v -2.337694 -1.085000 0.677020
v -2.339006 -1.070858 0.682767
v -2.287245 -1.135000 0.715862
v -2.278513 -1.115000 0.697729
v -2.281070 -1.129142 0.703040
v -2.287245 -1.065000 0.715862
v -2.278513 -1.085000 0.697729
v -2.281070 -1.070858 0.703040
v -2.237972 -1.135000 0.746823
v -2.225423 -1.115000 0.731087
v -2.229098 -1.129142 0.735696
v -2.237972 -1.065000 0.746823
v -2.225423 -1.085000 0.731087
v -2.229098 -1.070858 0.735696
v -2.196823 -1.135000 0.787972
v -2.181087 -1.115000 0.775423
v -2.185696 -1.129142 0.779098
v -2.196823 -1.065000 0.787972
v -2.181087 -1.085000 0.775423
v -2.185696 -1.070858 0.779098
v -2.165862 -1.135000 0.837245
v -2.147729 -1.115000 0.828513
v -2.153040 -1.129142 0.831070
v -2.165862 -1.065000 0.837245
v -2.147729 -1.085000 0.828513
v -2.153040 -1.070858 0.831070
v -2.146642 -1.135000 0.892173
v -2.127020 -1.115000 0.887694
v -2.132767 -1.129142 0.889006
v -2.146642 -1.065000 0.892173
v -2.127020 -1.085000 0.887694
v -2.132767 -1.070858 0.889006
v -2.140127 -1.135000 0.950000
v -2.120000 -1.115000 0.950000
v -2.125895 -1.129142 0.950000
v -2.140127 -1.065000 0.950000
v -2.120000 -1.085000 0.950000
v -2.125895 -1.070858 0.950000
v -2.146642 -1.135000 1.007827
v -2.127020 -1.115000 1.012306
v -2.132767 -1.129142 1.010994
v -2.146642 -1.065000 1.007827
v -2.127020 -1.085000 1.012306
v -2.132767 -1.070858 1.010994
v -2.165862 -1.135000 1.062755
v -2.147729 -1.115000 1.071487
v -2.153040 -1.129142 1.068930
v -2.165862 -1.065000 1.062755
v -2.147729 -1.085000 1.071487
v -2.153040 -1.070858 1.068930
v -2.196823 -1.135000 1.112028
v -2.181087 -1.115000 1.124577
v -2.185696 -1.129142 1.120902
v -2.196823 -1.065000 1.112028
v -2.181087 -1.085000 1.124577
v -2.185696 -1.070858 1.120902
v -2.237972 -1.135000 1.153177
v -2.225423 -1.115000 1.168913
v -2.229098 -1.129142 1.164304
v -2.237972 -1.065000 1.153177
v -2.225423 -1.085000 1.168913
v -2.229098 -1.070858 1.164304
v -2.287245 -1.135000 1.184138
v -2.278513 -1.115000 1.202271
v -2.281070 -1.129142 1.196960
v -2.287245 -1.065000 1.184138
v -2.278513 -1.085000 1.202271
v -2.281070 -1.070858 1.196960
v -2.342173 -1.135000 1.203358
v -2.337694 -1.115000 1.222980
v -2.339006 -1.129142 1.217233
v -2.342173 -1.065000 1.203358
v -2.337694 -1.085000 1.222980
v -2.339006 -1.070858 1.217233
vn -0.0000 -0.9783 0.2073
vn -0.0000 -0.1935 0.9811
vn -0.0000 -0.6953 0.7187
vn -0.0000 0.9783 0.2073
vn -0.0000 0.1935 0.9811
vn -0.0000 0.6953 0.7187
vn -0.0461 -0.9783 0.2021
vn -0.2183 -0.1935 0.9565
vn -0.1599 -0.6953 0.7007
vn -0.0461 0.9783 0.2021
vn -0.2183 0.1936 0.9565
vn -0.1599 0.6953 0.7007
vn -0.0899 -0.9783 0.1867
vn -0.4257 -0.1936 0.8839
vn -0.3118 -0.6953 0.6476
vn -0.0899 0.9783 0.1867
vn -0.4257 0.1936 0.8839
vn -0.3118 0.6953 0.6476
vn -0.1292 -0.9783 0.1620
vn -0.6117 -0.1936 0.7670
vn -0.4481 -0.6953 0.5619
vn -0.1292 0.9783 0.1620
vn -0.6117 0.1936 0.7670
vn -0.4481 0.6953 0.5619
vn -0.1620 -0.9783 0.1292
vn -0.7670 -0.1936 0.6117
vn -0.5619 -0.6953 0.4481
vn -0.1620 0.9783 0.1292
vn -0.7670 0.1936 0.6117
vn -0.5619 0.6953 0.4481
vn -0.1867 -0.9783 0.0899
vn -0.8839 -0.1936 0.4257
vn -0.6476 -0.6953 0.3118
vn -0.1867 0.9783 0.0899
vn -0.8839 0.1936 0.4257
vn -0.6476 0.6953 0.3118
vn -0.2021 -0.9783 0.0461
vn -0.9565 -0.1935 0.2183
vn -0.7007 -0.6953 0.1599
vn -0.2021 0.9783 0.0461
vn -0.9565 0.1936 0.2183
vn -0.7007 0.6953 0.1599
vn -0.2073 -0.9783 -0.0000
vn -0.9811 -0.1935 -0.0000
vn -0.7187 -0.6953 -0.0000
vn -0.2073 0.9783 -0.0000
vn -0.9811 0.1935 -0.0000
vn -0.7187 0.6953 -0.0000
vn -0.2021 -0.9783 -0.0461
vn -0.9565 -0.1936 -0.2183
vn -0.7007 -0.6953 -0.1599
vn -0.2021 0.9783 -0.0461
vn -0.9565 0.1935 -0.2183
vn -0.7007 0.6953 -0.1599
vn -0.1867 -0.9783 -0.0899
vn -0.8839 -0.1936 -0.4257
vn -0.6476 -0.6953 -0.3118
vn -0.1867 0.9783 -0.0899
vn -0.8839 0.1936 -0.4257
vn -0.6476 0.6953 -0.3118
vn -0.1620 -0.9783 -0.1292
vn -0.7670 -0.1936 -0.6117
vn -0.5619 -0.6953 -0.4481
vn -0.1620 0.9783 -0.1292
vn -0.7670 0.1936 -0.6117
vn -0.5619 0.6953 -0.4481
vn -0.1292 -0.9783 -0.1620
vn -0.6117 -0.1936 -0.7670
vn -0.4481 -0.6953 -0.5619
vn -0.1292 0.9783 -0.1620
vn -0.6117 0.1936 -0.7670
vn -0.4481 0.6953 -0.5619
vn -0.0899 -0.9783 -0.1867
vn -0.4257 -0.1936 -0.8839
vn -0.3118 -0.6953 -0.6476
vn -0.0899 0.9783 -0.1867
vn -0.4257 0.1936 -0.8839
vn -0.3118 0.6953 -0.6476
vn -0.0461 -0.9783 -0.2021
vn -0.2183 -0.1936 -0.9565
vn -0.1599 -0.6953 -0.7007
vn -0.0461 0.9783 -0.2021
vn -0.2183 0.1935 -0.9565
vn -0.1599 0.6953 -0.7007
vn -0.0000 -0.9783 -0.2073
vn -0.0000 -0.1935 -0.9811
vn -0.0000 -0.6953 -0.7187
vn -0.0000 0.9783 -0.2073
vn -0.0000 0.1935 -0.9811
vn -0.0000 0.6953 -0.7187
vn 0.0461 -0.9783 -0.2021
vn 0.2183 -0.1936 -0.9565
vn 0.1599 -0.6953 -0.7007
vn 0.0461 0.9783 -0.2021
vn 0.2183 0.1935 -0.9565
vn 0.1599 0.6953 -0.7007
vn 0.0899 -0.9783 -0.1867
vn 0.4257 -0.1936 -0.8839
vn 0.3118 -0.6953 -0.6476
vn 0.0899 0.9783 -0.1867
vn 0.4257 0.1936 -0.8839
vn 0.3118 0.6953 -0.6476
vn 0.1292 -0.9783 -0.1620
vn 0.6117 -0.1936 -0.7670
vn 0.4481 -0.6953 -0.5619
vn 0.1292 0.9783 -0.1620
vn 0.6117 0.1936 -0.7670
vn 0.4481 0.6953 -0.5619
vn 0.1620 -0.9783 -0.1292
vn 0.7670 -0.1936 -0.6117
vn 0.5619 -0.6953 -0.4481
vn 0.1620 0.9783 -0.1292
vn 0.7670 0.1936 -0.6117
vn 0.5619 0.6953 -0.4481
vn 0.1867 -0.9783 -0.0899
vn 0.8839 -0.1936 -0.4257
vn 0.6476 -0.6953 -0.3118
vn 0.1867 0.9783 -0.0899
vn 0.8839 0.1936 -0.4257
vn 0.6476 0.6953 -0.3118
vn 0.2021 -0.9783 -0.0461
vn 0.9565 -0.1935 -0.2183
vn 0.7007 -0.6953 -0.1599
vn 0.2021 0.9783 -0.0461
vn 0.9565 0.1935 -0.2183
vn 0.7007 0.6953 -0.1599
vn 0.2073 -0.9783 -0.0000
vn 0.9811 -0.1935 -0.0000
vn 0.7187 -0.6953 -0.0000
vn 0.2073 0.9783 -0.0000
vn 0.9811 0.1935 -0.0000
vn 0.7187 0.6953 -0.0000
vn 0.2021 -0.9783 0.0461
vn 0.9565 -0.1935 0.2183
vn 0.7007 -0.6953 0.1599
vn 0.2021 0.9783 0.0461
vn 0.9565 0.1935 0.2183
vn 0.7007 0.6953 0.1599
vn 0.1867 -0.9783 0.0899
vn 0.8839 -0.1936 0.4257
vn 0.6476 -0.6953 0.3118
vn 0.1867 0.9783 0.0899
vn 0.8839 0.1936 0.4257
vn 0.6476 0.6953 0.3118
vn 0.1620 -0.9783 0.1292
vn 0.7670 -0.1936 0.6117
vn 0.5619 -0.6953 0.4481
vn 0.1620 0.9783 0.1292
vn 0.7670 0.1936 0.6117
vn 0.5619 0.6953 0.4481
vn 0.1292 -0.9783 0.1620
vn 0.6117 -0.1936 0.7670
vn 0.4481 -0.6953 0.5619
vn 0.1292 0.9783 0.1620
vn 0.6117 0.1936 0.7670
vn 0.4481 0.6953 0.5619
vn 0.0899 -0.9783 0.1867
vn 0.4257 -0.1936 0.8839
vn 0.3118 -0.6953 0.6476
vn 0.0899 0.9783 0.1867
vn 0.4257 0.1936 0.8839
vn 0.3118 0.6953 0.6476
vn 0.0461 -0.9783 0.2021
vn 0.2183 -0.1935 0.9565
vn 0.1599 -0.6953 0.7007
vn 0.0461 0.9783 0.2021
vn 0.2183 0.1936 0.9565
vn 0.1599 0.6953 0.7007
vt 1.000000 0.642857
vt 0.964286 0.642857
vt 0.964286 0.500000
vt 0.999624 0.500000
vt 0.750000 0.489937
vt 0.803391 0.483921
vt 0.799566 0.467164
vt 0.750000 0.472749
vt 0.964286 0.857143
vt 1.000000 0.857143
vt 0.999624 1.000000
vt 0.964286 1.000000
vt 0.303391 0.483921
vt 0.250000 0.489937
vt 0.250000 0.472749
vt 0.299566 0.467164
vt 0.928571 0.642857
vt 0.928571 0.500000
vt 0.854105 0.466175
vt 0.846647 0.450690
vt 0.928571 0.857143
vt 0.928571 1.000000
vt 0.354105 0.466175
vt 0.346647 0.450690
vt 0.892857 0.642857
vt 0.892857 0.500000
vt 0.899598 0.437590
vt 0.888882 0.424152
vt 0.892857 0.857143
vt 0.892857 1.000000
vt 0.399598 0.437590
vt 0.388882 0.424152
vt 0.857143 0.642857
vt 0.857143 0.500000
vt 0.937590 0.399598
vt 0.924152 0.388882
vt 0.857143 0.857143
vt 0.857143 1.000000
vt 0.437590 0.399598
vt 0.424152 0.388882
vt 0.821429 0.642857
vt 0.821429 0.500000
vt 0.966175 0.354105
vt 0.950690 0.346647
vt 0.821429 0.857143
vt 0.821429 1.000000
vt 0.466175 0.354105
vt 0.450690 0.346647
vt 0.785714 0.642857
vt 0.785714 0.500000
vt 0.983921 0.303391
vt 0.967164 0.299566
vt 0.785714 0.857143
vt 0.785714 1.000000
vt 0.483921 0.303391
vt 0.467164 0.299566
vt 0.750000 0.642857
vt 0.750000 0.500000
vt 0.989937 0.250000
vt 0.972749 0.250000
vt 0.750000 0.857143
vt 0.750000 1.000000
vt 0.489937 0.250000
vt 0.472749 0.250000
vt 0.714286 0.642857
vt 0.714286 0.500000
vt 0.983921 0.196609
vt 0.967164 0.200434
vt 0.714286 0.857143
vt 0.714286 1.000000
vt 0.483921 0.196609
vt 0.467164 0.200434
vt 0.678572 0.642857
vt 0.678572 0.500000
vt 0.966175 0.145895
vt 0.950690 0.153353
vt 0.678572 0.857143
vt 0.678572 1.000000
vt 0.466175 0.145895
vt 0.450690 0.153353
vt 0.642857 0.642857
vt 0.642857 0.500000
vt 0.937590 0.100402
vt 0.924152 0.111118
vt 0.642857 0.857143
vt 0.642857 1.000000
vt 0.437590 0.100402
vt 0.424152 0.111119
vt 0.607143 0.642857
vt 0.607143 0.500000
vt 0.899598 0.062410
vt 0.888882 0.075848
vt 0.607143 0.857143
vt 0.607143 1.000000
vt 0.399598 0.062410
vt 0.388882 0.075848
vt 0.571429 0.642857
vt 0.571429 0.500000
vt 0.854105 0.033825
vt 0.846647 0.049310
vt 0.571429 0.857143
vt 0.571429 1.000000
vt 0.354105 0.033825
vt 0.346647 0.049310
vt 0.535715 0.642857
vt 0.535715 0.500000
vt 0.803391 0.016079
vt 0.799566 0.032836
vt 0.535715 0.857143
vt 0.535715 1.000000
vt 0.303391 0.016079
vt 0.299566 0.032836
vt 0.500000 0.642857
vt 0.500000 0.500000
vt 0.750000 0.010063
vt 0.750000 0.027251
vt 0.500000 0.857143
vt 0.500000 1.000000
vt 0.250000 0.010063
vt 0.250000 0.027251
vt 0.464286 0.642857
vt 0.464286 0.500000
vt 0.696609 0.016079
vt 0.700434 0.032836
vt 0.464286 0.857143
vt 0.464286 1.000000
vt 0.196609 0.016079
vt 0.200434 0.032836
vt 0.428572 0.642857
vt 0.428572 0.500000
vt 0.645895 0.033825
vt 0.653353 0.049310
vt 0.428572 0.857143
vt 0.428572 1.000000
vt 0.145895 0.033825
vt 0.153353 0.049310
vt 0.392857 0.642857
vt 0.392857 0.500000
vt 0.600402 0.062410
vt 0.611119 0.075848
vt 0.392857 0.857143
vt 0.392857 1.000000
vt 0.100402 0.062410
vt 0.111118 0.075848
vt 0.357143 0.642857
vt 0.357143 0.500000
vt 0.562410 0.100402
vt 0.575848 0.111119
vt 0.357143 0.857143
vt 0.357143 1.000000
vt 0.062410 0.100402
vt 0.075848 0.111118
vt 0.321429 0.642857
vt 0.321429 0.500000
vt 0.533825 0.145895
vt 0.549310 0.153353
vt 0.321429 0.857143
vt 0.321429 1.000000
vt 0.033825 0.145895
vt 0.049310 0.153353
vt 0.285714 0.642857
vt 0.285714 0.500000
vt 0.516079 0.196609
vt 0.532836 0.200434
vt 0.285714 0.857143
vt 0.285714 1.000000
vt 0.016079 0.196609
vt 0.032836 0.200434
vt 0.250000 0.642857
vt 0.250000 0.500000
vt 0.510063 0.250000
vt 0.527251 0.250000
vt 0.250000 0.857143
vt 0.250000 1.000000
vt 0.010063 0.250000
vt 0.027251 0.250000
vt 0.214286 0.642857
vt 0.214286 0.500000
vt 0.516079 0.303391
vt 0.532836 0.299566
vt 0.214286 0.857143
vt 0.214286 1.000000
vt 0.016079 0.303391
vt 0.032836 0.299566
vt 0.178572 0.642857
vt 0.178572 0.500000
vt 0.533825 0.354105
vt 0.549310 0.346647
vt 0.178572 0.857143
vt 0.178572 1.000000
vt 0.033825 0.354105
vt 0.049310 0.346647
vt 0.142857 0.642857
vt 0.142857 0.500000
vt 0.562410 0.399598
vt 0.575848 0.388882
vt 0.142857 0.857143
vt 0.142857 1.000000
vt 0.062410 0.399598
vt 0.075848 0.388882
vt 0.107143 0.642857
vt 0.107143 0.500000
vt 0.600402 0.437590
vt 0.611118 0.424152
vt 0.107143 0.857143
vt 0.107143 1.000000
vt 0.100402 0.437590
vt 0.111118 0.424152
vt 0.071429 0.642857
vt 0.071429 0.500000
vt 0.645895 0.466175
vt 0.653353 0.450690
vt 0.071429 0.857143
vt 0.071429 1.000000
vt 0.145895 0.466175
vt 0.153353 0.450690
vt 0.035714 0.642857
vt 0.035714 0.500000
vt 0.696609 0.483921
vt 0.700434 0.467164
vt 0.035714 0.857143
vt 0.035714 1.000000
vt 0.196609 0.483921
vt 0.200434 0.467164
vt 0.000000 0.642857
vt 0.000376 0.500000
vt 0.000000 0.857143
vt 0.000376 1.000000
s 1
usemtl Coin
f 1798/2180/1798 1804/2181/1804 1805/2182/1805 1799/2183/1799
f 1799/2184/1799 1805/2185/1805 1803/2186/1803 1797/2187/1797
f 1807/2188/1807 1801/2189/1801 1802/2190/1802 1808/2191/1808
f 1808/2192/1808 1802/2193/1802 1800/2194/1800 1806/2195/1806
f 1804/2181/1804 1810/2196/1810 1811/2197/1811 1805/2182/1805
f 1805/2185/1805 1811/2198/1811 1809/2199/1809 1803/2186/1803
f 1813/2200/1813 1807/2188/1807 1808/2191/1808 1814/2201/1814
f 1814/2202/1814 1808/2192/1808 1806/2195/1806 1812/2203/1812
f 1810/2196/1810 1816/2204/1816 1817/2205/1817 1811/2197/1811
f 1811/2198/1811 1817/2206/1817 1815/2207/1815 1809/2199/1809
f 1819/2208/1819 1813/2200/1813 1814/2201/1814 1820/2209/1820
f 1820/2210/1820 1814/2202/1814 1812/2203/1812 1818/2211/1818
f 1816/2204/1816 1822/2212/1822 1823/2213/1823 1817/2205/1817
f 1817/2206/1817 1823/2214/1823 1821/2215/1821 1815/2207/1815
f 1825/2216/1825 1819/2208/1819 1820/2209/1820 1826/2217/1826
f 1826/2218/1826 1820/2210/1820 1818/2211/1818 1824/2219/1824
f 1822/2212/1822 1828/2220/1828 1829/2221/1829 1823/2213/1823
f 1823/2214/1823 1829/2222/1829 1827/2223/1827 1821/2215/1821
f 1831/2224/1831 1825/2216/1825 1826/2217/1826 1832/2225/1832
f 1832/2226/1832 1826/2218/1826 1824/2219/1824 1830/2227/1830
f 1828/2220/1828 1834/2228/1834 1835/2229/1835 1829/2221/1829
f 1829/2222/1829 1835/2230/1835 1833/2231/1833 1827/2223/1827
f 1837/2232/1837 1831/2224/1831 1832/2225/1832 1838/2233/1838
f 1838/2234/1838 1832/2226/1832 1830/2227/1830 1836/2235/1836
f 1834/2228/1834 1840/2236/1840 1841/2237/1841 1835/2229/1835
f 1835/2230/1835 1841/2238/1841 1839/2239/1839 1833/2231/1833
f 1843/2240/1843 1837/2232/1837 1838/2233/1838 1844/2241/1844
f 1844/2242/1844 1838/2234/1838 1836/2235/1836 1842/2243/1842
f 1840/2236/1840 1846/2244/1846 1847/2245/1847 1841/2237/1841
f 1841/2238/1841 1847/2246/1847 1845/2247/1845 1839/2239/1839
f 1849/2248/1849 1843/2240/1843 1844/2241/1844 1850/2249/1850
f 1850/2250/1850 1844/2242/1844 1842/2243/1842 1848/2251/1848
f 1846/2244/1846 1852/2252/1852 1853/2253/1853 1847/2245/1847
f 1847/2246/1847 1853/2254/1853 1851/2255/1851 1845/2247/1845
f 1855/2256/1855 1849/2248/1849 1850/2249/1850 1856/2257/1856
f 1856/2258/1856 1850/2250/1850 1848/2251/1848 1854/2259/1854
f 1852/2252/1852 1858/2260/1858 1859/2261/1859 1853/2253/1853
f 1853/2254/1853 1859/2262/1859 1857/2263/1857 1851/2255/1851
f 1861/2264/1861 1855/2256/1855 1856/2257/1856 1862/2265/1862
f 1862/2266/1862 1856/2258/1856 1854/2259/1854 1860/2267/1860
f 1858/2260/1858 1864/2268/1864 1865/2269/1865 1859/2261/1859
f 1859/2262/1859 1865/2270/1865 1863/2271/1863 1857/2263/1857
f 1867/2272/1867 1861/2264/1861 1862/2265/1862 1868/2273/1868
f 1868/2274/1868 1862/2266/1862 1860/2267/1860 1866/2275/1866
f 1864/2268/1864 1870/2276/1870 1871/2277/1871 1865/2269/1865
f 1865/2270/1865 1871/2278/1871 1869/2279/1869 1863/2271/1863
f 1873/2280/1873 1867/2272/1867 1868/2273/1868 1874/2281/1874
f 1874/2282/1874 1868/2274/1868 1866/2275/1866 1872/2283/1872
f 1870/2276/1870 1876/2284/1876 1877/2285/1877 1871/2277/1871
f 1871/2278/1871 1877/2286/1877 1875/2287/1875 1869/2279/1869
f 1879/2288/1879 1873/2280/1873 1874/2281/1874 1880/2289/1880
f 1880/2290/1880 1874/2282/1874 1872/2283/1872 1878/2291/1878
f 1876/2284/1876 1882/2292/1882 1883/2293/1883 1877/2285/1877
f 1877/2286/1877 1883/2294/1883 1881/2295/1881 1875/2287/1875
f 1885/2296/1885 1879/2288/1879 1880/2289/1880 1886/2297/1886
f 1886/2298/1886 1880/2290/1880 1878/2291/1878 1884/2299/1884
f 1882/2292/1882 1888/2300/1888 1889/2301/1889 1883/2293/1883
f 1883/2294/1883 1889/2302/1889 1887/2303/1887 1881/2295/1881
f 1891/2304/1891 1885/2296/1885 1886/2297/1886 1892/2305/1892
f 1892/2306/1892 1886/2298/1886 1884/2299/1884 1890/2307/1890
f 1888/2300/1888 1894/2308/1894 1895/2309/1895 1889/2301/1889
f 1889/2302/1889 1895/2310/1895 1893/2311/1893 1887/2303/1887
f 1897/2312/1897 1891/2304/1891 1892/2305/1892 1898/2313/1898
f 1898/2314/1898 1892/2306/1892 1890/2307/1890 1896/2315/1896
f 1894/2308/1894 1900/2316/1900 1901/2317/1901 1895/2309/1895
f 1895/2310/1895 1901/2318/1901 1899/2319/1899 1893/2311/1893
f 1903/2320/1903 1897/2312/1897 1898/2313/1898 1904/2321/1904
f 1904/2322/1904 1898/2314/1898 1896/2315/1896 1902/2323/1902
f 1900/2316/1900 1906/2324/1906 1907/2325/1907 1901/2317/1901
f 1901/2318/1901 1907/2326/1907 1905/2327/1905 1899/2319/1899
f 1909/2328/1909 1903/2320/1903 1904/2321/1904 1910/2329/1910
f 1910/2330/1910 1904/2322/1904 1902/2323/1902 1908/2331/1908
f 1906/2324/1906 1912/2332/1912 1913/2333/1913 1907/2325/1907
f 1907/2326/1907 1913/2334/1913 1911/2335/1911 1905/2327/1905
f 1915/2336/1915 1909/2328/1909 1910/2329/1910 1916/2337/1916
f 1916/2338/1916 1910/2330/1910 1908/2331/1908 1914/2339/1914
f 1912/2332/1912 1918/2340/1918 1919/2341/1919 1913/2333/1913
f 1913/2334/1913 1919/2342/1919 1917/2343/1917 1911/2335/1911
f 1921/2344/1921 1915/2336/1915 1916/2337/1916 1922/2345/1922
f 1922/2346/1922 1916/2338/1916 1914/2339/1914 1920/2347/1920
f 1918/2340/1918 1924/2348/1924 1925/2349/1925 1919/2341/1919
f 1919/2342/1919 1925/2350/1925 1923/2351/1923 1917/2343/1917
f 1927/2352/1927 1921/2344/1921 1922/2345/1922 1928/2353/1928
f 1928/2354/1928 1922/2346/1922 1920/2347/1920 1926/2355/1926
f 1924/2348/1924 1930/2356/1930 1931/2357/1931 1925/2349/1925
f 1925/2350/1925 1931/2358/1931 1929/2359/1929 1923/2351/1923
f 1933/2360/1933 1927/2352/1927 1928/2353/1928 1934/2361/1934
f 1934/2362/1934 1928/2354/1928 1926/2355/1926 1932/2363/1932
f 1930/2356/1930 1936/2364/1936 1937/2365/1937 1931/2357/1931
f 1931/2358/1931 1937/2366/1937 1935/2367/1935 1929/2359/1929
f 1939/2368/1939 1933/2360/1933 1934/2361/1934 1940/2369/1940
f 1940/2370/1940 1934/2362/1934 1932/2363/1932 1938/2371/1938
f 1936/2364/1936 1942/2372/1942 1943/2373/1943 1937/2365/1937
f 1937/2366/1937 1943/2374/1943 1941/2375/1941 1935/2367/1935
f 1945/2376/1945 1939/2368/1939 1940/2369/1940 1946/2377/1946
f 1946/2378/1946 1940/2370/1940 1938/2371/1938 1944/2379/1944
f 1942/2372/1942 1948/2380/1948 1949/2381/1949 1943/2373/1943
f 1943/2374/1943 1949/2382/1949 1947/2383/1947 1941/2375/1941
f 1951/2384/1951 1945/2376/1945 1946/2377/1946 1952/2385/1952
f 1952/2386/1952 1946/2378/1946 1944/2379/1944 1950/2387/1950
f 1948/2380/1948 1954/2388/1954 1955/2389/1955 1949/2381/1949
f 1949/2382/1949 1955/2390/1955 1953/2391/1953 1947/2383/1947
f 1957/2392/1957 1951/2384/1951 1952/2385/1952 1958/2393/1958
f 1958/2394/1958 1952/2386/1952 1950/2387/1950 1956/2395/1956
f 1954/2388/1954 1960/2396/1960 1961/2397/1961 1955/2389/1955
f 1955/2390/1955 1961/2398/1961 1959/2399/1959 1953/2391/1953
f 1963/2400/1963 1957/2392/1957 1958/2393/1958 1964/2401/1964
f 1964/2402/1964 1958/2394/1958 1956/2395/1956 1962/2403/1962
f 1960/2396/1960 1798/2404/1798 1799/2405/1799 1961/2397/1961
f 1961/2398/1961 1799/2184/1799 1797/2187/1797 1959/2399/1959
f 1801/2406/1801 1963/2400/1963 1964/2401/1964 1802/2407/1802
f 1802/2193/1802 1964/2402/1964 1962/2403/1962 1800/2194/1800
f 1797/2187/1797 1803/2186/1803 1809/2199/1809 1815/2207/1815 1821/2215/1821 1827/2223/1827 1833/2231/1833 1839/2239/1839 1845/2247/1845 1851/2255/1851 1857/2263/1857 1863/2271/1863 1869/2279/1869 1875/2287/1875 1881/2295/1881 1887/2303/1887 1893/2311/1893 1899/2319/1899 1905/2327/1905 1911/2335/1911 1917/2343/1917 1923/2351/1923 1929/2359/1929 1935/2367/1935 1941/2375/1941 1947/2383/1947 1953/2391/1953 1959/2399/1959
f 1798/2180/1798 1801/2189/1801 1807/2188/1807 1804/2181/1804
f 1960/2396/1960 1963/2400/1963 1801/2406/1801 1798/2404/1798
f 1806/2195/1806 1800/2194/1800 1962/2403/1962 1956/2395/1956 1950/2387/1950 1944/2379/1944 1938/2371/1938 1932/2363/1932 1926/2355/1926 1920/2347/1920 1914/2339/1914 1908/2331/1908 1902/2323/1902 1896/2315/1896 1890/2307/1890 1884/2299/1884 1878/2291/1878 1872/2283/1872 1866/2275/1866 1860/2267/1860 1854/2259/1854 1848/2251/1848 1842/2243/1842 1836/2235/1836 1830/2227/1830 1824/2219/1824 1818/2211/1818 1812/2203/1812
f 1804/2181/1804 1807/2188/1807 1813/2200/1813 1810/2196/1810
f 1810/2196/1810 1813/2200/1813 1819/2208/1819 1816/2204/1816
f 1816/2204/1816 1819/2208/1819 1825/2216/1825 1822/2212/1822
f 1822/2212/1822 1825/2216/1825 1831/2224/1831 1828/2220/1828
f 1828/2220/1828 1831/2224/1831 1837/2232/1837 1834/2228/1834
f 1834/2228/1834 1837/2232/1837 1843/2240/1843 1840/2236/1840
f 1840/2236/1840 1843/2240/1843 1849/2248/1849 1846/2244/1846
f 1846/2244/1846 1849/2248/1849 1855/2256/1855 1852/2252/1852
f 1852/2252/1852 1855/2256/1855 1861/2264/1861 1858/2260/1858
f 1858/2260/1858 1861/2264/1861 1867/2272/1867 1864/2268/1864
f 1864/2268/1864 1867/2272/1867 1873/2280/1873 1870/2276/1870
f 1870/2276/1870 1873/2280/1873 1879/2288/1879 1876/2284/1876
f 1876/2284/1876 1879/2288/1879 1885/2296/1885 1882/2292/1882
f 1882/2292/1882 1885/2296/1885 1891/2304/1891 1888/2300/1888
f 1888/2300/1888 1891/2304/1891 1897/2312/1897 1894/2308/1894
f 1894/2308/1894 1897/2312/1897 1903/2320/1903 1900/2316/1900
f 1900/2316/1900 1903/2320/1903 1909/2328/1909 1906/2324/1906
f 1906/2324/1906 1909/2328/1909 1915/2336/1915 1912/2332/1912
f 1912/2332/1912 1915/2336/1915 1921/2344/1921 1918/2340/1918
f 1918/2340/1918 1921/2344/1921 1927/2352/1927 1924/2348/1924
f 1924/2348/1924 1927/2352/1927 1933/2360/1933 1930/2356/1930
f 1930/2356/1930 1933/2360/1933 1939/2368/1939 1936/2364/1936
f 1936/2364/1936 1939/2368/1939 1945/2376/1945 1942/2372/1942
f 1942/2372/1942 1945/2376/1945 1951/2384/1951 1948/2380/1948
f 1948/2380/1948 1951/2384/1951 1957/2392/1957 1954/2388/1954
f 1954/2388/1954 1957/2392/1957 1963/2400/1963 1960/2396/1960
